도로코드,도로축코드명,도로방향구분코드,도로방향구분명,링크ID,구간순서,도로분류그룹코드,도로분류그룹코드명,도로구분코드,도로구분명
302,신반포로,1,상행,1210026000,5,01,기본도로,04,보조간선도로
302,신반포로,1,상행,1210023200,7,01,기본도로,04,보조간선도로
302,신반포로,2,하행,1210023300,1,01,기본도로,04,보조간선도로
302,신반포로,2,하행,1210024300,2,01,기본도로,04,보조간선도로
302,신반포로,2,하행,1210026100,3,01,기본도로,04,보조간선도로
302,신반포로,2,하행,1210026500,4,01,기본도로,04,보조간선도로
302,신반포로,2,하행,1210027100,6,01,기본도로,04,보조간선도로
302,신반포로,2,하행,1210027700,7,01,기본도로,04,보조간선도로
303,신사로,1,상행,1200011100,1,01,기본도로,05,기타도로
303,신사로,1,상행,1200010700,2,01,기본도로,05,기타도로
303,신사로,1,상행,1200009100,3,01,기본도로,05,기타도로
303,신사로,1,상행,1200007700,4,01,기본도로,05,기타도로
303,신사로,2,하행,1200009200,2,01,기본도로,05,기타도로
303,신사로,2,하행,1200010800,3,01,기본도로,05,기타도로
303,신사로,2,하행,1200011200,4,01,기본도로,05,기타도로
304,신월로,1,상행,1140007400,1,01,기본도로,04,보조간선도로
304,신월로,1,상행,1140016200,3,01,기본도로,04,보조간선도로
304,신월로,1,상행,1140015000,4,01,기본도로,04,보조간선도로
304,신월로,2,하행,1140015500,1,01,기본도로,04,보조간선도로
304,신월로,2,하행,1140014900,2,01,기본도로,04,보조간선도로
304,신월로,2,하행,1140010300,4,01,기본도로,04,보조간선도로
304,신월로,2,하행,1140007300,5,01,기본도로,04,보조간선도로
305,신이문로,1,상행,1050021200,1,01,기본도로,05,기타도로
306,신정로,1,상행,1140001900,1,01,기본도로,04,보조간선도로
306,신정로,2,하행,1140000700,1,01,기본도로,04,보조간선도로
306,신정로,2,하행,1140002000,2,01,기본도로,04,보조간선도로
307,신정중앙로,1,상행,1140022500,1,01,기본도로,05,기타도로
307,신정중앙로,2,하행,1140022600,1,01,기본도로,05,기타도로
308,올림픽로35길,1,상행,1230031000,2,01,기본도로,04,보조간선도로
308,올림픽로35길,1,상행,1230031400,3,01,기본도로,04,보조간선도로
308,올림픽로35길,2,하행,1230031300,1,01,기본도로,04,보조간선도로
308,올림픽로35길,2,하행,1230030900,2,01,기본도로,04,보조간선도로
308,올림픽로35길,2,하행,1230029900,3,01,기본도로,04,보조간선도로
309,신촌로,1,상행,1120000500,1,01,기본도로,03,주간선도로
309,신촌로,1,상행,1130003200,3,01,기본도로,03,주간선도로
309,신촌로,1,상행,1120000200,4,01,기본도로,03,주간선도로
309,신촌로,1,상행,1120000400,5,01,기본도로,03,주간선도로
309,신촌로,1,상행,1130003500,6,01,기본도로,03,주간선도로
309,신촌로,1,상행,1120000800,7,01,기본도로,03,주간선도로
309,신촌로,2,하행,1120000700,1,01,기본도로,03,주간선도로
309,신촌로,2,하행,1120000300,3,01,기본도로,03,주간선도로
309,신촌로,2,하행,1120000100,4,01,기본도로,03,주간선도로
309,신촌로,2,하행,1130003100,5,01,기본도로,03,주간선도로
309,신촌로,2,하행,1130003000,6,01,기본도로,03,주간선도로
309,신촌로,2,하행,1120000600,7,01,기본도로,03,주간선도로
311,신풍로,1,상행,1180009500,2,01,기본도로,04,보조간선도로
311,신풍로,2,하행,1180009400,1,01,기본도로,04,보조간선도로
311,신풍로,2,하행,1180009200,2,01,기본도로,04,보조간선도로
312,쑥고개로,1,상행,1200003000,1,01,기본도로,04,보조간선도로
312,쑥고개로,2,하행,1200002900,1,01,기본도로,04,보조간선도로
313,아리랑로,1,상행,1070009600,1,01,기본도로,04,보조간선도로
313,아리랑로,2,하행,1070012100,1,01,기본도로,04,보조간선도로
313,아리랑로,2,하행,1070009500,2,01,기본도로,04,보조간선도로
314,아리수로,1,상행,1240028500,1,01,기본도로,04,보조간선도로
314,아리수로,1,상행,1240028000,2,01,기본도로,04,보조간선도로
314,아리수로,1,상행,1240028400,3,01,기본도로,04,보조간선도로
314,아리수로,1,상행,1240028100,4,01,기본도로,04,보조간선도로
314,아리수로,1,상행,1240026300,6,01,기본도로,04,보조간선도로
314,아리수로,1,상행,1240023900,7,01,기본도로,04,보조간선도로
314,아리수로,2,하행,1240024000,1,01,기본도로,04,보조간선도로
314,아리수로,2,하행,1240026400,2,01,기본도로,04,보조간선도로
314,아리수로,2,하행,1240027400,3,01,기본도로,04,보조간선도로
314,아리수로,2,하행,1240028300,5,01,기본도로,04,보조간선도로
314,아리수로,2,하행,1240027900,6,01,기본도로,04,보조간선도로
314,아리수로,2,하행,1240028600,7,01,기본도로,04,보조간선도로
315,아리수로50길,1,상행,1240025400,1,01,기본도로,05,기타도로
315,아리수로50길,1,상행,1240026000,2,01,기본도로,05,기타도로
315,아리수로50길,2,하행,1240025900,1,01,기본도로,05,기타도로
316,아리수로82길,1,상행,1240027500,1,01,기본도로,05,기타도로
316,아리수로82길,2,하행,1240027600,1,01,기본도로,05,기타도로
317,아차산로,1,상행,1040003900,1,01,기본도로,04,보조간선도로
317,아차산로,1,상행,1040002500,2,01,기본도로,04,보조간선도로
317,아차산로,1,상행,1040012200,3,01,기본도로,04,보조간선도로
317,아차산로,1,상행,1040011600,4,01,기본도로,04,보조간선도로
317,아차산로,1,상행,1040009800,6,01,기본도로,04,보조간선도로
317,아차산로,1,상행,1040008400,7,01,기본도로,04,보조간선도로
317,아차산로,1,상행,1040008700,8,01,기본도로,04,보조간선도로
317,아차산로,1,상행,1040010100,9,01,기본도로,04,보조간선도로
317,아차산로,1,상행,1040011100,10,01,기본도로,04,보조간선도로
317,아차산로,1,상행,1030007600,12,01,기본도로,04,보조간선도로
317,아차산로,1,상행,1030009200,13,01,기본도로,04,보조간선도로
317,아차산로,2,하행,1030009100,1,01,기본도로,04,보조간선도로
317,아차산로,2,하행,1030007500,2,01,기본도로,04,보조간선도로
317,아차산로,2,하행,1030006700,3,01,기본도로,04,보조간선도로
317,아차산로,2,하행,1040011000,4,01,기본도로,04,보조간선도로
317,아차산로,2,하행,1040008600,6,01,기본도로,04,보조간선도로
317,아차산로,2,하행,1040008500,7,01,기본도로,04,보조간선도로
317,아차산로,2,하행,1040009900,8,01,기본도로,04,보조간선도로
317,아차산로,2,하행,1040010700,9,01,기본도로,04,보조간선도로
317,아차산로,2,하행,1040011700,10,01,기본도로,04,보조간선도로
317,아차산로,2,하행,1040012300,11,01,기본도로,04,보조간선도로
317,아차산로,2,하행,1040004000,13,01,기본도로,04,보조간선도로
318,아차산로70길,1,상행,1040010900,1,01,기본도로,05,기타도로
318,아차산로70길,2,하행,1040010800,1,01,기본도로,05,기타도로
319,안암로,1,상행,1070002200,1,01,기본도로,03,주간선도로
319,안암로,1,상행,1070002400,2,01,기본도로,03,주간선도로
319,안암로,1,상행,1070005200,4,01,기본도로,03,주간선도로
319,안암로,2,하행,1070005100,1,01,기본도로,03,주간선도로
319,안암로,2,하행,1070003300,2,01,기본도로,03,주간선도로
319,안암로,2,하행,1070002300,3,01,기본도로,03,주간선도로
319,안암로,2,하행,1070002100,4,01,기본도로,03,주간선도로
320,안양천로,1,상행,1150011400,1,01,기본도로,04,보조간선도로
320,안양천로,1,상행,1140039900,3,01,기본도로,04,보조간선도로
320,안양천로,1,상행,1140039100,4,01,기본도로,04,보조간선도로
320,안양천로,1,상행,1140036900,5,01,기본도로,04,보조간선도로
320,안양천로,1,상행,1140032500,6,01,기본도로,04,보조간선도로
320,안양천로,1,상행,1140026700,7,01,기본도로,04,보조간선도로
320,안양천로,1,상행,1140022700,8,01,기본도로,04,보조간선도로
320,안양천로,1,상행,1140016500,10,01,기본도로,04,보조간선도로
320,안양천로,1,상행,1140012500,11,01,기본도로,04,보조간선도로
320,안양천로,1,상행,1140005300,12,01,기본도로,04,보조간선도로
320,안양천로,1,상행,1140002300,13,01,기본도로,04,보조간선도로
320,안양천로,1,상행,1160015700,14,01,기본도로,04,보조간선도로
320,안양천로,1,상행,1160049100,16,01,기본도로,04,보조간선도로
320,안양천로,1,상행,2130043200,17,01,기본도로,04,보조간선도로
320,안양천로,1,상행,2130042200,18,01,기본도로,04,보조간선도로
320,안양천로,1,상행,2130041800,19,01,기본도로,04,보조간선도로
320,안양천로,1,상행,2130040600,20,01,기본도로,04,보조간선도로
320,안양천로,1,상행,2130037400,21,01,기본도로,04,보조간선도로
320,안양천로,1,상행,2130032600,23,01,기본도로,04,보조간선도로
320,안양천로,1,상행,2130031200,24,01,기본도로,04,보조간선도로
320,안양천로,1,상행,2130029600,25,01,기본도로,04,보조간선도로
320,안양천로,1,상행,2130027600,26,01,기본도로,04,보조간선도로
320,안양천로,1,상행,2130025600,27,01,기본도로,04,보조간선도로
320,안양천로,1,상행,2130023000,28,01,기본도로,04,보조간선도로
320,안양천로,1,상행,2130020800,30,01,기본도로,04,보조간선도로
320,안양천로,1,상행,1170021100,31,01,기본도로,04,보조간선도로
320,안양천로,1,상행,1170020600,32,01,기본도로,04,보조간선도로
320,안양천로,1,상행,2130018200,33,01,기본도로,04,보조간선도로
320,안양천로,1,상행,2130018000,34,01,기본도로,04,보조간선도로
320,안양천로,1,상행,1170017000,36,01,기본도로,04,보조간선도로
320,안양천로,1,상행,1170014600,37,01,기본도로,04,보조간선도로
320,안양천로,2,하행,1170015500,1,01,기본도로,04,보조간선도로
320,안양천로,2,하행,1170018300,2,01,기본도로,04,보조간선도로
320,안양천로,2,하행,1170019000,3,01,기본도로,04,보조간선도로
320,안양천로,2,하행,2130018100,4,01,기본도로,04,보조간선도로
320,안양천로,2,하행,1170020300,6,01,기본도로,04,보조간선도로
320,안양천로,2,하행,1170021200,7,01,기본도로,04,보조간선도로
320,안양천로,2,하행,2130020900,8,01,기본도로,04,보조간선도로
320,안양천로,2,하행,2130021900,9,01,기본도로,04,보조간선도로
320,안양천로,2,하행,2130023100,10,01,기본도로,04,보조간선도로
320,안양천로,2,하행,2130025700,11,01,기본도로,04,보조간선도로
320,안양천로,2,하행,2130029700,13,01,기본도로,04,보조간선도로
320,안양천로,2,하행,2130031300,14,01,기본도로,04,보조간선도로
320,안양천로,2,하행,2130032700,15,01,기본도로,04,보조간선도로
320,안양천로,2,하행,2130035500,16,01,기본도로,04,보조간선도로
320,안양천로,2,하행,2130037500,17,01,기본도로,04,보조간선도로
320,안양천로,2,하행,2130041900,19,01,기본도로,04,보조간선도로
320,안양천로,2,하행,2130042300,20,01,기본도로,04,보조간선도로
320,안양천로,2,하행,2130043300,21,01,기본도로,04,보조간선도로
320,안양천로,2,하행,1160049000,22,01,기본도로,04,보조간선도로
320,안양천로,2,하행,1160054400,23,01,기본도로,04,보조간선도로
320,안양천로,2,하행,1160015800,24,01,기본도로,04,보조간선도로
320,안양천로,2,하행,1140005400,26,01,기본도로,04,보조간선도로
320,안양천로,2,하행,1140012600,27,01,기본도로,04,보조간선도로
320,안양천로,2,하행,1140016600,28,01,기본도로,04,보조간선도로
320,안양천로,2,하행,1140019000,29,01,기본도로,04,보조간선도로
320,안양천로,2,하행,1140022800,30,01,기본도로,04,보조간선도로
320,안양천로,2,하행,1140026800,31,01,기본도로,04,보조간선도로
320,안양천로,2,하행,1140037000,33,01,기본도로,04,보조간선도로
320,안양천로,2,하행,1140039200,34,01,기본도로,04,보조간선도로
320,안양천로,2,하행,1140040000,35,01,기본도로,04,보조간선도로
320,안양천로,2,하행,1140040200,36,01,기본도로,04,보조간선도로
320,안양천로,2,하행,1150011500,37,01,기본도로,04,보조간선도로
321,압구정로,1,상행,1220036300,2,01,기본도로,04,보조간선도로
321,압구정로,1,상행,1220036000,3,01,기본도로,04,보조간선도로
321,압구정로,1,상행,1220035000,4,01,기본도로,04,보조간선도로
321,압구정로,2,하행,1220035100,1,01,기본도로,04,보조간선도로
321,압구정로,2,하행,1220036100,2,01,기본도로,04,보조간선도로
321,압구정로,2,하행,1220036200,3,01,기본도로,04,보조간선도로
322,약령시로,1,상행,1050014200,1,01,기본도로,05,기타도로
322,약령시로,1,상행,1050013900,2,01,기본도로,05,기타도로
322,약령시로,1,상행,1050013700,3,01,기본도로,05,기타도로
322,약령시로,1,상행,1050013500,4,01,기본도로,05,기타도로
322,약령시로,2,하행,1050013600,1,01,기본도로,05,기타도로
322,약령시로,2,하행,1050013800,2,01,기본도로,05,기타도로
322,약령시로,2,하행,1050014100,4,01,기본도로,05,기타도로
323,양녕로,1,상행,1200005400,1,01,기본도로,04,보조간선도로
323,양녕로,1,상행,1200008200,2,01,기본도로,04,보조간선도로
323,양녕로,1,상행,1200012400,3,01,기본도로,04,보조간선도로
323,양녕로,1,상행,1190002000,4,01,기본도로,04,보조간선도로
323,양녕로,1,상행,1190004400,6,01,기본도로,04,보조간선도로
323,양녕로,1,상행,1190005600,7,01,기본도로,04,보조간선도로
323,양녕로,1,상행,1190007600,8,01,기본도로,04,보조간선도로
323,양녕로,2,하행,1190007500,1,01,기본도로,04,보조간선도로
323,양녕로,2,하행,1190005500,2,01,기본도로,04,보조간선도로
323,양녕로,2,하행,1190004300,3,01,기본도로,04,보조간선도로
323,양녕로,2,하행,1190001900,5,01,기본도로,04,보조간선도로
323,양녕로,2,하행,1200012300,6,01,기본도로,04,보조간선도로
323,양녕로,2,하행,1200008100,7,01,기본도로,04,보조간선도로
323,양녕로,2,하행,1200005300,8,01,기본도로,04,보조간선도로
324,양산로(송파),1,상행,1230009000,1,01,기본도로,04,보조간선도로
324,양산로(송파),2,하행,1230008900,1,01,기본도로,04,보조간선도로
325,양산로(영등포),1,상행,1180027300,2,01,기본도로,05,기타도로
325,양산로(영등포),1,상행,1180028700,3,01,기본도로,05,기타도로
325,양산로(영등포),1,상행,1180029500,4,01,기본도로,05,기타도로
325,양산로(영등포),2,하행,1180029400,1,01,기본도로,05,기타도로
325,양산로(영등포),2,하행,1180028600,2,01,기본도로,05,기타도로
325,양산로(영등포),2,하행,1180026200,4,01,기본도로,05,기타도로
326,양원역로,1,상행,1060015500,1,01,기본도로,05,기타도로
326,양원역로,2,하행,1060015600,1,01,기본도로,05,기타도로
327,양재대로,1,상행,1210000500,1,01,기본도로,03,주간선도로
327,양재대로,1,상행,1210001000,2,01,기본도로,03,주간선도로
327,양재대로,1,상행,1210001200,3,01,기본도로,03,주간선도로
327,양재대로,1,상행,1210002600,5,01,기본도로,03,주간선도로
327,양재대로,1,상행,1210002800,6,01,기본도로,03,주간선도로
327,양재대로,1,상행,1220000200,7,01,기본도로,03,주간선도로
327,양재대로,1,상행,1220000400,8,01,기본도로,03,주간선도로
327,양재대로,1,상행,1220000600,9,01,기본도로,03,주간선도로
327,양재대로,1,상행,1220000800,10,01,기본도로,03,주간선도로
327,양재대로,1,상행,1220014500,12,01,기본도로,03,주간선도로
327,양재대로,1,상행,1220017100,13,01,기본도로,03,주간선도로
327,양재대로,1,상행,1220018900,14,01,기본도로,03,주간선도로
327,양재대로,1,상행,1230011600,15,01,기본도로,03,주간선도로
327,양재대로,1,상행,1230013400,16,01,기본도로,03,주간선도로
327,양재대로,1,상행,1230019800,18,01,기본도로,03,주간선도로
327,양재대로,1,상행,1230023400,19,01,기본도로,03,주간선도로
327,양재대로,1,상행,1230028800,20,01,기본도로,03,주간선도로
327,양재대로,1,상행,1240006000,21,01,기본도로,03,주간선도로
327,양재대로,1,상행,1240008200,22,01,기본도로,03,주간선도로
327,양재대로,1,상행,1240010200,23,01,기본도로,03,주간선도로
327,양재대로,1,상행,1240016600,25,01,기본도로,03,주간선도로
327,양재대로,1,상행,1240020200,26,01,기본도로,03,주간선도로
327,양재대로,1,상행,1240022800,27,01,기본도로,03,주간선도로
327,양재대로,1,상행,1240024800,28,01,기본도로,03,주간선도로
327,양재대로,2,하행,1240024700,1,01,기본도로,03,주간선도로
327,양재대로,2,하행,1240022700,2,01,기본도로,03,주간선도로
327,양재대로,2,하행,1240016500,4,01,기본도로,03,주간선도로
327,양재대로,2,하행,1240012900,5,01,기본도로,03,주간선도로
327,양재대로,2,하행,1240010100,6,01,기본도로,03,주간선도로
327,양재대로,2,하행,1240008100,7,01,기본도로,03,주간선도로
327,양재대로,2,하행,1240005900,8,01,기본도로,03,주간선도로
327,양재대로,2,하행,1230023300,10,01,기본도로,03,주간선도로
327,양재대로,2,하행,1230019700,11,01,기본도로,03,주간선도로
327,양재대로,2,하행,1230015900,12,01,기본도로,03,주간선도로
327,양재대로,2,하행,1230013300,13,01,기본도로,03,주간선도로
327,양재대로,2,하행,1230011500,14,01,기본도로,03,주간선도로
327,양재대로,2,하행,1220018800,15,01,기본도로,03,주간선도로
327,양재대로,2,하행,1220014400,17,01,기본도로,03,주간선도로
327,양재대로,2,하행,1220012800,18,01,기본도로,03,주간선도로
327,양재대로,2,하행,1220000700,19,01,기본도로,03,주간선도로
327,양재대로,2,하행,1220000500,20,01,기본도로,03,주간선도로
327,양재대로,2,하행,1220000300,21,01,기본도로,03,주간선도로
327,양재대로,2,하행,1220000100,22,01,기본도로,03,주간선도로
327,양재대로,2,하행,1210002500,24,01,기본도로,03,주간선도로
327,양재대로,2,하행,1210001700,25,01,기본도로,03,주간선도로
327,양재대로,2,하행,1210001100,26,01,기본도로,03,주간선도로
327,양재대로,2,하행,1210000900,27,01,기본도로,03,주간선도로
327,양재대로,2,하행,1210000600,28,01,기본도로,03,주간선도로
328,양재대로156길,1,상행,1240023400,2,01,기본도로,05,기타도로
328,양재대로156길,2,하행,1240023300,1,01,기본도로,05,기타도로
328,양재대로156길,2,하행,1240023800,2,01,기본도로,05,기타도로
329,양재대로55길,1,상행,1220017500,1,01,기본도로,05,기타도로
329,양재대로55길,2,하행,1220017400,1,01,기본도로,05,기타도로
330,양재천로,1,상행,1210010100,1,01,기본도로,05,기타도로
330,양재천로,1,상행,1220007900,3,01,기본도로,05,기타도로
330,양재천로,1,상행,1220009900,4,01,기본도로,05,기타도로
330,양재천로,1,상행,1220011700,5,01,기본도로,05,기타도로
330,양재천로,1,상행,1220016900,6,01,기본도로,05,기타도로
330,양재천로,2,하행,1220015200,2,01,기본도로,05,기타도로
330,양재천로,2,하행,1220011600,3,01,기본도로,05,기타도로
330,양재천로,2,하행,1220007800,5,01,기본도로,05,기타도로
330,양재천로,2,하행,1210011400,6,01,기본도로,05,기타도로
331,양천로,1,상행,1140000600,1,01,기본도로,04,보조간선도로
331,양천로,1,상행,1150001600,2,01,기본도로,04,보조간선도로
331,양천로,1,상행,1150002200,3,01,기본도로,04,보조간선도로
331,양천로,1,상행,1150002800,5,01,기본도로,04,보조간선도로
331,양천로,1,상행,1150003400,7,01,기본도로,04,보조간선도로
331,양천로,1,상행,1150003800,8,01,기본도로,04,보조간선도로
331,양천로,1,상행,1150004000,9,01,기본도로,04,보조간선도로
331,양천로,1,상행,1150003500,10,01,기본도로,04,보조간선도로
331,양천로,2,하행,1150003900,2,01,기본도로,04,보조간선도로
331,양천로,2,하행,1150003700,3,01,기본도로,04,보조간선도로
331,양천로,2,하행,1150003300,4,01,기본도로,04,보조간선도로
331,양천로,2,하행,1150002900,5,01,기본도로,04,보조간선도로
337,양평로,2,하행,1180041600,5,01,기본도로,04,보조간선도로
338,양화로,1,상행,1130003700,1,01,기본도로,03,주간선도로
331,양천로,2,하행,1150002500,7,01,기본도로,04,보조간선도로
331,양천로,2,하행,1150002100,8,01,기본도로,04,보조간선도로
331,양천로,2,하행,1150001500,9,01,기본도로,04,보조간선도로
331,양천로,2,하행,1140000500,10,01,기본도로,04,보조간선도로
332,양천로27길,1,상행,1150020000,1,01,기본도로,05,기타도로
332,양천로27길,2,하행,1150020100,1,01,기본도로,05,기타도로
333,양천로55길,2,하행,1150017200,1,01,기본도로,05,기타도로
334,양천로57길,1,상행,1150016100,1,01,기본도로,05,기타도로
334,양천로57길,2,하행,1150016000,1,01,기본도로,05,기타도로
335,양천로59길,1,상행,1150014000,1,01,기본도로,05,기타도로
335,양천로59길,2,하행,1150014100,1,01,기본도로,05,기타도로
336,양천로61길,2,하행,1150012900,1,01,기본도로,05,기타도로
337,양평로,1,상행,1180041700,1,01,기본도로,04,보조간선도로
337,양평로,1,상행,1180041200,2,01,기본도로,04,보조간선도로
337,양평로,1,상행,1180040400,3,01,기본도로,04,보조간선도로
337,양평로,1,상행,1180040000,4,01,기본도로,04,보조간선도로
337,양평로,1,상행,1180038400,5,01,기본도로,04,보조간선도로
337,양평로,2,하행,1180040100,2,01,기본도로,04,보조간선도로
337,양평로,2,하행,1180040500,3,01,기본도로,04,보조간선도로
337,양평로,2,하행,1180041300,4,01,기본도로,04,보조간선도로
338,양화로,1,상행,1130002500,2,01,기본도로,03,주간선도로
338,양화로,1,상행,1130002100,3,01,기본도로,03,주간선도로
338,양화로,1,상행,1130001500,4,01,기본도로,03,주간선도로
338,양화로,2,하행,1130002200,2,01,기본도로,03,주간선도로
338,양화로,2,하행,1130002600,3,01,기본도로,03,주간선도로
338,양화로,2,하행,1130003800,4,01,기본도로,03,주간선도로
339,언주로,1,상행,1220037200,1,01,기본도로,03,주간선도로
339,언주로,1,상행,1220036800,2,01,기본도로,03,주간선도로
339,언주로,1,상행,1220033000,4,01,기본도로,03,주간선도로
339,언주로,1,상행,1220029800,5,01,기본도로,03,주간선도로
339,언주로,1,상행,1220027400,6,01,기본도로,03,주간선도로
339,언주로,1,상행,1220024600,7,01,기본도로,03,주간선도로
339,언주로,1,상행,1220021400,8,01,기본도로,03,주간선도로
339,언주로,1,상행,1220016000,9,01,기본도로,03,주간선도로
339,언주로,1,상행,1220008400,11,01,기본도로,03,주간선도로
339,언주로,1,상행,1220006800,12,01,기본도로,03,주간선도로
339,언주로,1,상행,1210007800,13,01,기본도로,03,주간선도로
339,언주로,1,상행,1210006600,14,01,기본도로,03,주간선도로
339,언주로,2,하행,1210006700,1,01,기본도로,03,주간선도로
339,언주로,2,하행,1210007900,2,01,기본도로,03,주간선도로
339,언주로,2,하행,1220008500,4,01,기본도로,03,주간선도로
339,언주로,2,하행,1220011500,5,01,기본도로,03,주간선도로
339,언주로,2,하행,1220016100,6,01,기본도로,03,주간선도로
339,언주로,2,하행,1220021500,7,01,기본도로,03,주간선도로
339,언주로,2,하행,1220024700,8,01,기본도로,03,주간선도로
339,언주로,2,하행,1220029900,10,01,기본도로,03,주간선도로
339,언주로,2,하행,1220033100,11,01,기본도로,03,주간선도로
339,언주로,2,하행,1220035300,12,01,기본도로,03,주간선도로
339,언주로,2,하행,1220036900,13,01,기본도로,03,주간선도로
339,언주로,2,하행,1220037300,14,01,기본도로,03,주간선도로
340,여의나루로,1,상행,3201505300,1,01,기본도로,05,기타도로
340,여의나루로,1,상행,3201506300,3,01,기본도로,05,기타도로
340,여의나루로,2,하행,3201506200,1,01,기본도로,05,기타도로
340,여의나루로,2,하행,3201505000,2,01,기본도로,05,기타도로
340,여의나루로,2,하행,3201505200,3,01,기본도로,05,기타도로
341,여의대로,1,상행,1180001800,1,01,기본도로,05,기타도로
341,여의대로,1,상행,1180002000,2,01,기본도로,05,기타도로
341,여의대로,1,상행,1180002600,4,01,기본도로,05,기타도로
341,여의대로,2,하행,1180002500,1,01,기본도로,05,기타도로
341,여의대로,2,하행,1180002300,2,01,기본도로,05,기타도로
341,여의대로,2,하행,1180001900,3,01,기본도로,05,기타도로
341,여의대로,2,하행,1180001700,4,01,기본도로,05,기타도로
342,여의대방로,1,상행,1180007900,2,01,기본도로,03,주간선도로
342,여의대방로,1,상행,1190001400,3,01,기본도로,03,주간선도로
342,여의대방로,1,상행,1180010300,4,01,기본도로,03,주간선도로
342,여의대방로,1,상행,1180012900,5,01,기본도로,03,주간선도로
342,여의대방로,1,상행,1190006200,6,01,기본도로,03,주간선도로
342,여의대방로,1,상행,1190007000,7,01,기본도로,03,주간선도로
342,여의대방로,1,상행,1180023900,9,01,기본도로,03,주간선도로
342,여의대방로,1,상행,1180031700,10,01,기본도로,03,주간선도로
342,여의대방로,1,상행,1020007800,11,01,기본도로,03,주간선도로
342,여의대방로,2,하행,1020007700,1,01,기본도로,03,주간선도로
342,여의대방로,2,하행,1180031600,2,01,기본도로,03,주간선도로
342,여의대방로,2,하행,1180023800,3,01,기본도로,03,주간선도로
342,여의대방로,2,하행,1190006900,5,01,기본도로,03,주간선도로
342,여의대방로,2,하행,1190006100,6,01,기본도로,03,주간선도로
342,여의대방로,2,하행,1180012800,7,01,기본도로,03,주간선도로
342,여의대방로,2,하행,1180010200,8,01,기본도로,03,주간선도로
342,여의대방로,2,하행,1190001300,9,01,기본도로,03,주간선도로
342,여의대방로,2,하행,1180007400,11,01,기본도로,03,주간선도로
343,여의동로,1,상행,1180033400,1,01,기본도로,04,보조간선도로
343,여의동로,1,상행,1180030800,2,01,기본도로,04,보조간선도로
343,여의동로,1,상행,1180027600,3,01,기본도로,04,보조간선도로
343,여의동로,1,상행,1180024600,4,01,기본도로,04,보조간선도로
343,여의동로,1,상행,1180018600,5,01,기본도로,04,보조간선도로
343,여의동로,1,상행,1180017900,7,01,기본도로,04,보조간선도로
343,여의동로,1,상행,1180020100,8,01,기본도로,04,보조간선도로
343,여의동로,1,상행,1180022100,9,01,기본도로,04,보조간선도로
343,여의동로,2,하행,1180022000,1,01,기본도로,04,보조간선도로
343,여의동로,2,하행,1180020000,2,01,기본도로,04,보조간선도로
343,여의동로,2,하행,1180017800,3,01,기본도로,04,보조간선도로
343,여의동로,2,하행,1180018700,5,01,기본도로,04,보조간선도로
343,여의동로,2,하행,1180024700,6,01,기본도로,04,보조간선도로
343,여의동로,2,하행,1180027700,7,01,기본도로,04,보조간선도로
343,여의동로,2,하행,1180030900,8,01,기본도로,04,보조간선도로
343,여의동로,2,하행,1180033500,9,01,기본도로,04,보조간선도로
344,여의서로,1,상행,1180029300,2,01,기본도로,04,보조간선도로
344,여의서로,1,상행,1180038100,3,01,기본도로,04,보조간선도로
344,여의서로,1,상행,1180038600,4,01,기본도로,04,보조간선도로
344,여의서로,1,상행,1180037400,5,01,기본도로,04,보조간선도로
344,여의서로,1,상행,1180036200,6,01,기본도로,04,보조간선도로
344,여의서로,1,상행,1180035200,7,01,기본도로,04,보조간선도로
344,여의서로,2,하행,1180036300,2,01,기본도로,04,보조간선도로
344,여의서로,2,하행,1180037500,3,01,기본도로,04,보조간선도로
344,여의서로,2,하행,1180038700,4,01,기본도로,04,보조간선도로
344,여의서로,2,하행,1180038000,5,01,기본도로,04,보조간선도로
344,여의서로,2,하행,1180029200,6,01,기본도로,04,보조간선도로
344,여의서로,2,하행,1180025000,7,01,기본도로,04,보조간선도로
345,역말로,1,상행,1110011000,2,01,기본도로,05,기타도로
345,역말로,1,상행,1110012800,3,01,기본도로,05,기타도로
345,역말로,2,하행,1110012700,1,01,기본도로,05,기타도로
345,역말로,2,하행,1110010900,2,01,기본도로,05,기타도로
345,역말로,2,하행,1110010700,3,01,기본도로,05,기타도로
346,역삼로,1,상행,1220020700,2,01,기본도로,04,보조간선도로
346,역삼로,1,상행,1220022300,3,01,기본도로,04,보조간선도로
346,역삼로,1,상행,1220023900,4,01,기본도로,04,보조간선도로
346,역삼로,1,상행,1220025500,5,01,기본도로,04,보조간선도로
346,역삼로,1,상행,1220026500,6,01,기본도로,04,보조간선도로
346,역삼로,1,상행,1220027100,7,01,기본도로,04,보조간선도로
346,역삼로,2,하행,1220026400,2,01,기본도로,04,보조간선도로
346,역삼로,2,하행,1220025400,3,01,기본도로,04,보조간선도로
346,역삼로,2,하행,1220023800,4,01,기본도로,04,보조간선도로
346,역삼로,2,하행,1220022200,5,01,기본도로,04,보조간선도로
346,역삼로,2,하행,1220020600,6,01,기본도로,04,보조간선도로
346,역삼로,2,하행,1220019400,7,01,기본도로,04,보조간선도로
347,연남로,1,상행,1130021600,2,01,기본도로,05,기타도로
347,연남로,2,하행,1130021500,1,01,기본도로,05,기타도로
347,연남로,2,하행,1130019400,2,01,기본도로,05,기타도로
348,연서로,1,상행,1110001200,1,01,기본도로,04,보조간선도로
348,연서로,1,상행,1110001400,2,01,기본도로,04,보조간선도로
348,연서로,1,상행,1110014000,4,01,기본도로,04,보조간선도로
348,연서로,1,상행,1110014600,5,01,기본도로,04,보조간선도로
348,연서로,1,상행,1110015000,6,01,기본도로,04,보조간선도로
348,연서로,1,상행,1110015600,7,01,기본도로,04,보조간선도로
348,연서로,2,하행,1110015500,1,01,기본도로,04,보조간선도로
348,연서로,2,하행,1110014900,2,01,기본도로,04,보조간선도로
348,연서로,2,하행,1110013900,4,01,기본도로,04,보조간선도로
348,연서로,2,하행,1110001500,5,01,기본도로,04,보조간선도로
348,연서로,2,하행,1110001300,6,01,기본도로,04,보조간선도로
348,연서로,2,하행,1110001100,7,01,기본도로,04,보조간선도로
349,연서로48길,1,상행,1110015700,1,01,기본도로,05,기타도로
349,연서로48길,2,하행,1110015800,1,01,기본도로,05,기타도로
350,연세로,1,상행,1130017700,2,01,기본도로,05,기타도로
350,연세로,2,하행,1130017800,1,01,기본도로,05,기타도로
350,연세로,2,하행,1120003400,2,01,기본도로,05,기타도로
351,연희로,1,상행,1120004800,1,01,기본도로,04,보조간선도로
351,연희로,1,상행,1120005400,2,01,기본도로,04,보조간선도로
351,연희로,1,상행,1120010400,4,01,기본도로,04,보조간선도로
351,연희로,1,상행,1120012200,5,01,기본도로,04,보조간선도로
351,연희로,1,상행,1120013200,6,01,기본도로,04,보조간선도로
351,연희로,2,하행,1120013100,1,01,기본도로,04,보조간선도로
351,연희로,2,하행,1120012100,2,01,기본도로,04,보조간선도로
351,연희로,2,하행,1120010300,3,01,기본도로,04,보조간선도로
351,연희로,2,하행,1120005300,5,01,기본도로,04,보조간선도로
351,연희로,2,하행,1120004700,6,01,기본도로,04,보조간선도로
352,연희맛로,1,상행,1130021300,1,01,기본도로,05,기타도로
352,연희맛로,2,하행,1130021400,1,01,기본도로,05,기타도로
353,영동고속도로,1,상행,2370014001,1,04,기타도로,06,경기도로
353,영동고속도로,1,상행,2370014002,2,04,기타도로,06,경기도로
353,영동고속도로,1,상행,2370015300,4,04,기타도로,06,경기도로
353,영동고속도로,1,상행,2370012400,5,04,기타도로,06,경기도로
353,영동고속도로,1,상행,2300023402,6,04,기타도로,06,경기도로
353,영동고속도로,1,상행,2300023401,7,04,기타도로,06,경기도로
353,영동고속도로,1,상행,2300024100,8,04,기타도로,06,경기도로
353,영동고속도로,1,상행,2300019300,10,04,기타도로,06,경기도로
353,영동고속도로,1,상행,2300021301,11,04,기타도로,06,경기도로
353,영동고속도로,1,상행,2300022400,12,04,기타도로,06,경기도로
353,영동고속도로,1,상행,2300027101,13,04,기타도로,06,경기도로
353,영동고속도로,1,상행,2280043000,14,04,기타도로,06,경기도로
353,영동고속도로,1,상행,2280043202,15,04,기타도로,06,경기도로
353,영동고속도로,1,상행,2280052500,17,04,기타도로,06,경기도로
353,영동고속도로,1,상행,2280054600,18,04,기타도로,06,경기도로
353,영동고속도로,1,상행,2280059701,19,04,기타도로,06,경기도로
353,영동고속도로,1,상행,2280067700,20,04,기타도로,06,경기도로
353,영동고속도로,1,상행,2280068400,21,04,기타도로,06,경기도로
353,영동고속도로,1,상행,2280068201,22,04,기타도로,06,경기도로
353,영동고속도로,1,상행,2030005401,24,04,기타도로,06,경기도로
353,영동고속도로,1,상행,2000003200,25,04,기타도로,06,경기도로
353,영동고속도로,1,상행,2000004001,26,04,기타도로,06,경기도로
353,영동고속도로,1,상행,2260001600,27,04,기타도로,06,경기도로
353,영동고속도로,1,상행,2250002801,28,04,기타도로,06,경기도로
353,영동고속도로,1,상행,2250002500,30,04,기타도로,06,경기도로
353,영동고속도로,1,상행,2250001400,31,04,기타도로,06,경기도로
353,영동고속도로,1,상행,2160015201,32,04,기타도로,06,경기도로
353,영동고속도로,1,상행,2160016000,33,04,기타도로,06,경기도로
353,영동고속도로,1,상행,2160017300,34,04,기타도로,06,경기도로
353,영동고속도로,1,상행,2160017500,35,04,기타도로,06,경기도로
353,영동고속도로,1,상행,2170017600,37,04,기타도로,06,경기도로
353,영동고속도로,1,상행,2170018101,38,04,기타도로,06,경기도로
353,영동고속도로,1,상행,2240008601,39,04,기타도로,06,경기도로
353,영동고속도로,1,상행,2240008602,40,04,기타도로,06,경기도로
220,삼전로,1,상행,1230016200,2,01,기본도로,04,보조간선도로
220,삼전로,1,상행,1230022000,4,01,기본도로,04,보조간선도로
220,삼전로,2,하행,1230021900,1,01,기본도로,04,보조간선도로
220,삼전로,2,하행,1230019300,2,01,기본도로,04,보조간선도로
220,삼전로,2,하행,1230016100,3,01,기본도로,04,보조간선도로
220,삼전로,2,하행,1220024400,4,01,기본도로,04,보조간선도로
221,삼전로1길,1,상행,1230015300,1,01,기본도로,05,기타도로
222,삼청로,1,상행,1000014400,1,01,기본도로,04,보조간선도로
222,삼청로,1,상행,1000016400,2,01,기본도로,04,보조간선도로
222,삼청로,1,상행,1000018800,3,01,기본도로,04,보조간선도로
222,삼청로,1,상행,1000020200,4,01,기본도로,04,보조간선도로
222,삼청로,2,하행,1000020100,1,01,기본도로,04,보조간선도로
222,삼청로,2,하행,1000018700,2,01,기본도로,04,보조간선도로
222,삼청로,2,하행,1000014300,4,01,기본도로,04,보조간선도로
223,삼학사로,1,상행,1230014600,1,01,기본도로,05,기타도로
223,삼학사로,1,상행,1230018200,2,01,기본도로,05,기타도로
223,삼학사로,1,상행,1230021600,3,01,기본도로,05,기타도로
223,삼학사로,2,하행,1230021500,1,01,기본도로,05,기타도로
223,삼학사로,2,하행,1230014500,3,01,기본도로,05,기타도로
224,삼학사로1길,1,상행,1230013100,1,01,기본도로,05,기타도로
224,삼학사로1길,2,하행,1230013200,1,01,기본도로,05,기타도로
225,삼학사로2길,1,상행,1230011300,1,01,기본도로,05,기타도로
225,삼학사로2길,2,하행,1230011400,1,01,기본도로,05,기타도로
226,상계로,1,상행,1100029800,1,01,기본도로,04,보조간선도로
226,상계로,1,상행,1100031000,3,01,기본도로,04,보조간선도로
226,상계로,1,상행,1100031400,4,01,기본도로,04,보조간선도로
226,상계로,1,상행,1100032600,5,01,기본도로,04,보조간선도로
226,상계로,1,상행,1100035000,6,01,기본도로,04,보조간선도로
226,상계로,2,하행,1100034900,1,01,기본도로,04,보조간선도로
226,상계로,2,하행,1100032500,2,01,기본도로,04,보조간선도로
226,상계로,2,하행,1100030900,4,01,기본도로,04,보조간선도로
226,상계로,2,하행,1100030100,5,01,기본도로,04,보조간선도로
226,상계로,2,하행,1100029700,6,01,기본도로,04,보조간선도로
227,상도로,1,상행,1190001700,1,01,기본도로,04,보조간선도로
227,상도로,1,상행,1190002400,2,01,기본도로,04,보조간선도로
227,상도로,1,상행,1190003100,4,01,기본도로,04,보조간선도로
227,상도로,1,상행,1190001500,5,01,기본도로,04,보조간선도로
227,상도로,1,상행,1200011500,6,01,기본도로,04,보조간선도로
227,상도로,2,하행,1200011600,1,01,기본도로,04,보조간선도로
227,상도로,2,하행,1190001600,2,01,기본도로,04,보조간선도로
227,상도로,2,하행,1190003200,3,01,기본도로,04,보조간선도로
227,상도로,2,하행,1190002300,5,01,기본도로,04,보조간선도로
227,상도로,2,하행,1190001800,6,01,기본도로,04,보조간선도로
228,상봉로,1,상행,1060009600,1,01,기본도로,04,보조간선도로
228,상봉로,1,상행,1060011400,2,01,기본도로,04,보조간선도로
228,상봉로,1,상행,1060013400,3,01,기본도로,04,보조간선도로
228,상봉로,2,하행,1060013300,1,01,기본도로,04,보조간선도로
228,상봉로,2,하행,1060009500,3,01,기본도로,04,보조간선도로
229,상봉중앙로,1,상행,1060014400,1,01,기본도로,05,기타도로
229,상봉중앙로,2,하행,1060014300,1,01,기본도로,05,기타도로
230,상암로,1,상행,1240013600,1,01,기본도로,04,보조간선도로
230,상암로,1,상행,1240014200,2,01,기본도로,04,보조간선도로
230,상암로,1,상행,1240015000,4,01,기본도로,04,보조간선도로
230,상암로,1,상행,1240014700,5,01,기본도로,04,보조간선도로
230,상암로,1,상행,1240013800,6,01,기본도로,04,보조간선도로
230,상암로,1,상행,1240016200,7,01,기본도로,04,보조간선도로
230,상암로,1,상행,1240017600,8,01,기본도로,04,보조간선도로
230,상암로,1,상행,1240019000,9,01,기본도로,04,보조간선도로
230,상암로,2,하행,1240017500,2,01,기본도로,04,보조간선도로
230,상암로,2,하행,1240016100,3,01,기본도로,04,보조간선도로
230,상암로,2,하행,1240013700,4,01,기본도로,04,보조간선도로
230,상암로,2,하행,1240014800,5,01,기본도로,04,보조간선도로
230,상암로,2,하행,1240014900,6,01,기본도로,04,보조간선도로
230,상암로,2,하행,1240014500,7,01,기본도로,04,보조간선도로
230,상암로,2,하행,1240013500,9,01,기본도로,04,보조간선도로
231,상암로61길,1,상행,1240015800,1,01,기본도로,05,기타도로
231,상암로61길,2,하행,1240015700,1,01,기본도로,05,기타도로
232,상암로79길,1,상행,1240016300,1,01,기본도로,05,기타도로
232,상암로79길,2,하행,1240016400,1,01,기본도로,05,기타도로
233,상일로,1,상행,1240020000,2,01,기본도로,04,보조간선도로
233,상일로,1,상행,1240022600,3,01,기본도로,04,보조간선도로
233,상일로,1,상행,1240025800,4,01,기본도로,04,보조간선도로
233,상일로,2,하행,1240025700,1,01,기본도로,04,보조간선도로
233,상일로,2,하행,1240022500,2,01,기본도로,04,보조간선도로
233,상일로,2,하행,1240019900,3,01,기본도로,04,보조간선도로
234,상일로11길,1,상행,1240020700,1,01,기본도로,05,기타도로
234,상일로11길,2,하행,1240020800,1,01,기본도로,05,기타도로
236,새말로20길,2,하행,1160015600,1,01,기본도로,05,기타도로
237,새문안로,1,상행,1000000900,1,01,기본도로,03,주간선도로
237,새문안로,1,상행,1000000700,2,01,기본도로,03,주간선도로
237,새문안로,1,상행,1000000100,3,01,기본도로,03,주간선도로
237,새문안로,1,상행,1010000100,4,01,기본도로,03,주간선도로
237,새문안로,2,하행,1000000200,2,01,기본도로,03,주간선도로
237,새문안로,2,하행,1000000800,3,01,기본도로,03,주간선도로
237,새문안로,2,하행,1000001000,4,01,기본도로,03,주간선도로
238,새문안로5길,1,상행,1000007300,1,01,기본도로,05,기타도로
238,새문안로5길,2,하행,1000007400,1,01,기본도로,05,기타도로
238,새문안로5길,2,하행,1000010600,2,01,기본도로,05,기타도로
239,새창로,1,상행,1020014700,2,01,기본도로,05,기타도로
239,새창로,1,상행,1020014300,3,01,기본도로,05,기타도로
239,새창로,1,상행,1020012100,4,01,기본도로,05,기타도로
239,새창로,1,상행,1020010500,5,01,기본도로,05,기타도로
239,새창로,1,상행,1020008300,6,01,기본도로,05,기타도로
239,새창로,2,하행,1020008400,1,01,기본도로,05,기타도로
239,새창로,2,하행,1020012200,3,01,기본도로,05,기타도로
239,새창로,2,하행,1020014400,4,01,기본도로,05,기타도로
239,새창로,2,하행,1020014800,5,01,기본도로,05,기타도로
239,새창로,2,하행,1020016200,6,01,기본도로,05,기타도로
240,서강로,1,상행,1130016100,1,01,기본도로,05,기타도로
240,서강로,1,상행,1130010300,3,01,기본도로,05,기타도로
240,서강로,2,하행,1130010400,1,01,기본도로,05,기타도로
240,서강로,2,하행,1130013600,2,01,기본도로,05,기타도로
240,서강로,2,하행,1130016200,3,01,기본도로,05,기타도로
241,서부간선도로,1,상행,1170001000,1,01,기본도로,03,주간선도로
241,서부간선도로,1,상행,1170001200,2,01,기본도로,03,주간선도로
241,서부간선도로,1,상행,1160001200,4,01,기본도로,03,주간선도로
241,서부간선도로,1,상행,1160002600,5,01,기본도로,03,주간선도로
241,서부간선도로,1,상행,1160003200,6,01,기본도로,03,주간선도로
241,서부간선도로,1,상행,1180001400,7,01,기본도로,03,주간선도로
241,서부간선도로,1,상행,1180002200,8,01,기본도로,03,주간선도로
241,서부간선도로,1,상행,1180003000,9,01,기본도로,03,주간선도로
241,서부간선도로,2,하행,1180003900,1,01,기본도로,03,주간선도로
241,서부간선도로,2,하행,1180002900,2,01,기본도로,03,주간선도로
241,서부간선도로,2,하행,1180002100,3,01,기본도로,03,주간선도로
241,서부간선도로,2,하행,1180001300,4,01,기본도로,03,주간선도로
241,서부간선도로,2,하행,1160003100,5,01,기본도로,03,주간선도로
241,서부간선도로,2,하행,1160001100,7,01,기본도로,03,주간선도로
241,서부간선도로,2,하행,1170001300,8,01,기본도로,03,주간선도로
241,서부간선도로,2,하행,1170001100,9,01,기본도로,03,주간선도로
241,서부간선도로,2,하행,1170000900,10,01,기본도로,03,주간선도로
242,서빙고로,1,상행,1020005900,1,01,기본도로,03,주간선도로
242,서빙고로,1,상행,1020003700,2,01,기본도로,03,주간선도로
242,서빙고로,1,상행,1020003300,4,01,기본도로,03,주간선도로
242,서빙고로,1,상행,1020004200,5,01,기본도로,03,주간선도로
242,서빙고로,1,상행,1020007000,6,01,기본도로,03,주간선도로
242,서빙고로,1,상행,1020011600,7,01,기본도로,03,주간선도로
242,서빙고로,2,하행,1020011500,1,01,기본도로,03,주간선도로
242,서빙고로,2,하행,1020006900,2,01,기본도로,03,주간선도로
242,서빙고로,2,하행,1020003400,4,01,기본도로,03,주간선도로
242,서빙고로,2,하행,1020003500,5,01,기본도로,03,주간선도로
242,서빙고로,2,하행,1020003800,6,01,기본도로,03,주간선도로
242,서빙고로,2,하행,1020006000,7,01,기본도로,03,주간선도로
243,서빙고로51길,1,상행,1020005500,1,01,기본도로,05,기타도로
244,서소문로,1,상행,1010007300,1,01,기본도로,03,주간선도로
244,서소문로,1,상행,1010005700,2,01,기본도로,03,주간선도로
244,서소문로,1,상행,1120004100,3,01,기본도로,03,주간선도로
244,서소문로,2,하행,1120004200,1,01,기본도로,03,주간선도로
244,서소문로,2,하행,1010005800,2,01,기본도로,03,주간선도로
244,서소문로,2,하행,1010007400,3,01,기본도로,03,주간선도로
245,서오릉로,1,상행,1110012900,2,01,기본도로,04,보조간선도로
245,서오릉로,1,상행,1110012500,3,01,기본도로,04,보조간선도로
245,서오릉로,1,상행,1110011100,4,01,기본도로,04,보조간선도로
245,서오릉로,1,상행,1110009900,5,01,기본도로,04,보조간선도로
245,서오릉로,1,상행,1110009500,6,01,기본도로,04,보조간선도로
245,서오릉로,2,하행,1110009600,1,01,기본도로,04,보조간선도로
245,서오릉로,2,하행,1110011200,3,01,기본도로,04,보조간선도로
245,서오릉로,2,하행,1110012600,4,01,기본도로,04,보조간선도로
245,서오릉로,2,하행,1110013000,5,01,기본도로,04,보조간선도로
245,서오릉로,2,하행,1110013400,6,01,기본도로,04,보조간선도로
246,서운로,1,상행,1210023000,1,01,기본도로,05,기타도로
246,서운로,1,상행,1210018600,3,01,기본도로,05,기타도로
246,서운로,1,상행,1210016400,4,01,기본도로,05,기타도로
246,서운로,2,하행,1210016500,1,01,기본도로,05,기타도로
246,서운로,2,하행,1210018700,2,01,기본도로,05,기타도로
246,서운로,2,하행,1210020900,3,01,기본도로,05,기타도로
246,서운로,2,하행,1210023100,4,01,기본도로,05,기타도로
247,서울시립대로,1,상행,1050009000,2,01,기본도로,04,보조간선도로
247,서울시립대로,1,상행,1050011800,3,01,기본도로,04,보조간선도로
247,서울시립대로,2,하행,1050011700,1,01,기본도로,04,보조간선도로
247,서울시립대로,2,하행,1050008900,2,01,기본도로,04,보조간선도로
247,서울시립대로,2,하행,1050007700,3,01,기본도로,04,보조간선도로
248,제1순환고속도로,1,상행,2180009900,1,04,기타도로,06,경기도로
248,제1순환고속도로,1,상행,2180125400,3,04,기타도로,06,경기도로
248,제1순환고속도로,1,상행,2180125200,4,04,기타도로,06,경기도로
248,제1순환고속도로,1,상행,2180124801,5,04,기타도로,06,경기도로
248,제1순환고속도로,1,상행,2180124802,6,04,기타도로,06,경기도로
248,제1순환고속도로,1,상행,2180127900,7,04,기타도로,06,경기도로
248,제1순환고속도로,1,상행,2350025400,9,04,기타도로,06,경기도로
248,제1순환고속도로,1,상행,2350025800,10,04,기타도로,06,경기도로
248,제1순환고속도로,1,상행,2070011500,11,04,기타도로,06,경기도로
248,제1순환고속도로,1,상행,2070011800,12,04,기타도로,06,경기도로
248,제1순환고속도로,1,상행,2220045800,13,04,기타도로,06,경기도로
248,제1순환고속도로,1,상행,2220045600,14,04,기타도로,06,경기도로
248,제1순환고속도로,1,상행,2210010200,16,04,기타도로,06,경기도로
248,제1순환고속도로,1,상행,2210008700,17,04,기타도로,06,경기도로
248,제1순환고속도로,1,상행,2210007300,18,04,기타도로,06,경기도로
248,제1순환고속도로,1,상행,2210005101,19,04,기타도로,06,경기도로
248,제1순환고속도로,1,상행,2210002801,20,04,기타도로,06,경기도로
248,제1순환고속도로,1,상행,2210002802,21,04,기타도로,06,경기도로
248,제1순환고속도로,1,상행,1240005101,23,04,기타도로,06,경기도로
248,제1순환고속도로,1,상행,1009027200,24,04,기타도로,06,경기도로
248,제1순환고속도로,1,상행,1240004200,25,04,기타도로,06,경기도로
248,제1순환고속도로,1,상행,1240003600,26,04,기타도로,06,경기도로
248,제1순환고속도로,1,상행,2270010300,27,04,기타도로,06,경기도로
248,제1순환고속도로,1,상행,2270005800,29,04,기타도로,06,경기도로
248,제1순환고속도로,1,상행,2270002301,30,04,기타도로,06,경기도로
248,제1순환고속도로,1,상행,2270001900,31,04,기타도로,06,경기도로
248,제1순환고속도로,1,상행,1230002401,32,04,기타도로,06,경기도로
248,제1순환고속도로,1,상행,1230000900,33,04,기타도로,06,경기도로
248,제1순환고속도로,1,상행,2040003801,34,04,기타도로,06,경기도로
248,제1순환고속도로,1,상행,2050004000,36,04,기타도로,06,경기도로
248,제1순환고속도로,1,상행,2040000100,37,04,기타도로,06,경기도로
248,제1순환고속도로,1,상행,2060010900,38,04,기타도로,06,경기도로
248,제1순환고속도로,1,상행,2260010701,39,04,기타도로,06,경기도로
248,제1순환고속도로,1,상행,2260010100,40,04,기타도로,06,경기도로
248,제1순환고속도로,1,상행,2260008600,41,04,기타도로,06,경기도로
248,제1순환고속도로,1,상행,2080000800,43,04,기타도로,06,경기도로
248,제1순환고속도로,1,상행,2250008700,44,04,기타도로,06,경기도로
248,제1순환고속도로,1,상행,2160018201,45,04,기타도로,06,경기도로
248,제1순환고속도로,1,상행,2240007700,46,04,기타도로,06,경기도로
248,제1순환고속도로,1,상행,2240014501,47,04,기타도로,06,경기도로
248,제1순환고속도로,1,상행,2240014503,49,04,기타도로,06,경기도로
248,제1순환고속도로,1,상행,2240021300,50,04,기타도로,06,경기도로
248,제1순환고속도로,1,상행,2240029402,51,04,기타도로,06,경기도로
248,제1순환고속도로,1,상행,2240029401,52,04,기타도로,06,경기도로
248,제1순환고속도로,1,상행,2240031800,53,04,기타도로,06,경기도로
248,제1순환고속도로,1,상행,2240032401,54,04,기타도로,06,경기도로
248,제1순환고속도로,1,상행,1660002600,56,04,기타도로,06,경기도로
248,제1순환고속도로,1,상행,2100089800,57,04,기타도로,06,경기도로
248,제1순환고속도로,1,상행,2100089900,58,04,기타도로,06,경기도로
248,제1순환고속도로,1,상행,1663026400,59,04,기타도로,06,경기도로
248,제1순환고속도로,1,상행,1663026600,60,04,기타도로,06,경기도로
248,제1순환고속도로,1,상행,1660002801,61,04,기타도로,06,경기도로
248,제1순환고속도로,1,상행,1670002800,63,04,기타도로,06,경기도로
248,제1순환고속도로,1,상행,1670003400,64,04,기타도로,06,경기도로
248,제1순환고속도로,1,상행,1670004100,65,04,기타도로,06,경기도로
248,제1순환고속도로,1,상행,1670004700,66,04,기타도로,06,경기도로
248,제1순환고속도로,1,상행,1670005401,67,04,기타도로,06,경기도로
248,제1순환고속도로,1,상행,2320003100,69,04,기타도로,06,경기도로
248,제1순환고속도로,1,상행,2320004801,70,04,기타도로,06,경기도로
248,제1순환고속도로,1,상행,2180005700,71,04,기타도로,06,경기도로
248,제1순환고속도로,1,상행,2180007701,72,04,기타도로,06,경기도로
248,제1순환고속도로,2,하행,2180010000,1,04,기타도로,06,경기도로
248,제1순환고속도로,2,하행,2180007801,2,04,기타도로,06,경기도로
248,제1순환고속도로,2,하행,2320004701,4,04,기타도로,06,경기도로
248,제1순환고속도로,2,하행,2320003200,5,04,기타도로,06,경기도로
248,제1순환고속도로,2,하행,2320001900,6,04,기타도로,06,경기도로
248,제1순환고속도로,2,하행,1670005501,7,04,기타도로,06,경기도로
248,제1순환고속도로,2,하행,1670004000,9,04,기타도로,06,경기도로
248,제1순환고속도로,2,하행,1670003500,10,04,기타도로,06,경기도로
248,제1순환고속도로,2,하행,1670002400,12,04,기타도로,06,경기도로
248,제1순환고속도로,2,하행,1660002701,13,04,기타도로,06,경기도로
248,제1순환고속도로,2,하행,1663026500,15,04,기타도로,06,경기도로
248,제1순환고속도로,2,하행,2100089600,16,04,기타도로,06,경기도로
248,제1순환고속도로,2,하행,2100089700,17,04,기타도로,06,경기도로
248,제1순환고속도로,2,하행,1660000600,19,04,기타도로,06,경기도로
248,제1순환고속도로,2,하행,2240031900,21,04,기타도로,06,경기도로
248,제1순환고속도로,2,하행,2240029501,22,04,기타도로,06,경기도로
248,제1순환고속도로,2,하행,2240029502,23,04,기타도로,06,경기도로
248,제1순환고속도로,2,하행,2240021400,24,04,기타도로,06,경기도로
248,제1순환고속도로,2,하행,2240014602,26,04,기타도로,06,경기도로
248,제1순환고속도로,2,하행,2240014601,27,04,기타도로,06,경기도로
248,제1순환고속도로,2,하행,2240007800,28,04,기타도로,06,경기도로
248,제1순환고속도로,2,하행,2160018301,29,04,기타도로,06,경기도로
248,제1순환고속도로,2,하행,2250008800,30,04,기타도로,06,경기도로
248,제1순환고속도로,2,하행,2080000700,31,04,기타도로,06,경기도로
248,제1순환고속도로,2,하행,2260008700,33,04,기타도로,06,경기도로
248,제1순환고속도로,2,하행,2260010000,34,04,기타도로,06,경기도로
248,제1순환고속도로,2,하행,2260010601,35,04,기타도로,06,경기도로
248,제1순환고속도로,2,하행,2060010800,36,04,기타도로,06,경기도로
248,제1순환고속도로,2,하행,2040000200,37,04,기타도로,06,경기도로
248,제1순환고속도로,2,하행,2050003900,38,04,기타도로,06,경기도로
248,제1순환고속도로,2,하행,2040003701,40,04,기타도로,06,경기도로
248,제1순환고속도로,2,하행,1230001000,41,04,기타도로,06,경기도로
248,제1순환고속도로,2,하행,1230002301,42,04,기타도로,06,경기도로
248,제1순환고속도로,2,하행,2270002000,43,04,기타도로,06,경기도로
248,제1순환고속도로,2,하행,2270002401,44,04,기타도로,06,경기도로
248,제1순환고속도로,2,하행,2270007200,46,04,기타도로,06,경기도로
248,제1순환고속도로,2,하행,2270010200,47,04,기타도로,06,경기도로
248,제1순환고속도로,2,하행,1240003500,48,04,기타도로,06,경기도로
248,제1순환고속도로,2,하행,1240004100,49,04,기타도로,06,경기도로
248,제1순환고속도로,2,하행,1009027100,50,04,기타도로,06,경기도로
248,제1순환고속도로,2,하행,1240005201,51,04,기타도로,06,경기도로
248,제1순환고속도로,2,하행,2210002702,53,04,기타도로,06,경기도로
248,제1순환고속도로,2,하행,2210002701,54,04,기타도로,06,경기도로
248,제1순환고속도로,2,하행,2210005201,55,04,기타도로,06,경기도로
248,제1순환고속도로,2,하행,2210007400,56,04,기타도로,06,경기도로
248,제1순환고속도로,2,하행,2210008800,57,04,기타도로,06,경기도로
248,제1순환고속도로,2,하행,2210010100,58,04,기타도로,06,경기도로
248,제1순환고속도로,2,하행,2220045700,60,04,기타도로,06,경기도로
248,제1순환고속도로,2,하행,2220045900,61,04,기타도로,06,경기도로
248,제1순환고속도로,2,하행,2070011700,62,04,기타도로,06,경기도로
248,제1순환고속도로,2,하행,2070011600,63,04,기타도로,06,경기도로
248,제1순환고속도로,2,하행,2350025900,64,04,기타도로,06,경기도로
248,제1순환고속도로,2,하행,2180125100,66,04,기타도로,06,경기도로
248,제1순환고속도로,2,하행,2180127800,67,04,기타도로,06,경기도로
248,제1순환고속도로,2,하행,2180124902,68,04,기타도로,06,경기도로
248,제1순환고속도로,2,하행,2180124901,69,04,기타도로,06,경기도로
248,제1순환고속도로,2,하행,2180125300,70,04,기타도로,06,경기도로
248,제1순환고속도로,2,하행,2180125500,71,04,기타도로,06,경기도로
249,서울춘천고속도로,1,상행,1005006900,1,04,기타도로,06,경기도로
249,서울춘천고속도로,1,상행,1005006700,2,04,기타도로,06,경기도로
249,서울춘천고속도로,1,상행,1005007000,3,04,기타도로,06,경기도로
249,서울춘천고속도로,1,상행,1005007200,4,04,기타도로,06,경기도로
249,서울춘천고속도로,1,상행,1005008400,5,04,기타도로,06,경기도로
249,서울춘천고속도로,1,상행,1005007500,6,04,기타도로,06,경기도로
249,서울춘천고속도로,1,상행,1005007900,8,04,기타도로,06,경기도로
249,서울춘천고속도로,1,상행,1005008100,9,04,기타도로,06,경기도로
249,서울춘천고속도로,1,상행,1005007300,10,04,기타도로,06,경기도로
249,서울춘천고속도로,1,상행,1005008600,11,04,기타도로,06,경기도로
249,서울춘천고속도로,1,상행,1005008800,12,04,기타도로,06,경기도로
249,서울춘천고속도로,2,하행,2390106300,1,04,기타도로,06,경기도로
249,서울춘천고속도로,2,하행,1005008900,2,04,기타도로,06,경기도로
249,서울춘천고속도로,2,하행,1005008700,3,04,기타도로,06,경기도로
249,서울춘천고속도로,2,하행,1005007400,4,04,기타도로,06,경기도로
249,서울춘천고속도로,2,하행,1005008200,5,04,기타도로,06,경기도로
249,서울춘천고속도로,2,하행,1005008000,6,04,기타도로,06,경기도로
249,서울춘천고속도로,2,하행,1005007600,8,04,기타도로,06,경기도로
249,서울춘천고속도로,2,하행,1005008500,9,04,기타도로,06,경기도로
249,서울춘천고속도로,2,하행,1005008300,10,04,기타도로,06,경기도로
249,서울춘천고속도로,2,하행,1005007100,11,04,기타도로,06,경기도로
249,서울춘천고속도로,2,하행,1005006800,12,04,기타도로,06,경기도로
249,서울춘천고속도로,2,하행,1005006600,13,04,기타도로,06,경기도로
250,서초대로,1,상행,1210017300,2,01,기본도로,03,주간선도로
250,서초대로,1,상행,1210017900,3,01,기본도로,03,주간선도로
250,서초대로,1,상행,1210019700,4,01,기본도로,03,주간선도로
250,서초대로,1,상행,1210020300,5,01,기본도로,03,주간선도로
250,서초대로,1,상행,1210021100,6,01,기본도로,03,주간선도로
250,서초대로,2,하행,1210022200,1,01,기본도로,03,주간선도로
250,서초대로,2,하행,1210021000,2,01,기본도로,03,주간선도로
250,서초대로,2,하행,1210020200,3,01,기본도로,03,주간선도로
250,서초대로,2,하행,1210019600,4,01,기본도로,03,주간선도로
250,서초대로,2,하행,1210017800,5,01,기본도로,03,주간선도로
250,서초대로,2,하행,1210017200,6,01,기본도로,03,주간선도로
251,서초중앙로,1,상행,1210015100,1,01,기본도로,04,보조간선도로
251,서초중앙로,1,상행,1210016700,2,01,기본도로,04,보조간선도로
251,서초중앙로,1,상행,1210019500,3,01,기본도로,04,보조간선도로
251,서초중앙로,1,상행,1210022500,4,01,기본도로,04,보조간선도로
251,서초중앙로,1,상행,1210025300,5,01,기본도로,04,보조간선도로
251,서초중앙로,2,하행,1210025200,1,01,기본도로,04,보조간선도로
251,서초중앙로,2,하행,1210019400,3,01,기본도로,04,보조간선도로
251,서초중앙로,2,하행,1210016600,4,01,기본도로,04,보조간선도로
251,서초중앙로,2,하행,1210015000,5,01,기본도로,04,보조간선도로
252,서해안고속도로,1,상행,1170000400,1,04,기타도로,06,경기도로
252,서해안고속도로,1,상행,2130001300,2,04,기타도로,06,경기도로
252,서해안고속도로,1,상행,2080002001,4,04,기타도로,06,경기도로
252,서해안고속도로,1,상행,2080001400,5,04,기타도로,06,경기도로
252,서해안고속도로,1,상행,2240014201,6,04,기타도로,06,경기도로
252,서해안고속도로,1,상행,2240013000,7,04,기타도로,06,경기도로
252,서해안고속도로,1,상행,2240010000,8,04,기타도로,06,경기도로
252,서해안고속도로,1,상행,2240007900,9,04,기타도로,06,경기도로
252,서해안고속도로,1,상행,2160018102,11,04,기타도로,06,경기도로
252,서해안고속도로,1,상행,2160016300,12,04,기타도로,06,경기도로
252,서해안고속도로,1,상행,2160011701,13,04,기타도로,06,경기도로
252,서해안고속도로,1,상행,2330062301,14,04,기타도로,06,경기도로
252,서해안고속도로,1,상행,2330061500,15,04,기타도로,06,경기도로
252,서해안고속도로,1,상행,2330060200,16,04,기타도로,06,경기도로
252,서해안고속도로,1,상행,2330025401,18,04,기타도로,06,경기도로
252,서해안고속도로,1,상행,2330025402,19,04,기타도로,06,경기도로
252,서해안고속도로,1,상행,2330014600,20,04,기타도로,06,경기도로
252,서해안고속도로,1,상행,2140047801,21,04,기타도로,06,경기도로
252,서해안고속도로,1,상행,2140043000,22,04,기타도로,06,경기도로
252,서해안고속도로,1,상행,2140018400,24,04,기타도로,06,경기도로
252,서해안고속도로,1,상행,3000039301,25,04,기타도로,06,경기도로
252,서해안고속도로,1,상행,3000039302,26,04,기타도로,06,경기도로
252,서해안고속도로,2,하행,3000039202,1,04,기타도로,06,경기도로
252,서해안고속도로,2,하행,3000039201,2,04,기타도로,06,경기도로
252,서해안고속도로,2,하행,2140018300,3,04,기타도로,06,경기도로
252,서해안고속도로,2,하행,2140042900,5,04,기타도로,06,경기도로
252,서해안고속도로,2,하행,2140047701,6,04,기타도로,06,경기도로
252,서해안고속도로,2,하행,2330014500,7,04,기타도로,06,경기도로
252,서해안고속도로,2,하행,2330025302,8,04,기타도로,06,경기도로
252,서해안고속도로,2,하행,2330025301,9,04,기타도로,06,경기도로
252,서해안고속도로,2,하행,2330053600,10,04,기타도로,06,경기도로
252,서해안고속도로,2,하행,2330061400,12,04,기타도로,06,경기도로
252,서해안고속도로,2,하행,2330062201,13,04,기타도로,06,경기도로
252,서해안고속도로,2,하행,2160011601,14,04,기타도로,06,경기도로
252,서해안고속도로,2,하행,2160016200,15,04,기타도로,06,경기도로
252,서해안고속도로,2,하행,2160018002,16,04,기타도로,06,경기도로
252,서해안고속도로,2,하행,2240008000,18,04,기타도로,06,경기도로
252,서해안고속도로,2,하행,2240009900,19,04,기타도로,06,경기도로
252,서해안고속도로,2,하행,2240012900,20,04,기타도로,06,경기도로
252,서해안고속도로,2,하행,2240014101,21,04,기타도로,06,경기도로
252,서해안고속도로,2,하행,2080001300,22,04,기타도로,06,경기도로
252,서해안고속도로,2,하행,2080001901,23,04,기타도로,06,경기도로
252,서해안고속도로,2,하행,2130001400,25,04,기타도로,06,경기도로
252,서해안고속도로,2,하행,1170000300,26,04,기타도로,06,경기도로
254,석계로,1,상행,1100008300,1,01,기본도로,05,기타도로
254,석계로,2,하행,1100008400,1,01,기본도로,05,기타도로
255,석계로1길,1,상행,1070019900,1,01,기본도로,05,기타도로
255,석계로1길,2,하행,1070020000,1,01,기본도로,05,기타도로
256,석촌호수로,1,상행,1230021700,2,01,기본도로,05,기타도로
256,석촌호수로,1,상행,1230020100,3,01,기본도로,05,기타도로
256,석촌호수로,1,상행,1230020400,4,01,기본도로,05,기타도로
256,석촌호수로,1,상행,1230023800,5,01,기본도로,05,기타도로
256,석촌호수로,2,하행,1230023700,1,01,기본도로,05,기타도로
256,석촌호수로,2,하행,1230020200,3,01,기본도로,05,기타도로
256,석촌호수로,2,하행,1230021800,4,01,기본도로,05,기타도로
256,석촌호수로,2,하행,1230027000,5,01,기본도로,05,기타도로
257,선릉로,1,상행,1220036400,1,01,기본도로,05,기타도로
257,선릉로,1,상행,1220035400,2,01,기본도로,05,기타도로
257,선릉로,1,상행,1220033400,3,01,기본도로,05,기타도로
257,선릉로,1,상행,1220027600,5,01,기본도로,05,기타도로
257,선릉로,1,상행,1220025800,6,01,기본도로,05,기타도로
257,선릉로,1,상행,1220023100,7,01,기본도로,05,기타도로
257,선릉로,1,상행,1220019200,8,01,기본도로,05,기타도로
257,선릉로,1,상행,1220014000,9,01,기본도로,05,기타도로
257,선릉로,1,상행,1220011000,10,01,기본도로,05,기타도로
257,선릉로,1,상행,1220007400,12,01,기본도로,05,기타도로
257,선릉로,2,하행,1220007500,1,01,기본도로,05,기타도로
257,선릉로,2,하행,1220008700,2,01,기본도로,05,기타도로
257,선릉로,2,하행,1220011100,3,01,기본도로,05,기타도로
257,선릉로,2,하행,1220014100,4,01,기본도로,05,기타도로
257,선릉로,2,하행,1220023200,6,01,기본도로,05,기타도로
257,선릉로,2,하행,1220025900,7,01,기본도로,05,기타도로
257,선릉로,2,하행,1220027700,8,01,기본도로,05,기타도로
257,선릉로,2,하행,1220031100,9,01,기본도로,05,기타도로
257,선릉로,2,하행,1220033500,10,01,기본도로,05,기타도로
257,선릉로,2,하행,1220035500,11,01,기본도로,05,기타도로
258,선유로,1,상행,1180015900,1,01,기본도로,03,주간선도로
258,선유로,1,상행,1180016900,2,01,기본도로,03,주간선도로
258,선유로,1,상행,1180019500,3,01,기본도로,03,주간선도로
258,선유로,1,상행,1180023500,4,01,기본도로,03,주간선도로
258,선유로,1,상행,1180027500,5,01,기본도로,03,주간선도로
258,선유로,1,상행,1180032700,6,01,기본도로,03,주간선도로
258,선유로,1,상행,1180039700,8,01,기본도로,03,주간선도로
258,선유로,1,상행,1180040900,9,01,기본도로,03,주간선도로
258,선유로,1,상행,1180003800,10,01,기본도로,03,주간선도로
258,선유로,2,하행,1180003700,1,01,기본도로,03,주간선도로
258,선유로,2,하행,1180040800,2,01,기본도로,03,주간선도로
258,선유로,2,하행,1180037600,4,01,기본도로,03,주간선도로
258,선유로,2,하행,1180032600,5,01,기본도로,03,주간선도로
258,선유로,2,하행,1180027400,6,01,기본도로,03,주간선도로
258,선유로,2,하행,1180023400,7,01,기본도로,03,주간선도로
258,선유로,2,하행,1180019400,8,01,기본도로,03,주간선도로
258,선유로,2,하행,1180016800,9,01,기본도로,03,주간선도로
259,선유서로,1,상행,1180017300,1,01,기본도로,05,기타도로
259,선유서로,1,상행,1180020900,2,01,기본도로,05,기타도로
259,선유서로,1,상행,1180024100,3,01,기본도로,05,기타도로
259,선유서로,1,상행,1180028500,4,01,기본도로,05,기타도로
259,선유서로,2,하행,1180028400,1,01,기본도로,05,기타도로
259,선유서로,2,하행,1180024000,2,01,기본도로,05,기타도로
259,선유서로,2,하행,1180017200,4,01,기본도로,05,기타도로
260,섬밭로,1,상행,1100021500,1,01,기본도로,05,기타도로
260,섬밭로,1,상행,1100020100,2,01,기본도로,05,기타도로
260,섬밭로,1,상행,1100018300,3,01,기본도로,05,기타도로
260,섬밭로,1,상행,1100015900,4,01,기본도로,05,기타도로
260,섬밭로,1,상행,1005002400,6,01,기본도로,05,기타도로
260,섬밭로,1,상행,1100012100,7,01,기본도로,05,기타도로
260,섬밭로,1,상행,1100010200,8,01,기본도로,05,기타도로
260,섬밭로,1,상행,1100008700,9,01,기본도로,05,기타도로
260,섬밭로,2,하행,1100008800,1,01,기본도로,05,기타도로
260,섬밭로,2,하행,1100010100,2,01,기본도로,05,기타도로
260,섬밭로,2,하행,1005002300,4,01,기본도로,05,기타도로
260,섬밭로,2,하행,1100014400,5,01,기본도로,05,기타도로
260,섬밭로,2,하행,1100016000,6,01,기본도로,05,기타도로
260,섬밭로,2,하행,1100018400,7,01,기본도로,05,기타도로
260,섬밭로,2,하행,1100020200,8,01,기본도로,05,기타도로
260,섬밭로,2,하행,1100021600,9,01,기본도로,05,기타도로
261,성균관로,2,하행,1000019000,1,01,기본도로,05,기타도로
262,성남대로,1,상행,2040004000,1,04,기타도로,06,경기도로
262,성남대로,1,상행,2040004010,2,04,기타도로,06,경기도로
262,성남대로,1,상행,2040005000,3,04,기타도로,06,경기도로
262,성남대로,1,상행,2040005400,4,04,기타도로,06,경기도로
262,성남대로,2,하행,2040004900,2,04,기타도로,06,경기도로
262,성남대로,2,하행,2040003910,3,04,기타도로,06,경기도로
262,성남대로,2,하행,2040003900,4,04,기타도로,06,경기도로
263,성내로,1,상행,1240006800,1,01,기본도로,05,기타도로
263,성내로,1,상행,1230036500,2,01,기본도로,05,기타도로
263,성내로,2,하행,1230036400,1,01,기본도로,05,기타도로
264,성내천로,1,상행,1230012600,1,01,기본도로,05,기타도로
264,성내천로,2,하행,1230012500,1,01,기본도로,05,기타도로
265,성덕정길,1,상행,3201504300,1,01,기본도로,05,기타도로
265,성덕정길,1,상행,1030002900,2,01,기본도로,05,기타도로
265,성덕정길,2,하행,1030003000,1,01,기본도로,05,기타도로
265,성덕정길,2,하행,3201504200,2,01,기본도로,05,기타도로
266,성북로,1,상행,1070008100,2,01,기본도로,04,보조간선도로
266,성북로,1,상행,1070008800,3,01,기본도로,04,보조간선도로
266,성북로,2,하행,1070008700,1,01,기본도로,04,보조간선도로
266,성북로,2,하행,1070008200,2,01,기본도로,04,보조간선도로
266,성북로,2,하행,1070007300,3,01,기본도로,04,보조간선도로
267,성산로,1,상행,1180005500,2,01,기본도로,03,주간선도로
267,성산로,1,상행,1130004200,3,01,기본도로,03,주간선도로
267,성산로,1,상행,1005002900,4,01,기본도로,03,주간선도로
267,성산로,1,상행,1130020600,5,01,기본도로,03,주간선도로
267,성산로,1,상행,1130022200,6,01,기본도로,03,주간선도로
267,성산로,1,상행,1120005100,7,01,기본도로,03,주간선도로
267,성산로,1,상행,1120004400,9,01,기본도로,03,주간선도로
267,성산로,1,상행,1120005000,10,01,기본도로,03,주간선도로
267,성산로,1,상행,1120006400,11,01,기본도로,03,주간선도로
267,성산로,2,하행,1120006300,1,01,기본도로,03,주간선도로
267,성산로,2,하행,1120004300,3,01,기본도로,03,주간선도로
267,성산로,2,하행,1120004600,4,01,기본도로,03,주간선도로
267,성산로,2,하행,1130022100,6,01,기본도로,03,주간선도로
267,성산로,2,하행,1130020500,7,01,기본도로,03,주간선도로
267,성산로,2,하행,1130004100,9,01,기본도로,03,주간선도로
267,성산로,2,하행,1180005400,10,01,기본도로,03,주간선도로
267,성산로,2,하행,1180004500,11,01,기본도로,03,주간선도로
268,성수이로,1,상행,1030008600,2,01,기본도로,05,기타도로
268,성수이로,2,하행,1030005300,2,01,기본도로,05,기타도로
269,성수일로,1,상행,1030010500,1,01,기본도로,05,기타도로
269,성수일로,1,상행,1030007100,2,01,기본도로,05,기타도로
269,성수일로,2,하행,1030007200,1,01,기본도로,05,기타도로
270,성안로,1,상행,1230034100,1,01,기본도로,05,기타도로
270,성안로,1,상행,1240007200,2,01,기본도로,05,기타도로
270,성안로,1,상행,1240009000,3,01,기본도로,05,기타도로
270,성안로,1,상행,1240010000,4,01,기본도로,05,기타도로
270,성안로,1,상행,1240012000,5,01,기본도로,05,기타도로
270,성안로,2,하행,1240011900,1,01,기본도로,05,기타도로
270,성안로,2,하행,1240008900,3,01,기본도로,05,기타도로
270,성안로,2,하행,1240007100,4,01,기본도로,05,기타도로
270,성안로,2,하행,1230034000,5,01,기본도로,05,기타도로
271,성암로,1,상행,1130029300,1,01,기본도로,04,보조간선도로
271,성암로,1,상행,1130028100,2,01,기본도로,04,보조간선도로
271,성암로,1,상행,1130026700,3,01,기본도로,04,보조간선도로
271,성암로,2,하행,1130024000,1,01,기본도로,04,보조간선도로
271,성암로,2,하행,1130026800,2,01,기본도로,04,보조간선도로
271,성암로,2,하행,1130028200,3,01,기본도로,04,보조간선도로
271,성암로,2,하행,1130029400,4,01,기본도로,04,보조간선도로
272,성중길,1,상행,1130023100,1,01,기본도로,05,기타도로
272,성중길,2,하행,1130025300,1,01,기본도로,05,기타도로
272,성중길,2,하행,1130023200,2,01,기본도로,05,기타도로
273,세검정로,1,상행,1120013600,1,01,기본도로,03,주간선도로
273,세검정로,1,상행,1120014000,2,01,기본도로,03,주간선도로
273,세검정로,1,상행,1000021000,3,01,기본도로,03,주간선도로
273,세검정로,2,하행,1000020900,1,01,기본도로,03,주간선도로
273,세검정로,2,하행,1120013500,3,01,기본도로,03,주간선도로
274,세종대로,1,상행,1000008300,1,01,기본도로,03,주간선도로
274,세종대로,1,상행,1000005100,2,01,기본도로,03,주간선도로
274,세종대로,1,상행,1010018100,3,01,기본도로,03,주간선도로
274,세종대로,1,상행,1010013700,4,01,기본도로,03,주간선도로
274,세종대로,1,상행,1010009900,5,01,기본도로,03,주간선도로
274,세종대로,1,상행,1010002900,7,01,기본도로,03,주간선도로
274,세종대로,2,하행,1010003000,1,01,기본도로,03,주간선도로
274,세종대로,2,하행,1010006000,2,01,기본도로,03,주간선도로
274,세종대로,2,하행,1010010000,3,01,기본도로,03,주간선도로
274,세종대로,2,하행,1010013800,4,01,기본도로,03,주간선도로
274,세종대로,2,하행,1000005200,6,01,기본도로,03,주간선도로
274,세종대로,2,하행,1000008400,7,01,기본도로,03,주간선도로
275,세종대로18길,1,상행,1010008400,1,01,기본도로,05,기타도로
276,세종대로20길,1,상행,1010016400,1,01,기본도로,05,기타도로
277,세종대로21길,1,상행,1000004200,1,01,기본도로,05,기타도로
278,소공로,1,상행,1010011100,1,01,기본도로,03,주간선도로
278,소공로,1,상행,1010007500,3,01,기본도로,03,주간선도로
278,소공로,1,상행,1010004900,4,01,기본도로,03,주간선도로
278,소공로,1,상행,1010002700,5,01,기본도로,03,주간선도로
278,소공로,2,하행,1010002800,1,01,기본도로,03,주간선도로
278,소공로,2,하행,1010005000,2,01,기본도로,03,주간선도로
278,소공로,2,하행,1010007600,3,01,기본도로,03,주간선도로
278,소공로,2,하행,1010011200,5,01,기본도로,03,주간선도로
279,소월로,1,상행,1010002300,1,01,기본도로,04,보조간선도로
279,소월로,1,상행,1020022700,2,01,기본도로,04,보조간선도로
279,소월로,1,상행,1020021900,3,01,기본도로,04,보조간선도로
279,소월로,1,상행,1020020500,4,01,기본도로,04,보조간선도로
279,소월로,1,상행,1020016500,6,01,기본도로,04,보조간선도로
279,소월로,1,상행,1020017200,7,01,기본도로,04,보조간선도로
279,소월로,2,하행,1020017100,1,01,기본도로,04,보조간선도로
279,소월로,2,하행,1020016600,2,01,기본도로,04,보조간선도로
279,소월로,2,하행,1020019200,3,01,기본도로,04,보조간선도로
279,소월로,2,하행,1020020600,4,01,기본도로,04,보조간선도로
279,소월로,2,하행,1020022800,6,01,기본도로,04,보조간선도로
279,소월로,2,하행,1010002400,7,01,기본도로,04,보조간선도로
280,소월로2길,1,상행,1010000500,1,01,기본도로,04,보조간선도로
280,소월로2길,2,하행,1010000600,1,01,기본도로,04,보조간선도로
281,소월로3길,1,상행,1020022600,1,01,기본도로,05,기타도로
281,소월로3길,2,하행,1020022500,1,01,기본도로,05,기타도로
282,소파로,1,상행,1010001200,2,01,기본도로,04,보조간선도로
282,소파로,2,하행,1010001100,1,01,기본도로,04,보조간선도로
282,소파로,2,하행,1010000800,2,01,기본도로,04,보조간선도로
283,솔샘로,1,상행,1080002200,1,01,기본도로,04,보조간선도로
283,솔샘로,1,상행,1080002400,2,01,기본도로,04,보조간선도로
283,솔샘로,1,상행,1070020300,4,01,기본도로,04,보조간선도로
283,솔샘로,1,상행,1070016900,5,01,기본도로,04,보조간선도로
283,솔샘로,2,하행,1070017000,1,01,기본도로,04,보조간선도로
283,솔샘로,2,하행,1070020400,2,01,기본도로,04,보조간선도로
283,솔샘로,2,하행,1080002500,3,01,기본도로,04,보조간선도로
283,솔샘로,2,하행,1080002300,4,01,기본도로,04,보조간선도로
284,솔샘로67길,1,상행,1080003300,1,01,기본도로,05,기타도로
284,솔샘로67길,2,하행,1080003400,1,01,기본도로,05,기타도로
285,송월길,1,상행,1000006300,1,01,기본도로,05,기타도로
285,송월길,2,하행,1000006400,1,01,기본도로,05,기타도로
286,송이로,1,상행,3201503300,2,01,기본도로,05,기타도로
286,송이로,1,상행,1230007600,3,01,기본도로,05,기타도로
286,송이로,1,상행,1230009800,5,01,기본도로,05,기타도로
286,송이로,1,상행,1230012800,6,01,기본도로,05,기타도로
286,송이로,1,상행,1230015200,7,01,기본도로,05,기타도로
286,송이로,1,상행,1230017400,8,01,기본도로,05,기타도로
286,송이로,2,하행,1230017300,1,01,기본도로,05,기타도로
286,송이로,2,하행,1230012700,3,01,기본도로,05,기타도로
286,송이로,2,하행,1230009700,4,01,기본도로,05,기타도로
286,송이로,2,하행,1230008100,5,01,기본도로,05,기타도로
286,송이로,2,하행,1230007500,6,01,기본도로,05,기타도로
286,송이로,2,하행,3201503200,7,01,기본도로,05,기타도로
287,송이로32길,1,상행,1230007400,1,01,기본도로,04,보조간선도로
288,송파대로,1,상행,1230004900,1,01,기본도로,03,주간선도로
288,송파대로,1,상행,1230004100,2,01,기본도로,03,주간선도로
288,송파대로,1,상행,1230003700,3,01,기본도로,03,주간선도로
288,송파대로,1,상행,1230003500,4,01,기본도로,03,주간선도로
288,송파대로,1,상행,1230003300,5,01,기본도로,03,주간선도로
288,송파대로,1,상행,1230003100,6,01,기본도로,03,주간선도로
288,송파대로,1,상행,1230002700,8,01,기본도로,03,주간선도로
288,송파대로,1,상행,1230002500,9,01,기본도로,03,주간선도로
288,송파대로,1,상행,1230002100,10,01,기본도로,03,주간선도로
288,송파대로,1,상행,1230001900,11,01,기본도로,03,주간선도로
288,송파대로,1,상행,1230001700,12,01,기본도로,03,주간선도로
288,송파대로,1,상행,1230000500,14,01,기본도로,03,주간선도로
288,송파대로,2,하행,1230000600,1,01,기본도로,03,주간선도로
288,송파대로,2,하행,1230001400,2,01,기본도로,03,주간선도로
288,송파대로,2,하행,1230001800,3,01,기본도로,03,주간선도로
288,송파대로,2,하행,1230002000,4,01,기본도로,03,주간선도로
288,송파대로,2,하행,1230002200,5,01,기본도로,03,주간선도로
288,송파대로,2,하행,1230002800,7,01,기본도로,03,주간선도로
288,송파대로,2,하행,1230003000,8,01,기본도로,03,주간선도로
288,송파대로,2,하행,1230003200,9,01,기본도로,03,주간선도로
288,송파대로,2,하행,1230003400,10,01,기본도로,03,주간선도로
288,송파대로,2,하행,1230003600,11,01,기본도로,03,주간선도로
288,송파대로,2,하행,1230003800,12,01,기본도로,03,주간선도로
288,송파대로,2,하행,1230005000,14,01,기본도로,03,주간선도로
289,송파대로4길,1,상행,1230005600,1,01,기본도로,05,기타도로
289,송파대로4길,2,하행,1230005500,1,01,기본도로,05,기타도로
290,송파대로60길,1,상행,1230030400,1,01,기본도로,05,기타도로
290,송파대로60길,1,상행,1230032300,2,01,기본도로,05,기타도로
291,수락산로,1,상행,1100035200,2,01,기본도로,05,기타도로
291,수락산로,1,상행,1100035400,3,01,기본도로,05,기타도로
291,수락산로,1,상행,1100035600,4,01,기본도로,05,기타도로
291,수락산로,2,하행,1100035500,1,01,기본도로,05,기타도로
291,수락산로,2,하행,1100035300,2,01,기본도로,05,기타도로
291,수락산로,2,하행,1100035100,3,01,기본도로,05,기타도로
293,수색로,1,상행,1120005600,1,01,기본도로,03,주간선도로
293,수색로,1,상행,1120005800,2,01,기본도로,03,주간선도로
293,수색로,1,상행,1120007000,3,01,기본도로,03,주간선도로
293,수색로,1,상행,1120008600,4,01,기본도로,03,주간선도로
293,수색로,1,상행,1110003000,5,01,기본도로,03,주간선도로
293,수색로,1,상행,1110003400,6,01,기본도로,03,주간선도로
293,수색로,1,상행,1110005000,8,01,기본도로,03,주간선도로
293,수색로,1,상행,1110006200,9,01,기본도로,03,주간선도로
293,수색로,2,하행,1110006100,1,01,기본도로,03,주간선도로
293,수색로,2,하행,1110004900,2,01,기본도로,03,주간선도로
293,수색로,2,하행,1110003900,3,01,기본도로,03,주간선도로
293,수색로,2,하행,1110002900,5,01,기본도로,03,주간선도로
293,수색로,2,하행,1120008500,6,01,기본도로,03,주간선도로
293,수색로,2,하행,1120006900,7,01,기본도로,03,주간선도로
293,수색로,2,하행,1120005700,8,01,기본도로,03,주간선도로
293,수색로,2,하행,1120005500,9,01,기본도로,03,주간선도로
294,수표로,1,상행,1010012900,1,01,기본도로,04,보조간선도로
295,시루봉로,1,상행,1090012100,1,01,기본도로,04,보조간선도로
295,시루봉로,1,상행,1090011100,2,01,기본도로,04,보조간선도로
295,시루봉로,1,상행,1090009100,3,01,기본도로,04,보조간선도로
295,시루봉로,1,상행,1090007300,4,01,기본도로,04,보조간선도로
295,시루봉로,2,하행,1090007400,1,01,기본도로,04,보조간선도로
295,시루봉로,2,하행,1090009200,2,01,기본도로,04,보조간선도로
295,시루봉로,2,하행,1090012200,4,01,기본도로,04,보조간선도로
296,시흥대로,1,상행,2080006600,1,01,기본도로,03,주간선도로
296,시흥대로,1,상행,1170000200,2,01,기본도로,03,주간선도로
296,시흥대로,1,상행,1170000600,3,01,기본도로,03,주간선도로
296,시흥대로,1,상행,1170003000,4,01,기본도로,03,주간선도로
296,시흥대로,1,상행,1170005600,6,01,기본도로,03,주간선도로
296,시흥대로,1,상행,1170007400,7,01,기본도로,03,주간선도로
296,시흥대로,1,상행,1160004400,8,01,기본도로,03,주간선도로
296,시흥대로,1,상행,1160005800,9,01,기본도로,03,주간선도로
296,시흥대로,1,상행,1180005900,10,01,기본도로,03,주간선도로
296,시흥대로,1,상행,1180006500,11,01,기본도로,03,주간선도로
296,시흥대로,2,하행,1180005800,2,01,기본도로,03,주간선도로
296,시흥대로,2,하행,1160005700,3,01,기본도로,03,주간선도로
296,시흥대로,2,하행,1160004300,4,01,기본도로,03,주간선도로
296,시흥대로,2,하행,1170007300,5,01,기본도로,03,주간선도로
296,시흥대로,2,하행,1170005500,6,01,기본도로,03,주간선도로
296,시흥대로,2,하행,1170004300,7,01,기본도로,03,주간선도로
296,시흥대로,2,하행,1170000500,9,01,기본도로,03,주간선도로
296,시흥대로,2,하행,1170000100,10,01,기본도로,03,주간선도로
296,시흥대로,2,하행,2080006500,11,01,기본도로,03,주간선도로
297,신길로,1,상행,1180007100,1,01,기본도로,04,보조간선도로
297,신길로,1,상행,1180008300,2,01,기본도로,04,보조간선도로
297,신길로,1,상행,1180010700,4,01,기본도로,04,보조간선도로
297,신길로,1,상행,1180012700,5,01,기본도로,04,보조간선도로
297,신길로,1,상행,1180013900,6,01,기본도로,04,보조간선도로
297,신길로,1,상행,1180016300,7,01,기본도로,04,보조간선도로
297,신길로,2,하행,1180016200,1,01,기본도로,04,보조간선도로
297,신길로,2,하행,1180013800,2,01,기본도로,04,보조간선도로
297,신길로,2,하행,1180010600,4,01,기본도로,04,보조간선도로
297,신길로,2,하행,1180008800,5,01,기본도로,04,보조간선도로
297,신길로,2,하행,1180008200,6,01,기본도로,04,보조간선도로
297,신길로,2,하행,1180007000,7,01,기본도로,04,보조간선도로
298,신내로,1,상행,1060021500,1,01,기본도로,04,보조간선도로
298,신내로,1,상행,1060021300,2,01,기본도로,04,보조간선도로
298,신내로,1,상행,1060019900,4,01,기본도로,04,보조간선도로
298,신내로,1,상행,1060018300,5,01,기본도로,04,보조간선도로
298,신내로,1,상행,1060017300,6,01,기본도로,04,보조간선도로
298,신내로,1,상행,1060015900,7,01,기본도로,04,보조간선도로
298,신내로,1,상행,1060014700,8,01,기본도로,04,보조간선도로
298,신내로,2,하행,1060016000,2,01,기본도로,04,보조간선도로
298,신내로,2,하행,1060017400,3,01,기본도로,04,보조간선도로
298,신내로,2,하행,1060018400,4,01,기본도로,04,보조간선도로
298,신내로,2,하행,1060020000,5,01,기본도로,04,보조간선도로
298,신내로,2,하행,1060020600,6,01,기본도로,04,보조간선도로
298,신내로,2,하행,1060021400,7,01,기본도로,04,보조간선도로
299,신림로,1,상행,1200009900,1,01,기본도로,04,보조간선도로
299,신림로,1,상행,1200006300,2,01,기본도로,04,보조간선도로
299,신림로,1,상행,1200003500,3,01,기본도로,04,보조간선도로
299,신림로,1,상행,1200001700,4,01,기본도로,04,보조간선도로
299,신림로,1,상행,1200001300,5,01,기본도로,04,보조간선도로
299,신림로,1,상행,1200000500,6,01,기본도로,04,보조간선도로
299,신림로,2,하행,1200001400,2,01,기본도로,04,보조간선도로
299,신림로,2,하행,1200001800,3,01,기본도로,04,보조간선도로
299,신림로,2,하행,1200003600,4,01,기본도로,04,보조간선도로
299,신림로,2,하행,1200006400,5,01,기본도로,04,보조간선도로
299,신림로,2,하행,1200010000,6,01,기본도로,04,보조간선도로
300,신목로,1,상행,1140017300,2,01,기본도로,04,보조간선도로
300,신목로,1,상행,1140014300,3,01,기본도로,04,보조간선도로
300,신목로,1,상행,1140009500,4,01,기본도로,04,보조간선도로
300,신목로,2,하행,1140009600,1,01,기본도로,04,보조간선도로
300,신목로,2,하행,1140014400,2,01,기본도로,04,보조간선도로
300,신목로,2,하행,1140017400,3,01,기본도로,04,보조간선도로
301,신목로7길,2,하행,1140012700,1,01,기본도로,05,기타도로
302,신반포로,1,상행,1210027600,1,01,기본도로,04,보조간선도로
302,신반포로,1,상행,1210027000,2,01,기본도로,04,보조간선도로
302,신반포로,1,상행,1210026800,3,01,기본도로,04,보조간선도로
302,신반포로,1,상행,1210026400,4,01,기본도로,04,보조간선도로
119,동남로,2,하행,1240025600,17,01,기본도로,04,보조간선도로
120,동남로12길,1,상행,1230008700,1,01,기본도로,04,보조간선도로
120,동남로12길,2,하행,1230008800,1,01,기본도로,04,보조간선도로
121,동남로79길,1,상행,1240024600,1,01,기본도로,05,기타도로
121,동남로79길,2,하행,1240024500,1,01,기본도로,05,기타도로
122,동남로81길,1,상행,1240026200,1,01,기본도로,05,기타도로
122,동남로81길,2,하행,1240026100,1,01,기본도로,05,기타도로
123,동남로82길,2,하행,1240027000,1,01,기본도로,05,기타도로
124,동부간선도로,1,상행,1030001400,1,01,기본도로,02,도시고속도로
124,동부간선도로,1,상행,1030002000,2,01,기본도로,02,도시고속도로
124,동부간선도로,1,상행,1030001700,3,01,기본도로,02,도시고속도로
124,동부간선도로,1,상행,1030002300,4,01,기본도로,02,도시고속도로
124,동부간선도로,1,상행,1040005500,5,01,기본도로,02,도시고속도로
124,동부간선도로,1,상행,1100000600,7,01,기본도로,02,도시고속도로
124,동부간선도로,1,상행,1100001400,8,01,기본도로,02,도시고속도로
124,동부간선도로,1,상행,1100002000,9,01,기본도로,02,도시고속도로
124,동부간선도로,1,상행,1100002600,10,01,기본도로,02,도시고속도로
124,동부간선도로,1,상행,1100003000,11,01,기본도로,02,도시고속도로
124,동부간선도로,1,상행,1100003800,13,01,기본도로,02,도시고속도로
124,동부간선도로,1,상행,1100004200,14,01,기본도로,02,도시고속도로
124,동부간선도로,1,상행,1100004800,15,01,기본도로,02,도시고속도로
124,동부간선도로,1,상행,1100005400,16,01,기본도로,02,도시고속도로
124,동부간선도로,1,상행,1100006800,17,01,기본도로,02,도시고속도로
124,동부간선도로,2,하행,1100006700,1,01,기본도로,02,도시고속도로
124,동부간선도로,2,하행,1100004700,3,01,기본도로,02,도시고속도로
124,동부간선도로,2,하행,1100004100,4,01,기본도로,02,도시고속도로
124,동부간선도로,2,하행,1100003700,5,01,기본도로,02,도시고속도로
124,동부간선도로,2,하행,1100003300,6,01,기본도로,02,도시고속도로
124,동부간선도로,2,하행,1100002900,7,01,기본도로,02,도시고속도로
124,동부간선도로,2,하행,1100002500,8,01,기본도로,02,도시고속도로
124,동부간선도로,2,하행,1100001300,10,01,기본도로,02,도시고속도로
124,동부간선도로,2,하행,1100000500,9,01,기본도로,02,도시고속도로
124,동부간선도로,2,하행,1050003600,10,01,기본도로,02,도시고속도로
124,동부간선도로,2,하행,1050000300,11,01,기본도로,02,도시고속도로
124,동부간선도로,2,하행,1030002600,12,01,기본도로,02,도시고속도로
124,동부간선도로,2,하행,1030001900,14,01,기본도로,02,도시고속도로
124,동부간선도로,2,하행,1030001300,15,01,기본도로,02,도시고속도로
125,동소문로,1,상행,1070006400,1,01,기본도로,03,주간선도로
125,동소문로,1,상행,1070007800,2,01,기본도로,03,주간선도로
125,동소문로,1,상행,1070008600,3,01,기본도로,03,주간선도로
125,동소문로,1,상행,1070009400,4,01,기본도로,03,주간선도로
125,동소문로,1,상행,1070012800,6,01,기본도로,03,주간선도로
125,동소문로,1,상행,1070014000,7,01,기본도로,03,주간선도로
125,동소문로,2,하행,1070013900,1,01,기본도로,03,주간선도로
125,동소문로,2,하행,1070012700,2,01,기본도로,03,주간선도로
125,동소문로,2,하행,1070009300,4,01,기본도로,03,주간선도로
125,동소문로,2,하행,1070008500,5,01,기본도로,03,주간선도로
125,동소문로,2,하행,1070006300,7,01,기본도로,03,주간선도로
126,동소문로20길,1,상행,1070007100,1,01,기본도로,05,기타도로
127,동일로,1,상행,1030000200,1,01,기본도로,03,주간선도로
127,동일로,1,상행,1040001400,2,01,기본도로,03,주간선도로
127,동일로,1,상행,1030001600,3,01,기본도로,03,주간선도로
127,동일로,1,상행,1040005200,5,01,기본도로,03,주간선도로
127,동일로,1,상행,1060000200,7,01,기본도로,03,주간선도로
127,동일로,1,상행,1060000400,8,01,기본도로,03,주간선도로
127,동일로,1,상행,1060000600,9,01,기본도로,03,주간선도로
127,동일로,1,상행,1060000800,10,01,기본도로,03,주간선도로
127,동일로,1,상행,1060001600,12,01,기본도로,03,주간선도로
127,동일로,1,상행,1060002400,13,01,기본도로,03,주간선도로
127,동일로,1,상행,1060003600,14,01,기본도로,03,주간선도로
127,동일로,1,상행,1060003800,15,01,기본도로,03,주간선도로
127,동일로,1,상행,1060004300,16,01,기본도로,03,주간선도로
127,동일로,1,상행,1060004500,17,01,기본도로,03,주간선도로
127,동일로,1,상행,1060005500,19,01,기본도로,03,주간선도로
127,동일로,1,상행,1060006000,20,01,기본도로,03,주간선도로
127,동일로,1,상행,1100000400,21,01,기본도로,03,주간선도로
127,동일로,1,상행,1100000800,22,01,기본도로,03,주간선도로
127,동일로,1,상행,1100001000,23,01,기본도로,03,주간선도로
127,동일로,1,상행,1100001200,24,01,기본도로,03,주간선도로
127,동일로,1,상행,1100001800,26,01,기본도로,03,주간선도로
127,동일로,1,상행,1100002200,27,01,기본도로,03,주간선도로
127,동일로,1,상행,1100002400,28,01,기본도로,03,주간선도로
127,동일로,1,상행,1100002800,29,01,기본도로,03,주간선도로
127,동일로,1,상행,1100003200,30,01,기본도로,03,주간선도로
127,동일로,1,상행,1100004000,32,01,기본도로,03,주간선도로
127,동일로,1,상행,1100004400,33,01,기본도로,03,주간선도로
127,동일로,1,상행,1100004600,34,01,기본도로,03,주간선도로
127,동일로,1,상행,1100005200,35,01,기본도로,03,주간선도로
127,동일로,1,상행,1100005600,36,01,기본도로,03,주간선도로
127,동일로,1,상행,1100005800,37,01,기본도로,03,주간선도로
127,동일로,1,상행,1100006900,39,01,기본도로,03,주간선도로
127,동일로,2,하행,1100007000,1,01,기본도로,03,주간선도로
127,동일로,2,하행,1100006500,2,01,기본도로,03,주간선도로
127,동일로,2,하행,1100005700,3,01,기본도로,03,주간선도로
127,동일로,2,하행,1100005500,4,01,기본도로,03,주간선도로
127,동일로,2,하행,1100005100,5,01,기본도로,03,주간선도로
127,동일로,2,하행,1100004300,7,01,기본도로,03,주간선도로
127,동일로,2,하행,1100003900,8,01,기본도로,03,주간선도로
127,동일로,2,하행,1100003500,9,01,기본도로,03,주간선도로
127,동일로,2,하행,1100003100,10,01,기본도로,03,주간선도로
127,동일로,2,하행,1100002700,11,01,기본도로,03,주간선도로
127,동일로,2,하행,1100002100,13,01,기본도로,03,주간선도로
127,동일로,2,하행,1100001700,14,01,기본도로,03,주간선도로
127,동일로,2,하행,1100001500,15,01,기본도로,03,주간선도로
127,동일로,2,하행,1100001100,16,01,기본도로,03,주간선도로
127,동일로,2,하행,1100000900,17,01,기본도로,03,주간선도로
127,동일로,2,하행,1100000700,18,01,기본도로,03,주간선도로
127,동일로,2,하행,1060005900,20,01,기본도로,03,주간선도로
127,동일로,2,하행,1060005400,21,01,기본도로,03,주간선도로
127,동일로,2,하행,1060005000,22,01,기본도로,03,주간선도로
127,동일로,2,하행,1060004400,23,01,기본도로,03,주간선도로
127,동일로,2,하행,1060004200,24,01,기본도로,03,주간선도로
127,동일로,2,하행,1060003700,25,01,기본도로,03,주간선도로
127,동일로,2,하행,1060002300,27,01,기본도로,03,주간선도로
127,동일로,2,하행,1060001500,28,01,기본도로,03,주간선도로
127,동일로,2,하행,1060000900,29,01,기본도로,03,주간선도로
127,동일로,2,하행,1060000700,30,01,기본도로,03,주간선도로
127,동일로,2,하행,1060000500,31,01,기본도로,03,주간선도로
127,동일로,2,하행,1060000100,33,01,기본도로,03,주간선도로
127,동일로,2,하행,1040005300,34,01,기본도로,03,주간선도로
127,동일로,2,하행,1040005100,35,01,기본도로,03,주간선도로
127,동일로,2,하행,1030002100,36,01,기본도로,03,주간선도로
127,동일로,2,하행,1030001500,37,01,기본도로,03,주간선도로
127,동일로,2,하행,1040001300,38,01,기본도로,03,주간선도로
128,동일로173가길,1,상행,1100009000,1,01,기본도로,05,기타도로
128,동일로173가길,2,하행,1100008900,1,01,기본도로,05,기타도로
129,동일로191가길,1,상행,1100010700,1,01,기본도로,05,기타도로
129,동일로191가길,2,하행,1100010800,1,01,기본도로,05,기타도로
130,동일로213길,1,상행,1100025700,1,01,기본도로,05,기타도로
130,동일로213길,2,하행,1100025800,1,01,기본도로,05,기타도로
131,동일로214길,2,하행,1100026500,1,01,기본도로,05,기타도로
132,동일로243길,1,상행,1100006200,1,01,기본도로,04,보조간선도로
132,동일로243길,1,상행,1100006400,2,01,기본도로,04,보조간선도로
132,동일로243길,2,하행,1100006300,1,01,기본도로,04,보조간선도로
132,동일로243길,2,하행,1100006100,2,01,기본도로,04,보조간선도로
133,동작대로,1,상행,1210017700,2,01,기본도로,03,주간선도로
133,동작대로,1,상행,1210021700,3,01,기본도로,03,주간선도로
133,동작대로,1,상행,1210023500,4,01,기본도로,03,주간선도로
133,동작대로,1,상행,1210024100,5,01,기본도로,03,주간선도로
133,동작대로,1,상행,1210027900,6,01,기본도로,03,주간선도로
133,동작대로,1,상행,1020002800,7,01,기본도로,03,주간선도로
133,동작대로,2,하행,1210027800,2,01,기본도로,03,주간선도로
133,동작대로,2,하행,1210024000,3,01,기본도로,03,주간선도로
133,동작대로,2,하행,1210023400,4,01,기본도로,03,주간선도로
133,동작대로,2,하행,1210021600,5,01,기본도로,03,주간선도로
133,동작대로,2,하행,1210017600,6,01,기본도로,03,주간선도로
133,동작대로,2,하행,1210013200,7,01,기본도로,03,주간선도로
134,동호로,1,상행,1010018300,2,01,기본도로,03,주간선도로
134,동호로,1,상행,1010013500,3,01,기본도로,03,주간선도로
134,동호로,1,상행,1010008700,4,01,기본도로,03,주간선도로
134,동호로,1,상행,1010003700,5,01,기본도로,03,주간선도로
134,동호로,1,상행,1010001500,6,01,기본도로,03,주간선도로
134,동호로,1,상행,1030008700,8,01,기본도로,03,주간선도로
134,동호로,1,상행,1030005700,9,01,기본도로,03,주간선도로
134,동호로,2,하행,1030005800,1,01,기본도로,03,주간선도로
134,동호로,2,하행,1030008800,2,01,기본도로,03,주간선도로
134,동호로,2,하행,1030012400,3,01,기본도로,03,주간선도로
134,동호로,2,하행,1010001600,4,01,기본도로,03,주간선도로
134,동호로,2,하행,1010008800,6,01,기본도로,03,주간선도로
134,동호로,2,하행,1010013600,7,01,기본도로,03,주간선도로
134,동호로,2,하행,1010018400,8,01,기본도로,03,주간선도로
134,동호로,2,하행,1000006000,9,01,기본도로,03,주간선도로
135,두산로,1,상행,1170005100,1,01,기본도로,05,기타도로
135,두산로,2,하행,1170005200,1,01,기본도로,05,기타도로
136,두텁바위로,2,하행,1020019000,1,01,기본도로,04,보조간선도로
137,등촌로,1,상행,1150007700,1,01,기본도로,04,보조간선도로
137,등촌로,1,상행,1150009900,2,01,기본도로,04,보조간선도로
137,등촌로,2,하행,1150009800,1,01,기본도로,04,보조간선도로
137,등촌로,2,하행,1150007600,2,01,기본도로,04,보조간선도로
138,디지털로,1,상행,1180006000,2,01,기본도로,04,보조간선도로
138,디지털로,1,상행,1160006700,3,01,기본도로,04,보조간선도로
138,디지털로,1,상행,1160005500,4,01,기본도로,04,보조간선도로
138,디지털로,1,상행,1160004700,5,01,기본도로,04,보조간선도로
138,디지털로,1,상행,1160003900,6,01,기본도로,04,보조간선도로
138,디지털로,1,상행,3201509600,7,01,기본도로,04,보조간선도로
138,디지털로,1,상행,3201510000,9,01,기본도로,04,보조간선도로
138,디지털로,1,상행,2130005700,10,01,기본도로,04,보조간선도로
138,디지털로,1,상행,2130005900,11,01,기본도로,04,보조간선도로
138,디지털로,2,하행,2130005800,1,01,기본도로,04,보조간선도로
138,디지털로,2,하행,2130005600,2,01,기본도로,04,보조간선도로
138,디지털로,2,하행,3201510100,3,01,기본도로,04,보조간선도로
138,디지털로,2,하행,3201509700,5,01,기본도로,04,보조간선도로
138,디지털로,2,하행,1160004000,6,01,기본도로,04,보조간선도로
138,디지털로,2,하행,1160004800,7,01,기본도로,04,보조간선도로
138,디지털로,2,하행,1160005600,8,01,기본도로,04,보조간선도로
138,디지털로,2,하행,1160006800,9,01,기본도로,04,보조간선도로
138,디지털로,2,하행,1180006900,11,01,기본도로,04,보조간선도로
139,디지털로10길,1,상행,1170007800,1,01,기본도로,05,기타도로
139,디지털로10길,2,하행,1170007700,1,01,기본도로,05,기타도로
140,디지털로9길,1,상행,1170010000,1,01,기본도로,05,기타도로
140,디지털로9길,2,하행,1170009900,1,01,기본도로,05,기타도로
141,뚝섬로,1,상행,1030006600,1,01,기본도로,04,보조간선도로
141,뚝섬로,1,상행,1030004300,3,01,기본도로,04,보조간선도로
141,뚝섬로,1,상행,1005009000,4,01,기본도로,04,보조간선도로
141,뚝섬로,1,상행,1030004900,5,01,기본도로,04,보조간선도로
141,뚝섬로,1,상행,1030004100,6,01,기본도로,04,보조간선도로
141,뚝섬로,1,상행,1030003100,7,01,기본도로,04,보조간선도로
141,뚝섬로,1,상행,1040008000,8,01,기본도로,04,보조간선도로
141,뚝섬로,1,상행,1040005800,10,01,기본도로,04,보조간선도로
141,뚝섬로,1,상행,1040006500,11,01,기본도로,04,보조간선도로
141,뚝섬로,2,하행,1040006400,1,01,기본도로,04,보조간선도로
141,뚝섬로,2,하행,1040005900,2,01,기본도로,04,보조간선도로
141,뚝섬로,2,하행,1040006700,3,01,기본도로,04,보조간선도로
141,뚝섬로,2,하행,1030003200,5,01,기본도로,04,보조간선도로
141,뚝섬로,2,하행,1030004200,6,01,기본도로,04,보조간선도로
141,뚝섬로,2,하행,1030005000,7,01,기본도로,04,보조간선도로
141,뚝섬로,2,하행,1005009100,8,01,기본도로,04,보조간선도로
141,뚝섬로,2,하행,1030004400,9,01,기본도로,04,보조간선도로
141,뚝섬로,2,하행,1030007900,10,01,기본도로,04,보조간선도로
142,마들로,1,상행,1100008600,1,01,기본도로,04,보조간선도로
142,마들로,1,상행,1100011200,2,01,기본도로,04,보조간선도로
142,마들로,1,상행,1100014600,3,01,기본도로,04,보조간선도로
142,마들로,1,상행,1100018600,4,01,기본도로,04,보조간선도로
142,마들로,1,상행,1090004600,5,01,기본도로,04,보조간선도로
142,마들로,1,상행,1090007000,6,01,기본도로,04,보조간선도로
142,마들로,1,상행,1090009600,8,01,기본도로,04,보조간선도로
142,마들로,1,상행,1090011600,9,01,기본도로,04,보조간선도로
142,마들로,1,상행,1090012600,10,01,기본도로,04,보조간선도로
142,마들로,1,상행,1090013000,11,01,기본도로,04,보조간선도로
142,마들로,2,하행,1090012900,1,01,기본도로,04,보조간선도로
142,마들로,2,하행,1090011500,3,01,기본도로,04,보조간선도로
142,마들로,2,하행,1090009500,4,01,기본도로,04,보조간선도로
142,마들로,2,하행,1090008500,5,01,기본도로,04,보조간선도로
142,마들로,2,하행,1090006900,6,01,기본도로,04,보조간선도로
142,마들로,2,하행,1090004500,7,01,기본도로,04,보조간선도로
142,마들로,2,하행,1100018500,8,01,기본도로,04,보조간선도로
142,마들로,2,하행,1100011100,10,01,기본도로,04,보조간선도로
142,마들로,2,하행,1100008500,11,01,기본도로,04,보조간선도로
143,마른내로,1,상행,1010010600,1,01,기본도로,04,보조간선도로
143,마른내로,1,상행,1010010100,2,01,기본도로,04,보조간선도로
143,마른내로,1,상행,1010009400,3,01,기본도로,04,보조간선도로
143,마른내로,1,상행,1010009800,4,01,기본도로,04,보조간선도로
143,마른내로,2,하행,1010010800,1,01,기본도로,04,보조간선도로
143,마른내로,2,하행,1010009700,2,01,기본도로,04,보조간선도로
143,마른내로,2,하행,1010009300,3,01,기본도로,04,보조간선도로
143,마른내로,2,하행,1010010200,4,01,기본도로,04,보조간선도로
143,마른내로,2,하행,1010010500,5,01,기본도로,04,보조간선도로
144,마방로,2,하행,1210010600,1,01,기본도로,05,기타도로
145,마장로,1,상행,1030019900,1,01,기본도로,04,보조간선도로
145,마장로,1,상행,1030019500,2,01,기본도로,04,보조간선도로
145,마장로,1,상행,1030018500,3,01,기본도로,04,보조간선도로
145,마장로,1,상행,1030018200,4,01,기본도로,04,보조간선도로
145,마장로,1,상행,1030018800,5,01,기본도로,04,보조간선도로
145,마장로,1,상행,1010018600,7,01,기본도로,04,보조간선도로
145,마장로,1,상행,1010017900,8,01,기본도로,04,보조간선도로
145,마장로,1,상행,1010018700,9,01,기본도로,04,보조간선도로
145,마장로,2,하행,1010018800,1,01,기본도로,04,보조간선도로
145,마장로,2,하행,1010018000,2,01,기본도로,04,보조간선도로
145,마장로,2,하행,1010018500,3,01,기본도로,04,보조간선도로
145,마장로,2,하행,1030018700,5,01,기본도로,04,보조간선도로
145,마장로,2,하행,1030018100,6,01,기본도로,04,보조간선도로
145,마장로,2,하행,1030018600,7,01,기본도로,04,보조간선도로
145,마장로,2,하행,1030019600,8,01,기본도로,04,보조간선도로
145,마장로,2,하행,1030020000,9,01,기본도로,04,보조간선도로
146,마장로1길,2,하행,1010019000,1,01,기본도로,05,기타도로
147,마조로,1,상행,1030014800,1,01,기본도로,04,보조간선도로
147,마조로,1,상행,1030016200,2,01,기본도로,04,보조간선도로
147,마조로,2,하행,1030016100,1,01,기본도로,04,보조간선도로
147,마조로,2,하행,1030014700,2,01,기본도로,04,보조간선도로
148,마천로,1,상행,1230008600,1,01,기본도로,05,기타도로
148,마천로,1,상행,1230013800,3,01,기본도로,05,기타도로
148,마천로,1,상행,1230015800,4,01,기본도로,05,기타도로
148,마천로,1,상행,1230018400,5,01,기본도로,05,기타도로
148,마천로,1,상행,1230020600,6,01,기본도로,05,기타도로
148,마천로,2,하행,1230020500,1,01,기본도로,05,기타도로
148,마천로,2,하행,1230018300,2,01,기본도로,05,기타도로
148,마천로,2,하행,1230013700,4,01,기본도로,05,기타도로
148,마천로,2,하행,1230011100,5,01,기본도로,05,기타도로
148,마천로,2,하행,1230008500,6,01,기본도로,05,기타도로
149,마포대로,1,상행,1130002700,1,01,기본도로,03,주간선도로
149,마포대로,1,상행,1130001700,2,01,기본도로,03,주간선도로
149,마포대로,1,상행,1130000500,4,01,기본도로,03,주간선도로
149,마포대로,1,상행,1130000100,5,01,기본도로,03,주간선도로
149,마포대로,2,하행,1130000200,1,01,기본도로,03,주간선도로
149,마포대로,2,하행,1130000600,2,01,기본도로,03,주간선도로
149,마포대로,2,하행,1130001200,3,01,기본도로,03,주간선도로
149,마포대로,2,하행,1130001800,4,01,기본도로,03,주간선도로
150,만리재로,1,상행,1130009400,1,01,기본도로,03,주간선도로
150,만리재로,1,상행,1020019600,2,01,기본도로,03,주간선도로
150,만리재로,1,상행,1020022400,3,01,기본도로,03,주간선도로
150,만리재로,2,하행,1020022300,1,01,기본도로,03,주간선도로
150,만리재로,2,하행,1020019500,2,01,기본도로,03,주간선도로
150,만리재로,2,하행,1130009300,3,01,기본도로,03,주간선도로
151,망우로,1,상행,1060003100,2,01,기본도로,03,주간선도로
151,망우로,1,상행,1060003300,3,01,기본도로,03,주간선도로
151,망우로,1,상행,1060002900,4,01,기본도로,03,주간선도로
151,망우로,1,상행,1060002700,5,01,기본도로,03,주간선도로
151,망우로,1,상행,1060002500,6,01,기본도로,03,주간선도로
151,망우로,1,상행,1060001900,8,01,기본도로,03,주간선도로
151,망우로,1,상행,1060001700,9,01,기본도로,03,주간선도로
151,망우로,1,상행,1060001300,10,01,기본도로,03,주간선도로
151,망우로,1,상행,1060001100,11,01,기본도로,03,주간선도로
151,망우로,1,상행,1050003100,12,01,기본도로,03,주간선도로
151,망우로,1,상행,1050002800,13,01,기본도로,03,주간선도로
151,망우로,1,상행,1050002400,15,01,기본도로,03,주간선도로
151,망우로,2,하행,1050002500,1,01,기본도로,03,주간선도로
151,망우로,2,하행,1050002700,2,01,기본도로,03,주간선도로
151,망우로,2,하행,1050002900,3,01,기본도로,03,주간선도로
151,망우로,2,하행,1060001200,5,01,기본도로,03,주간선도로
151,망우로,2,하행,1060001400,6,01,기본도로,03,주간선도로
151,망우로,2,하행,1060002000,8,01,기본도로,03,주간선도로
151,망우로,2,하행,1060002200,9,01,기본도로,03,주간선도로
151,망우로,2,하행,1060002800,11,01,기본도로,03,주간선도로
151,망우로,2,하행,1060003000,12,01,기본도로,03,주간선도로
151,망우로,2,하행,1060003400,13,01,기본도로,03,주간선도로
151,망우로,2,하행,2210003600,15,01,기본도로,03,주간선도로
152,망우로21길,2,하행,1050017300,1,01,기본도로,05,기타도로
153,망원로,1,상행,1130019700,1,01,기본도로,05,기타도로
153,망원로,1,상행,1130018900,2,01,기본도로,05,기타도로
153,망원로,1,상행,1130018700,3,01,기본도로,05,기타도로
153,망원로,1,상행,3201508000,5,01,기본도로,05,기타도로
153,망원로,2,하행,3201508100,1,01,기본도로,05,기타도로
153,망원로,2,하행,1130018200,2,01,기본도로,05,기타도로
153,망원로,2,하행,1130018800,3,01,기본도로,05,기타도로
153,망원로,2,하행,1130019000,4,01,기본도로,05,기타도로
153,망원로,2,하행,1130019800,5,01,기본도로,05,기타도로
154,매봉산로,1,상행,1130025900,2,01,기본도로,05,기타도로
154,매봉산로,1,상행,1130024700,3,01,기본도로,05,기타도로
154,매봉산로,2,하행,1130024800,1,01,기본도로,05,기타도로
154,매봉산로,2,하행,1130026000,2,01,기본도로,05,기타도로
154,매봉산로,2,하행,1130027200,3,01,기본도로,05,기타도로
155,면목로,1,상행,1060013100,1,01,기본도로,04,보조간선도로
155,면목로,1,상행,1060010900,3,01,기본도로,04,보조간선도로
155,면목로,1,상행,1060008900,4,01,기본도로,04,보조간선도로
155,면목로,1,상행,1060007500,5,01,기본도로,04,보조간선도로
155,면목로,1,상행,1040016800,6,01,기본도로,04,보조간선도로
155,면목로,1,상행,1040015600,7,01,기본도로,04,보조간선도로
155,면목로,2,하행,1040014700,1,01,기본도로,04,보조간선도로
155,면목로,2,하행,1040015700,2,01,기본도로,04,보조간선도로
155,면목로,2,하행,1040016900,3,01,기본도로,04,보조간선도로
155,면목로,2,하행,1060007600,4,01,기본도로,04,보조간선도로
155,면목로,2,하행,1060009000,5,01,기본도로,04,보조간선도로
155,면목로,2,하행,1060011000,6,01,기본도로,04,보조간선도로
155,면목로,2,하행,1060013200,8,01,기본도로,04,보조간선도로
156,면목천로,1,상행,1060007800,1,01,기본도로,04,보조간선도로
156,면목천로,1,상행,1060008800,2,01,기본도로,04,보조간선도로
156,면목천로,1,상행,1060010600,3,01,기본도로,04,보조간선도로
156,면목천로,2,하행,1060010500,1,01,기본도로,04,보조간선도로
156,면목천로,2,하행,1060008700,2,01,기본도로,04,보조간선도로
157,명달로,1,상행,1210012900,1,01,기본도로,05,기타도로
157,명달로,1,상행,1210016900,2,01,기본도로,05,기타도로
157,명달로,2,하행,1210016800,1,01,기본도로,05,기타도로
157,명달로,2,하행,1210012800,2,01,기본도로,05,기타도로
158,명동길,1,상행,1010008600,1,01,기본도로,05,기타도로
159,명일로,1,상행,1240015900,2,01,기본도로,05,기타도로
159,명일로,1,상행,1240012700,3,01,기본도로,05,기타도로
159,명일로,1,상행,1240010300,4,01,기본도로,05,기타도로
159,명일로,1,상행,1240008500,5,01,기본도로,05,기타도로
159,명일로,1,상행,1240007500,6,01,기본도로,05,기타도로
159,명일로,2,하행,1240007600,1,01,기본도로,05,기타도로
159,명일로,2,하행,1240010400,3,01,기본도로,05,기타도로
159,명일로,2,하행,1240012800,4,01,기본도로,05,기타도로
159,명일로,2,하행,1240016000,5,01,기본도로,05,기타도로
159,명일로,2,하행,1240019200,6,01,기본도로,05,기타도로
160,모래내로,1,상행,1130021200,1,01,기본도로,04,보조간선도로
160,모래내로,1,상행,1130022400,2,01,기본도로,04,보조간선도로
160,모래내로,1,상행,1120006200,4,01,기본도로,04,보조간선도로
160,모래내로,1,상행,1120008000,5,01,기본도로,04,보조간선도로
160,모래내로,1,상행,1120009600,6,01,기본도로,04,보조간선도로
160,모래내로,1,상행,1120011800,7,01,기본도로,04,보조간선도로
160,모래내로,1,상행,1120012800,8,01,기본도로,04,보조간선도로
160,모래내로,2,하행,1120011700,2,01,기본도로,04,보조간선도로
160,모래내로,2,하행,1120009500,3,01,기본도로,04,보조간선도로
160,모래내로,2,하행,1120007900,4,01,기본도로,04,보조간선도로
160,모래내로,2,하행,1120006100,5,01,기본도로,04,보조간선도로
160,모래내로,2,하행,1130023000,6,01,기본도로,04,보조간선도로
160,모래내로,2,하행,1130022300,7,01,기본도로,04,보조간선도로
162,목동남로,1,상행,1140001000,1,01,기본도로,05,기타도로
162,목동남로,1,상행,1140001400,2,01,기본도로,05,기타도로
162,목동남로,2,하행,1140001300,1,01,기본도로,05,기타도로
162,목동남로,2,하행,1140000900,2,01,기본도로,05,기타도로
163,목동동로,1,상행,1140003900,2,01,기본도로,04,보조간선도로
163,목동동로,1,상행,1140004000,3,01,기본도로,04,보조간선도로
163,목동동로,1,상행,1140004600,4,01,기본도로,04,보조간선도로
163,목동동로,1,상행,1140004300,5,01,기본도로,04,보조간선도로
163,목동동로,1,상행,1140005200,6,01,기본도로,04,보조간선도로
163,목동동로,1,상행,1140006400,8,01,기본도로,04,보조간선도로
163,목동동로,1,상행,1140007000,9,01,기본도로,04,보조간선도로
163,목동동로,1,상행,1140007600,10,01,기본도로,04,보조간선도로
163,목동동로,1,상행,1140008600,11,01,기본도로,04,보조간선도로
163,목동동로,1,상행,1140009200,12,01,기본도로,04,보조간선도로
163,목동동로,1,상행,1140011800,13,01,기본도로,04,보조간선도로
163,목동동로,1,상행,1140015200,15,01,기본도로,04,보조간선도로
163,목동동로,1,상행,1140017800,16,01,기본도로,04,보조간선도로
163,목동동로,1,상행,1140020200,17,01,기본도로,04,보조간선도로
163,목동동로,1,상행,1140022400,18,01,기본도로,04,보조간선도로
163,목동동로,1,상행,1140024000,19,01,기본도로,04,보조간선도로
163,목동동로,1,상행,1140025400,20,01,기본도로,04,보조간선도로
163,목동동로,1,상행,1140021300,22,01,기본도로,04,보조간선도로
163,목동동로,1,상행,1140020500,23,01,기본도로,04,보조간선도로
163,목동동로,1,상행,1140019900,24,01,기본도로,04,보조간선도로
163,목동동로,1,상행,1140020000,25,01,기본도로,04,보조간선도로
163,목동동로,1,상행,1140022000,26,01,기본도로,04,보조간선도로
163,목동동로,1,상행,1140028600,28,01,기본도로,04,보조간선도로
163,목동동로,1,상행,1140030600,29,01,기본도로,04,보조간선도로
163,목동동로,1,상행,1140032300,30,01,기본도로,04,보조간선도로
163,목동동로,1,상행,1140033000,31,01,기본도로,04,보조간선도로
163,목동동로,1,상행,1140033800,32,01,기본도로,04,보조간선도로
163,목동동로,1,상행,1140034400,33,01,기본도로,04,보조간선도로
163,목동동로,1,상행,1140035600,35,01,기본도로,04,보조간선도로
163,목동동로,1,상행,1140036200,36,01,기본도로,04,보조간선도로
164,목동로,1,상행,1160017400,1,01,기본도로,04,보조간선도로
164,목동로,1,상행,1140001600,2,01,기본도로,04,보조간선도로
164,목동로,1,상행,1140003000,3,01,기본도로,04,보조간선도로
164,목동로,1,상행,1140010200,4,01,기본도로,04,보조간선도로
164,목동로,1,상행,1140024200,6,01,기본도로,04,보조간선도로
164,목동로,2,하행,1140024100,1,01,기본도로,04,보조간선도로
164,목동로,2,하행,1140018100,2,01,기본도로,04,보조간선도로
164,목동로,2,하행,1140010100,3,01,기본도로,04,보조간선도로
164,목동로,2,하행,1140002900,4,01,기본도로,04,보조간선도로
164,목동로,2,하행,1160017300,6,01,기본도로,04,보조간선도로
165,목동서로,1,상행,1140037500,1,01,기본도로,04,보조간선도로
165,목동서로,1,상행,1140036500,2,01,기본도로,04,보조간선도로
165,목동서로,1,상행,1140035900,3,01,기본도로,04,보조간선도로
165,목동서로,1,상행,1140035100,4,01,기본도로,04,보조간선도로
165,목동서로,1,상행,1140034100,5,01,기본도로,04,보조간선도로
165,목동서로,1,상행,1140031500,7,01,기본도로,04,보조간선도로
165,목동서로,1,상행,1140030300,8,01,기본도로,04,보조간선도로
165,목동서로,1,상행,1140028700,9,01,기본도로,04,보조간선도로
165,목동서로,1,상행,1140027500,10,01,기본도로,04,보조간선도로
165,목동서로,1,상행,1140025900,11,01,기본도로,04,보조간선도로
165,목동서로,1,상행,1140024500,12,01,기본도로,04,보조간선도로
165,목동서로,1,상행,1140021700,14,01,기본도로,04,보조간선도로
165,목동서로,1,상행,1140027000,15,01,기본도로,04,보조간선도로
165,목동서로,1,상행,1140027800,16,01,기본도로,04,보조간선도로
165,목동서로,1,상행,1140023500,17,01,기본도로,04,보조간선도로
165,목동서로,1,상행,1140020900,18,01,기본도로,04,보조간선도로
165,목동서로,1,상행,1140015700,20,01,기본도로,04,보조간선도로
165,목동서로,1,상행,1140012900,21,01,기본도로,04,보조간선도로
165,목동서로,1,상행,1140011100,22,01,기본도로,04,보조간선도로
165,목동서로,1,상행,1140010500,23,01,기본도로,04,보조간선도로
165,목동서로,1,상행,1140009900,24,01,기본도로,04,보조간선도로
165,목동서로,1,상행,1140009300,25,01,기본도로,04,보조간선도로
165,목동서로,1,상행,1140007900,27,01,기본도로,04,보조간선도로
165,목동서로,1,상행,1140007100,28,01,기본도로,04,보조간선도로
165,목동서로,1,상행,1140006100,29,01,기본도로,04,보조간선도로
166,목동중앙로,1,상행,1140030200,1,01,기본도로,04,보조간선도로
166,목동중앙로,1,상행,1140033200,2,01,기본도로,04,보조간선도로
166,목동중앙로,1,상행,1140035800,3,01,기본도로,04,보조간선도로
166,목동중앙로,1,상행,1140038800,5,01,기본도로,04,보조간선도로
166,목동중앙로,1,상행,1140039400,6,01,기본도로,04,보조간선도로
166,목동중앙로,1,상행,1140039600,7,01,기본도로,04,보조간선도로
166,목동중앙로,2,하행,1140039500,1,01,기본도로,04,보조간선도로
166,목동중앙로,2,하행,1140038700,2,01,기본도로,04,보조간선도로
166,목동중앙로,2,하행,1140035700,4,01,기본도로,04,보조간선도로
166,목동중앙로,2,하행,1140033100,5,01,기본도로,04,보조간선도로
166,목동중앙로,2,하행,1140030100,6,01,기본도로,04,보조간선도로
167,무교로,1,상행,1010015400,1,01,기본도로,05,기타도로
167,무교로,1,상행,1010017600,2,01,기본도로,05,기타도로
167,무교로,1,상행,1000005000,3,01,기본도로,05,기타도로
167,무교로,2,하행,1000006700,1,01,기본도로,05,기타도로
168,무학로,1,상행,1030018000,1,01,기본도로,04,보조간선도로
168,무학로,1,상행,1030019800,2,01,기본도로,04,보조간선도로
168,무학로,1,상행,1050006000,3,01,기본도로,04,보조간선도로
168,무학로,1,상행,1050010200,4,01,기본도로,04,보조간선도로
168,무학로,1,상행,1050012000,5,01,기본도로,04,보조간선도로
168,무학로,2,하행,1050010100,2,01,기본도로,04,보조간선도로
168,무학로,2,하행,1050005900,3,01,기본도로,04,보조간선도로
168,무학로,2,하행,1030019700,4,01,기본도로,04,보조간선도로
168,무학로,2,하행,1030017900,5,01,기본도로,04,보조간선도로
169,문래로,1,상행,1180021600,1,01,기본도로,05,기타도로
169,문래로,1,상행,1180019600,3,01,기본도로,05,기타도로
169,문래로,1,상행,1180018800,4,01,기본도로,05,기타도로
169,문래로,2,하행,1180018900,1,01,기본도로,05,기타도로
169,문래로,2,하행,1180019700,2,01,기본도로,05,기타도로
169,문래로,2,하행,1180021300,3,01,기본도로,05,기타도로
169,문래로,2,하행,1180021700,4,01,기본도로,05,기타도로
170,문성로,1,상행,1200002200,2,01,기본도로,04,보조간선도로
170,문성로,1,상행,1200002300,3,01,기본도로,04,보조간선도로
170,문성로,2,하행,1200002400,1,01,기본도로,04,보조간선도로
170,문성로,2,하행,1200002100,2,01,기본도로,04,보조간선도로
170,문성로,2,하행,1170008300,3,01,기본도로,04,보조간선도로
171,문정로,1,상행,1230015500,1,01,기본도로,05,기타도로
171,문정로,1,상행,1230010300,3,01,기본도로,05,기타도로
171,문정로,1,상행,1230007900,4,01,기본도로,05,기타도로
171,문정로,1,상행,1230007100,5,01,기본도로,05,기타도로
171,문정로,1,상행,1230006900,6,01,기본도로,05,기타도로
171,문정로,2,하행,1230007000,1,01,기본도로,05,기타도로
171,문정로,2,하행,1230008000,3,01,기본도로,05,기타도로
171,문정로,2,하행,1230010400,4,01,기본도로,05,기타도로
171,문정로,2,하행,1230013000,5,01,기본도로,05,기타도로
171,문정로,2,하행,1230015600,6,01,기본도로,05,기타도로
172,문정로4길,1,상행,1230006300,1,01,기본도로,04,보조간선도로
172,문정로4길,2,하행,1230006400,1,01,기본도로,04,보조간선도로
173,반포대로,1,상행,1210016100,2,01,기본도로,03,주간선도로
173,반포대로,1,상행,1210018500,3,01,기본도로,03,주간선도로
173,반포대로,1,상행,1210021900,4,01,기본도로,03,주간선도로
173,반포대로,1,상행,1210025100,5,01,기본도로,03,주간선도로
173,반포대로,1,상행,1210026700,6,01,기본도로,03,주간선도로
173,반포대로,1,상행,1210028900,7,01,기본도로,03,주간선도로
173,반포대로,2,하행,1210026600,2,01,기본도로,03,주간선도로
173,반포대로,2,하행,1210025000,3,01,기본도로,03,주간선도로
173,반포대로,2,하행,1210021800,4,01,기본도로,03,주간선도로
173,반포대로,2,하행,1210018400,5,01,기본도로,03,주간선도로
173,반포대로,2,하행,1210016000,6,01,기본도로,03,주간선도로
175,밤고개로,1,상행,1220005900,1,01,기본도로,03,주간선도로
175,밤고개로,1,상행,1220006700,2,01,기본도로,03,주간선도로
175,밤고개로,1,상행,1220013900,3,01,기본도로,03,주간선도로
175,밤고개로,2,하행,1220013800,1,01,기본도로,03,주간선도로
175,밤고개로,2,하행,1220005800,3,01,기본도로,03,주간선도로
176,방배로,1,상행,1210011900,1,01,기본도로,04,보조간선도로
176,방배로,1,상행,1210015700,2,01,기본도로,04,보조간선도로
176,방배로,1,상행,1210018900,3,01,기본도로,04,보조간선도로
176,방배로,1,상행,1210021300,4,01,기본도로,04,보조간선도로
176,방배로,2,하행,1210021200,1,01,기본도로,04,보조간선도로
176,방배로,2,하행,1210015600,3,01,기본도로,04,보조간선도로
176,방배로,2,하행,1210011800,4,01,기본도로,04,보조간선도로
177,방학로,1,상행,1100032800,1,01,기본도로,04,보조간선도로
177,방학로,1,상행,1090010000,2,01,기본도로,04,보조간선도로
177,방학로,1,상행,1090010400,3,01,기본도로,04,보조간선도로
177,방학로,1,상행,1090009700,5,01,기본도로,04,보조간선도로
177,방학로,1,상행,1080013400,6,01,기본도로,04,보조간선도로
177,방학로,2,하행,1080013300,1,01,기본도로,04,보조간선도로
177,방학로,2,하행,1090009800,2,01,기본도로,04,보조간선도로
177,방학로,2,하행,1090010200,3,01,기본도로,04,보조간선도로
177,방학로,2,하행,1090010300,4,01,기본도로,04,보조간선도로
177,방학로,2,하행,1100032700,6,01,기본도로,04,보조간선도로
179,방화대로47길,1,상행,1150020900,1,01,기본도로,05,기타도로
179,방화대로47길,2,하행,1150020800,1,01,기본도로,05,기타도로
180,방화대로48길,1,상행,1150020600,1,01,기본도로,05,기타도로
180,방화대로48길,2,하행,1150020700,1,01,기본도로,05,기타도로
181,방화동로,1,상행,1150015900,1,01,기본도로,05,기타도로
181,방화동로,1,상행,1150019100,3,01,기본도로,05,기타도로
181,방화동로,2,하행,1150019000,1,01,기본도로,05,기타도로
181,방화동로,2,하행,1150017600,2,01,기본도로,05,기타도로
181,방화동로,2,하행,1150015800,3,01,기본도로,05,기타도로
182,백범로,1,상행,1130014900,1,01,기본도로,04,보조간선도로
182,백범로,1,상행,1130012700,2,01,기본도로,04,보조간선도로
182,백범로,1,상행,1130008500,4,01,기본도로,04,보조간선도로
182,백범로,1,상행,1020015900,5,01,기본도로,04,보조간선도로
182,백범로,1,상행,1020015300,6,01,기본도로,04,보조간선도로
182,백범로,1,상행,1020013900,7,01,기본도로,04,보조간선도로
182,백범로,1,상행,1020012500,9,01,기본도로,04,보조간선도로
182,백범로,2,하행,1020012600,1,01,기본도로,04,보조간선도로
182,백범로,2,하행,1020014000,3,01,기본도로,04,보조간선도로
182,백범로,2,하행,1020015400,4,01,기본도로,04,보조간선도로
182,백범로,2,하행,1130008600,6,01,기본도로,04,보조간선도로
182,백범로,2,하행,1130011000,7,01,기본도로,04,보조간선도로
182,백범로,2,하행,1130012800,8,01,기본도로,04,보조간선도로
183,백범로90길,1,상행,1005009200,1,01,기본도로,05,기타도로
184,백석동길,1,상행,1000020600,1,01,기본도로,05,기타도로
184,백석동길,2,하행,1000020500,1,01,기본도로,05,기타도로
185,백제고분로,1,상행,1230026700,1,01,기본도로,04,보조간선도로
185,백제고분로,1,상행,1230020700,2,01,기본도로,04,보조간선도로
185,백제고분로,1,상행,1230016600,4,01,기본도로,04,보조간선도로
185,백제고분로,1,상행,1230019000,5,01,기본도로,04,보조간선도로
185,백제고분로,1,상행,1230022600,6,01,기본도로,04,보조간선도로
185,백제고분로,1,상행,1230027800,7,01,기본도로,04,보조간선도로
185,백제고분로,2,하행,1230027700,1,01,기본도로,04,보조간선도로
185,백제고분로,2,하행,1230022500,2,01,기본도로,04,보조간선도로
185,백제고분로,2,하행,1230016500,4,01,기본도로,04,보조간선도로
185,백제고분로,2,하행,1230017200,5,01,기본도로,04,보조간선도로
185,백제고분로,2,하행,1230020800,6,01,기본도로,04,보조간선도로
185,백제고분로,2,하행,1230026800,7,01,기본도로,04,보조간선도로
186,버드나루로,1,상행,1180024900,1,01,기본도로,04,보조간선도로
186,버드나루로,1,상행,1180034300,2,01,기본도로,04,보조간선도로
186,버드나루로,2,하행,1180024800,2,01,기본도로,04,보조간선도로
187,벌말로,1,상행,1150007100,1,01,기본도로,05,기타도로
187,벌말로,2,하행,1150007000,1,01,기본도로,05,기타도로
188,범안로,1,상행,1170003200,1,01,기본도로,04,보조간선도로
188,범안로,1,상행,1170003400,2,01,기본도로,04,보조간선도로
188,범안로,1,상행,1170003500,4,01,기본도로,04,보조간선도로
188,범안로,2,하행,1170003600,1,01,기본도로,04,보조간선도로
188,범안로,2,하행,1170003800,2,01,기본도로,04,보조간선도로
188,범안로,2,하행,1170003300,3,01,기본도로,04,보조간선도로
188,범안로,2,하행,1170003100,4,01,기본도로,04,보조간선도로
189,벚꽃로,1,상행,3201508800,1,01,기본도로,05,기타도로
189,벚꽃로,1,상행,1170004600,3,01,기본도로,05,기타도로
189,벚꽃로,1,상행,1170006200,4,01,기본도로,05,기타도로
189,벚꽃로,1,상행,1170007600,5,01,기본도로,05,기타도로
189,벚꽃로,1,상행,1170009600,6,01,기본도로,05,기타도로
189,벚꽃로,1,상행,3201509100,7,01,기본도로,05,기타도로
189,벚꽃로,2,하행,3201509000,1,01,기본도로,05,기타도로
189,벚꽃로,2,하행,1170007500,3,01,기본도로,05,기타도로
189,벚꽃로,2,하행,1170006100,4,01,기본도로,05,기타도로
189,벚꽃로,2,하행,1170004500,5,01,기본도로,05,기타도로
189,벚꽃로,2,하행,3201504900,6,01,기본도로,05,기타도로
189,벚꽃로,2,하행,3201508900,7,01,기본도로,05,기타도로
190,보광로,1,상행,1020007600,2,01,기본도로,05,기타도로
190,보광로,1,상행,1020009600,3,01,기본도로,05,기타도로
190,보광로,2,하행,1020009500,1,01,기본도로,05,기타도로
190,보광로,2,하행,1020007500,2,01,기본도로,05,기타도로
190,보광로,2,하행,1020006300,3,01,기본도로,05,기타도로
191,보국문로,1,상행,1070020100,1,01,기본도로,04,보조간선도로
191,보국문로,2,하행,1070015800,1,01,기본도로,04,보조간선도로
191,보국문로,2,하행,1070020200,2,01,기본도로,04,보조간선도로
192,보라매로,1,상행,1200011800,1,01,기본도로,04,보조간선도로
192,보라매로,1,상행,1200012600,2,01,기본도로,04,보조간선도로
192,보라매로,2,하행,1200012500,1,01,기본도로,04,보조간선도로
192,보라매로,2,하행,1200011700,2,01,기본도로,04,보조간선도로
193,보문로,1,상행,1070005500,2,01,기본도로,03,주간선도로
193,보문로,1,상행,1070004500,3,01,기본도로,03,주간선도로
193,보문로,1,상행,1070002500,4,01,기본도로,03,주간선도로
193,보문로,1,상행,1070001900,5,01,기본도로,03,주간선도로
193,보문로,2,하행,1070002000,1,01,기본도로,03,주간선도로
193,보문로,2,하행,1070004600,3,01,기본도로,03,주간선도로
193,보문로,2,하행,1070005600,4,01,기본도로,03,주간선도로
193,보문로,2,하행,1070006800,5,01,기본도로,03,주간선도로
194,봉우재로,1,상행,1060012900,1,01,기본도로,04,보조간선도로
194,봉우재로,1,상행,1060012100,2,01,기본도로,04,보조간선도로
194,봉우재로,1,상행,1060011500,3,01,기본도로,04,보조간선도로
194,봉우재로,2,하행,1060010800,1,01,기본도로,04,보조간선도로
194,봉우재로,2,하행,1060011600,2,01,기본도로,04,보조간선도로
194,봉우재로,2,하행,1060012200,3,01,기본도로,04,보조간선도로
194,봉우재로,2,하행,1060013000,4,01,기본도로,04,보조간선도로
195,봉은사로,1,상행,1220031600,1,01,기본도로,03,주간선도로
195,봉은사로,1,상행,1220031400,2,01,기본도로,03,주간선도로
195,봉은사로,1,상행,1220030000,4,01,기본도로,03,주간선도로
195,봉은사로,1,상행,1220029000,5,01,기본도로,03,주간선도로
195,봉은사로,1,상행,1220028200,6,01,기본도로,03,주간선도로
195,봉은사로,1,상행,1220027200,7,01,기본도로,03,주간선도로
195,봉은사로,2,하행,1220027300,1,01,기본도로,03,주간선도로
195,봉은사로,2,하행,1220029100,3,01,기본도로,03,주간선도로
195,봉은사로,2,하행,1220030100,4,01,기본도로,03,주간선도로
195,봉은사로,2,하행,1220030900,5,01,기본도로,03,주간선도로
195,봉은사로,2,하행,1220031500,6,01,기본도로,03,주간선도로
195,봉은사로,2,하행,1220031700,7,01,기본도로,03,주간선도로
196,봉은사로114길,1,상행,1220037400,1,01,기본도로,05,기타도로
197,봉천로,1,상행,1200011300,2,01,기본도로,03,주간선도로
197,봉천로,1,상행,1200010500,3,01,기본도로,03,주간선도로
197,봉천로,1,상행,1200006900,4,01,기본도로,03,주간선도로
197,봉천로,1,상행,1200005500,5,01,기본도로,03,주간선도로
197,봉천로,1,상행,1200004300,6,01,기본도로,03,주간선도로
197,봉천로,2,하행,1200004400,1,01,기본도로,03,주간선도로
197,봉천로,2,하행,1200007000,3,01,기본도로,03,주간선도로
197,봉천로,2,하행,1200010600,4,01,기본도로,03,주간선도로
197,봉천로,2,하행,1200011400,5,01,기본도로,03,주간선도로
197,봉천로,2,하행,1200010300,6,01,기본도로,03,주간선도로
198,봉화산로,1,상행,1060015000,1,01,기본도로,04,보조간선도로
198,봉화산로,1,상행,1060015400,3,01,기본도로,04,보조간선도로
198,봉화산로,1,상행,1060016200,4,01,기본도로,04,보조간선도로
198,봉화산로,1,상행,1060017000,5,01,기본도로,04,보조간선도로
198,봉화산로,2,하행,1060016900,1,01,기본도로,04,보조간선도로
198,봉화산로,2,하행,1060016100,2,01,기본도로,04,보조간선도로
198,봉화산로,2,하행,1060015300,3,01,기본도로,04,보조간선도로
198,봉화산로,2,하행,1060014900,5,01,기본도로,04,보조간선도로
199,부일로,1,상행,1160010100,1,01,기본도로,05,기타도로
199,부일로,1,상행,1160009900,2,01,기본도로,05,기타도로
199,부일로,1,상행,1160009700,3,01,기본도로,05,기타도로
199,부일로,1,상행,1160008700,4,01,기본도로,05,기타도로
199,부일로,2,하행,1160008800,1,01,기본도로,05,기타도로
199,부일로,2,하행,1160010000,3,01,기본도로,05,기타도로
199,부일로,2,하행,1160010200,4,01,기본도로,05,기타도로
200,북부간선도로,1,상행,1070000200,1,01,기본도로,02,도시고속도로
200,북부간선도로,1,상행,1070001600,2,01,기본도로,02,도시고속도로
200,북부간선도로,1,상행,1060006800,3,01,기본도로,02,도시고속도로
200,북부간선도로,2,하행,1070001500,2,01,기본도로,02,도시고속도로
200,북부간선도로,2,하행,1070000100,3,01,기본도로,02,도시고속도로
201,북악산로,1,상행,1070011000,1,01,기본도로,04,보조간선도로
201,북악산로,1,상행,1070010700,2,01,기본도로,04,보조간선도로
201,북악산로,1,상행,1070010600,3,01,기본도로,04,보조간선도로
201,북악산로,1,상행,1000021200,4,01,기본도로,04,보조간선도로
201,북악산로,2,하행,1000017000,1,01,기본도로,04,보조간선도로
201,북악산로,2,하행,1000021100,2,01,기본도로,04,보조간선도로
201,북악산로,2,하행,1070010500,3,01,기본도로,04,보조간선도로
201,북악산로,2,하행,1070010800,4,01,기본도로,04,보조간선도로
201,북악산로,2,하행,1070010900,5,01,기본도로,04,보조간선도로
202,북촌로,1,상행,1000014000,1,01,기본도로,05,기타도로
202,북촌로,2,하행,1000018300,1,01,기본도로,05,기타도로
202,북촌로,2,하행,1000013900,2,01,기본도로,05,기타도로
203,북한산로,1,상행,1110016000,1,01,기본도로,04,보조간선도로
203,북한산로,1,상행,1110016200,2,01,기본도로,04,보조간선도로
203,북한산로,2,하행,1110016100,1,01,기본도로,04,보조간선도로
204,분당수서로,1,상행,1220005000,1,01,기본도로,02,도시고속도로
204,분당수서로,1,상행,1220003800,2,01,기본도로,02,도시고속도로
204,분당수서로,1,상행,1220002500,3,01,기본도로,02,도시고속도로
204,분당수서로,1,상행,1220001700,4,01,기본도로,02,도시고속도로
204,분당수서로,1,상행,1230001500,5,01,기본도로,02,도시고속도로
204,분당수서로,2,하행,1230001600,1,01,기본도로,02,도시고속도로
204,분당수서로,2,하행,1220003000,3,01,기본도로,02,도시고속도로
204,분당수서로,2,하행,1220003900,4,01,기본도로,02,도시고속도로
204,분당수서로,2,하행,1220005100,5,01,기본도로,02,도시고속도로
205,불광로,1,상행,3201507600,1,01,기본도로,05,기타도로
205,불광로,1,상행,1110013600,2,01,기본도로,05,기타도로
205,불광로,1,상행,1110014800,3,01,기본도로,05,기타도로
205,불광로,2,하행,1110013500,2,01,기본도로,05,기타도로
205,불광로,2,하행,3201507700,3,01,기본도로,05,기타도로
206,불광천길,1,상행,1110002800,1,01,기본도로,05,기타도로
206,불광천길,2,하행,1110002700,1,01,기본도로,05,기타도로
207,사가정로,1,상행,1050005200,1,01,기본도로,04,보조간선도로
207,사가정로,1,상행,1050009800,3,01,기본도로,04,보조간선도로
207,사가정로,1,상행,1050011200,4,01,기본도로,04,보조간선도로
207,사가정로,1,상행,1050011400,5,01,기본도로,04,보조간선도로
207,사가정로,1,상행,1050011600,6,01,기본도로,04,보조간선도로
207,사가정로,1,상행,1050012800,7,01,기본도로,04,보조간선도로
207,사가정로,1,상행,1060008300,8,01,기본도로,04,보조간선도로
207,사가정로,1,상행,1060007900,10,01,기본도로,04,보조간선도로
207,사가정로,2,하행,1060008000,1,01,기본도로,04,보조간선도로
207,사가정로,2,하행,1060008200,2,01,기본도로,04,보조간선도로
207,사가정로,2,하행,1060008400,3,01,기본도로,04,보조간선도로
207,사가정로,2,하행,1050012700,4,01,기본도로,04,보조간선도로
207,사가정로,2,하행,1050011500,5,01,기본도로,04,보조간선도로
207,사가정로,2,하행,1050011100,7,01,기본도로,04,보조간선도로
207,사가정로,2,하행,1050009700,8,01,기본도로,04,보조간선도로
207,사가정로,2,하행,1050006300,9,01,기본도로,04,보조간선도로
207,사가정로,2,하행,1050005100,10,01,기본도로,04,보조간선도로
208,사당로,1,상행,1210014500,1,01,기본도로,03,주간선도로
208,사당로,2,하행,1190000700,1,01,기본도로,03,주간선도로
208,사당로,2,하행,1210014400,2,01,기본도로,03,주간선도로
209,사임당로,1,상행,1210020000,1,01,기본도로,04,보조간선도로
209,사임당로,1,상행,1210019000,2,01,기본도로,04,보조간선도로
209,사임당로,1,상행,1210017400,3,01,기본도로,04,보조간선도로
209,사임당로,2,하행,1210017500,1,01,기본도로,04,보조간선도로
353,영동고속도로,1,상행,2240011400,41,04,기타도로,06,경기도로
353,영동고속도로,1,상행,2240012101,42,04,기타도로,06,경기도로
353,영동고속도로,2,하행,1650004300,1,04,기타도로,06,경기도로
353,영동고속도로,2,하행,2240012201,2,04,기타도로,06,경기도로
353,영동고속도로,2,하행,2240011300,3,04,기타도로,06,경기도로
353,영동고속도로,2,하행,2240008502,4,04,기타도로,06,경기도로
353,영동고속도로,2,하행,2240008501,5,04,기타도로,06,경기도로
353,영동고속도로,2,하행,2170017500,7,04,기타도로,06,경기도로
353,영동고속도로,2,하행,2170017100,8,04,기타도로,06,경기도로
353,영동고속도로,2,하행,2160017400,9,04,기타도로,06,경기도로
353,영동고속도로,2,하행,2160017200,10,04,기타도로,06,경기도로
353,영동고속도로,2,하행,2160016100,11,04,기타도로,06,경기도로
353,영동고속도로,2,하행,2160015301,12,04,기타도로,06,경기도로
353,영동고속도로,2,하행,2250002600,14,04,기타도로,06,경기도로
353,영동고속도로,2,하행,2250003100,15,04,기타도로,06,경기도로
353,영동고속도로,2,하행,2250002701,16,04,기타도로,06,경기도로
353,영동고속도로,2,하행,2260001500,17,04,기타도로,06,경기도로
353,영동고속도로,2,하행,2000003901,18,04,기타도로,06,경기도로
353,영동고속도로,2,하행,2000003100,19,04,기타도로,06,경기도로
353,영동고속도로,2,하행,2030004800,21,04,기타도로,06,경기도로
353,영동고속도로,2,하행,2280068101,22,04,기타도로,06,경기도로
353,영동고속도로,2,하행,2280068300,23,04,기타도로,06,경기도로
353,영동고속도로,2,하행,2280067800,24,04,기타도로,06,경기도로
353,영동고속도로,2,하행,2280059801,25,04,기타도로,06,경기도로
353,영동고속도로,2,하행,2280052400,27,04,기타도로,06,경기도로
353,영동고속도로,2,하행,2280043301,28,04,기타도로,06,경기도로
353,영동고속도로,2,하행,2280043302,29,04,기타도로,06,경기도로
353,영동고속도로,2,하행,2280043100,30,04,기타도로,06,경기도로
353,영동고속도로,2,하행,2300027001,31,04,기타도로,06,경기도로
353,영동고속도로,2,하행,2300022500,32,04,기타도로,06,경기도로
353,영동고속도로,2,하행,2300019200,34,04,기타도로,06,경기도로
353,영동고속도로,2,하행,2300020501,35,04,기타도로,06,경기도로
353,영동고속도로,2,하행,2300024000,36,04,기타도로,06,경기도로
353,영동고속도로,2,하행,2300023501,37,04,기타도로,06,경기도로
353,영동고속도로,2,하행,2370012300,39,04,기타도로,06,경기도로
353,영동고속도로,2,하행,2370015400,40,04,기타도로,06,경기도로
353,영동고속도로,2,하행,2370013901,42,04,기타도로,06,경기도로
354,영동대로,1,상행,1220005200,1,01,기본도로,03,주간선도로
354,영동대로,1,상행,1220004200,3,01,기본도로,03,주간선도로
354,영동대로,1,상행,1220004000,4,01,기본도로,03,주간선도로
354,영동대로,1,상행,1220003300,5,01,기본도로,03,주간선도로
354,영동대로,1,상행,1220002700,7,01,기본도로,03,주간선도로
354,영동대로,1,상행,1220001900,9,01,기본도로,03,주간선도로
354,영동대로,1,상행,1220001500,10,01,기본도로,03,주간선도로
354,영동대로,1,상행,1220001100,11,01,기본도로,03,주간선도로
354,영동대로,1,상행,1220000900,12,01,기본도로,03,주간선도로
354,영동대로,2,하행,1220001000,1,01,기본도로,03,주간선도로
354,영동대로,2,하행,1220001200,2,01,기본도로,03,주간선도로
354,영동대로,2,하행,1220002000,4,01,기본도로,03,주간선도로
1,4.19로,2,하행,1080012700,1,01,기본도로,04,보조간선도로
1,4.19로,2,하행,1080012100,2,01,기본도로,04,보조간선도로
2,가락로,1,상행,1230024700,1,01,기본도로,05,기타도로
2,가락로,1,상행,1230019500,2,01,기본도로,05,기타도로
2,가락로,1,상행,1230014100,4,01,기본도로,05,기타도로
2,가락로,2,하행,1230014200,1,01,기본도로,05,기타도로
2,가락로,2,하행,1230016400,2,01,기본도로,05,기타도로
2,가락로,2,하행,1230019600,3,01,기본도로,05,기타도로
2,가락로,2,하행,1230024800,4,01,기본도로,05,기타도로
3,가로공원로,1,상행,1140034800,2,01,기본도로,04,보조간선도로
3,가로공원로,1,상행,1150008900,3,01,기본도로,04,보조간선도로
3,가로공원로,1,상행,1150009100,4,01,기본도로,04,보조간선도로
3,가로공원로,2,하행,1150009000,1,01,기본도로,04,보조간선도로
3,가로공원로,2,하행,1150008800,2,01,기본도로,04,보조간선도로
3,가로공원로,2,하행,1140033300,4,01,기본도로,04,보조간선도로
4,가로공원로76길,1,상행,1150008400,1,01,기본도로,05,기타도로
4,가로공원로76길,2,하행,1150008500,1,01,기본도로,05,기타도로
5,가마산로,1,상행,1180011300,1,01,기본도로,04,보조간선도로
5,가마산로,1,상행,1180011800,2,01,기본도로,04,보조간선도로
5,가마산로,1,상행,1180009800,4,01,기본도로,04,보조간선도로
5,가마산로,1,상행,1160012500,5,01,기본도로,04,보조간선도로
5,가마산로,1,상행,1160011700,6,01,기본도로,04,보조간선도로
5,가마산로,1,상행,1160010500,7,01,기본도로,04,보조간선도로
5,가마산로,1,상행,1160008300,8,01,기본도로,04,보조간선도로
5,가마산로,1,상행,2130003902,10,01,기본도로,04,보조간선도로
5,가마산로,1,상행,2130003901,11,01,기본도로,04,보조간선도로
5,가마산로,1,상행,2130003700,12,01,기본도로,04,보조간선도로
5,가마산로,1,상행,2130037300,13,01,기본도로,04,보조간선도로
5,가마산로,2,하행,2130037200,1,01,기본도로,04,보조간선도로
5,가마산로,2,하행,2130004001,3,01,기본도로,04,보조간선도로
5,가마산로,2,하행,2130004002,4,01,기본도로,04,보조간선도로
5,가마산로,2,하행,1160007000,5,01,기본도로,04,보조간선도로
5,가마산로,2,하행,1160008400,6,01,기본도로,04,보조간선도로
5,가마산로,2,하행,1160010600,7,01,기본도로,04,보조간선도로
5,가마산로,2,하행,1160012600,9,01,기본도로,04,보조간선도로
5,가마산로,2,하행,1180009900,10,01,기본도로,04,보조간선도로
5,가마산로,2,하행,1180010900,11,01,기본도로,04,보조간선도로
5,가마산로,2,하행,1180011900,12,01,기본도로,04,보조간선도로
5,가마산로,2,하행,1180011200,13,01,기본도로,04,보조간선도로
6,가산디지털1로,1,상행,1170010300,2,01,기본도로,05,기타도로
6,가산디지털1로,1,상행,1170009100,3,01,기본도로,05,기타도로
6,가산디지털1로,1,상행,1170006900,4,01,기본도로,05,기타도로
6,가산디지털1로,1,상행,1170005700,5,01,기본도로,05,기타도로
6,가산디지털1로,1,상행,1170004100,6,01,기본도로,05,기타도로
6,가산디지털1로,2,하행,1170005800,2,01,기본도로,05,기타도로
6,가산디지털1로,2,하행,1170007000,3,01,기본도로,05,기타도로
6,가산디지털1로,2,하행,1170009200,4,01,기본도로,05,기타도로
6,가산디지털1로,2,하행,1170010400,5,01,기본도로,05,기타도로
6,가산디지털1로,2,하행,1170011000,6,01,기본도로,05,기타도로
7,가산디지털2로,1,상행,1170006800,2,01,기본도로,05,기타도로
7,가산디지털2로,1,상행,1170008800,3,01,기본도로,05,기타도로
7,가산디지털2로,1,상행,1170010200,4,01,기본도로,05,기타도로
7,가산디지털2로,1,상행,1170010800,5,01,기본도로,05,기타도로
7,가산디지털2로,2,하행,1170010700,1,01,기본도로,05,기타도로
7,가산디지털2로,2,하행,1170008700,3,01,기본도로,05,기타도로
7,가산디지털2로,2,하행,1170006700,4,01,기본도로,05,기타도로
7,가산디지털2로,2,하행,1170005300,5,01,기본도로,05,기타도로
8,가산로,1,상행,1170006000,1,01,기본도로,04,보조간선도로
8,가산로,1,상행,1170007200,2,01,기본도로,04,보조간선도로
8,가산로,2,하행,1170005900,2,01,기본도로,04,보조간선도로
9,가양대로,1,상행,1130029700,1,01,기본도로,05,기타도로
9,가양대로,1,상행,1130029100,2,01,기본도로,05,기타도로
9,가양대로,1,상행,1130027900,3,01,기본도로,05,기타도로
9,가양대로,1,상행,1130026900,4,01,기본도로,05,기타도로
9,가양대로,2,하행,1130028000,2,01,기본도로,05,기타도로
9,가양대로,2,하행,1130029200,3,01,기본도로,05,기타도로
9,가양대로,2,하행,1130029800,4,01,기본도로,05,기타도로
10,가좌로,1,상행,1120009800,1,01,기본도로,04,보조간선도로
10,가좌로,1,상행,1120010200,2,01,기본도로,04,보조간선도로
10,가좌로,1,상행,1120012600,4,01,기본도로,04,보조간선도로
10,가좌로,1,상행,1110004800,5,01,기본도로,04,보조간선도로
10,가좌로,1,상행,1110006600,6,01,기본도로,04,보조간선도로
10,가좌로,1,상행,1110007400,7,01,기본도로,04,보조간선도로
10,가좌로,1,상행,1110007600,8,01,기본도로,04,보조간선도로
10,가좌로,2,하행,1110007500,1,01,기본도로,04,보조간선도로
10,가좌로,2,하행,1110006500,3,01,기본도로,04,보조간선도로
10,가좌로,2,하행,1110004700,4,01,기본도로,04,보조간선도로
10,가좌로,2,하행,1120012500,5,01,기본도로,04,보조간선도로
10,가좌로,2,하행,1120011500,6,01,기본도로,04,보조간선도로
10,가좌로,2,하행,1120010100,7,01,기본도로,04,보조간선도로
11,갈현로,1,상행,1110009400,1,01,기본도로,05,기타도로
11,갈현로,1,상행,1110012000,2,01,기본도로,05,기타도로
11,갈현로,1,상행,1110014200,3,01,기본도로,05,기타도로
11,갈현로,2,하행,1110014100,1,01,기본도로,05,기타도로
11,갈현로,2,하행,1110011900,2,01,기본도로,05,기타도로
12,강남대로,1,상행,1210007700,1,01,기본도로,03,주간선도로
12,강남대로,1,상행,1210008500,2,01,기본도로,03,주간선도로
12,강남대로,1,상행,1210009500,3,01,기본도로,03,주간선도로
12,강남대로,1,상행,1210010300,4,01,기본도로,03,주간선도로
12,강남대로,1,상행,1210011300,5,01,기본도로,03,주간선도로
12,강남대로,1,상행,1210013700,6,01,기본도로,03,주간선도로
12,강남대로,1,상행,1220016300,8,01,기본도로,03,주간선도로
12,강남대로,1,상행,1220021100,9,01,기본도로,03,주간선도로
12,강남대로,1,상행,1220025100,10,01,기본도로,03,주간선도로
12,강남대로,1,상행,1220027900,11,01,기본도로,03,주간선도로
12,강남대로,1,상행,1220030700,12,01,기본도로,03,주간선도로
12,강남대로,1,상행,1210006300,14,01,기본도로,03,주간선도로
12,강남대로,1,상행,1210030700,15,01,기본도로,03,주간선도로
12,강남대로,2,하행,1210030600,1,01,기본도로,03,주간선도로
12,강남대로,2,하행,1210006200,2,01,기본도로,03,주간선도로
12,강남대로,2,하행,1210030000,3,01,기본도로,03,주간선도로
12,강남대로,2,하행,1220027800,5,01,기본도로,03,주간선도로
12,강남대로,2,하행,1220025000,6,01,기본도로,03,주간선도로
12,강남대로,2,하행,1220021000,7,01,기본도로,03,주간선도로
12,강남대로,2,하행,1220016200,8,01,기본도로,03,주간선도로
12,강남대로,2,하행,1220011800,9,01,기본도로,03,주간선도로
12,강남대로,2,하행,1210013600,10,01,기본도로,03,주간선도로
12,강남대로,2,하행,1210010200,12,01,기본도로,03,주간선도로
12,강남대로,2,하행,1210009400,13,01,기본도로,03,주간선도로
12,강남대로,2,하행,1210008400,14,01,기본도로,03,주간선도로
12,강남대로,2,하행,1210007600,15,01,기본도로,03,주간선도로
13,강동대로,1,상행,1230037000,1,01,기본도로,03,주간선도로
13,강동대로,1,상행,1230034600,3,01,기본도로,03,주간선도로
13,강동대로,1,상행,1230034300,4,01,기본도로,03,주간선도로
13,강동대로,1,상행,1230035200,5,01,기본도로,03,주간선도로
13,강동대로,1,상행,1230034800,6,01,기본도로,03,주간선도로
13,강동대로,1,상행,1230033800,7,01,기본도로,03,주간선도로
13,강동대로,1,상행,1230031100,9,01,기본도로,03,주간선도로
13,강동대로,2,하행,1230031200,1,01,기본도로,03,주간선도로
13,강동대로,2,하행,1230032500,2,01,기본도로,03,주간선도로
13,강동대로,2,하행,1230033900,3,01,기본도로,03,주간선도로
13,강동대로,2,하행,1230034900,4,01,기본도로,03,주간선도로
13,강동대로,2,하행,1230035300,5,01,기본도로,03,주간선도로
13,강동대로,2,하행,1230034700,7,01,기본도로,03,주간선도로
13,강동대로,2,하행,1230035500,8,01,기본도로,03,주간선도로
13,강동대로,2,하행,1230037100,9,01,기본도로,03,주간선도로
14,강변북로,1,상행,2210044100,1,01,기본도로,02,도시고속도로
14,강변북로,1,상행,2210044802,2,01,기본도로,02,도시고속도로
14,강변북로,1,상행,2210047800,4,01,기본도로,02,도시고속도로
14,강변북로,1,상행,2210047200,5,01,기본도로,02,도시고속도로
14,강변북로,1,상행,2210046800,6,01,기본도로,02,도시고속도로
14,강변북로,1,상행,2210044500,7,01,기본도로,02,도시고속도로
14,강변북로,1,상행,2210046600,8,01,기본도로,02,도시고속도로
14,강변북로,1,상행,1040004100,10,01,기본도로,02,도시고속도로
14,강변북로,1,상행,1040002100,11,01,기본도로,02,도시고속도로
14,강변북로,1,상행,1040001500,12,01,기본도로,02,도시고속도로
14,강변북로,1,상행,1040001100,13,01,기본도로,02,도시고속도로
14,강변북로,1,상행,1040000500,14,01,기본도로,02,도시고속도로
14,강변북로,1,상행,1040000200,15,01,기본도로,02,도시고속도로
14,강변북로,1,상행,1030000400,17,01,기본도로,02,도시고속도로
14,강변북로,1,상행,1030000600,18,01,기본도로,02,도시고속도로
14,강변북로,1,상행,1030000800,19,01,기본도로,02,도시고속도로
14,강변북로,1,상행,1030001000,20,01,기본도로,02,도시고속도로
14,강변북로,1,상행,1030001100,21,01,기본도로,02,도시고속도로
14,강변북로,1,상행,1020000300,23,01,기본도로,02,도시고속도로
14,강변북로,1,상행,1020000200,24,01,기본도로,02,도시고속도로
14,강변북로,1,상행,1020000600,25,01,기본도로,02,도시고속도로
14,강변북로,1,상행,1020000800,26,01,기본도로,02,도시고속도로
14,강변북로,1,상행,1020001200,27,01,기본도로,02,도시고속도로
14,강변북로,1,상행,1020001800,29,01,기본도로,02,도시고속도로
14,강변북로,1,상행,1130000400,30,01,기본도로,02,도시고속도로
14,강변북로,1,상행,1130000800,31,01,기본도로,02,도시고속도로
14,강변북로,1,상행,1130001400,32,01,기본도로,02,도시고속도로
14,강변북로,1,상행,1130001000,33,01,기본도로,02,도시고속도로
14,강변북로,1,상행,1130002000,34,01,기본도로,02,도시고속도로
14,강변북로,1,상행,1130003400,36,01,기본도로,02,도시고속도로
14,강변북로,1,상행,1130004400,37,01,기본도로,02,도시고속도로
14,강변북로,1,상행,1130005800,38,01,기본도로,02,도시고속도로
14,강변북로,1,상행,1130007000,39,01,기본도로,02,도시고속도로
14,강변북로,2,하행,1130006900,1,01,기본도로,02,도시고속도로
14,강변북로,2,하행,1130004300,3,01,기본도로,02,도시고속도로
14,강변북로,2,하행,1130003300,4,01,기본도로,02,도시고속도로
14,강변북로,2,하행,1130002300,5,01,기본도로,02,도시고속도로
14,강변북로,2,하행,1130001900,6,01,기본도로,02,도시고속도로
14,강변북로,2,하행,1130000900,7,01,기본도로,02,도시고속도로
14,강변북로,2,하행,1130000700,9,01,기본도로,02,도시고속도로
14,강변북로,2,하행,1130000300,10,01,기본도로,02,도시고속도로
14,강변북로,2,하행,1020001700,11,01,기본도로,02,도시고속도로
14,강변북로,2,하행,1020001300,12,01,기본도로,02,도시고속도로
14,강변북로,2,하행,1020001100,13,01,기본도로,02,도시고속도로
14,강변북로,2,하행,1020000700,14,01,기본도로,02,도시고속도로
14,강변북로,2,하행,1020000100,16,01,기본도로,02,도시고속도로
14,강변북로,2,하행,1020000400,17,01,기본도로,02,도시고속도로
14,강변북로,2,하행,1020001000,18,01,기본도로,02,도시고속도로
14,강변북로,2,하행,1020001600,19,01,기본도로,02,도시고속도로
14,강변북로,2,하행,1030001200,20,01,기본도로,02,도시고속도로
14,강변북로,2,하행,1030000700,22,01,기본도로,02,도시고속도로
14,강변북로,2,하행,1030000500,23,01,기본도로,02,도시고속도로
14,강변북로,2,하행,1030000300,24,01,기본도로,02,도시고속도로
14,강변북로,2,하행,1040000700,25,01,기본도로,02,도시고속도로
14,강변북로,2,하행,1040000100,26,01,기본도로,02,도시고속도로
14,강변북로,2,하행,1040001200,28,01,기본도로,02,도시고속도로
14,강변북로,2,하행,1040001600,29,01,기본도로,02,도시고속도로
14,강변북로,2,하행,1040002200,30,01,기본도로,02,도시고속도로
14,강변북로,2,하행,1040004200,31,01,기본도로,02,도시고속도로
14,강변북로,2,하행,2210000600,32,01,기본도로,02,도시고속도로
14,강변북로,2,하행,2210046500,33,01,기본도로,02,도시고속도로
14,강변북로,2,하행,2210046700,35,01,기본도로,02,도시고속도로
14,강변북로,2,하행,2210047100,36,01,기본도로,02,도시고속도로
14,강변북로,2,하행,2210047700,37,01,기본도로,02,도시고속도로
14,강변북로,2,하행,2210044701,38,01,기본도로,02,도시고속도로
14,강변북로,2,하행,2210044702,39,01,기본도로,02,도시고속도로
15,강변역로,1,상행,1040008300,1,01,기본도로,05,기타도로
15,강변역로,1,상행,1040009300,2,01,기본도로,05,기타도로
15,강변역로,2,하행,1040009200,1,01,기본도로,05,기타도로
15,강변역로,2,하행,1040008200,2,01,기본도로,05,기타도로
15,강변역로,2,하행,3201500100,3,01,기본도로,05,기타도로
16,강변역로4길,2,하행,1040007000,1,01,기본도로,05,기타도로
17,강서로,1,상행,1150019800,1,01,기본도로,04,보조간선도로
17,강서로,1,상행,1150018600,2,01,기본도로,04,보조간선도로
17,강서로,1,상행,1150017000,3,01,기본도로,04,보조간선도로
17,강서로,1,상행,1150014200,4,01,기본도로,04,보조간선도로
17,강서로,1,상행,1150012400,5,01,기본도로,04,보조간선도로
17,강서로,1,상행,1150010200,7,01,기본도로,04,보조간선도로
17,강서로,1,상행,1150009600,8,01,기본도로,04,보조간선도로
17,강서로,1,상행,1150009400,9,01,기본도로,04,보조간선도로
17,강서로,1,상행,1150008600,10,01,기본도로,04,보조간선도로
17,강서로,1,상행,1150008000,11,01,기본도로,04,보조간선도로
17,강서로,2,하행,1140026400,1,01,기본도로,04,보조간선도로
17,강서로,2,하행,1150008100,2,01,기본도로,04,보조간선도로
17,강서로,2,하행,1150008700,3,01,기본도로,04,보조간선도로
17,강서로,2,하행,1150009500,4,01,기본도로,04,보조간선도로
17,강서로,2,하행,1150009700,5,01,기본도로,04,보조간선도로
17,강서로,2,하행,1150011300,7,01,기본도로,04,보조간선도로
17,강서로,2,하행,1150012500,8,01,기본도로,04,보조간선도로
17,강서로,2,하행,1150014300,9,01,기본도로,04,보조간선도로
17,강서로,2,하행,1150017100,10,01,기본도로,04,보조간선도로
17,강서로,2,하행,1150018700,11,01,기본도로,04,보조간선도로
17,강서로,2,하행,1150019900,12,01,기본도로,04,보조간선도로
18,강서로17길,2,하행,1150008200,1,01,기본도로,05,기타도로
19,강서로29길,1,상행,1150009200,1,01,기본도로,05,기타도로
19,강서로29길,2,하행,1150009300,1,01,기본도로,05,기타도로
20,개봉로,1,상행,1160011300,1,01,기본도로,04,보조간선도로
20,개봉로,1,상행,3201506800,2,01,기본도로,04,보조간선도로
20,개봉로,2,하행,3201504700,1,01,기본도로,04,보조간선도로
20,개봉로,2,하행,3201506900,2,01,기본도로,04,보조간선도로
20,개봉로,2,하행,1160011400,3,01,기본도로,04,보조간선도로
21,개포로,1,상행,1220018600,2,01,기본도로,05,기타도로
21,개포로,1,상행,1220017200,3,01,기본도로,05,기타도로
21,개포로,1,상행,1220013600,5,01,기본도로,05,기타도로
21,개포로,1,상행,1220008200,7,01,기본도로,05,기타도로
21,개포로,1,상행,1220007000,8,01,기본도로,05,기타도로
21,개포로,2,하행,1220007100,1,01,기본도로,05,기타도로
21,개포로,2,하행,1220008300,2,01,기본도로,05,기타도로
21,개포로,2,하행,1220013700,4,01,기본도로,05,기타도로
21,개포로,2,하행,1220017300,6,01,기본도로,05,기타도로
21,개포로,2,하행,1220018700,7,01,기본도로,05,기타도로
21,개포로,2,하행,1220020400,8,01,기본도로,05,기타도로
22,개화동로,1,상행,1150019300,2,01,기본도로,03,주간선도로
22,개화동로,1,상행,1150004200,3,01,기본도로,03,주간선도로
22,개화동로,1,상행,1150006800,5,01,기본도로,03,주간선도로
22,개화동로,1,상행,2180002201,7,01,기본도로,03,주간선도로
22,개화동로,2,하행,2180002102,1,01,기본도로,03,주간선도로
22,개화동로,2,하행,1150007200,2,01,기본도로,03,주간선도로
22,개화동로,2,하행,1150006700,3,01,기본도로,03,주간선도로
22,개화동로,2,하행,1150019200,6,01,기본도로,03,주간선도로
22,개화동로,2,하행,1150016600,7,01,기본도로,03,주간선도로
23,거마로,1,상행,1230011000,1,01,기본도로,05,기타도로
23,거마로,1,상행,1230014000,2,01,기본도로,05,기타도로
23,거마로,2,하행,1230013900,1,01,기본도로,05,기타도로
23,거마로,2,하행,1230010900,2,01,기본도로,05,기타도로
25,겸재로,1,상행,1050014400,1,01,기본도로,04,보조간선도로
25,겸재로,1,상행,1060009100,2,01,기본도로,04,보조간선도로
25,겸재로,1,상행,1060009800,4,01,기본도로,04,보조간선도로
25,겸재로,1,상행,1060010200,5,01,기본도로,04,보조간선도로
25,겸재로,1,상행,1060010400,6,01,기본도로,04,보조간선도로
25,겸재로,2,하행,1060010300,1,01,기본도로,04,보조간선도로
25,겸재로,2,하행,1060010100,2,01,기본도로,04,보조간선도로
25,겸재로,2,하행,1060009700,3,01,기본도로,04,보조간선도로
25,겸재로,2,하행,1060009200,5,01,기본도로,04,보조간선도로
25,겸재로,2,하행,1050014300,6,01,기본도로,04,보조간선도로
26,경부고속도로,1,상행,1210005100,1,01,기본도로,02,도시고속도로
26,경부고속도로,1,상행,1210004700,2,01,기본도로,02,도시고속도로
26,경부고속도로,1,상행,1210004100,3,01,기본도로,02,도시고속도로
26,경부고속도로,1,상행,1210003000,5,01,기본도로,02,도시고속도로
26,경부고속도로,1,상행,1210001900,6,01,기본도로,02,도시고속도로
26,경부고속도로,1,상행,1210000800,7,01,기본도로,02,도시고속도로
26,경부고속도로,1,상행,2040002902,8,01,기본도로,02,도시고속도로
26,경부고속도로,1,상행,2060011401,9,01,기본도로,02,도시고속도로
26,경부고속도로,1,상행,2060010200,11,01,기본도로,02,도시고속도로
26,경부고속도로,1,상행,2060007400,12,01,기본도로,02,도시고속도로
26,경부고속도로,1,상행,2060001201,13,01,기본도로,02,도시고속도로
26,경부고속도로,1,상행,2280071701,14,01,기본도로,02,도시고속도로
26,경부고속도로,1,상행,2280067900,15,01,기본도로,02,도시고속도로
26,경부고속도로,1,상행,2280064600,16,01,기본도로,02,도시고속도로
26,경부고속도로,1,상행,2280046301,18,01,기본도로,02,도시고속도로
26,경부고속도로,1,상행,2280046302,19,01,기본도로,02,도시고속도로
26,경부고속도로,1,상행,2280029200,20,01,기본도로,02,도시고속도로
26,경부고속도로,1,상행,2280251200,21,01,기본도로,02,도시고속도로
26,경부고속도로,1,상행,2280251400,22,01,기본도로,02,도시고속도로
26,경부고속도로,1,상행,2330025903,24,01,기본도로,02,도시고속도로
26,경부고속도로,1,상행,2330025902,25,01,기본도로,02,도시고속도로
26,경부고속도로,1,상행,2230003700,26,01,기본도로,02,도시고속도로
26,경부고속도로,1,상행,2140055801,27,01,기본도로,02,도시고속도로
26,경부고속도로,1,상행,2310027800,28,01,기본도로,02,도시고속도로
26,경부고속도로,1,상행,2140019703,30,01,기본도로,02,도시고속도로
26,경부고속도로,1,상행,2310007300,31,01,기본도로,02,도시고속도로
26,경부고속도로,1,상행,2850054405,32,01,기본도로,02,도시고속도로
26,경부고속도로,2,하행,2850054503,1,01,기본도로,02,도시고속도로
26,경부고속도로,2,하행,2850054501,2,01,기본도로,02,도시고속도로
26,경부고속도로,2,하행,2310007400,3,01,기본도로,02,도시고속도로
26,경부고속도로,2,하행,2310027700,5,01,기본도로,02,도시고속도로
26,경부고속도로,2,하행,2140055702,6,01,기본도로,02,도시고속도로
26,경부고속도로,2,하행,2140055701,7,01,기본도로,02,도시고속도로
26,경부고속도로,2,하행,2230003800,8,01,기본도로,02,도시고속도로
26,경부고속도로,2,하행,2330026002,9,01,기본도로,02,도시고속도로
26,경부고속도로,2,하행,2333346500,11,01,기본도로,02,도시고속도로
26,경부고속도로,2,하행,2280251300,12,01,기본도로,02,도시고속도로
26,경부고속도로,2,하행,2280251100,13,01,기본도로,02,도시고속도로
26,경부고속도로,2,하행,2280029100,14,01,기본도로,02,도시고속도로
26,경부고속도로,2,하행,2280046200,15,01,기본도로,02,도시고속도로
26,경부고속도로,2,하행,2280064500,17,01,기본도로,02,도시고속도로
26,경부고속도로,2,하행,2280068000,18,01,기본도로,02,도시고속도로
26,경부고속도로,2,하행,2280071602,19,01,기본도로,02,도시고속도로
26,경부고속도로,2,하행,2280071601,20,01,기본도로,02,도시고속도로
26,경부고속도로,2,하행,2060001101,21,01,기본도로,02,도시고속도로
26,경부고속도로,2,하행,2060007300,22,01,기본도로,02,도시고속도로
26,경부고속도로,2,하행,2060010500,24,01,기본도로,02,도시고속도로
26,경부고속도로,2,하행,2060011501,25,01,기본도로,02,도시고속도로
26,경부고속도로,2,하행,1210000701,26,01,기본도로,02,도시고속도로
26,경부고속도로,2,하행,1210002000,27,01,기본도로,02,도시고속도로
26,경부고속도로,2,하행,1210002900,28,01,기본도로,02,도시고속도로
26,경부고속도로,2,하행,1210004200,30,01,기본도로,02,도시고속도로
26,경부고속도로,2,하행,1210005200,31,01,기본도로,02,도시고속도로
27,국회대로 지하차도,1,상행,1630001800,1,01,기본도로,02,도시고속도로
27,국회대로 지하차도,1,상행,1630003901,2,01,기본도로,02,도시고속도로
27,국회대로 지하차도,1,상행,1680003000,3,01,기본도로,02,도시고속도로
27,국회대로 지하차도,1,상행,1680005200,5,01,기본도로,02,도시고속도로
27,국회대로 지하차도,1,상행,1660003900,6,01,기본도로,02,도시고속도로
27,국회대로 지하차도,1,상행,1660003702,7,01,기본도로,02,도시고속도로
27,국회대로 지하차도,1,상행,1660003701,8,01,기본도로,02,도시고속도로
27,국회대로 지하차도,1,상행,1660003500,9,01,기본도로,02,도시고속도로
27,국회대로 지하차도,1,상행,2120002500,10,01,기본도로,02,도시고속도로
27,국회대로 지하차도,1,상행,1140000201,12,01,기본도로,02,도시고속도로
27,국회대로 지하차도,1,상행,1140000200,13,01,기본도로,02,도시고속도로
27,국회대로 지하차도,1,상행,1140022200,14,01,기본도로,02,도시고속도로
27,국회대로 지하차도,1,상행,1140026200,15,01,기본도로,02,도시고속도로
27,국회대로 지하차도,1,상행,1140029200,16,01,기본도로,02,도시고속도로
27,국회대로 지하차도,2,하행,1140040700,2,01,기본도로,02,도시고속도로
27,국회대로 지하차도,2,하행,1140040500,3,01,기본도로,02,도시고속도로
27,국회대로 지하차도,2,하행,1140000100,4,01,기본도로,02,도시고속도로
27,국회대로 지하차도,2,하행,1140000101,5,01,기본도로,02,도시고속도로
27,국회대로 지하차도,2,하행,2120002200,6,01,기본도로,02,도시고속도로
27,국회대로 지하차도,2,하행,1660003600,8,01,기본도로,02,도시고속도로
27,국회대로 지하차도,2,하행,1660003801,9,01,기본도로,02,도시고속도로
27,국회대로 지하차도,2,하행,1660003802,10,01,기본도로,02,도시고속도로
27,국회대로 지하차도,2,하행,1660004000,11,01,기본도로,02,도시고속도로
27,국회대로 지하차도,2,하행,1680005100,12,01,기본도로,02,도시고속도로
27,국회대로 지하차도,2,하행,1680004600,13,01,기본도로,02,도시고속도로
27,국회대로 지하차도,2,하행,1630004001,15,01,기본도로,02,도시고속도로
27,국회대로 지하차도,2,하행,1630001700,16,01,기본도로,02,도시고속도로
28,경인로,1,상행,1160000200,1,01,기본도로,03,주간선도로
28,경인로,1,상행,1160000400,2,01,기본도로,03,주간선도로
28,경인로,1,상행,1160000600,3,01,기본도로,03,주간선도로
28,경인로,1,상행,1160001000,5,01,기본도로,03,주간선도로
28,경인로,1,상행,1160001400,6,01,기본도로,03,주간선도로
28,경인로,1,상행,1160001700,7,01,기본도로,03,주간선도로
28,경인로,1,상행,1160001600,8,01,기본도로,03,주간선도로
28,경인로,1,상행,1160002200,9,01,기본도로,03,주간선도로
28,경인로,1,상행,1160002400,11,01,기본도로,03,주간선도로
28,경인로,1,상행,1160002800,12,01,기본도로,03,주간선도로
28,경인로,1,상행,1160003000,13,01,기본도로,03,주간선도로
28,경인로,1,상행,1180000200,14,01,기본도로,03,주간선도로
28,경인로,1,상행,1180000400,15,01,기본도로,03,주간선도로
28,경인로,1,상행,1180000800,16,01,기본도로,03,주간선도로
28,경인로,1,상행,1180001200,18,01,기본도로,03,주간선도로
28,경인로,1,상행,1180001600,19,01,기본도로,03,주간선도로
28,경인로,2,하행,1180001500,1,01,기본도로,03,주간선도로
28,경인로,2,하행,1180001100,2,01,기본도로,03,주간선도로
28,경인로,2,하행,1180000900,3,01,기본도로,03,주간선도로
28,경인로,2,하행,1180000300,5,01,기본도로,03,주간선도로
28,경인로,2,하행,1180000100,6,01,기본도로,03,주간선도로
28,경인로,2,하행,1160002900,7,01,기본도로,03,주간선도로
28,경인로,2,하행,1160002700,8,01,기본도로,03,주간선도로
28,경인로,2,하행,1160002300,9,01,기본도로,03,주간선도로
28,경인로,2,하행,1160002100,11,01,기본도로,03,주간선도로
28,경인로,2,하행,1160001500,12,01,기본도로,03,주간선도로
28,경인로,2,하행,1160001800,13,01,기본도로,03,주간선도로
28,경인로,2,하행,1160001300,14,01,기본도로,03,주간선도로
28,경인로,2,하행,1160000900,15,01,기본도로,03,주간선도로
28,경인로,2,하행,1160000700,16,01,기본도로,03,주간선도로
28,경인로,2,하행,1160000300,18,01,기본도로,03,주간선도로
28,경인로,2,하행,1160000100,19,01,기본도로,03,주간선도로
29,경춘북로,1,상행,1060006300,1,01,기본도로,04,보조간선도로
29,경춘북로,2,하행,1060006400,1,01,기본도로,04,보조간선도로
30,경희궁길,2,하행,1000008200,1,01,기본도로,05,기타도로
31,고덕로,1,상행,1240022900,2,01,기본도로,04,보조간선도로
31,고덕로,1,상행,1240022100,3,01,기본도로,04,보조간선도로
31,고덕로,1,상행,1240021500,4,01,기본도로,04,보조간선도로
31,고덕로,1,상행,1240021300,5,01,기본도로,04,보조간선도로
31,고덕로,1,상행,1240021000,6,01,기본도로,04,보조간선도로
31,고덕로,1,상행,1240021700,8,01,기본도로,04,보조간선도로
31,고덕로,2,하행,1240021800,1,01,기본도로,04,보조간선도로
31,고덕로,2,하행,1240021100,2,01,기본도로,04,보조간선도로
31,고덕로,2,하행,1240020900,3,01,기본도로,04,보조간선도로
31,고덕로,2,하행,1240021400,4,01,기본도로,04,보조간선도로
31,고덕로,2,하행,1240021600,5,01,기본도로,04,보조간선도로
31,고덕로,2,하행,1240023000,7,01,기본도로,04,보조간선도로
31,고덕로,2,하행,1240024200,8,01,기본도로,04,보조간선도로
32,고덕로55길,1,상행,1240022400,1,01,기본도로,05,기타도로
32,고덕로55길,1,상행,1240024400,2,01,기본도로,05,기타도로
32,고덕로55길,2,하행,1240024300,1,01,기본도로,05,기타도로
33,고덕로61길,1,상행,1240023200,1,01,기본도로,05,기타도로
33,고덕로61길,1,상행,1240025000,2,01,기본도로,05,기타도로
33,고덕로61길,1,상행,1240026800,3,01,기본도로,05,기타도로
33,고덕로61길,2,하행,1240026700,1,01,기본도로,05,기타도로
33,고덕로61길,2,하행,1240024900,2,01,기본도로,05,기타도로
34,고덕로62길,1,상행,1240019500,1,01,기본도로,05,기타도로
34,고덕로62길,2,하행,1240019600,1,01,기본도로,05,기타도로
35,고덕로79길,1,상행,1240025200,1,01,기본도로,05,기타도로
35,고덕로79길,1,상행,1240027200,2,01,기본도로,05,기타도로
35,고덕로79길,2,하행,1240027100,1,01,기본도로,05,기타도로
35,고덕로79길,2,하행,1240025100,2,01,기본도로,05,기타도로
36,고덕로80길,1,상행,1240022000,2,01,기본도로,05,기타도로
36,고덕로80길,2,하행,1240021900,1,01,기본도로,05,기타도로
36,고덕로80길,2,하행,1240019300,2,01,기본도로,05,기타도로
37,고산자로,1,상행,1030006400,1,01,기본도로,03,주간선도로
37,고산자로,1,상행,1030008200,2,01,기본도로,03,주간선도로
37,고산자로,1,상행,1030013800,4,01,기본도로,03,주간선도로
37,고산자로,1,상행,1030015200,5,01,기본도로,03,주간선도로
37,고산자로,1,상행,1030016800,6,01,기본도로,03,주간선도로
37,고산자로,1,상행,1030020200,7,01,기본도로,03,주간선도로
37,고산자로,1,상행,1050008000,8,01,기본도로,03,주간선도로
37,고산자로,1,상행,1050012600,10,01,기본도로,03,주간선도로
37,고산자로,1,상행,1050015000,11,01,기본도로,03,주간선도로
37,고산자로,1,상행,1050016600,12,01,기본도로,03,주간선도로
37,고산자로,2,하행,1050016500,1,01,기본도로,03,주간선도로
37,고산자로,2,하행,1050014900,2,01,기본도로,03,주간선도로
37,고산자로,2,하행,1050012500,3,01,기본도로,03,주간선도로
37,고산자로,2,하행,1050007900,5,01,기본도로,03,주간선도로
37,고산자로,2,하행,1030020100,6,01,기본도로,03,주간선도로
37,고산자로,2,하행,1030016700,7,01,기본도로,03,주간선도로
37,고산자로,2,하행,1030015100,8,01,기본도로,03,주간선도로
37,고산자로,2,하행,1030013700,9,01,기본도로,03,주간선도로
37,고산자로,2,하행,1030008100,11,01,기본도로,03,주간선도로
37,고산자로,2,하행,1030006300,12,01,기본도로,03,주간선도로
38,고척로,1,상행,1160013200,1,01,기본도로,05,기타도로
38,고척로,1,상행,1160015400,2,01,기본도로,05,기타도로
38,고척로,2,하행,1160015300,1,01,기본도로,05,기타도로
39,곰달래로,1,상행,1140027400,1,01,기본도로,04,보조간선도로
39,곰달래로,1,상행,1150007500,2,01,기본도로,04,보조간선도로
39,곰달래로,1,상행,1150007900,3,01,기본도로,04,보조간선도로
39,곰달래로,2,하행,1150007800,1,01,기본도로,04,보조간선도로
39,곰달래로,2,하행,1150007400,2,01,기본도로,04,보조간선도로
39,곰달래로,2,하행,1140027300,3,01,기본도로,04,보조간선도로
40,공릉로,1,상행,1100020900,2,01,기본도로,05,기타도로
40,공릉로,1,상행,1100019300,3,01,기본도로,05,기타도로
40,공릉로,1,상행,1100017300,4,01,기본도로,05,기타도로
40,공릉로,1,상행,1100015800,5,01,기본도로,05,기타도로
40,공릉로,1,상행,1100014700,6,01,기본도로,05,기타도로
40,공릉로,1,상행,1100011700,8,01,기본도로,05,기타도로
40,공릉로,1,상행,1100010500,9,01,기본도로,05,기타도로
40,공릉로,1,상행,1100009300,10,01,기본도로,05,기타도로
40,공릉로,1,상행,1060021100,11,01,기본도로,05,기타도로
40,공릉로,1,상행,1060018900,12,01,기본도로,05,기타도로
40,공릉로,2,하행,1060021200,2,01,기본도로,05,기타도로
40,공릉로,2,하행,1100009400,3,01,기본도로,05,기타도로
40,공릉로,2,하행,1100010600,4,01,기본도로,05,기타도로
40,공릉로,2,하행,1100011800,5,01,기본도로,05,기타도로
40,공릉로,2,하행,1100012800,6,01,기본도로,05,기타도로
40,공릉로,2,하행,1100014800,7,01,기본도로,05,기타도로
40,공릉로,2,하행,1100017400,9,01,기본도로,05,기타도로
40,공릉로,2,하행,1100019400,10,01,기본도로,05,기타도로
40,공릉로,2,하행,1100021000,11,01,기본도로,05,기타도로
40,공릉로,2,하행,1100023000,12,01,기본도로,05,기타도로
42,공항대로,1,상행,1150014600,1,01,기본도로,03,주간선도로
42,공항대로,1,상행,1150013600,3,01,기본도로,03,주간선도로
42,공항대로,1,상행,1150001900,4,01,기본도로,03,주간선도로
42,공항대로,1,상행,1150001700,5,01,기본도로,03,주간선도로
42,공항대로,1,상행,1150001300,6,01,기본도로,03,주간선도로
42,공항대로,1,상행,1150000900,7,01,기본도로,03,주간선도로
42,공항대로,1,상행,1150000300,9,01,기본도로,03,주간선도로
42,공항대로,1,상행,1140000400,10,01,기본도로,03,주간선도로
42,공항대로,2,하행,1140000300,1,01,기본도로,03,주간선도로
42,공항대로,2,하행,1150000400,2,01,기본도로,03,주간선도로
42,공항대로,2,하행,1150000600,3,01,기본도로,03,주간선도로
42,공항대로,2,하행,1150001000,4,01,기본도로,03,주간선도로
42,공항대로,2,하행,1150001800,6,01,기본도로,03,주간선도로
42,공항대로,2,하행,1150002000,7,01,기본도로,03,주간선도로
42,공항대로,2,하행,1150014500,9,01,기본도로,03,주간선도로
42,공항대로,2,하행,1150014700,10,01,기본도로,03,주간선도로
43,공항대로41길,1,상행,1150013500,1,01,기본도로,05,기타도로
43,공항대로41길,2,하행,1150013400,2,01,기본도로,05,기타도로
44,공항대로59길,1,상행,1150012000,1,01,기본도로,05,기타도로
44,공항대로59길,2,하행,1150012100,1,01,기본도로,05,기타도로
45,과천대로,1,상행,1210008100,1,01,기본도로,05,기타도로
46,관악로,1,상행,1200000800,1,01,기본도로,03,주간선도로
46,관악로,1,상행,1200005000,3,01,기본도로,03,주간선도로
46,관악로,1,상행,1200006800,4,01,기본도로,03,주간선도로
46,관악로,2,하행,1200006700,1,01,기본도로,03,주간선도로
46,관악로,2,하행,1200003300,3,01,기본도로,03,주간선도로
46,관악로,2,하행,1200000700,4,01,기본도로,03,주간선도로
47,광나루로,1,상행,1030007800,1,01,기본도로,03,주간선도로
47,광나루로,1,상행,1030012100,4,01,기본도로,03,주간선도로
47,광나루로,1,상행,1030010700,5,01,기본도로,03,주간선도로
47,광나루로,1,상행,1030010100,6,01,기본도로,03,주간선도로
47,광나루로,1,상행,1030010000,7,01,기본도로,03,주간선도로
47,광나루로,1,상행,1040013400,9,01,기본도로,03,주간선도로
47,광나루로,1,상행,1040013000,10,01,기본도로,03,주간선도로
47,광나루로,1,상행,1040012800,11,01,기본도로,03,주간선도로
47,광나루로,1,상행,1040012600,12,01,기본도로,03,주간선도로
47,광나루로,1,상행,1040011400,13,01,기본도로,03,주간선도로
47,광나루로,1,상행,1040009400,15,01,기본도로,03,주간선도로
47,광나루로,2,하행,1040009500,1,01,기본도로,03,주간선도로
47,광나루로,2,하행,1040010500,2,01,기본도로,03,주간선도로
47,광나루로,2,하행,1040011500,3,01,기본도로,03,주간선도로
47,광나루로,2,하행,1040012700,4,01,기본도로,03,주간선도로
47,광나루로,2,하행,1040013100,6,01,기본도로,03,주간선도로
47,광나루로,2,하행,1040013500,7,01,기본도로,03,주간선도로
47,광나루로,2,하행,1040013700,8,01,기본도로,03,주간선도로
47,광나루로,2,하행,1030009900,9,01,기본도로,03,주간선도로
47,광나루로,2,하행,1030010200,10,01,기본도로,03,주간선도로
47,광나루로,2,하행,1030012200,12,01,기본도로,03,주간선도로
47,광나루로,2,하행,1004350700,13,01,기본도로,03,주간선도로
47,광나루로,2,하행,1030009500,14,01,기본도로,03,주간선도로
47,광나루로,2,하행,1030007700,15,01,기본도로,03,주간선도로
48,광나루로56길,1,상행,1040008900,1,01,기본도로,05,기타도로
48,광나루로56길,2,하행,1040008800,1,01,기본도로,05,기타도로
49,광운로,1,상행,1100011000,2,01,기본도로,05,기타도로
49,광운로,2,하행,1100010900,1,01,기본도로,05,기타도로
49,광운로,2,하행,1070021100,2,01,기본도로,05,기타도로
50,광평로,1,상행,1220008000,1,01,기본도로,03,주간선도로
50,광평로,1,상행,1220010100,2,01,기본도로,03,주간선도로
50,광평로,2,하행,1220013200,1,01,기본도로,03,주간선도로
50,광평로,2,하행,1220010000,2,01,기본도로,03,주간선도로
50,광평로,2,하행,1220008100,3,01,기본도로,03,주간선도로
51,구로동로,1,상행,1160005400,1,01,기본도로,04,보조간선도로
51,구로동로,1,상행,1160007200,2,01,기본도로,04,보조간선도로
51,구로동로,1,상행,1160010800,4,01,기본도로,04,보조간선도로
51,구로동로,1,상행,1160012400,5,01,기본도로,04,보조간선도로
51,구로동로,2,하행,1160012300,1,01,기본도로,04,보조간선도로
51,구로동로,2,하행,1160010700,2,01,기본도로,04,보조간선도로
51,구로동로,2,하행,1160008900,3,01,기본도로,04,보조간선도로
51,구로동로,2,하행,1160007100,4,01,기본도로,04,보조간선도로
52,구로중앙로,1,상행,1160009400,1,01,기본도로,04,보조간선도로
52,구로중앙로,1,상행,1160012000,2,01,기본도로,04,보조간선도로
52,구로중앙로,1,상행,1160012800,3,01,기본도로,04,보조간선도로
52,구로중앙로,1,상행,1160013800,4,01,기본도로,04,보조간선도로
52,구로중앙로,1,상행,1160014800,5,01,기본도로,04,보조간선도로
52,구로중앙로,2,하행,1160015900,1,01,기본도로,04,보조간선도로
52,구로중앙로,2,하행,1160014700,2,01,기본도로,04,보조간선도로
52,구로중앙로,2,하행,1160013700,3,01,기본도로,04,보조간선도로
52,구로중앙로,2,하행,1160012700,4,01,기본도로,04,보조간선도로
52,구로중앙로,2,하행,1160011900,5,01,기본도로,04,보조간선도로
53,구의강변로,1,상행,1040007600,1,01,기본도로,05,기타도로
53,구의강변로,2,하행,1040007700,1,01,기본도로,05,기타도로
55,구천면로,1,상행,1040013200,1,01,기본도로,04,보조간선도로
55,구천면로,1,상행,1040011800,2,01,기본도로,04,보조간선도로
55,구천면로,1,상행,1240011500,3,01,기본도로,04,보조간선도로
55,구천면로,1,상행,1240012200,4,01,기본도로,04,보조간선도로
55,구천면로,1,상행,1240018200,6,01,기본도로,04,보조간선도로
55,구천면로,1,상행,1240017700,7,01,기본도로,04,보조간선도로
55,구천면로,1,상행,1240017200,8,01,기본도로,04,보조간선도로
55,구천면로,1,상행,1240017400,9,01,기본도로,04,보조간선도로
55,구천면로,1,상행,1240018000,10,01,기본도로,04,보조간선도로
55,구천면로,2,하행,1240018300,1,01,기본도로,04,보조간선도로
55,구천면로,2,하행,1240017900,2,01,기본도로,04,보조간선도로
55,구천면로,2,하행,1240017300,3,01,기본도로,04,보조간선도로
55,구천면로,2,하행,1240017100,4,01,기본도로,04,보조간선도로
55,구천면로,2,하행,1240017800,5,01,기본도로,04,보조간선도로
55,구천면로,2,하행,1240014300,7,01,기본도로,04,보조간선도로
55,구천면로,2,하행,1240012100,8,01,기본도로,04,보조간선도로
55,구천면로,2,하행,1240011600,9,01,기본도로,04,보조간선도로
55,구천면로,2,하행,1040011900,10,01,기본도로,04,보조간선도로
55,구천면로,2,하행,1040013300,11,01,기본도로,04,보조간선도로
56,국제금융로,1,상행,1180019900,1,01,기본도로,05,기타도로
56,국제금융로,1,상행,1180026700,3,01,기본도로,05,기타도로
56,국제금융로,1,상행,1180030300,4,01,기본도로,05,기타도로
56,국제금융로,2,하행,1180030200,1,01,기본도로,05,기타도로
56,국제금융로,2,하행,1180026600,2,01,기본도로,05,기타도로
56,국제금융로,2,하행,1180023000,3,01,기본도로,05,기타도로
57,국회대로,1,상행,1140041000,1,01,기본도로,03,주간선도로
57,국회대로,1,상행,1140041400,2,01,기본도로,03,주간선도로
57,국회대로,1,상행,1140041200,3,01,기본도로,03,주간선도로
57,국회대로,1,상행,1140028400,4,01,기본도로,03,주간선도로
57,국회대로,1,상행,1140029500,5,01,기본도로,03,주간선도로
57,국회대로,1,상행,1180037000,7,01,기본도로,03,주간선도로
57,국회대로,1,상행,1180035600,8,01,기본도로,03,주간선도로
57,국회대로,1,상행,1180034000,9,01,기본도로,03,주간선도로
57,국회대로,1,상행,1180031800,10,01,기본도로,03,주간선도로
57,국회대로,1,상행,1180030600,11,01,기본도로,03,주간선도로
57,국회대로,1,상행,1180029600,12,01,기본도로,03,주간선도로
57,국회대로,1,상행,1180031500,14,01,기본도로,03,주간선도로
57,국회대로,1,상행,1180033300,15,01,기본도로,03,주간선도로
57,국회대로,1,상행,1180036500,16,01,기본도로,03,주간선도로
57,국회대로,1,상행,1180041100,17,01,기본도로,03,주간선도로
57,국회대로,2,하행,1180041000,1,01,기본도로,03,주간선도로
57,국회대로,2,하행,1180033200,3,01,기본도로,03,주간선도로
57,국회대로,2,하행,1180031400,4,01,기본도로,03,주간선도로
57,국회대로,2,하행,1180030000,5,01,기본도로,03,주간선도로
57,국회대로,2,하행,1180029700,6,01,기본도로,03,주간선도로
57,국회대로,2,하행,1180030700,7,01,기본도로,03,주간선도로
57,국회대로,2,하행,1180034100,9,01,기본도로,03,주간선도로
57,국회대로,2,하행,1180035700,10,01,기본도로,03,주간선도로
57,국회대로,2,하행,1180037100,11,01,기본도로,03,주간선도로
57,국회대로,2,하행,1140029400,12,01,기본도로,03,주간선도로
57,국회대로,2,하행,1140029600,13,01,기본도로,03,주간선도로
57,국회대로,2,하행,1140028900,14,01,기본도로,03,주간선도로
57,국회대로,2,하행,1140026100,16,01,기본도로,03,주간선도로
57,국회대로,2,하행,1140024900,17,01,기본도로,03,주간선도로
57,국회대로,2,하행,1140022100,18,01,기본도로,03,주간선도로
58,군자로,1,상행,1040014000,1,01,기본도로,04,보조간선도로
58,군자로,2,하행,1040014100,1,01,기본도로,04,보조간선도로
59,금낭화로,1,상행,1150018900,2,01,기본도로,05,기타도로
59,금낭화로,1,상행,1150019700,3,01,기본도로,05,기타도로
59,금낭화로,1,상행,1150020500,4,01,기본도로,05,기타도로
59,금낭화로,1,상행,1150021300,5,01,기본도로,05,기타도로
59,금낭화로,1,상행,1150021900,6,01,기본도로,05,기타도로
59,금낭화로,2,하행,1150022000,1,01,기본도로,05,기타도로
59,금낭화로,2,하행,1150021800,2,01,기본도로,05,기타도로
59,금낭화로,2,하행,1150021200,3,01,기본도로,05,기타도로
59,금낭화로,2,하행,1150020400,4,01,기본도로,05,기타도로
59,금낭화로,2,하행,1150019600,5,01,기본도로,05,기타도로
59,금낭화로,2,하행,1150018800,6,01,기본도로,05,기타도로
60,금낭화로23길,1,상행,1150021600,1,01,기본도로,05,기타도로
60,금낭화로23길,2,하행,1150021700,1,01,기본도로,05,기타도로
62,금하로,1,상행,1170000700,1,01,기본도로,04,보조간선도로
62,금하로,1,상행,1170002300,2,01,기본도로,04,보조간선도로
62,금하로,1,상행,1170002100,3,01,기본도로,04,보조간선도로
62,금하로,2,하행,1170002400,2,01,기본도로,04,보조간선도로
62,금하로,2,하행,1170000800,3,01,기본도로,04,보조간선도로
63,금호로,1,상행,1030008400,1,01,기본도로,04,보조간선도로
63,금호로,1,상행,1030011400,2,01,기본도로,04,보조간선도로
63,금호로,1,상행,1030012800,3,01,기본도로,04,보조간선도로
63,금호로,1,상행,1010006200,5,01,기본도로,04,보조간선도로
63,금호로,2,하행,1010006100,1,01,기본도로,04,보조간선도로
63,금호로,2,하행,1030014900,2,01,기본도로,04,보조간선도로
63,금호로,2,하행,1030012700,3,01,기본도로,04,보조간선도로
63,금호로,2,하행,1030011300,4,01,기본도로,04,보조간선도로
63,금호로,2,하행,1030008300,5,01,기본도로,04,보조간선도로
64,기아로,2,하행,1170001600,1,01,기본도로,04,보조간선도로
65,긴고랑로,1,상행,1040015000,1,01,기본도로,05,기타도로
65,긴고랑로,1,상행,1040015900,2,01,기본도로,05,기타도로
65,긴고랑로,1,상행,1040016100,3,01,기본도로,05,기타도로
65,긴고랑로,1,상행,1040016300,4,01,기본도로,05,기타도로
65,긴고랑로,2,하행,1040016000,2,01,기본도로,05,기타도로
65,긴고랑로,2,하행,1040015800,3,01,기본도로,05,기타도로
65,긴고랑로,2,하행,1040015100,4,01,기본도로,05,기타도로
66,김포대로,1,상행,1150004800,1,01,기본도로,05,기타도로
66,김포대로,1,상행,1150005200,2,01,기본도로,05,기타도로
66,김포대로,2,하행,1150004700,2,01,기본도로,05,기타도로
67,까치산로,1,상행,1150010400,1,01,기본도로,05,기타도로
67,까치산로,2,하행,1150010500,1,01,기본도로,05,기타도로
68,나루터로,1,상행,1210029400,1,01,기본도로,05,기타도로
68,나루터로,1,상행,1210029700,2,01,기본도로,05,기타도로
68,나루터로,2,하행,1210029600,1,01,기본도로,05,기타도로
69,낙성대로,1,상행,1200001100,1,01,기본도로,05,기타도로
69,낙성대로,2,하행,1200001200,1,01,기본도로,05,기타도로
70,난계로,1,상행,1030013000,1,01,기본도로,04,보조간선도로
70,난계로,1,상행,1030015600,2,01,기본도로,04,보조간선도로
70,난계로,1,상행,1010015600,3,01,기본도로,04,보조간선도로
70,난계로,1,상행,1010020200,5,01,기본도로,04,보조간선도로
70,난계로,2,하행,1010020100,1,01,기본도로,04,보조간선도로
70,난계로,2,하행,1010019300,2,01,기본도로,04,보조간선도로
70,난계로,2,하행,1010015500,3,01,기본도로,04,보조간선도로
70,난계로,2,하행,1030015500,4,01,기본도로,04,보조간선도로
71,난곡로,1,상행,3201508400,1,01,기본도로,04,보조간선도로
71,난곡로,1,상행,1200001000,2,01,기본도로,04,보조간선도로
71,난곡로,1,상행,1200003200,3,01,기본도로,04,보조간선도로
71,난곡로,1,상행,1200006200,4,01,기본도로,04,보조간선도로
71,난곡로,1,상행,1200009400,5,01,기본도로,04,보조간선도로
71,난곡로,2,하행,1200009300,1,01,기본도로,04,보조간선도로
71,난곡로,2,하행,1200003100,3,01,기본도로,04,보조간선도로
71,난곡로,2,하행,1200000900,4,01,기본도로,04,보조간선도로
71,난곡로,2,하행,3201508500,5,01,기본도로,04,보조간선도로
72,남대문로,1,상행,1010016900,1,01,기본도로,04,보조간선도로
72,남대문로,1,상행,1010011300,2,01,기본도로,04,보조간선도로
72,남대문로,1,상행,1010005100,4,01,기본도로,04,보조간선도로
72,남대문로,2,하행,1010005200,1,01,기본도로,04,보조간선도로
72,남대문로,2,하행,1010007200,2,01,기본도로,04,보조간선도로
72,남대문로,2,하행,1010011400,3,01,기본도로,04,보조간선도로
72,남대문로,2,하행,1010017000,4,01,기본도로,04,보조간선도로
73,남대문로7길,2,하행,1010009200,1,01,기본도로,05,기타도로
74,남부순환로,1,상행,1150012600,1,01,기본도로,03,주간선도로
74,남부순환로,1,상행,1150011800,2,01,기본도로,03,주간선도로
74,남부순환로,1,상행,1140039700,3,01,기본도로,03,주간선도로
74,남부순환로,1,상행,1140036300,4,01,기본도로,03,주간선도로
74,남부순환로,1,상행,1140030700,5,01,기본도로,03,주간선도로
74,남부순환로,1,상행,1140017100,7,01,기본도로,03,주간선도로
74,남부순환로,1,상행,1140011300,8,01,기본도로,03,주간선도로
74,남부순환로,1,상행,1140003300,9,01,기본도로,03,주간선도로
74,남부순환로,1,상행,1160016100,10,01,기본도로,03,주간선도로
74,남부순환로,1,상행,1160013300,11,01,기본도로,03,주간선도로
74,남부순환로,1,상행,1160009500,13,01,기본도로,03,주간선도로
74,남부순환로,1,상행,1160008100,14,01,기본도로,03,주간선도로
74,남부순환로,1,상행,1160003700,15,01,기본도로,03,주간선도로
74,남부순환로,1,상행,1200002800,16,01,기본도로,03,주간선도로
74,남부순환로,1,상행,1200004000,17,01,기본도로,03,주간선도로
74,남부순환로,1,상행,1200007200,19,01,기본도로,03,주간선도로
74,남부순환로,1,상행,1200008000,20,01,기본도로,03,주간선도로
74,남부순환로,1,상행,1200005900,21,01,기본도로,03,주간선도로
74,남부순환로,1,상행,1200004700,22,01,기본도로,03,주간선도로
74,남부순환로,1,상행,1200003700,23,01,기본도로,03,주간선도로
74,남부순환로,1,상행,1200002500,24,01,기본도로,03,주간선도로
74,남부순환로,1,상행,1200001500,26,01,기본도로,03,주간선도로
74,남부순환로,1,상행,1210010800,27,01,기본도로,03,주간선도로
74,남부순환로,1,상행,1210009800,28,01,기본도로,03,주간선도로
74,남부순환로,1,상행,1210011100,29,01,기본도로,03,주간선도로
74,남부순환로,1,상행,1210012500,30,01,기본도로,03,주간선도로
74,남부순환로,1,상행,1210014300,32,01,기본도로,03,주간선도로
74,남부순환로,1,상행,1210003500,33,01,기본도로,03,주간선도로
74,남부순환로,1,상행,1210015200,34,01,기본도로,03,주간선도로
74,남부순환로,1,상행,1210015500,35,01,기본도로,03,주간선도로
74,남부순환로,1,상행,1220010300,36,01,기본도로,03,주간선도로
74,남부순환로,1,상행,1220012500,38,01,기본도로,03,주간선도로
74,남부순환로,1,상행,1220014300,39,01,기본도로,03,주간선도로
74,남부순환로,1,상행,1220018500,40,01,기본도로,03,주간선도로
74,남부순환로,1,상행,1220021300,41,01,기본도로,03,주간선도로
74,남부순환로,1,상행,1220022800,42,01,기본도로,03,주간선도로
74,남부순환로,1,상행,1220023500,43,01,기본도로,03,주간선도로
74,남부순환로,1,상행,1220020200,45,01,기본도로,03,주간선도로
74,남부순환로,2,하행,1220020300,1,01,기본도로,03,주간선도로
74,남부순환로,2,하행,1220022100,2,01,기본도로,03,주간선도로
74,남부순환로,2,하행,1220023600,3,01,기본도로,03,주간선도로
74,남부순환로,2,하행,1220022700,4,01,기본도로,03,주간선도로
74,남부순환로,2,하행,1220018400,6,01,기본도로,03,주간선도로
74,남부순환로,2,하행,1220014200,7,01,기본도로,03,주간선도로
74,남부순환로,2,하행,1220012400,8,01,기본도로,03,주간선도로
74,남부순환로,2,하행,1220010600,9,01,기본도로,03,주간선도로
74,남부순환로,2,하행,1220010200,10,01,기본도로,03,주간선도로
74,남부순환로,2,하행,1210015300,12,01,기본도로,03,주간선도로
74,남부순환로,2,하행,1210003800,13,01,기본도로,03,주간선도로
74,남부순환로,2,하행,1210014200,14,01,기본도로,03,주간선도로
74,남부순환로,2,하행,1210013400,15,01,기본도로,03,주간선도로
74,남부순환로,2,하행,1210012400,16,01,기본도로,03,주간선도로
74,남부순환로,2,하행,1210011000,17,01,기본도로,03,주간선도로
74,남부순환로,2,하행,1210010900,19,01,기본도로,03,주간선도로
74,남부순환로,2,하행,1200001600,20,01,기본도로,03,주간선도로
74,남부순환로,2,하행,1200002600,22,01,기본도로,03,주간선도로
74,남부순환로,2,하행,1200003800,23,01,기본도로,03,주간선도로
74,남부순환로,2,하행,1200004800,24,01,기본도로,03,주간선도로
74,남부순환로,2,하행,1200007100,27,01,기본도로,03,주간선도로
74,남부순환로,2,하행,1200005700,28,01,기본도로,03,주간선도로
74,남부순환로,2,하행,1200003900,29,01,기본도로,03,주간선도로
74,남부순환로,2,하행,1200002700,30,01,기본도로,03,주간선도로
74,남부순환로,2,하행,1160008200,32,01,기본도로,03,주간선도로
74,남부순환로,2,하행,1160011000,34,01,기본도로,03,주간선도로
74,남부순환로,2,하행,1160013400,35,01,기본도로,03,주간선도로
74,남부순환로,2,하행,1160016200,36,01,기본도로,03,주간선도로
74,남부순환로,2,하행,1140011400,38,01,기본도로,03,주간선도로
74,남부순환로,2,하행,1140017200,39,01,기본도로,03,주간선도로
74,남부순환로,2,하행,1140023400,40,01,기본도로,03,주간선도로
74,남부순환로,2,하행,1140039800,43,01,기본도로,03,주간선도로
74,남부순환로,2,하행,1150011900,44,01,기본도로,03,주간선도로
74,남부순환로,2,하행,1150012700,45,01,기본도로,03,주간선도로
75,남부순환로72길,1,상행,1140013800,1,01,기본도로,05,기타도로
80,노들로,1,상행,1180004300,2,01,기본도로,03,주간선도로
80,노들로,1,상행,1180003500,3,01,기본도로,03,주간선도로
80,노들로,1,상행,1180003300,4,01,기본도로,03,주간선도로
80,노들로,1,상행,1180040600,5,01,기본도로,03,주간선도로
80,노들로,1,상행,1180039000,6,01,기본도로,03,주간선도로
80,노들로,1,상행,1180025800,8,01,기본도로,03,주간선도로
80,노들로,1,상행,1190007100,9,01,기본도로,03,주간선도로
80,노들로,1,상행,1190006800,10,01,기본도로,03,주간선도로
80,노들로,1,상행,1190007300,11,01,기본도로,03,주간선도로
80,노들로,1,상행,1190006500,12,01,기본도로,03,주간선도로
80,노들로,2,하행,1190006600,1,01,기본도로,03,주간선도로
80,노들로,2,하행,1190006700,3,01,기본도로,03,주간선도로
80,노들로,2,하행,1190007200,4,01,기본도로,03,주간선도로
80,노들로,2,하행,1180025900,5,01,기본도로,03,주간선도로
80,노들로,2,하행,1180034700,6,01,기본도로,03,주간선도로
80,노들로,2,하행,1180039100,7,01,기본도로,03,주간선도로
80,노들로,2,하행,1180003400,9,01,기본도로,03,주간선도로
80,노들로,2,하행,1180003600,10,01,기본도로,03,주간선도로
80,노들로,2,하행,1180004400,11,01,기본도로,03,주간선도로
80,노들로,2,하행,1180004800,12,01,기본도로,03,주간선도로
81,노량진로,1,상행,1190005200,1,01,기본도로,04,보조간선도로
81,노량진로,1,상행,1190005900,3,01,기본도로,04,보조간선도로
81,노량진로,1,상행,1190005700,4,01,기본도로,04,보조간선도로
81,노량진로,2,하행,1190005800,1,01,기본도로,04,보조간선도로
81,노량진로,2,하행,1190006000,2,01,기본도로,04,보조간선도로
81,노량진로,2,하행,1190006400,3,01,기본도로,04,보조간선도로
81,노량진로,2,하행,1190005100,4,01,기본도로,04,보조간선도로
82,노량진로23길,2,하행,1190005300,1,01,기본도로,05,기타도로
83,노원로,1,상행,1100009800,1,01,기본도로,04,보조간선도로
83,노원로,1,상행,1100013800,2,01,기본도로,04,보조간선도로
83,노원로,1,상행,1100017000,3,01,기본도로,04,보조간선도로
83,노원로,1,상행,1100019200,4,01,기본도로,04,보조간선도로
83,노원로,1,상행,1100024400,6,01,기본도로,04,보조간선도로
83,노원로,1,상행,1100026000,7,01,기본도로,04,보조간선도로
83,노원로,1,상행,1100026800,8,01,기본도로,04,보조간선도로
83,노원로,1,상행,1100027800,9,01,기본도로,04,보조간선도로
83,노원로,1,상행,1100029200,10,01,기본도로,04,보조간선도로
83,노원로,1,상행,1100030800,12,01,기본도로,04,보조간선도로
83,노원로,1,상행,1100031600,13,01,기본도로,04,보조간선도로
83,노원로,1,상행,1100032000,14,01,기본도로,04,보조간선도로
83,노원로,1,상행,1100032200,15,01,기본도로,04,보조간선도로
83,노원로,2,하행,1100032100,1,01,기본도로,04,보조간선도로
83,노원로,2,하행,1100031900,2,01,기본도로,04,보조간선도로
83,노원로,2,하행,1100030700,4,01,기본도로,04,보조간선도로
83,노원로,2,하행,1100030300,5,01,기본도로,04,보조간선도로
83,노원로,2,하행,1100029100,6,01,기본도로,04,보조간선도로
83,노원로,2,하행,1100027700,7,01,기본도로,04,보조간선도로
83,노원로,2,하행,1100026700,8,01,기본도로,04,보조간선도로
83,노원로,2,하행,1100024300,10,01,기본도로,04,보조간선도로
83,노원로,2,하행,1100021900,11,01,기본도로,04,보조간선도로
83,노원로,2,하행,1100019100,12,01,기본도로,04,보조간선도로
83,노원로,2,하행,1100016900,13,01,기본도로,04,보조간선도로
83,노원로,2,하행,1100013700,14,01,기본도로,04,보조간선도로
84,노원로26길,1,상행,1100028900,1,01,기본도로,05,기타도로
84,노원로26길,2,하행,1100029000,1,01,기본도로,05,기타도로
85,노해로,1,상행,1100029500,1,01,기본도로,04,보조간선도로
85,노해로,1,상행,1100028700,2,01,기본도로,04,보조간선도로
85,노해로,1,상행,1100028500,3,01,기본도로,04,보조간선도로
85,노해로,1,상행,1090006500,4,01,기본도로,04,보조간선도로
85,노해로,1,상행,1090005400,6,01,기본도로,04,보조간선도로
85,노해로,1,상행,1090005700,7,01,기본도로,04,보조간선도로
85,노해로,1,상행,1090005500,8,01,기본도로,04,보조간선도로
85,노해로,1,상행,1090005100,9,01,기본도로,04,보조간선도로
85,노해로,1,상행,1090004100,10,01,기본도로,04,보조간선도로
85,노해로,1,상행,1080010300,12,01,기본도로,04,보조간선도로
85,노해로,2,하행,1080010400,1,01,기본도로,04,보조간선도로
85,노해로,2,하행,1080012400,2,01,기본도로,04,보조간선도로
85,노해로,2,하행,1090004200,3,01,기본도로,04,보조간선도로
85,노해로,2,하행,1090005200,4,01,기본도로,04,보조간선도로
85,노해로,2,하행,1090005800,6,01,기본도로,04,보조간선도로
85,노해로,2,하행,1090005300,7,01,기본도로,04,보조간선도로
85,노해로,2,하행,1090006000,8,01,기본도로,04,보조간선도로
85,노해로,2,하행,1090006600,9,01,기본도로,04,보조간선도로
85,노해로,2,하행,1100028600,10,01,기본도로,04,보조간선도로
85,노해로,2,하행,1100028800,11,01,기본도로,04,보조간선도로
86,녹사평대로,1,상행,1020021100,1,01,기본도로,03,주간선도로
86,녹사평대로,1,상행,1020015700,2,01,기본도로,03,주간선도로
86,녹사평대로,1,상행,1020011900,3,01,기본도로,03,주간선도로
86,녹사평대로,1,상행,1020008900,4,01,기본도로,03,주간선도로
86,녹사평대로,1,상행,1020007100,5,01,기본도로,03,주간선도로
86,녹사평대로,2,하행,1020005000,1,01,기본도로,03,주간선도로
86,녹사평대로,2,하행,1020007200,2,01,기본도로,03,주간선도로
86,녹사평대로,2,하행,1020009000,3,01,기본도로,03,주간선도로
86,녹사평대로,2,하행,1020012000,4,01,기본도로,03,주간선도로
86,녹사평대로,2,하행,1020015800,5,01,기본도로,03,주간선도로
87,녹사평대로26길,1,상행,1020008800,1,01,기본도로,05,기타도로
87,녹사평대로26길,2,하행,1020008700,1,01,기본도로,05,기타도로
88,녹사평대로58길,1,상행,1020021500,1,01,기본도로,04,보조간선도로
88,녹사평대로58길,2,하행,1020021600,1,01,기본도로,04,보조간선도로
89,논현로,1,상행,1220037000,1,01,기본도로,03,주간선도로
89,논현로,1,상행,1220036600,2,01,기본도로,03,주간선도로
89,논현로,1,상행,1220032200,4,01,기본도로,03,주간선도로
89,논현로,1,상행,1220029600,5,01,기본도로,03,주간선도로
89,논현로,1,상행,1220026200,6,01,기본도로,03,주간선도로
89,논현로,1,상행,1220022900,7,01,기본도로,03,주간선도로
89,논현로,1,상행,1220019800,8,01,기본도로,03,주간선도로
89,논현로,1,상행,1220009000,10,01,기본도로,03,주간선도로
89,논현로,1,상행,1220007600,11,01,기본도로,03,주간선도로
89,논현로,1,상행,1220007200,12,01,기본도로,03,주간선도로
89,논현로,1,상행,1220006400,13,01,기본도로,03,주간선도로
89,논현로,1,상행,1220006200,14,01,기본도로,03,주간선도로
89,논현로,2,하행,1220006500,2,01,기본도로,03,주간선도로
89,논현로,2,하행,1220007300,3,01,기본도로,03,주간선도로
89,논현로,2,하행,1220007700,4,01,기본도로,03,주간선도로
89,논현로,2,하행,1220009100,5,01,기본도로,03,주간선도로
89,논현로,2,하행,1220013500,6,01,기본도로,03,주간선도로
89,논현로,2,하행,1220019900,7,01,기본도로,03,주간선도로
89,논현로,2,하행,1220026300,9,01,기본도로,03,주간선도로
89,논현로,2,하행,1220029700,10,01,기본도로,03,주간선도로
89,논현로,2,하행,1220032300,11,01,기본도로,03,주간선도로
89,논현로,2,하행,1220034500,12,01,기본도로,03,주간선도로
89,논현로,2,하행,1220036700,13,01,기본도로,03,주간선도로
90,능동로,1,상행,1040006300,1,01,기본도로,04,보조간선도로
90,능동로,1,상행,1040009100,2,01,기본도로,04,보조간선도로
90,능동로,1,상행,1040012100,3,01,기본도로,04,보조간선도로
90,능동로,1,상행,1040014300,4,01,기본도로,04,보조간선도로
90,능동로,1,상행,1040015300,5,01,기본도로,04,보조간선도로
90,능동로,2,하행,1040016600,1,01,기본도로,04,보조간선도로
90,능동로,2,하행,1040015200,2,01,기본도로,04,보조간선도로
90,능동로,2,하행,1040014200,3,01,기본도로,04,보조간선도로
90,능동로,2,하행,1040012000,4,01,기본도로,04,보조간선도로
90,능동로,2,하행,1040009000,5,01,기본도로,04,보조간선도로
90,능동로,2,하행,1040006200,6,01,기본도로,04,보조간선도로
91,다산로,1,상행,1010015900,2,01,기본도로,04,보조간선도로
91,다산로,1,상행,1010006700,3,01,기본도로,04,보조간선도로
91,다산로,1,상행,1010001700,4,01,기본도로,04,보조간선도로
91,다산로,1,상행,1020021300,5,01,기본도로,04,보조간선도로
91,다산로,2,하행,1020021400,1,01,기본도로,04,보조간선도로
91,다산로,2,하행,1010006800,3,01,기본도로,04,보조간선도로
91,다산로,2,하행,1010016000,4,01,기본도로,04,보조간선도로
91,다산로,2,하행,1010019200,5,01,기본도로,04,보조간선도로
92,답십리로,1,상행,1060007000,1,01,기본도로,04,보조간선도로
92,답십리로,1,상행,1060007200,2,01,기본도로,04,보조간선도로
92,답십리로,1,상행,1050006200,4,01,기본도로,04,보조간선도로
92,답십리로,1,상행,1050007000,5,01,기본도로,04,보조간선도로
92,답십리로,1,상행,1050007200,6,01,기본도로,04,보조간선도로
92,답십리로,1,상행,1050007400,7,01,기본도로,04,보조간선도로
92,답십리로,1,상행,1050008800,8,01,기본도로,04,보조간선도로
92,답십리로,1,상행,1050010800,9,01,기본도로,04,보조간선도로
92,답십리로,2,하행,1050010900,1,01,기본도로,04,보조간선도로
92,답십리로,2,하행,1050010700,2,01,기본도로,04,보조간선도로
92,답십리로,2,하행,1050008700,3,01,기본도로,04,보조간선도로
92,답십리로,2,하행,1050007300,4,01,기본도로,04,보조간선도로
92,답십리로,2,하행,1050007100,5,01,기본도로,04,보조간선도로
92,답십리로,2,하행,1050006100,7,01,기본도로,04,보조간선도로
92,답십리로,2,하행,1050005700,8,01,기본도로,04,보조간선도로
92,답십리로,2,하행,1060007100,9,01,기본도로,04,보조간선도로
92,답십리로,2,하행,1060006900,10,01,기본도로,04,보조간선도로
93,당산로,1,상행,1180017500,1,01,기본도로,04,보조간선도로
93,당산로,1,상행,1180025700,3,01,기본도로,04,보조간선도로
93,당산로,1,상행,1180031100,4,01,기본도로,04,보조간선도로
93,당산로,1,상행,1180035100,5,01,기본도로,04,보조간선도로
93,당산로,1,상행,1180038300,6,01,기본도로,04,보조간선도로
93,당산로,1,상행,1180040300,7,01,기본도로,04,보조간선도로
93,당산로,2,하행,1180040200,1,01,기본도로,04,보조간선도로
93,당산로,2,하행,1180035000,3,01,기본도로,04,보조간선도로
93,당산로,2,하행,1180031000,4,01,기본도로,04,보조간선도로
93,당산로,2,하행,1180025600,5,01,기본도로,04,보조간선도로
93,당산로,2,하행,1180021800,6,01,기본도로,04,보조간선도로
93,당산로,2,하행,1180017400,7,01,기본도로,04,보조간선도로
94,당산로54길,2,하행,1180036700,1,01,기본도로,04,보조간선도로
95,대림로,1,상행,1180010000,1,01,기본도로,04,보조간선도로
95,대림로,1,상행,1180007600,2,01,기본도로,04,보조간선도로
95,대림로,1,상행,1180006600,3,01,기본도로,04,보조간선도로
95,대림로,1,상행,1180006200,4,01,기본도로,04,보조간선도로
95,대림로,2,하행,1200010200,1,01,기본도로,04,보조간선도로
95,대림로,2,하행,1180006300,2,01,기본도로,04,보조간선도로
95,대림로,2,하행,1180006700,3,01,기본도로,04,보조간선도로
95,대림로,2,하행,1180007700,4,01,기본도로,04,보조간선도로
95,대림로,2,하행,1180010100,5,01,기본도로,04,보조간선도로
96,대방천길,1,상행,1180012500,1,01,기본도로,04,보조간선도로
97,대방천로,1,상행,3201507800,1,01,기본도로,04,보조간선도로
97,대방천로,1,상행,1180008700,2,01,기본도로,04,보조간선도로
97,대방천로,1,상행,1180009700,3,01,기본도로,04,보조간선도로
97,대방천로,1,상행,1180011100,4,01,기본도로,04,보조간선도로
97,대방천로,1,상행,1180012300,5,01,기본도로,04,보조간선도로
97,대방천로,2,하행,1180011000,2,01,기본도로,04,보조간선도로
97,대방천로,2,하행,1180009600,3,01,기본도로,04,보조간선도로
97,대방천로,2,하행,1180008600,4,01,기본도로,04,보조간선도로
97,대방천로,2,하행,3201507900,5,01,기본도로,04,보조간선도로
98,대학로,1,상행,1000009000,1,01,기본도로,03,주간선도로
98,대학로,2,하행,1000015900,1,01,기본도로,03,주간선도로
98,대학로,2,하행,1000008900,2,01,기본도로,03,주간선도로
99,대흥로,1,상행,1130014700,1,01,기본도로,04,보조간선도로
99,대흥로,1,상행,1130011700,2,01,기본도로,04,보조간선도로
99,대흥로,1,상행,1130009900,3,01,기본도로,04,보조간선도로
99,대흥로,1,상행,1130008000,4,01,기본도로,04,보조간선도로
99,대흥로,2,하행,1130010000,2,01,기본도로,04,보조간선도로
99,대흥로,2,하행,1130011800,3,01,기본도로,04,보조간선도로
99,대흥로,2,하행,1130014800,4,01,기본도로,04,보조간선도로
100,덕릉로,1,상행,1080006600,1,01,기본도로,04,보조간선도로
100,덕릉로,1,상행,1080007000,2,01,기본도로,04,보조간선도로
100,덕릉로,1,상행,1080007400,4,01,기본도로,04,보조간선도로
100,덕릉로,1,상행,1080007600,5,01,기본도로,04,보조간선도로
100,덕릉로,1,상행,1080008200,6,01,기본도로,04,보조간선도로
100,덕릉로,1,상행,1080009000,7,01,기본도로,04,보조간선도로
100,덕릉로,1,상행,1090000800,8,01,기본도로,04,보조간선도로
100,덕릉로,1,상행,1090001200,9,01,기본도로,04,보조간선도로
100,덕릉로,1,상행,1090002400,11,01,기본도로,04,보조간선도로
100,덕릉로,1,상행,1090002100,12,01,기본도로,04,보조간선도로
100,덕릉로,1,상행,1100023500,13,01,기본도로,04,보조간선도로
100,덕릉로,1,상행,1100022700,14,01,기본도로,04,보조간선도로
100,덕릉로,1,상행,1100023200,15,01,기본도로,04,보조간선도로
100,덕릉로,1,상행,1100025400,17,01,기본도로,04,보조간선도로
100,덕릉로,1,상행,1100027000,18,01,기본도로,04,보조간선도로
100,덕릉로,1,상행,1100028400,19,01,기본도로,04,보조간선도로
100,덕릉로,1,상행,1100031800,21,01,기본도로,04,보조간선도로
100,덕릉로,1,상행,1100034400,22,01,기본도로,04,보조간선도로
100,덕릉로,1,상행,1100035800,23,01,기본도로,04,보조간선도로
100,덕릉로,2,하행,1100034300,2,01,기본도로,04,보조간선도로
100,덕릉로,2,하행,1100029900,4,01,기본도로,04,보조간선도로
100,덕릉로,2,하행,1100028300,5,01,기본도로,04,보조간선도로
100,덕릉로,2,하행,1100026900,6,01,기본도로,04,보조간선도로
100,덕릉로,2,하행,1100025300,7,01,기본도로,04,보조간선도로
100,덕릉로,2,하행,1100023900,8,01,기본도로,04,보조간선도로
100,덕릉로,2,하행,1100023600,11,01,기본도로,04,보조간선도로
100,덕릉로,2,하행,1090002200,12,01,기본도로,04,보조간선도로
100,덕릉로,2,하행,1090002300,13,01,기본도로,04,보조간선도로
100,덕릉로,2,하행,1090001100,15,01,기본도로,04,보조간선도로
100,덕릉로,2,하행,1090000700,16,01,기본도로,04,보조간선도로
100,덕릉로,2,하행,1080008100,18,01,기본도로,04,보조간선도로
100,덕릉로,2,하행,1080007500,19,01,기본도로,04,보조간선도로
100,덕릉로,2,하행,1080007100,21,01,기본도로,04,보조간선도로
100,덕릉로,2,하행,1080006500,23,01,기본도로,04,보조간선도로
101,덕수궁길,1,상행,1010011000,1,01,기본도로,05,기타도로
101,덕수궁길,1,상행,1010017800,2,01,기본도로,05,기타도로
102,도곡로,1,상행,1220015500,1,01,기본도로,04,보조간선도로
102,도곡로,1,상행,1220016700,2,01,기본도로,04,보조간선도로
102,도곡로,1,상행,1220019100,3,01,기본도로,04,보조간선도로
102,도곡로,1,상행,1220022600,5,01,기본도로,04,보조간선도로
102,도곡로,1,상행,1220024300,6,01,기본도로,04,보조간선도로
102,도곡로,1,상행,1220025700,7,01,기본도로,04,보조간선도로
102,도곡로,1,상행,1230019200,8,01,기본도로,04,보조간선도로
102,도곡로,2,하행,1230019100,1,01,기본도로,04,보조간선도로
102,도곡로,2,하행,1220025600,2,01,기본도로,04,보조간선도로
102,도곡로,2,하행,1220022500,4,01,기본도로,04,보조간선도로
102,도곡로,2,하행,1220020800,5,01,기본도로,04,보조간선도로
102,도곡로,2,하행,1220019000,6,01,기본도로,04,보조간선도로
102,도곡로,2,하행,1220016600,7,01,기본도로,04,보조간선도로
102,도곡로,2,하행,1220015400,8,01,기본도로,04,보조간선도로
103,도곡로62길,2,하행,1230017600,1,01,기본도로,05,기타도로
104,도당로,1,상행,1090009400,1,01,기본도로,05,기타도로
104,도당로,1,상행,1090010800,2,01,기본도로,05,기타도로
104,도당로,1,상행,1090011800,3,01,기본도로,05,기타도로
104,도당로,2,하행,1090011700,1,01,기본도로,05,기타도로
104,도당로,2,하행,1090010700,2,01,기본도로,05,기타도로
105,도림로,1,상행,1180016600,1,01,기본도로,04,보조간선도로
105,도림로,1,상행,1180015200,2,01,기본도로,04,보조간선도로
105,도림로,1,상행,1180014400,3,01,기본도로,04,보조간선도로
105,도림로,1,상행,1180013000,4,01,기본도로,04,보조간선도로
105,도림로,1,상행,1180011600,5,01,기본도로,04,보조간선도로
105,도림로,1,상행,1180010400,6,01,기본도로,04,보조간선도로
105,도림로,1,상행,1180008400,8,01,기본도로,04,보조간선도로
105,도림로,1,상행,1180007200,9,01,기본도로,04,보조간선도로
105,도림로,1,상행,1160010300,10,01,기본도로,04,보조간선도로
105,도림로,1,상행,1160008500,11,01,기본도로,04,보조간선도로
105,도림로,1,상행,1160007300,12,01,기본도로,04,보조간선도로
105,도림로,2,하행,1160008600,2,01,기본도로,04,보조간선도로
105,도림로,2,하행,1160010400,3,01,기본도로,04,보조간선도로
105,도림로,2,하행,1180007300,4,01,기본도로,04,보조간선도로
105,도림로,2,하행,1180008500,5,01,기본도로,04,보조간선도로
105,도림로,2,하행,1180009100,6,01,기본도로,04,보조간선도로
105,도림로,2,하행,1180010500,7,01,기본도로,04,보조간선도로
105,도림로,2,하행,1180013100,9,01,기본도로,04,보조간선도로
105,도림로,2,하행,1180014500,10,01,기본도로,04,보조간선도로
105,도림로,2,하행,1180015300,11,01,기본도로,04,보조간선도로
105,도림로,2,하행,1180016700,12,01,기본도로,04,보조간선도로
106,도림천로,1,상행,1200009000,1,01,기본도로,03,주간선도로
106,도림천로,1,상행,1160007800,2,01,기본도로,03,주간선도로
106,도림천로,1,상행,1160014000,4,01,기본도로,03,주간선도로
106,도림천로,1,상행,1160016400,5,01,기본도로,03,주간선도로
106,도림천로,1,상행,1180013700,6,01,기본도로,03,주간선도로
106,도림천로,1,상행,1180014900,7,01,기본도로,03,주간선도로
106,도림천로,1,상행,1180016500,8,01,기본도로,03,주간선도로
106,도림천로,2,하행,1180017000,1,01,기본도로,03,주간선도로
106,도림천로,2,하행,1180016400,2,01,기본도로,03,주간선도로
106,도림천로,2,하행,1180014800,3,01,기본도로,03,주간선도로
106,도림천로,2,하행,1180013600,4,01,기본도로,03,주간선도로
106,도림천로,2,하행,1160016300,5,01,기본도로,03,주간선도로
106,도림천로,2,하행,1160013900,6,01,기본도로,03,주간선도로
106,도림천로,2,하행,1160007700,8,01,기본도로,03,주간선도로
106,도림천로,2,하행,1200008900,9,01,기본도로,03,주간선도로
107,도봉로,1,상행,1070018400,1,01,기본도로,03,주간선도로
107,도봉로,1,상행,1080002800,2,01,기본도로,03,주간선도로
107,도봉로,1,상행,1080005200,3,01,기본도로,03,주간선도로
107,도봉로,1,상행,1080008000,4,01,기본도로,03,주간선도로
107,도봉로,1,상행,1080010000,6,01,기본도로,03,주간선도로
107,도봉로,1,상행,1080011400,7,01,기본도로,03,주간선도로
107,도봉로,1,상행,1090001800,8,01,기본도로,03,주간선도로
107,도봉로,1,상행,1090003800,9,01,기본도로,03,주간선도로
107,도봉로,1,상행,1090007200,10,01,기본도로,03,주간선도로
107,도봉로,1,상행,1090011000,12,01,기본도로,03,주간선도로
107,도봉로,1,상행,1090012000,13,01,기본도로,03,주간선도로
107,도봉로,1,상행,1090012800,14,01,기본도로,03,주간선도로
107,도봉로,1,상행,1090000400,15,01,기본도로,03,주간선도로
107,도봉로,1,상행,1090000500,16,01,기본도로,03,주간선도로
107,도봉로,2,하행,1090000600,1,01,기본도로,03,주간선도로
107,도봉로,2,하행,1090012700,3,01,기본도로,03,주간선도로
107,도봉로,2,하행,1090011900,4,01,기본도로,03,주간선도로
107,도봉로,2,하행,1090010900,5,01,기본도로,03,주간선도로
107,도봉로,2,하행,1090008900,6,01,기본도로,03,주간선도로
107,도봉로,2,하행,1090007100,7,01,기본도로,03,주간선도로
107,도봉로,2,하행,1090003700,8,01,기본도로,03,주간선도로
107,도봉로,2,하행,1080011300,10,01,기본도로,03,주간선도로
107,도봉로,2,하행,1080009900,11,01,기본도로,03,주간선도로
107,도봉로,2,하행,1080009300,12,01,기본도로,03,주간선도로
107,도봉로,2,하행,1080007900,13,01,기본도로,03,주간선도로
107,도봉로,2,하행,1080005100,14,01,기본도로,03,주간선도로
107,도봉로,2,하행,1070018300,16,01,기본도로,03,주간선도로
108,도봉로170길,1,상행,1090000100,1,01,기본도로,04,보조간선도로
108,도봉로170길,2,하행,1090000200,1,01,기본도로,04,보조간선도로
109,도봉로8길,1,상행,1080001300,1,01,기본도로,05,기타도로
109,도봉로8길,2,하행,1080001400,1,01,기본도로,05,기타도로
110,도봉산길,1,상행,1090013200,1,01,기본도로,04,보조간선도로
111,도산대로,1,상행,1220034800,1,01,기본도로,04,보조간선도로
111,도산대로,1,상행,1220034600,2,01,기본도로,04,보조간선도로
111,도산대로,1,상행,1220034200,3,01,기본도로,04,보조간선도로
111,도산대로,1,상행,1220033600,4,01,기본도로,04,보조간선도로
111,도산대로,1,상행,1220032600,5,01,기본도로,04,보조간선도로
111,도산대로,2,하행,1220032700,1,01,기본도로,04,보조간선도로
111,도산대로,2,하행,1220034300,3,01,기본도로,04,보조간선도로
111,도산대로,2,하행,1220034700,4,01,기본도로,04,보조간선도로
111,도산대로,2,하행,1220034900,5,01,기본도로,04,보조간선도로
112,도신로,1,상행,1180014000,1,01,기본도로,04,보조간선도로
112,도신로,1,상행,1180013200,2,01,기본도로,04,보조간선도로
112,도신로,1,상행,1180011400,4,01,기본도로,04,보조간선도로
112,도신로,1,상행,1160015100,5,01,기본도로,04,보조간선도로
112,도신로,2,하행,1160015200,1,01,기본도로,04,보조간선도로
112,도신로,2,하행,1180011500,2,01,기본도로,04,보조간선도로
112,도신로,2,하행,1180012100,3,01,기본도로,04,보조간선도로
112,도신로,2,하행,1180013300,4,01,기본도로,04,보조간선도로
113,독막로,1,상행,1130009000,1,01,기본도로,04,보조간선도로
113,독막로,1,상행,1130010800,2,01,기본도로,04,보조간선도로
113,독막로,1,상행,1130011600,3,01,기본도로,04,보조간선도로
113,독막로,1,상행,1130012000,4,01,기본도로,04,보조간선도로
113,독막로,1,상행,1130012200,5,01,기본도로,04,보조간선도로
113,독막로,1,상행,1130012400,6,01,기본도로,04,보조간선도로
113,독막로,2,하행,1130012500,1,01,기본도로,04,보조간선도로
113,독막로,2,하행,1130012300,2,01,기본도로,04,보조간선도로
113,독막로,2,하행,1130012100,3,01,기본도로,04,보조간선도로
113,독막로,2,하행,1130011900,4,01,기본도로,04,보조간선도로
113,독막로,2,하행,1130011500,5,01,기본도로,04,보조간선도로
113,독막로,2,하행,1130008900,7,01,기본도로,04,보조간선도로
114,독산로,1,상행,1170008900,1,01,기본도로,04,보조간선도로
114,독산로,1,상행,1170006500,2,01,기본도로,04,보조간선도로
114,독산로,1,상행,1170004700,3,01,기본도로,04,보조간선도로
114,독산로,1,상행,1170002700,4,01,기본도로,04,보조간선도로
114,독산로,1,상행,1170001900,5,01,기본도로,04,보조간선도로
114,독산로,2,하행,1170002800,2,01,기본도로,04,보조간선도로
114,독산로,2,하행,1170004800,3,01,기본도로,04,보조간선도로
114,독산로,2,하행,1170006600,4,01,기본도로,04,보조간선도로
114,독산로,2,하행,1170009000,5,01,기본도로,04,보조간선도로
115,독서당로,1,상행,1030011100,1,01,기본도로,04,보조간선도로
115,독서당로,1,상행,1030009800,2,01,기본도로,04,보조간선도로
115,독서당로,1,상행,1030006900,4,01,기본도로,04,보조간선도로
115,독서당로,1,상행,1020012300,5,01,기본도로,04,보조간선도로
115,독서당로,2,하행,1020012400,1,01,기본도로,04,보조간선도로
115,독서당로,2,하행,1030007000,2,01,기본도로,04,보조간선도로
115,독서당로,2,하행,1030009000,3,01,기본도로,04,보조간선도로
115,독서당로,2,하행,1030011200,5,01,기본도로,04,보조간선도로
116,돈화문로,1,상행,1000010700,1,01,기본도로,04,보조간선도로
116,돈화문로,1,상행,1000007100,2,01,기본도로,04,보조간선도로
116,돈화문로,2,하행,1000004600,1,01,기본도로,04,보조간선도로
116,돈화문로,2,하행,1000007200,2,01,기본도로,04,보조간선도로
116,돈화문로,2,하행,1000010800,3,01,기본도로,04,보조간선도로
117,돌곶이로,1,상행,1070019500,2,01,기본도로,04,보조간선도로
117,돌곶이로,1,상행,1070017900,3,01,기본도로,04,보조간선도로
117,돌곶이로,1,상행,1070015300,4,01,기본도로,04,보조간선도로
117,돌곶이로,2,하행,1070015400,1,01,기본도로,04,보조간선도로
117,돌곶이로,2,하행,1070018000,2,01,기본도로,04,보조간선도로
117,돌곶이로,2,하행,1070019600,3,01,기본도로,04,보조간선도로
118,동교로,1,상행,1130018300,1,01,기본도로,05,기타도로
118,동교로,1,상행,1130016700,2,01,기본도로,05,기타도로
118,동교로,1,상행,1130016500,3,01,기본도로,05,기타도로
118,동교로,1,상행,1130015100,4,01,기본도로,05,기타도로
118,동교로,1,상행,1130014300,5,01,기본도로,05,기타도로
118,동교로,2,하행,1130015200,2,01,기본도로,05,기타도로
118,동교로,2,하행,1130016600,3,01,기본도로,05,기타도로
118,동교로,2,하행,1130016800,4,01,기본도로,05,기타도로
118,동교로,2,하행,1130018400,5,01,기본도로,05,기타도로
119,동남로,1,상행,1240027700,1,01,기본도로,04,보조간선도로
119,동남로,1,상행,1240025500,2,01,기본도로,04,보조간선도로
119,동남로,1,상행,1240019700,4,01,기본도로,04,보조간선도로
119,동남로,1,상행,1240015300,5,01,기본도로,04,보조간선도로
119,동남로,1,상행,1240012300,6,01,기본도로,04,보조간선도로
119,동남로,1,상행,1240010900,7,01,기본도로,04,보조간선도로
119,동남로,1,상행,1240008300,8,01,기본도로,04,보조간선도로
119,동남로,1,상행,1240005500,9,01,기본도로,04,보조간선도로
119,동남로,1,상행,1230025300,11,01,기본도로,04,보조간선도로
119,동남로,1,상행,1230018500,12,01,기본도로,04,보조간선도로
119,동남로,1,상행,1230014700,13,01,기본도로,04,보조간선도로
119,동남로,1,상행,1230012100,14,01,기본도로,04,보조간선도로
119,동남로,1,상행,1230010700,15,01,기본도로,04,보조간선도로
119,동남로,1,상행,1230007700,17,01,기본도로,04,보조간선도로
119,동남로,1,상행,1230006800,18,01,기본도로,04,보조간선도로
119,동남로,2,하행,1230006700,1,01,기본도로,04,보조간선도로
119,동남로,2,하행,1230007800,2,01,기본도로,04,보조간선도로
119,동남로,2,하행,1230009400,3,01,기본도로,04,보조간선도로
119,동남로,2,하행,1230010800,4,01,기본도로,04,보조간선도로
119,동남로,2,하행,1230014800,6,01,기본도로,04,보조간선도로
119,동남로,2,하행,1230018600,7,01,기본도로,04,보조간선도로
119,동남로,2,하행,1230025400,8,01,기본도로,04,보조간선도로
119,동남로,2,하행,1230031800,9,01,기본도로,04,보조간선도로
119,동남로,2,하행,1240005600,10,01,기본도로,04,보조간선도로
119,동남로,2,하행,1240008400,11,01,기본도로,04,보조간선도로
119,동남로,2,하행,1240012400,13,01,기본도로,04,보조간선도로
119,동남로,2,하행,1240015400,14,01,기본도로,04,보조간선도로
119,동남로,2,하행,1240019800,15,01,기본도로,04,보조간선도로
119,동남로,2,하행,1240023600,16,01,기본도로,04,보조간선도로
511,평택음성고속도로,1,상행,2310029201,13,04,기타도로,06,경기도로
511,평택음성고속도로,1,상행,2310028800,14,04,기타도로,06,경기도로
511,평택음성고속도로,1,상행,2140032401,15,04,기타도로,06,경기도로
511,평택음성고속도로,1,상행,2140029202,17,04,기타도로,06,경기도로
511,평택음성고속도로,1,상행,2140029203,18,04,기타도로,06,경기도로
511,평택음성고속도로,1,상행,2140029204,19,04,기타도로,06,경기도로
511,평택음성고속도로,1,상행,2140039100,20,04,기타도로,06,경기도로
511,평택음성고속도로,1,상행,2140040100,21,04,기타도로,06,경기도로
511,평택음성고속도로,2,하행,2140040200,1,04,기타도로,06,경기도로
511,평택음성고속도로,2,하행,2140029104,3,04,기타도로,06,경기도로
511,평택음성고속도로,2,하행,2140029103,4,04,기타도로,06,경기도로
511,평택음성고속도로,2,하행,2140029102,5,04,기타도로,06,경기도로
511,평택음성고속도로,2,하행,2310028200,6,04,기타도로,06,경기도로
511,평택음성고속도로,2,하행,2140032301,7,04,기타도로,06,경기도로
511,평택음성고속도로,2,하행,2310028700,8,04,기타도로,06,경기도로
511,평택음성고속도로,2,하행,2310026800,10,04,기타도로,06,경기도로
511,평택음성고속도로,2,하행,2310207500,11,04,기타도로,06,경기도로
511,평택음성고속도로,2,하행,2310236100,12,04,기타도로,06,경기도로
511,평택음성고속도로,2,하행,2310236200,13,04,기타도로,06,경기도로
511,평택음성고속도로,2,하행,2310236600,14,04,기타도로,06,경기도로
511,평택음성고속도로,2,하행,2310237600,16,04,기타도로,06,경기도로
511,평택음성고속도로,2,하행,2310238000,17,04,기타도로,06,경기도로
511,평택음성고속도로,2,하행,2310238100,18,04,기타도로,06,경기도로
511,평택음성고속도로,2,하행,2310237500,19,04,기타도로,06,경기도로
511,평택음성고속도로,2,하행,2310237200,20,04,기타도로,06,경기도로
511,평택음성고속도로,2,하행,2310237100,21,04,기타도로,06,경기도로
512,오산-화성고속도로,1,상행,2230079500,2,04,기타도로,06,경기도로
512,오산-화성고속도로,1,상행,2230080800,3,04,기타도로,06,경기도로
512,오산-화성고속도로,2,하행,2230077900,1,04,기타도로,06,경기도로
512,오산-화성고속도로,2,하행,2230079600,2,04,기타도로,06,경기도로
512,오산-화성고속도로,2,하행,2230079700,3,04,기타도로,06,경기도로
513,인천대교고속도로,1,상행,1610004900,1,04,기타도로,06,경기도로
513,인천대교고속도로,1,상행,1610050500,3,04,기타도로,06,경기도로
513,인천대교고속도로,1,상행,1610051000,4,04,기타도로,06,경기도로
513,인천대교고속도로,1,상행,1610050300,5,04,기타도로,06,경기도로
513,인천대교고속도로,1,상행,1610051200,6,04,기타도로,06,경기도로
513,인천대교고속도로,1,상행,1610050800,7,04,기타도로,06,경기도로
513,인천대교고속도로,1,상행,1640054100,9,04,기타도로,06,경기도로
513,인천대교고속도로,2,하행,1640054200,1,04,기타도로,06,경기도로
513,인천대교고속도로,2,하행,1640054900,2,04,기타도로,06,경기도로
513,인천대교고속도로,2,하행,1610050900,3,04,기타도로,06,경기도로
513,인천대교고속도로,2,하행,1610051300,4,04,기타도로,06,경기도로
513,인천대교고속도로,2,하행,1610050400,5,04,기타도로,06,경기도로
513,인천대교고속도로,2,하행,1610050600,7,04,기타도로,06,경기도로
513,인천대교고속도로,2,하행,1610050000,8,04,기타도로,06,경기도로
513,인천대교고속도로,2,하행,1610005000,9,04,기타도로,06,경기도로
514,일반국도77호선,1,상행,1640000100,1,04,기타도로,06,경기도로
514,일반국도77호선,1,상행,1650000900,2,04,기타도로,06,경기도로
514,일반국도77호선,1,상행,1650000500,3,04,기타도로,06,경기도로
514,일반국도77호선,1,상행,1650000103,5,04,기타도로,06,경기도로
514,일반국도77호선,2,하행,1650000203,1,04,기타도로,06,경기도로
514,일반국도77호선,2,하행,1650000400,2,04,기타도로,06,경기도로
514,일반국도77호선,2,하행,1650000600,3,04,기타도로,06,경기도로
514,일반국도77호선,2,하행,1650001000,4,04,기타도로,06,경기도로
515,중부내륙고속도로,1,상행,2400217500,1,04,기타도로,06,경기도로
515,중부내륙고속도로,1,상행,2400217300,2,04,기타도로,06,경기도로
515,중부내륙고속도로,1,상행,2400217100,3,04,기타도로,06,경기도로
515,중부내륙고속도로,1,상행,2400218200,4,04,기타도로,06,경기도로
515,중부내륙고속도로,1,상행,2400218400,5,04,기타도로,06,경기도로
515,중부내륙고속도로,1,상행,2400218100,6,04,기타도로,06,경기도로
515,중부내륙고속도로,1,상행,2400218900,8,04,기타도로,06,경기도로
515,중부내륙고속도로,1,상행,2400218700,9,04,기타도로,06,경기도로
515,중부내륙고속도로,1,상행,2370189600,10,04,기타도로,06,경기도로
515,중부내륙고속도로,1,상행,2370189400,11,04,기타도로,06,경기도로
515,중부내륙고속도로,1,상행,2370189200,12,04,기타도로,06,경기도로
515,중부내륙고속도로,1,상행,2370189000,13,04,기타도로,06,경기도로
515,중부내륙고속도로,1,상행,2370188600,15,04,기타도로,06,경기도로
515,중부내륙고속도로,1,상행,2370188400,16,04,기타도로,06,경기도로
515,중부내륙고속도로,1,상행,2370188200,17,04,기타도로,06,경기도로
515,중부내륙고속도로,1,상행,2370188000,18,04,기타도로,06,경기도로
515,중부내륙고속도로,1,상행,2370187800,19,04,기타도로,06,경기도로
515,중부내륙고속도로,1,상행,2370187300,21,04,기타도로,06,경기도로
515,중부내륙고속도로,1,상행,2370187000,22,04,기타도로,06,경기도로
515,중부내륙고속도로,1,상행,2370183800,23,04,기타도로,06,경기도로
515,중부내륙고속도로,1,상행,2370183000,24,04,기타도로,06,경기도로
515,중부내륙고속도로,1,상행,2370182400,25,04,기타도로,06,경기도로
515,중부내륙고속도로,1,상행,2370182200,26,04,기타도로,06,경기도로
515,중부내륙고속도로,1,상행,2370182002,28,04,기타도로,06,경기도로
515,중부내륙고속도로,1,상행,2370182003,29,04,기타도로,06,경기도로
515,중부내륙고속도로,1,상행,2370181900,30,04,기타도로,06,경기도로
515,중부내륙고속도로,1,상행,2810042601,31,04,기타도로,06,경기도로
515,중부내륙고속도로,2,하행,2370184500,2,04,기타도로,06,경기도로
515,중부내륙고속도로,2,하행,2370184601,3,04,기타도로,06,경기도로
515,중부내륙고속도로,2,하행,2370184603,5,04,기타도로,06,경기도로
515,중부내륙고속도로,2,하행,2370182100,6,04,기타도로,06,경기도로
515,중부내륙고속도로,2,하행,2370182700,8,04,기타도로,06,경기도로
515,중부내륙고속도로,2,하행,2370183700,9,04,기타도로,06,경기도로
515,중부내륙고속도로,2,하행,2370187100,10,04,기타도로,06,경기도로
515,중부내륙고속도로,2,하행,2370187500,12,04,기타도로,06,경기도로
515,중부내륙고속도로,2,하행,2370187900,14,04,기타도로,06,경기도로
515,중부내륙고속도로,2,하행,2370188100,15,04,기타도로,06,경기도로
515,중부내륙고속도로,2,하행,2370188300,16,04,기타도로,06,경기도로
515,중부내륙고속도로,2,하행,2370188500,17,04,기타도로,06,경기도로
515,중부내륙고속도로,2,하행,2370188700,18,04,기타도로,06,경기도로
515,중부내륙고속도로,2,하행,2370188900,19,04,기타도로,06,경기도로
515,중부내륙고속도로,2,하행,2370189100,20,04,기타도로,06,경기도로
515,중부내륙고속도로,2,하행,2370189300,21,04,기타도로,06,경기도로
515,중부내륙고속도로,2,하행,2400218600,23,04,기타도로,06,경기도로
515,중부내륙고속도로,2,하행,2400218800,24,04,기타도로,06,경기도로
515,중부내륙고속도로,2,하행,2400219000,25,04,기타도로,06,경기도로
515,중부내륙고속도로,2,하행,2400218000,26,04,기타도로,06,경기도로
515,중부내륙고속도로,2,하행,2400218500,27,04,기타도로,06,경기도로
515,중부내륙고속도로,2,하행,2400218300,28,04,기타도로,06,경기도로
515,중부내륙고속도로,2,하행,2400217200,30,04,기타도로,06,경기도로
515,중부내륙고속도로,2,하행,2400217400,31,04,기타도로,06,경기도로
516,평택-시흥고속국도,1,상행,2140193200,1,04,기타도로,06,경기도로
516,평택-시흥고속국도,1,상행,2140193300,2,04,기타도로,06,경기도로
516,평택-시흥고속국도,1,상행,2140192900,3,04,기타도로,06,경기도로
516,평택-시흥고속국도,1,상행,2333336200,5,04,기타도로,06,경기도로
516,평택-시흥고속국도,1,상행,2333336300,6,04,기타도로,06,경기도로
516,평택-시흥고속국도,1,상행,2333336400,7,04,기타도로,06,경기도로
516,평택-시흥고속국도,1,상행,2333336500,8,04,기타도로,06,경기도로
516,평택-시흥고속국도,1,상행,2333336600,9,04,기타도로,06,경기도로
516,평택-시흥고속국도,1,상행,2333336700,10,04,기타도로,06,경기도로
516,평택-시흥고속국도,1,상행,2333336900,12,04,기타도로,06,경기도로
516,평택-시흥고속국도,1,상행,2333341900,13,04,기타도로,06,경기도로
516,평택-시흥고속국도,1,상행,2333342000,14,04,기타도로,06,경기도로
516,평택-시흥고속국도,1,상행,2333342100,15,04,기타도로,06,경기도로
516,평택-시흥고속국도,1,상행,2333342200,16,04,기타도로,06,경기도로
516,평택-시흥고속국도,1,상행,2333342300,17,04,기타도로,06,경기도로
516,평택-시흥고속국도,1,상행,2333342500,19,04,기타도로,06,경기도로
516,평택-시흥고속국도,1,상행,2333342600,20,04,기타도로,06,경기도로
516,평택-시흥고속국도,1,상행,2333342700,21,04,기타도로,06,경기도로
516,평택-시흥고속국도,1,상행,2333333600,22,04,기타도로,06,경기도로
516,평택-시흥고속국도,1,상행,2333333300,23,04,기타도로,06,경기도로
516,평택-시흥고속국도,1,상행,2333342900,25,04,기타도로,06,경기도로
516,평택-시흥고속국도,1,상행,2333343000,26,04,기타도로,06,경기도로
516,평택-시흥고속국도,1,상행,2333343100,27,04,기타도로,06,경기도로
516,평택-시흥고속국도,1,상행,2333343200,28,04,기타도로,06,경기도로
516,평택-시흥고속국도,1,상행,2333343300,29,04,기타도로,06,경기도로
516,평택-시흥고속국도,1,상행,2333343400,30,04,기타도로,06,경기도로
516,평택-시흥고속국도,1,상행,2333343600,32,04,기타도로,06,경기도로
516,평택-시흥고속국도,1,상행,2333343700,33,04,기타도로,06,경기도로
516,평택-시흥고속국도,1,상행,2333343800,34,04,기타도로,06,경기도로
516,평택-시흥고속국도,1,상행,2333343900,35,04,기타도로,06,경기도로
516,평택-시흥고속국도,1,상행,2333344000,36,04,기타도로,06,경기도로
516,평택-시흥고속국도,1,상행,2333344100,37,04,기타도로,06,경기도로
516,평택-시흥고속국도,1,상행,2333344300,39,04,기타도로,06,경기도로
516,평택-시흥고속국도,1,상행,2333344400,40,04,기타도로,06,경기도로
516,평택-시흥고속국도,1,상행,2333344500,41,04,기타도로,06,경기도로
516,평택-시흥고속국도,1,상행,2333344600,42,04,기타도로,06,경기도로
516,평택-시흥고속국도,1,상행,2333344700,43,04,기타도로,06,경기도로
516,평택-시흥고속국도,1,상행,2333344900,45,04,기타도로,06,경기도로
516,평택-시흥고속국도,1,상행,2333345000,46,04,기타도로,06,경기도로
516,평택-시흥고속국도,1,상행,2333345100,47,04,기타도로,06,경기도로
516,평택-시흥고속국도,1,상행,2333345200,48,04,기타도로,06,경기도로
516,평택-시흥고속국도,1,상행,2333345300,49,04,기타도로,06,경기도로
516,평택-시흥고속국도,1,상행,2333345400,50,04,기타도로,06,경기도로
516,평택-시흥고속국도,1,상행,2333345600,52,04,기타도로,06,경기도로
516,평택-시흥고속국도,1,상행,2333345700,53,04,기타도로,06,경기도로
516,평택-시흥고속국도,1,상행,2333345800,54,04,기타도로,06,경기도로
516,평택-시흥고속국도,1,상행,2333345900,55,04,기타도로,06,경기도로
516,평택-시흥고속국도,1,상행,2333346000,56,04,기타도로,06,경기도로
516,평택-시흥고속국도,1,상행,2333346100,57,04,기타도로,06,경기도로
516,평택-시흥고속국도,1,상행,2333328100,59,04,기타도로,06,경기도로
516,평택-시흥고속국도,1,상행,2333328200,60,04,기타도로,06,경기도로
516,평택-시흥고속국도,1,상행,2333328300,61,04,기타도로,06,경기도로
516,평택-시흥고속국도,1,상행,2333328400,62,04,기타도로,06,경기도로
516,평택-시흥고속국도,1,상행,2333328500,63,04,기타도로,06,경기도로
516,평택-시흥고속국도,1,상행,2333328700,65,04,기타도로,06,경기도로
516,평택-시흥고속국도,1,상행,2333328800,66,04,기타도로,06,경기도로
516,평택-시흥고속국도,1,상행,2333328900,67,04,기타도로,06,경기도로
516,평택-시흥고속국도,1,상행,2333329000,68,04,기타도로,06,경기도로
516,평택-시흥고속국도,1,상행,2333329100,69,04,기타도로,06,경기도로
516,평택-시흥고속국도,1,상행,2333329200,70,04,기타도로,06,경기도로
516,평택-시흥고속국도,1,상행,2333329400,72,04,기타도로,06,경기도로
516,평택-시흥고속국도,1,상행,2333329500,73,04,기타도로,06,경기도로
516,평택-시흥고속국도,1,상행,2333329600,74,04,기타도로,06,경기도로
516,평택-시흥고속국도,1,상행,2333332500,75,04,기타도로,06,경기도로
516,평택-시흥고속국도,1,상행,2333332600,76,04,기타도로,06,경기도로
516,평택-시흥고속국도,1,상행,2333332700,77,04,기타도로,06,경기도로
516,평택-시흥고속국도,1,상행,2333332900,79,04,기타도로,06,경기도로
516,평택-시흥고속국도,1,상행,2333333000,80,04,기타도로,06,경기도로
516,평택-시흥고속국도,1,상행,2333337000,81,04,기타도로,06,경기도로
516,평택-시흥고속국도,1,상행,2333337100,82,04,기타도로,06,경기도로
516,평택-시흥고속국도,1,상행,2333337200,83,04,기타도로,06,경기도로
516,평택-시흥고속국도,1,상행,2170209500,85,04,기타도로,06,경기도로
516,평택-시흥고속국도,1,상행,2170209600,86,04,기타도로,06,경기도로
516,평택-시흥고속국도,1,상행,2170210300,87,04,기타도로,06,경기도로
516,평택-시흥고속국도,1,상행,2170210400,88,04,기타도로,06,경기도로
516,평택-시흥고속국도,1,상행,2170210500,89,04,기타도로,06,경기도로
516,평택-시흥고속국도,1,상행,2170210600,90,04,기타도로,06,경기도로
516,평택-시흥고속국도,1,상행,2170209100,92,04,기타도로,06,경기도로
516,평택-시흥고속국도,1,상행,2170209200,93,04,기타도로,06,경기도로
516,평택-시흥고속국도,1,상행,2170209300,94,04,기타도로,06,경기도로
516,평택-시흥고속국도,1,상행,2170209400,95,04,기타도로,06,경기도로
516,평택-시흥고속국도,1,상행,2170209800,96,04,기타도로,06,경기도로
516,평택-시흥고속국도,1,상행,2170210000,97,04,기타도로,06,경기도로
516,평택-시흥고속국도,1,상행,2240158000,99,04,기타도로,06,경기도로
516,평택-시흥고속국도,1,상행,2240158100,100,04,기타도로,06,경기도로
516,평택-시흥고속국도,1,상행,2240158200,101,04,기타도로,06,경기도로
516,평택-시흥고속국도,1,상행,2240158300,102,04,기타도로,06,경기도로
516,평택-시흥고속국도,1,상행,2240157200,103,04,기타도로,06,경기도로
516,평택-시흥고속국도,2,하행,2240157700,2,04,기타도로,06,경기도로
516,평택-시흥고속국도,2,하행,2240157600,3,04,기타도로,06,경기도로
516,평택-시흥고속국도,2,하행,2240157500,4,04,기타도로,06,경기도로
516,평택-시흥고속국도,2,하행,2240157400,5,04,기타도로,06,경기도로
516,평택-시흥고속국도,2,하행,2240157300,6,04,기타도로,06,경기도로
516,평택-시흥고속국도,2,하행,2240157100,7,04,기타도로,06,경기도로
516,평택-시흥고속국도,2,하행,2170209000,9,04,기타도로,06,경기도로
516,평택-시흥고속국도,2,하행,2170208900,10,04,기타도로,06,경기도로
516,평택-시흥고속국도,2,하행,2170208800,11,04,기타도로,06,경기도로
516,평택-시흥고속국도,2,하행,2170208700,12,04,기타도로,06,경기도로
516,평택-시흥고속국도,2,하행,2170207600,13,04,기타도로,06,경기도로
516,평택-시흥고속국도,2,하행,2170207500,14,04,기타도로,06,경기도로
516,평택-시흥고속국도,2,하행,2170207300,16,04,기타도로,06,경기도로
516,평택-시흥고속국도,2,하행,2170207200,17,04,기타도로,06,경기도로
516,평택-시흥고속국도,2,하행,2170209700,18,04,기타도로,06,경기도로
516,평택-시흥고속국도,2,하행,2333333200,19,04,기타도로,06,경기도로
516,평택-시흥고속국도,2,하행,2333341800,20,04,기타도로,06,경기도로
516,평택-시흥고속국도,2,하행,2333341600,22,04,기타도로,06,경기도로
516,평택-시흥고속국도,2,하행,2333341500,23,04,기타도로,06,경기도로
516,평택-시흥고속국도,2,하행,2333341400,24,04,기타도로,06,경기도로
516,평택-시흥고속국도,2,하행,2333341300,25,04,기타도로,06,경기도로
516,평택-시흥고속국도,2,하행,2333341200,26,04,기타도로,06,경기도로
516,평택-시흥고속국도,2,하행,2333341100,27,04,기타도로,06,경기도로
516,평택-시흥고속국도,2,하행,2333340900,29,04,기타도로,06,경기도로
516,평택-시흥고속국도,2,하행,2333340800,30,04,기타도로,06,경기도로
516,평택-시흥고속국도,2,하행,2333340700,31,04,기타도로,06,경기도로
516,평택-시흥고속국도,2,하행,2333340600,32,04,기타도로,06,경기도로
516,평택-시흥고속국도,2,하행,2333340500,33,04,기타도로,06,경기도로
516,평택-시흥고속국도,2,하행,2333340400,34,04,기타도로,06,경기도로
516,평택-시흥고속국도,2,하행,2333340200,36,04,기타도로,06,경기도로
516,평택-시흥고속국도,2,하행,2333340100,37,04,기타도로,06,경기도로
516,평택-시흥고속국도,2,하행,2333340000,38,04,기타도로,06,경기도로
516,평택-시흥고속국도,2,하행,2333339900,39,04,기타도로,06,경기도로
516,평택-시흥고속국도,2,하행,2333339800,40,04,기타도로,06,경기도로
516,평택-시흥고속국도,2,하행,2333339600,42,04,기타도로,06,경기도로
516,평택-시흥고속국도,2,하행,2333339500,43,04,기타도로,06,경기도로
516,평택-시흥고속국도,2,하행,2333339300,44,04,기타도로,06,경기도로
516,평택-시흥고속국도,2,하행,2333339200,45,04,기타도로,06,경기도로
516,평택-시흥고속국도,2,하행,2333339100,46,04,기타도로,06,경기도로
516,평택-시흥고속국도,2,하행,2333339000,47,04,기타도로,06,경기도로
516,평택-시흥고속국도,2,하행,2333338800,49,04,기타도로,06,경기도로
516,평택-시흥고속국도,2,하행,2333338700,50,04,기타도로,06,경기도로
516,평택-시흥고속국도,2,하행,2333338600,51,04,기타도로,06,경기도로
516,평택-시흥고속국도,2,하행,2333338500,52,04,기타도로,06,경기도로
516,평택-시흥고속국도,2,하행,2333338400,53,04,기타도로,06,경기도로
516,평택-시흥고속국도,2,하행,2333338300,54,04,기타도로,06,경기도로
516,평택-시흥고속국도,2,하행,2333338100,56,04,기타도로,06,경기도로
516,평택-시흥고속국도,2,하행,2333338000,57,04,기타도로,06,경기도로
516,평택-시흥고속국도,2,하행,2333337900,58,04,기타도로,06,경기도로
516,평택-시흥고속국도,2,하행,2333337800,59,04,기타도로,06,경기도로
516,평택-시흥고속국도,2,하행,2333337700,60,04,기타도로,06,경기도로
516,평택-시흥고속국도,2,하행,2333337500,62,04,기타도로,06,경기도로
516,평택-시흥고속국도,2,하행,2333337400,63,04,기타도로,06,경기도로
516,평택-시흥고속국도,2,하행,2333335700,64,04,기타도로,06,경기도로
516,평택-시흥고속국도,2,하행,2333335600,65,04,기타도로,06,경기도로
516,평택-시흥고속국도,2,하행,2333335500,66,04,기타도로,06,경기도로
516,평택-시흥고속국도,2,하행,2333335400,67,04,기타도로,06,경기도로
516,평택-시흥고속국도,2,하행,2333335200,69,04,기타도로,06,경기도로
516,평택-시흥고속국도,2,하행,2333335100,70,04,기타도로,06,경기도로
516,평택-시흥고속국도,2,하행,2333335000,71,04,기타도로,06,경기도로
516,평택-시흥고속국도,2,하행,2333334900,72,04,기타도로,06,경기도로
516,평택-시흥고속국도,2,하행,2333334800,73,04,기타도로,06,경기도로
516,평택-시흥고속국도,2,하행,2333334700,74,04,기타도로,06,경기도로
516,평택-시흥고속국도,2,하행,2333334500,76,04,기타도로,06,경기도로
516,평택-시흥고속국도,2,하행,2333334400,77,04,기타도로,06,경기도로
516,평택-시흥고속국도,2,하행,2333334300,78,04,기타도로,06,경기도로
516,평택-시흥고속국도,2,하행,2333334200,79,04,기타도로,06,경기도로
516,평택-시흥고속국도,2,하행,2333334100,80,04,기타도로,06,경기도로
516,평택-시흥고속국도,2,하행,2333333500,82,04,기타도로,06,경기도로
516,평택-시흥고속국도,2,하행,2333331200,83,04,기타도로,06,경기도로
516,평택-시흥고속국도,2,하행,2333331100,84,04,기타도로,06,경기도로
516,평택-시흥고속국도,2,하행,2333331000,85,04,기타도로,06,경기도로
516,평택-시흥고속국도,2,하행,2333330900,86,04,기타도로,06,경기도로
516,평택-시흥고속국도,2,하행,2333330800,87,04,기타도로,06,경기도로
516,평택-시흥고속국도,2,하행,2333330600,89,04,기타도로,06,경기도로
516,평택-시흥고속국도,2,하행,2333330500,90,04,기타도로,06,경기도로
516,평택-시흥고속국도,2,하행,2333330400,91,04,기타도로,06,경기도로
516,평택-시흥고속국도,2,하행,2333330300,92,04,기타도로,06,경기도로
516,평택-시흥고속국도,2,하행,2333330200,93,04,기타도로,06,경기도로
516,평택-시흥고속국도,2,하행,2333336100,94,04,기타도로,06,경기도로
516,평택-시흥고속국도,2,하행,2333335900,96,04,기타도로,06,경기도로
516,평택-시흥고속국도,2,하행,2333335800,97,04,기타도로,06,경기도로
516,평택-시흥고속국도,2,하행,2333334000,98,04,기타도로,06,경기도로
516,평택-시흥고속국도,2,하행,2333333900,99,04,기타도로,06,경기도로
516,평택-시흥고속국도,2,하행,2140193100,100,04,기타도로,06,경기도로
516,평택-시흥고속국도,2,하행,2140192600,102,04,기타도로,06,경기도로
516,평택-시흥고속국도,2,하행,2140192500,103,04,기타도로,06,경기도로
517,평택-화성고속도로,1,상행,2140190000,1,04,기타도로,06,경기도로
517,평택-화성고속도로,1,상행,2140189900,2,04,기타도로,06,경기도로
517,평택-화성고속도로,1,상행,2140190900,3,04,기타도로,06,경기도로
517,평택-화성고속도로,1,상행,2140188600,4,04,기타도로,06,경기도로
517,평택-화성고속도로,1,상행,2140191800,6,04,기타도로,06,경기도로
517,평택-화성고속도로,1,상행,2140191200,7,04,기타도로,06,경기도로
517,평택-화성고속도로,1,상행,2140188300,8,04,기타도로,06,경기도로
517,평택-화성고속도로,1,상행,2333264200,9,04,기타도로,06,경기도로
517,평택-화성고속도로,1,상행,2333264100,10,04,기타도로,06,경기도로
517,평택-화성고속도로,2,하행,2333264000,1,04,기타도로,06,경기도로
517,평택-화성고속도로,2,하행,2140188400,3,04,기타도로,06,경기도로
517,평택-화성고속도로,2,하행,2140191100,4,04,기타도로,06,경기도로
517,평택-화성고속도로,2,하행,2140191500,5,04,기타도로,06,경기도로
517,평택-화성고속도로,2,하행,2140188500,6,04,기타도로,06,경기도로
517,평택-화성고속도로,2,하행,2140188700,7,04,기타도로,06,경기도로
517,평택-화성고속도로,2,하행,2140190800,8,04,기타도로,06,경기도로
517,평택-화성고속도로,2,하행,2140190100,10,04,기타도로,06,경기도로
518,바우뫼로,1,상행,3201503700,1,01,기본도로,05,기타도로
518,바우뫼로,1,상행,3201504500,2,01,기본도로,05,기타도로
518,바우뫼로,1,상행,3201504100,3,01,기본도로,05,기타도로
518,바우뫼로,1,상행,3201503900,4,01,기본도로,05,기타도로
518,바우뫼로,2,하행,3201504000,2,01,기본도로,05,기타도로
518,바우뫼로,2,하행,3201504400,3,01,기본도로,05,기타도로
518,바우뫼로,2,하행,3201503600,4,01,기본도로,05,기타도로
519,오정로,1,상행,2120005800,1,01,기본도로,05,기타도로
519,오정로,1,상행,3201506700,2,01,기본도로,05,기타도로
519,오정로,1,상행,2120006200,3,01,기본도로,05,기타도로
519,오정로,1,상행,2120006302,5,01,기본도로,05,기타도로
519,오정로,1,상행,2120006600,6,01,기본도로,05,기타도로
519,오정로,1,상행,2120006800,7,01,기본도로,05,기타도로
519,오정로,1,상행,3201506500,8,01,기본도로,05,기타도로
519,오정로,2,하행,3201506400,1,01,기본도로,05,기타도로
519,오정로,2,하행,2120006700,2,01,기본도로,05,기타도로
519,오정로,2,하행,2120006402,4,01,기본도로,05,기타도로
519,오정로,2,하행,2120006401,5,01,기본도로,05,기타도로
519,오정로,2,하행,2120006100,6,01,기본도로,05,기타도로
519,오정로,2,하행,3201506600,7,01,기본도로,05,기타도로
519,오정로,2,하행,2120005700,8,01,기본도로,05,기타도로
520,토성로,2,하행,3201502400,1,01,기본도로,05,기타도로
521,은평터널로,1,상행,3201505900,1,01,기본도로,05,기타도로
521,은평터널로,1,상행,3201505700,2,01,기본도로,05,기타도로
521,은평터널로,1,상행,3201507100,3,01,기본도로,05,기타도로
521,은평터널로,2,하행,3201507000,1,01,기본도로,05,기타도로
521,은평터널로,2,하행,3201505800,3,01,기본도로,05,기타도로
522,도당로13길,1,상행,3201501100,2,01,기본도로,05,기타도로
522,도당로13길,2,하행,3201501000,1,01,기본도로,05,기타도로
522,도당로13길,2,하행,3201500800,2,01,기본도로,05,기타도로
523,망우로36길,2,하행,3201501600,1,01,기본도로,05,기타도로
524,면목로91길,1,상행,3201501500,1,01,기본도로,05,기타도로
524,면목로91길,2,하행,3201501400,1,01,기본도로,05,기타도로
525,올림픽로43길,1,상행,3201501800,2,01,기본도로,05,기타도로
525,올림픽로43길,2,하행,3201503100,2,01,기본도로,05,기타도로
526,시흥대로73길,1,상행,3201508600,1,01,기본도로,05,기타도로
526,시흥대로73길,2,하행,3201508700,1,01,기본도로,05,기타도로
371,용마산로,1,상행,1040017000,9,01,기본도로,04,보조간선도로
371,용마산로,1,상행,1040014800,11,01,기본도로,04,보조간선도로
371,용마산로,2,하행,1040014900,1,01,기본도로,04,보조간선도로
371,용마산로,2,하행,1040016500,2,01,기본도로,04,보조간선도로
371,용마산로,2,하행,1040017100,3,01,기본도로,04,보조간선도로
371,용마산로,2,하행,1060007400,4,01,기본도로,04,보조간선도로
371,용마산로,2,하행,1060008600,5,01,기본도로,04,보조간선도로
371,용마산로,2,하행,1060012000,7,01,기본도로,04,보조간선도로
371,용마산로,2,하행,1060014000,8,01,기본도로,04,보조간선도로
371,용마산로,2,하행,1060004000,9,01,기본도로,04,보조간선도로
371,용마산로,2,하행,1060004700,10,01,기본도로,04,보조간선도로
371,용마산로,2,하행,1060005300,11,01,기본도로,04,보조간선도로
372,용인서울고속도로,1,상행,2280216100,1,04,기타도로,06,경기도로
354,영동대로,2,하행,1220002300,5,01,기본도로,03,주간선도로
354,영동대로,2,하행,1220002800,6,01,기본도로,03,주간선도로
354,영동대로,2,하행,1220003200,7,01,기본도로,03,주간선도로
354,영동대로,2,하행,1220003400,8,01,기본도로,03,주간선도로
354,영동대로,2,하행,1220004100,9,01,기본도로,03,주간선도로
354,영동대로,2,하행,1220004900,11,01,기본도로,03,주간선도로
354,영동대로,2,하행,1220005300,12,01,기본도로,03,주간선도로
355,영등포로,1,상행,1180026800,1,01,기본도로,04,보조간선도로
355,영등포로,1,상행,1180025200,2,01,기본도로,04,보조간선도로
355,영등포로,1,상행,1180024200,3,01,기본도로,04,보조간선도로
355,영등포로,1,상행,1180023200,4,01,기본도로,04,보조간선도로
355,영등포로,1,상행,1180020600,6,01,기본도로,04,보조간선도로
355,영등포로,1,상행,1180018400,7,01,기본도로,04,보조간선도로
355,영등포로,1,상행,1180015000,8,01,기본도로,04,보조간선도로
355,영등포로,2,하행,1180015100,1,01,기본도로,04,보조간선도로
355,영등포로,2,하행,1180018500,2,01,기본도로,04,보조간선도로
355,영등포로,2,하행,1180020700,3,01,기본도로,04,보조간선도로
355,영등포로,2,하행,1180023300,5,01,기본도로,04,보조간선도로
355,영등포로,2,하행,1180024300,6,01,기본도로,04,보조간선도로
355,영등포로,2,하행,1180025300,7,01,기본도로,04,보조간선도로
355,영등포로,2,하행,1180026900,8,01,기본도로,04,보조간선도로
356,영신로,1,상행,1180037200,1,01,기본도로,05,기타도로
356,영신로,1,상행,1180029000,3,01,기본도로,05,기타도로
356,영신로,1,상행,1180024400,4,01,기본도로,05,기타도로
356,영신로,1,상행,1180021400,5,01,기본도로,05,기타도로
356,영신로,1,상행,1180016000,6,01,기본도로,05,기타도로
356,영신로,2,하행,1180016100,1,01,기본도로,05,기타도로
356,영신로,2,하행,1180021500,2,01,기본도로,05,기타도로
356,영신로,2,하행,1180029100,4,01,기본도로,05,기타도로
356,영신로,2,하행,1180032500,5,01,기본도로,05,기타도로
356,영신로,2,하행,1180037300,6,01,기본도로,05,기타도로
357,영중로,1,상행,1180018100,1,01,기본도로,04,보조간선도로
357,영중로,1,상행,1180020500,2,01,기본도로,04,보조간선도로
357,영중로,1,상행,1180023700,3,01,기본도로,04,보조간선도로
357,영중로,1,상행,1180032100,5,01,기본도로,04,보조간선도로
357,영중로,2,하행,1180032000,1,01,기본도로,04,보조간선도로
357,영중로,2,하행,1180028000,2,01,기본도로,04,보조간선도로
357,영중로,2,하행,1180023600,3,01,기본도로,04,보조간선도로
357,영중로,2,하행,1180020400,4,01,기본도로,04,보조간선도로
358,오금로,1,상행,1230009500,1,01,기본도로,04,보조간선도로
358,오금로,1,상행,1230010600,2,01,기본도로,04,보조간선도로
358,오금로,1,상행,1230012000,3,01,기본도로,04,보조간선도로
358,오금로,1,상행,1230014400,4,01,기본도로,04,보조간선도로
358,오금로,1,상행,1230017000,5,01,기본도로,04,보조간선도로
358,오금로,1,상행,1230018800,6,01,기본도로,04,보조간선도로
358,오금로,1,상행,1230022200,8,01,기본도로,04,보조간선도로
358,오금로,1,상행,1230024400,9,01,기본도로,04,보조간선도로
358,오금로,1,상행,1230026400,10,01,기본도로,04,보조간선도로
358,오금로,1,상행,1230028000,11,01,기본도로,04,보조간선도로
358,오금로,1,상행,1230029800,12,01,기본도로,04,보조간선도로
358,오금로,2,하행,1230029700,1,01,기본도로,04,보조간선도로
358,오금로,2,하행,1230026300,3,01,기본도로,04,보조간선도로
358,오금로,2,하행,1230024300,4,01,기본도로,04,보조간선도로
358,오금로,2,하행,1230022100,5,01,기본도로,04,보조간선도로
358,오금로,2,하행,1230019900,6,01,기본도로,04,보조간선도로
358,오금로,2,하행,1230018700,7,01,기본도로,04,보조간선도로
358,오금로,2,하행,1230014300,9,01,기본도로,04,보조간선도로
358,오금로,2,하행,1230011900,10,01,기본도로,04,보조간선도로
358,오금로,2,하행,1230010500,11,01,기본도로,04,보조간선도로
358,오금로,2,하행,1230009600,12,01,기본도로,04,보조간선도로
359,오류로,1,상행,1160007900,1,01,기본도로,05,기타도로
359,오류로,2,하행,1160008000,1,01,기본도로,05,기타도로
360,오리로,1,상행,1160011500,2,01,기본도로,04,보조간선도로
360,오리로,1,상행,1160009100,3,01,기본도로,04,보조간선도로
360,오리로,1,상행,1160007500,4,01,기본도로,04,보조간선도로
360,오리로,1,상행,1160004900,5,01,기본도로,04,보조간선도로
360,오리로,2,하행,1160005000,1,01,기본도로,04,보조간선도로
360,오리로,2,하행,1160007600,2,01,기본도로,04,보조간선도로
360,오리로,2,하행,1160011600,4,01,기본도로,04,보조간선도로
360,오리로,2,하행,3201508300,5,01,기본도로,04,보조간선도로
361,오목로,1,상행,1180027900,1,01,기본도로,04,보조간선도로
361,오목로,1,상행,1140018000,2,01,기본도로,04,보조간선도로
361,오목로,1,상행,1140018600,3,01,기본도로,04,보조간선도로
361,오목로,1,상행,1140019800,5,01,기본도로,04,보조간선도로
361,오목로,1,상행,1140020400,6,01,기본도로,04,보조간선도로
361,오목로,1,상행,1140019300,7,01,기본도로,04,보조간선도로
361,오목로,1,상행,1140016900,8,01,기본도로,04,보조간선도로
361,오목로,1,상행,1140014500,9,01,기본도로,04,보조간선도로
361,오목로,2,하행,1140014600,1,01,기본도로,04,보조간선도로
361,오목로,2,하행,1140019400,3,01,기본도로,04,보조간선도로
361,오목로,2,하행,1140020300,4,01,기본도로,04,보조간선도로
361,오목로,2,하행,1140019700,5,01,기본도로,04,보조간선도로
361,오목로,2,하행,1140019100,6,01,기본도로,04,보조간선도로
361,오목로,2,하행,1140018500,7,01,기본도로,04,보조간선도로
361,오목로,2,하행,1140017900,8,01,기본도로,04,보조간선도로
362,오패산로,1,상행,1070012500,1,01,기본도로,04,보조간선도로
362,오패산로,1,상행,1070015000,2,01,기본도로,04,보조간선도로
362,오패산로,1,상행,1080001600,3,01,기본도로,04,보조간선도로
362,오패산로,1,상행,1080003800,4,01,기본도로,04,보조간선도로
362,오패산로,1,상행,1080009200,5,01,기본도로,04,보조간선도로
362,오패산로,2,하행,1080003700,2,01,기본도로,04,보조간선도로
362,오패산로,2,하행,1080001500,3,01,기본도로,04,보조간선도로
362,오패산로,2,하행,1070014900,4,01,기본도로,04,보조간선도로
362,오패산로,2,하행,1070012600,5,01,기본도로,04,보조간선도로
363,오현로,1,상행,1080004700,1,01,기본도로,04,보조간선도로
363,오현로,1,상행,1080003100,2,01,기본도로,04,보조간선도로
363,오현로,2,하행,1080001900,1,01,기본도로,04,보조간선도로
363,오현로,2,하행,1080003200,2,01,기본도로,04,보조간선도로
363,오현로,2,하행,1080004800,3,01,기본도로,04,보조간선도로
364,올림픽대로,1,상행,1240005300,1,01,기본도로,02,도시고속도로
364,올림픽대로,1,상행,1240004900,2,01,기본도로,02,도시고속도로
364,올림픽대로,1,상행,1240003800,3,01,기본도로,02,도시고속도로
364,올림픽대로,1,상행,1240001900,5,01,기본도로,02,도시고속도로
364,올림픽대로,1,상행,1230005300,6,01,기본도로,02,도시고속도로
364,올림픽대로,1,상행,1230005100,7,01,기본도로,02,도시고속도로
364,올림픽대로,1,상행,1230004700,8,01,기본도로,02,도시고속도로
364,올림픽대로,1,상행,1230003900,9,01,기본도로,02,도시고속도로
364,올림픽대로,1,상행,1230004600,11,01,기본도로,02,도시고속도로
364,올림픽대로,1,상행,1220004500,12,01,기본도로,02,도시고속도로
364,올림픽대로,1,상행,1220005500,13,01,기본도로,02,도시고속도로
364,올림픽대로,1,상행,1220005600,14,01,기본도로,02,도시고속도로
364,올림픽대로,1,상행,1210006400,15,01,기본도로,02,도시고속도로
364,올림픽대로,1,상행,1210005300,16,01,기본도로,02,도시고속도로
364,올림픽대로,1,상행,1210004500,18,01,기본도로,02,도시고속도로
364,올림픽대로,1,상행,1210004400,19,01,기본도로,02,도시고속도로
364,올림픽대로,1,상행,1190000200,20,01,기본도로,02,도시고속도로
364,올림픽대로,1,상행,1190000600,21,01,기본도로,02,도시고속도로
364,올림픽대로,1,상행,1180003200,22,01,기본도로,02,도시고속도로
364,올림픽대로,1,상행,1180004200,23,01,기본도로,02,도시고속도로
364,올림픽대로,1,상행,1180005700,25,01,기본도로,02,도시고속도로
364,올림픽대로,1,상행,1150002400,26,01,기본도로,02,도시고속도로
364,올림픽대로,1,상행,1150003200,27,01,기본도로,02,도시고속도로
364,올림픽대로,1,상행,1150004600,28,01,기본도로,02,도시고속도로
364,올림픽대로,1,상행,1150006100,29,01,기본도로,02,도시고속도로
364,올림픽대로,2,하행,1150006500,1,01,기본도로,02,도시고속도로
364,올림픽대로,2,하행,1150006000,2,01,기본도로,02,도시고속도로
364,올림픽대로,2,하행,1150004500,3,01,기본도로,02,도시고속도로
364,올림픽대로,2,하행,1150003100,4,01,기본도로,02,도시고속도로
364,올림픽대로,2,하행,1150002300,5,01,기본도로,02,도시고속도로
364,올림픽대로,2,하행,1180005600,6,01,기본도로,02,도시고속도로
364,올림픽대로,2,하행,1180004100,8,01,기본도로,02,도시고속도로
364,올림픽대로,2,하행,1180002700,9,01,기본도로,02,도시고속도로
364,올림픽대로,2,하행,1190000500,10,01,기본도로,02,도시고속도로
364,올림픽대로,2,하행,1190000100,11,01,기본도로,02,도시고속도로
364,올림픽대로,2,하행,1210004300,12,01,기본도로,02,도시고속도로
364,올림픽대로,2,하행,1210004600,13,01,기본도로,02,도시고속도로
364,올림픽대로,2,하행,1210005400,15,01,기본도로,02,도시고속도로
364,올림픽대로,2,하행,1210006500,16,01,기본도로,02,도시고속도로
364,올림픽대로,2,하행,1220005700,17,01,기본도로,02,도시고속도로
364,올림픽대로,2,하행,1220005400,18,01,기본도로,02,도시고속도로
364,올림픽대로,2,하행,1220004400,19,01,기본도로,02,도시고속도로
364,올림픽대로,2,하행,1230004300,21,01,기본도로,02,도시고속도로
364,올림픽대로,2,하행,1230004000,22,01,기본도로,02,도시고속도로
364,올림픽대로,2,하행,1230004800,23,01,기본도로,02,도시고속도로
364,올림픽대로,2,하행,1230005200,24,01,기본도로,02,도시고속도로
364,올림픽대로,2,하행,1230005400,25,01,기본도로,02,도시고속도로
364,올림픽대로,2,하행,1240002000,26,01,기본도로,02,도시고속도로
364,올림픽대로,2,하행,1240003400,28,01,기본도로,02,도시고속도로
364,올림픽대로,2,하행,1240003700,29,01,기본도로,02,도시고속도로
364,올림픽대로,2,하행,1240005000,30,01,기본도로,02,도시고속도로
364,올림픽대로,2,하행,1240005400,31,01,기본도로,02,도시고속도로
365,올림픽로,1,상행,1230024600,1,01,기본도로,03,주간선도로
365,올림픽로,1,상행,1230025100,2,01,기본도로,03,주간선도로
365,올림픽로,1,상행,1230025800,4,01,기본도로,03,주간선도로
365,올림픽로,1,상행,1230027400,5,01,기본도로,03,주간선도로
365,올림픽로,1,상행,1230029200,6,01,기본도로,03,주간선도로
365,올림픽로,1,상행,1230030800,7,01,기본도로,03,주간선도로
365,올림픽로,1,상행,1230032200,8,01,기본도로,03,주간선도로
365,올림픽로,1,상행,1230035100,10,01,기본도로,03,주간선도로
365,올림픽로,1,상행,1230036100,11,01,기본도로,03,주간선도로
365,올림픽로,1,상행,1230036900,12,01,기본도로,03,주간선도로
365,올림픽로,1,상행,1240009800,13,01,기본도로,03,주간선도로
365,올림픽로,1,상행,1240011200,14,01,기본도로,03,주간선도로
365,올림픽로,1,상행,1240012600,15,01,기본도로,03,주간선도로
365,올림픽로,1,상행,1240017000,17,01,기본도로,03,주간선도로
365,올림픽로,1,상행,1240018600,18,01,기본도로,03,주간선도로
365,올림픽로,1,상행,1240020400,19,01,기본도로,03,주간선도로
365,올림픽로,1,상행,1240026600,20,01,기본도로,03,주간선도로
365,올림픽로,2,하행,1240026500,1,01,기본도로,03,주간선도로
365,올림픽로,2,하행,1240020300,2,01,기본도로,03,주간선도로
365,올림픽로,2,하행,1240016900,4,01,기본도로,03,주간선도로
365,올림픽로,2,하행,1240015100,5,01,기본도로,03,주간선도로
365,올림픽로,2,하행,1240012500,6,01,기본도로,03,주간선도로
365,올림픽로,2,하행,1240011100,7,01,기본도로,03,주간선도로
365,올림픽로,2,하행,1240009700,8,01,기본도로,03,주간선도로
365,올림픽로,2,하행,1230036000,10,01,기본도로,03,주간선도로
365,올림픽로,2,하행,1230035000,11,01,기본도로,03,주간선도로
365,올림픽로,2,하행,1230033200,12,01,기본도로,03,주간선도로
365,올림픽로,2,하행,1230032100,13,01,기본도로,03,주간선도로
365,올림픽로,2,하행,1230030700,14,01,기본도로,03,주간선도로
365,올림픽로,2,하행,1230029100,15,01,기본도로,03,주간선도로
365,올림픽로,2,하행,1230027300,17,01,기본도로,03,주간선도로
365,올림픽로,2,하행,1230025700,18,01,기본도로,03,주간선도로
365,올림픽로,2,하행,1230024900,19,01,기본도로,03,주간선도로
365,올림픽로,2,하행,1230025200,20,01,기본도로,03,주간선도로
365,올림픽로,2,하행,1230024500,21,01,기본도로,03,주간선도로
366,올림픽로92길,1,상행,1240015500,1,01,기본도로,05,기타도로
367,올림픽로98길,1,상행,1240018800,1,01,기본도로,05,기타도로
367,올림픽로98길,2,하행,1240018700,1,01,기본도로,05,기타도로
368,와우산로,1,상행,1130013200,1,01,기본도로,05,기타도로
368,와우산로,1,상행,1130014600,2,01,기본도로,05,기타도로
368,와우산로,1,상행,1130015400,3,01,기본도로,05,기타도로
368,와우산로,2,하행,1130017300,1,01,기본도로,05,기타도로
368,와우산로,2,하행,1130015300,2,01,기본도로,05,기타도로
368,와우산로,2,하행,1130014500,3,01,기본도로,05,기타도로
368,와우산로,2,하행,1130013100,4,01,기본도로,05,기타도로
369,왕산로,1,상행,1050002000,1,01,기본도로,03,주간선도로
369,왕산로,1,상행,1050001600,2,01,기본도로,03,주간선도로
369,왕산로,1,상행,1050001200,4,01,기본도로,03,주간선도로
369,왕산로,1,상행,1050001000,5,01,기본도로,03,주간선도로
369,왕산로,1,상행,1050000600,6,01,기본도로,03,주간선도로
369,왕산로,1,상행,1050000800,7,01,기본도로,03,주간선도로
369,왕산로,1,상행,1050000400,8,01,기본도로,03,주간선도로
369,왕산로,2,하행,1050000500,1,01,기본도로,03,주간선도로
369,왕산로,2,하행,1050000700,3,01,기본도로,03,주간선도로
369,왕산로,2,하행,1050001100,4,01,기본도로,03,주간선도로
369,왕산로,2,하행,1050001300,5,01,기본도로,03,주간선도로
369,왕산로,2,하행,1050001500,6,01,기본도로,03,주간선도로
369,왕산로,2,하행,1050001700,7,01,기본도로,03,주간선도로
370,왕십리로,1,상행,1030003800,1,01,기본도로,03,주간선도로
370,왕십리로,1,상행,1030004800,2,01,기본도로,03,주간선도로
370,왕십리로,1,상행,1030007400,3,01,기본도로,03,주간선도로
370,왕십리로,1,상행,1030011000,4,01,기본도로,03,주간선도로
370,왕십리로,1,상행,1030012600,5,01,기본도로,03,주간선도로
370,왕십리로,1,상행,1030014000,6,01,기본도로,03,주간선도로
370,왕십리로,1,상행,1030015400,8,01,기본도로,03,주간선도로
370,왕십리로,1,상행,1030016400,9,01,기본도로,03,주간선도로
370,왕십리로,1,상행,1030017600,10,01,기본도로,03,주간선도로
370,왕십리로,2,하행,1030017500,1,01,기본도로,03,주간선도로
370,왕십리로,2,하행,1030015300,3,01,기본도로,03,주간선도로
370,왕십리로,2,하행,1030014300,4,01,기본도로,03,주간선도로
370,왕십리로,2,하행,1030012500,6,01,기본도로,03,주간선도로
370,왕십리로,2,하행,1030010900,7,01,기본도로,03,주간선도로
370,왕십리로,2,하행,1030004700,9,01,기본도로,03,주간선도로
370,왕십리로,2,하행,1030003700,10,01,기본도로,03,주간선도로
371,용마산로,1,상행,1060005200,1,01,기본도로,04,보조간선도로
371,용마산로,1,상행,1060003900,3,01,기본도로,04,보조간선도로
371,용마산로,1,상행,1060011900,5,01,기본도로,04,보조간선도로
371,용마산로,1,상행,1060009900,6,01,기본도로,04,보조간선도로
371,용마산로,1,상행,1060008500,7,01,기본도로,04,보조간선도로
371,용마산로,1,상행,1060007300,8,01,기본도로,04,보조간선도로
372,용인서울고속도로,1,상행,2030046400,4,04,기타도로,06,경기도로
372,용인서울고속도로,1,상행,2280217100,5,04,기타도로,06,경기도로
372,용인서울고속도로,1,상행,2280216400,6,04,기타도로,06,경기도로
372,용인서울고속도로,1,상행,2280216600,7,04,기타도로,06,경기도로
372,용인서울고속도로,1,상행,2280216700,8,04,기타도로,06,경기도로
372,용인서울고속도로,1,상행,2060177400,9,04,기타도로,06,경기도로
372,용인서울고속도로,1,상행,2060178500,11,04,기타도로,06,경기도로
372,용인서울고속도로,1,상행,2060178900,12,04,기타도로,06,경기도로
372,용인서울고속도로,1,상행,1005004700,13,04,기타도로,06,경기도로
372,용인서울고속도로,1,상행,1005006100,14,04,기타도로,06,경기도로
372,용인서울고속도로,1,상행,1005005200,15,04,기타도로,06,경기도로
372,용인서울고속도로,1,상행,1005005300,16,04,기타도로,06,경기도로
372,용인서울고속도로,1,상행,1005005700,18,04,기타도로,06,경기도로
372,용인서울고속도로,1,상행,1005004800,19,04,기타도로,06,경기도로
372,용인서울고속도로,1,상행,1005005900,20,04,기타도로,06,경기도로
372,용인서울고속도로,1,상행,1005006200,21,04,기타도로,06,경기도로
372,용인서울고속도로,1,상행,1005006400,22,04,기타도로,06,경기도로
372,용인서울고속도로,2,하행,1005006300,2,04,기타도로,06,경기도로
372,용인서울고속도로,2,하행,1005004600,3,04,기타도로,06,경기도로
372,용인서울고속도로,2,하행,1005004900,4,04,기타도로,06,경기도로
372,용인서울고속도로,2,하행,1005005800,5,04,기타도로,06,경기도로
372,용인서울고속도로,2,하행,1005005500,6,04,기타도로,06,경기도로
372,용인서울고속도로,2,하행,1005005400,7,04,기타도로,06,경기도로
372,용인서울고속도로,2,하행,1005005000,9,04,기타도로,06,경기도로
372,용인서울고속도로,2,하행,1005006000,10,04,기타도로,06,경기도로
372,용인서울고속도로,2,하행,2060178800,11,04,기타도로,06,경기도로
372,용인서울고속도로,2,하행,2060178400,12,04,기타도로,06,경기도로
372,용인서울고속도로,2,하행,2060178600,13,04,기타도로,06,경기도로
372,용인서울고속도로,2,하행,2060178100,14,04,기타도로,06,경기도로
372,용인서울고속도로,2,하행,2060179000,16,04,기타도로,06,경기도로
372,용인서울고속도로,2,하행,2280216500,17,04,기타도로,06,경기도로
372,용인서울고속도로,2,하행,2280216300,18,04,기타도로,06,경기도로
372,용인서울고속도로,2,하행,2280216900,19,04,기타도로,06,경기도로
372,용인서울고속도로,2,하행,2030046300,20,04,기타도로,06,경기도로
372,용인서울고속도로,2,하행,2030046500,22,04,기타도로,06,경기도로
372,용인서울고속도로,2,하행,2280216000,23,04,기타도로,06,경기도로
373,우마길,1,상행,1160004500,1,01,기본도로,04,보조간선도로
373,우마길,2,하행,1160004600,1,01,기본도로,04,보조간선도로
374,우면산로,1,상행,1210000400,1,01,기본도로,05,기타도로
374,우면산로,1,상행,1210008900,2,01,기본도로,05,기타도로
374,우면산로,2,하행,1210000300,2,01,기본도로,05,기타도로
375,우장산로,1,상행,1150011600,1,01,기본도로,05,기타도로
375,우장산로,2,하행,1150011700,1,01,기본도로,05,기타도로
376,우정국로,1,상행,1000004800,1,01,기본도로,04,보조간선도로
376,우정국로,1,상행,1000006600,2,01,기본도로,04,보조간선도로
376,우정국로,1,상행,1000009200,3,01,기본도로,04,보조간선도로
376,우정국로,2,하행,1000006500,2,01,기본도로,04,보조간선도로
376,우정국로,2,하행,1000004700,3,01,기본도로,04,보조간선도로
377,원효로,1,상행,1020010900,1,01,기본도로,03,주간선도로
377,원효로,1,상행,1020009100,2,01,기본도로,03,주간선도로
377,원효로,1,상행,1005001900,3,01,기본도로,03,주간선도로
377,원효로,1,상행,1020015200,5,01,기본도로,03,주간선도로
377,원효로,2,하행,1020015100,1,01,기본도로,03,주간선도로
377,원효로,2,하행,1020012900,2,01,기본도로,03,주간선도로
377,원효로,2,하행,1005002000,3,01,기본도로,03,주간선도로
377,원효로,2,하행,1020009200,4,01,기본도로,03,주간선도로
377,원효로,2,하행,1020011000,5,01,기본도로,03,주간선도로
378,월계로,1,상행,1080001000,2,01,기본도로,04,보조간선도로
378,월계로,1,상행,1080001200,3,01,기본도로,04,보조간선도로
378,월계로,1,상행,1080001800,4,01,기본도로,04,보조간선도로
378,월계로,1,상행,1070021600,5,01,기본도로,04,보조간선도로
378,월계로,1,상행,1070021800,6,01,기본도로,04,보조간선도로
378,월계로,1,상행,1100012400,7,01,기본도로,04,보조간선도로
378,월계로,1,상행,1100014000,9,01,기본도로,04,보조간선도로
378,월계로,2,하행,1100013900,1,01,기본도로,04,보조간선도로
378,월계로,2,하행,1100013500,2,01,기본도로,04,보조간선도로
378,월계로,2,하행,1100012300,3,01,기본도로,04,보조간선도로
378,월계로,2,하행,1070021700,4,01,기본도로,04,보조간선도로
378,월계로,2,하행,1080001700,6,01,기본도로,04,보조간선도로
378,월계로,2,하행,1080001100,7,01,기본도로,04,보조간선도로
378,월계로,2,하행,1080000900,8,01,기본도로,04,보조간선도로
378,월계로,2,하행,1070016500,9,01,기본도로,04,보조간선도로
379,월곡로,1,상행,1070009100,1,01,기본도로,03,주간선도로
379,월곡로,2,하행,1070009200,1,01,기본도로,03,주간선도로
380,월드컵로,1,상행,1130025100,2,01,기본도로,04,보조간선도로
380,월드컵로,1,상행,1130024500,3,01,기본도로,04,보조간선도로
380,월드컵로,1,상행,1130023300,4,01,기본도로,04,보조간선도로
380,월드컵로,1,상행,1130006100,5,01,기본도로,04,보조간선도로
380,월드컵로,1,상행,1130021900,6,01,기본도로,04,보조간선도로
380,월드컵로,1,상행,1130020900,7,01,기본도로,04,보조간선도로
380,월드컵로,1,상행,1130019100,9,01,기본도로,04,보조간선도로
380,월드컵로,1,상행,1130017500,10,01,기본도로,04,보조간선도로
380,월드컵로,1,상행,1130014100,11,01,기본도로,04,보조간선도로
380,월드컵로,2,하행,1130014200,1,01,기본도로,04,보조간선도로
380,월드컵로,2,하행,1130017600,2,01,기본도로,04,보조간선도로
380,월드컵로,2,하행,1130020200,4,01,기본도로,04,보조간선도로
380,월드컵로,2,하행,1130021000,5,01,기본도로,04,보조간선도로
380,월드컵로,2,하행,1130022000,6,01,기본도로,04,보조간선도로
380,월드컵로,2,하행,1130006200,7,01,기본도로,04,보조간선도로
380,월드컵로,2,하행,1130023400,8,01,기본도로,04,보조간선도로
380,월드컵로,2,하행,1130024600,9,01,기본도로,04,보조간선도로
380,월드컵로,2,하행,1130027400,11,01,기본도로,04,보조간선도로
381,월드컵북로,1,상행,1130017000,1,01,기본도로,04,보조간선도로
381,월드컵북로,1,상행,1130018600,2,01,기본도로,04,보조간선도로
381,월드컵북로,1,상행,1130020000,3,01,기본도로,04,보조간선도로
381,월드컵북로,1,상행,1130021800,4,01,기본도로,04,보조간선도로
381,월드컵북로,1,상행,1130022800,5,01,기본도로,04,보조간선도로
381,월드컵북로,1,상행,1130024400,7,01,기본도로,04,보조간선도로
381,월드컵북로,1,상행,1130025600,8,01,기본도로,04,보조간선도로
381,월드컵북로,1,상행,1130026600,9,01,기본도로,04,보조간선도로
381,월드컵북로,1,상행,1130027800,10,01,기본도로,04,보조간선도로
381,월드컵북로,1,상행,1130028400,11,01,기본도로,04,보조간선도로
381,월드컵북로,1,상행,3201506000,13,01,기본도로,04,보조간선도로
381,월드컵북로,2,하행,3201506100,1,01,기본도로,04,보조간선도로
381,월드컵북로,2,하행,3201507300,2,01,기본도로,04,보조간선도로
381,월드컵북로,2,하행,1130028300,3,01,기본도로,04,보조간선도로
381,월드컵북로,2,하행,1130027700,4,01,기본도로,04,보조간선도로
381,월드컵북로,2,하행,1130026500,5,01,기본도로,04,보조간선도로
381,월드컵북로,2,하행,1130024300,7,01,기본도로,04,보조간선도로
381,월드컵북로,2,하행,1130023500,8,01,기본도로,04,보조간선도로
381,월드컵북로,2,하행,1130022700,9,01,기본도로,04,보조간선도로
381,월드컵북로,2,하행,1130021700,10,01,기본도로,04,보조간선도로
381,월드컵북로,2,하행,1130019900,11,01,기본도로,04,보조간선도로
381,월드컵북로,2,하행,1130018500,12,01,기본도로,04,보조간선도로
382,위례성대로,1,상행,1230021400,1,01,기본도로,04,보조간선도로
382,위례성대로,1,상행,1230024000,2,01,기본도로,04,보조간선도로
382,위례성대로,1,상행,1230026200,3,01,기본도로,04,보조간선도로
382,위례성대로,1,상행,1230027200,4,01,기본도로,04,보조간선도로
382,위례성대로,1,상행,1230028200,5,01,기본도로,04,보조간선도로
382,위례성대로,2,하행,1230029300,1,01,기본도로,04,보조간선도로
382,위례성대로,2,하행,1230028100,2,01,기본도로,04,보조간선도로
382,위례성대로,2,하행,1230027100,3,01,기본도로,04,보조간선도로
382,위례성대로,2,하행,1230026100,4,01,기본도로,04,보조간선도로
382,위례성대로,2,하행,1230023900,5,01,기본도로,04,보조간선도로
382,위례성대로,2,하행,1230021300,6,01,기본도로,04,보조간선도로
383,율곡로,1,상행,1000009600,2,01,기본도로,03,주간선도로
383,율곡로,1,상행,1000012300,3,01,기본도로,03,주간선도로
383,율곡로,1,상행,1000013400,4,01,기본도로,03,주간선도로
383,율곡로,1,상행,1000013500,5,01,기본도로,03,주간선도로
383,율곡로,1,상행,1000012700,6,01,기본도로,03,주간선도로
383,율곡로,1,상행,1000011600,7,01,기본도로,03,주간선도로
383,율곡로,2,하행,1000012800,2,01,기본도로,03,주간선도로
383,율곡로,2,하행,1000013600,3,01,기본도로,03,주간선도로
383,율곡로,2,하행,1000013300,4,01,기본도로,03,주간선도로
383,율곡로,2,하행,1000012400,5,01,기본도로,03,주간선도로
383,율곡로,2,하행,1000009500,6,01,기본도로,03,주간선도로
384,은천로,1,상행,1200009600,1,01,기본도로,04,보조간선도로
384,은천로,1,상행,1200009700,2,01,기본도로,04,보조간선도로
384,은천로,2,하행,1200009800,1,01,기본도로,04,보조간선도로
384,은천로,2,하행,1200009500,2,01,기본도로,04,보조간선도로
385,은평로,1,상행,1110007800,1,01,기본도로,04,보조간선도로
385,은평로,1,상행,1110008400,2,01,기본도로,04,보조간선도로
385,은평로,1,상행,1110008800,4,01,기본도로,04,보조간선도로
385,은평로,1,상행,1110008900,5,01,기본도로,04,보조간선도로
385,은평로,2,하행,1110009000,1,01,기본도로,04,보조간선도로
385,은평로,2,하행,1110008700,2,01,기본도로,04,보조간선도로
385,은평로,2,하행,1110008500,3,01,기본도로,04,보조간선도로
385,은평로,2,하행,1110008300,4,01,기본도로,04,보조간선도로
386,을지로,1,상행,1010012600,1,01,기본도로,03,주간선도로
386,을지로,1,상행,1010014000,2,01,기본도로,03,주간선도로
386,을지로,1,상행,1010014200,3,01,기본도로,03,주간선도로
386,을지로,1,상행,1010014400,4,01,기본도로,03,주간선도로
386,을지로,1,상행,1010014800,5,01,기본도로,03,주간선도로
386,을지로,1,상행,1010016200,7,01,기본도로,03,주간선도로
386,을지로,1,상행,1010014900,8,01,기본도로,03,주간선도로
386,을지로,1,상행,1010013300,9,01,기본도로,03,주간선도로
386,을지로,1,상행,1010011500,10,01,기본도로,03,주간선도로
386,을지로,2,하행,1010011600,1,01,기본도로,03,주간선도로
386,을지로,2,하행,1010013400,2,01,기본도로,03,주간선도로
386,을지로,2,하행,1010016100,4,01,기본도로,03,주간선도로
386,을지로,2,하행,1010015700,5,01,기본도로,03,주간선도로
386,을지로,2,하행,1010014700,6,01,기본도로,03,주간선도로
386,을지로,2,하행,1010014300,7,01,기본도로,03,주간선도로
386,을지로,2,하행,1010014100,8,01,기본도로,03,주간선도로
386,을지로,2,하행,1010013900,9,01,기본도로,03,주간선도로
387,을지로45길,1,상행,1010014500,1,01,기본도로,05,기타도로
387,을지로45길,2,하행,1010014600,1,01,기본도로,05,기타도로
388,응암로,1,상행,1120008800,1,01,기본도로,04,보조간선도로
388,응암로,1,상행,1120012000,2,01,기본도로,04,보조간선도로
388,응암로,1,상행,1120013000,3,01,기본도로,04,보조간선도로
388,응암로,1,상행,1110006800,5,01,기본도로,04,보조간선도로
388,응암로,1,상행,1110008000,6,01,기본도로,04,보조간선도로
388,응암로,1,상행,1110009800,7,01,기본도로,04,보조간선도로
388,응암로,2,하행,1110009700,1,01,기본도로,04,보조간선도로
388,응암로,2,하행,1110007900,2,01,기본도로,04,보조간선도로
388,응암로,2,하행,1110006700,3,01,기본도로,04,보조간선도로
388,응암로,2,하행,1120012900,5,01,기본도로,04,보조간선도로
388,응암로,2,하행,1120011900,6,01,기본도로,04,보조간선도로
388,응암로,2,하행,1120008700,7,01,기본도로,04,보조간선도로
389,의사당대로,1,상행,1180033000,1,01,기본도로,04,보조간선도로
389,의사당대로,1,상행,1180031200,2,01,기본도로,04,보조간선도로
389,의사당대로,1,상행,1180026000,3,01,기본도로,04,보조간선도로
389,의사당대로,1,상행,1180019000,5,01,기본도로,04,보조간선도로
389,의사당대로,2,하행,1180019100,1,01,기본도로,04,보조간선도로
389,의사당대로,2,하행,1180022500,2,01,기본도로,04,보조간선도로
389,의사당대로,2,하행,1180026100,3,01,기본도로,04,보조간선도로
389,의사당대로,2,하행,1180031300,4,01,기본도로,04,보조간선도로
390,이문로,1,상행,1050021500,1,01,기본도로,04,보조간선도로
390,이문로,1,상행,1050020500,2,01,기본도로,04,보조간선도로
390,이문로,1,상행,1050019500,3,01,기본도로,04,보조간선도로
390,이문로,1,상행,1050016900,4,01,기본도로,04,보조간선도로
390,이문로,2,하행,1050017000,1,01,기본도로,04,보조간선도로
390,이문로,2,하행,1050019600,2,01,기본도로,04,보조간선도로
390,이문로,2,하행,1050021600,4,01,기본도로,04,보조간선도로
391,이촌로,1,상행,1020006500,1,01,기본도로,05,기타도로
391,이촌로,1,상행,1005002500,2,01,기본도로,05,기타도로
391,이촌로,1,상행,1020004300,3,01,기본도로,05,기타도로
391,이촌로,1,상행,1020003900,4,01,기본도로,05,기타도로
391,이촌로,1,상행,1020003100,5,01,기본도로,05,기타도로
391,이촌로,1,상행,1020002400,7,01,기본도로,05,기타도로
391,이촌로,2,하행,1020002300,1,01,기본도로,05,기타도로
391,이촌로,2,하행,1020002600,2,01,기본도로,05,기타도로
391,이촌로,2,하행,1020003200,3,01,기본도로,05,기타도로
391,이촌로,2,하행,1020004000,4,01,기본도로,05,기타도로
391,이촌로,2,하행,1020006600,6,01,기본도로,05,기타도로
392,이촌로46길,1,상행,1020002900,1,01,기본도로,05,기타도로
392,이촌로46길,2,하행,1020003000,1,01,기본도로,05,기타도로
393,이촌로51길,1,상행,1020004700,1,01,기본도로,05,기타도로
393,이촌로51길,2,하행,1020004800,1,01,기본도로,05,기타도로
394,이태원로,1,상행,1020013500,1,01,기본도로,04,보조간선도로
394,이태원로,1,상행,1020010700,3,01,기본도로,04,보조간선도로
394,이태원로,1,상행,1020011400,4,01,기본도로,04,보조간선도로
394,이태원로,2,하행,1020011300,1,01,기본도로,04,보조간선도로
394,이태원로,2,하행,1020010800,2,01,기본도로,04,보조간선도로
394,이태원로,2,하행,1020011200,3,01,기본도로,04,보조간선도로
394,이태원로,2,하행,1020013600,4,01,기본도로,04,보조간선도로
395,인수봉로,1,상행,1080009500,2,01,기본도로,04,보조간선도로
395,인수봉로,1,상행,1080003900,3,01,기본도로,04,보조간선도로
395,인수봉로,2,하행,1080004000,1,01,기본도로,04,보조간선도로
395,인수봉로,2,하행,1080009600,2,01,기본도로,04,보조간선도로
395,인수봉로,2,하행,1080011600,3,01,기본도로,04,보조간선도로
397,인천국제공항고속도로,1,상행,1610002900,2,04,기타도로,06,경기도로
397,인천국제공항고속도로,1,상행,1610004700,3,04,기타도로,06,경기도로
397,인천국제공항고속도로,1,상행,1610005701,4,04,기타도로,06,경기도로
397,인천국제공항고속도로,1,상행,1610005702,5,04,기타도로,06,경기도로
397,인천국제공항고속도로,1,상행,1610006400,6,04,기타도로,06,경기도로
397,인천국제공항고속도로,1,상행,1610006700,7,04,기타도로,06,경기도로
397,인천국제공항고속도로,1,상행,1680008502,9,04,기타도로,06,경기도로
397,인천국제공항고속도로,1,상행,1670005201,10,04,기타도로,06,경기도로
397,인천국제공항고속도로,1,상행,1150105600,11,04,기타도로,06,경기도로
397,인천국제공항고속도로,1,상행,1150005600,12,04,기타도로,06,경기도로
397,인천국제공항고속도로,1,상행,2180142803,14,04,기타도로,06,경기도로
397,인천국제공항고속도로,2,하행,2180142703,1,04,기타도로,06,경기도로
397,인천국제공항고속도로,2,하행,1150005700,3,04,기타도로,06,경기도로
397,인천국제공항고속도로,2,하행,1150105500,4,04,기타도로,06,경기도로
397,인천국제공항고속도로,2,하행,1680008602,6,04,기타도로,06,경기도로
397,인천국제공항고속도로,2,하행,1680008601,7,04,기타도로,06,경기도로
397,인천국제공항고속도로,2,하행,1610006800,8,04,기타도로,06,경기도로
397,인천국제공항고속도로,2,하행,1610005801,10,04,기타도로,06,경기도로
397,인천국제공항고속도로,2,하행,1610004800,12,04,기타도로,06,경기도로
397,인천국제공항고속도로,2,하행,1610003000,13,04,기타도로,06,경기도로
397,인천국제공항고속도로,2,하행,1610001300,14,04,기타도로,06,경기도로
398,인촌로,1,상행,1070004300,1,01,기본도로,04,보조간선도로
398,인촌로,1,상행,1070004100,2,01,기본도로,04,보조간선도로
398,인촌로,2,하행,1070003800,1,01,기본도로,04,보조간선도로
398,인촌로,2,하행,1070004200,2,01,기본도로,04,보조간선도로
398,인촌로,2,하행,1070004400,3,01,기본도로,04,보조간선도로
399,인촌로24길,1,상행,1070003200,1,01,기본도로,05,기타도로
400,인촌로7길,1,상행,1070005000,1,01,기본도로,05,기타도로
400,인촌로7길,2,하행,1070005900,1,01,기본도로,05,기타도로
400,인촌로7길,2,하행,1070004900,2,01,기본도로,05,기타도로
401,인촌로8길,1,상행,1070002700,1,01,기본도로,05,기타도로
401,인촌로8길,2,하행,1070002800,1,01,기본도로,05,기타도로
402,일원로,1,상행,1220017800,1,01,기본도로,05,기타도로
402,일원로,1,상행,1220014800,2,01,기본도로,05,기타도로
402,일원로,2,하행,1220010900,1,01,기본도로,05,기타도로
402,일원로,2,하행,1220014900,2,01,기본도로,05,기타도로
402,일원로,2,하행,1220017900,3,01,기본도로,05,기타도로
403,자양로,1,상행,1040000400,1,01,기본도로,03,주간선도로
403,자양로,1,상행,1040001000,2,01,기본도로,03,주간선도로
403,자양로,1,상행,1040001800,3,01,기본도로,03,주간선도로
403,자양로,2,하행,1040003100,1,01,기본도로,03,주간선도로
403,자양로,2,하행,1040001700,2,01,기본도로,03,주간선도로
403,자양로,2,하행,1040000900,3,01,기본도로,03,주간선도로
403,자양로,2,하행,1040000300,4,01,기본도로,03,주간선도로
404,자양번영로,1,상행,1040007200,1,01,기본도로,05,기타도로
404,자양번영로,2,하행,1040005700,1,01,기본도로,05,기타도로
404,자양번영로,2,하행,1040007300,2,01,기본도로,05,기타도로
405,자유로,1,상행,2180003402,1,01,기본도로,02,도시고속도로
405,자유로,1,상행,1009014300,2,01,기본도로,02,도시고속도로
405,자유로,1,상행,2180002504,3,01,기본도로,02,도시고속도로
405,자유로,1,상행,2180002503,4,01,기본도로,02,도시고속도로
405,자유로,1,상행,2180002501,6,01,기본도로,02,도시고속도로
405,자유로,1,상행,2180001304,7,01,기본도로,02,도시고속도로
405,자유로,1,상행,2180001303,8,01,기본도로,02,도시고속도로
405,자유로,1,상행,2180001302,9,01,기본도로,02,도시고속도로
405,자유로,1,상행,2180001301,10,01,기본도로,02,도시고속도로
405,자유로,1,상행,2180000303,11,01,기본도로,02,도시고속도로
405,자유로,1,상행,2180000301,13,01,기본도로,02,도시고속도로
405,자유로,1,상행,2180000202,14,01,기본도로,02,도시고속도로
405,자유로,1,상행,2180000201,15,01,기본도로,02,도시고속도로
405,자유로,1,상행,1130007400,16,01,기본도로,02,도시고속도로
405,자유로,2,하행,1130007300,1,01,기본도로,02,도시고속도로
405,자유로,2,하행,2180000102,3,01,기본도로,02,도시고속도로
405,자유로,2,하행,2180000401,4,01,기본도로,02,도시고속도로
405,자유로,2,하행,2180000402,5,01,기본도로,02,도시고속도로
405,자유로,2,하행,2180000403,6,01,기본도로,02,도시고속도로
405,자유로,2,하행,2180001401,7,01,기본도로,02,도시고속도로
405,자유로,2,하행,2180001402,8,01,기본도로,02,도시고속도로
405,자유로,2,하행,2180001404,10,01,기본도로,02,도시고속도로
405,자유로,2,하행,2180002601,11,01,기본도로,02,도시고속도로
405,자유로,2,하행,2180002602,12,01,기본도로,02,도시고속도로
405,자유로,2,하행,2180002603,13,01,기본도로,02,도시고속도로
405,자유로,2,하행,2180002604,14,01,기본도로,02,도시고속도로
405,자유로,2,하행,2180003301,15,01,기본도로,02,도시고속도로
407,잔다리로,1,상행,1130017900,1,01,기본도로,05,기타도로
407,잔다리로,1,상행,1130015700,2,01,기본도로,05,기타도로
407,잔다리로,1,상행,1130013700,3,01,기본도로,05,기타도로
407,잔다리로,2,하행,1130013800,1,01,기본도로,05,기타도로
407,잔다리로,2,하행,1130018000,3,01,기본도로,05,기타도로
409,잠실로,1,상행,1230027500,1,01,기본도로,05,기타도로
409,잠실로,1,상행,1230024100,2,01,기본도로,05,기타도로
409,잠실로,1,상행,1230023100,3,01,기본도로,05,기타도로
409,잠실로,1,상행,1230023600,4,01,기본도로,05,기타도로
409,잠실로,1,상행,1230026000,5,01,기본도로,05,기타도로
409,잠실로,2,하행,1230023500,2,01,기본도로,05,기타도로
409,잠실로,2,하행,1230023200,3,01,기본도로,05,기타도로
409,잠실로,2,하행,1230024200,4,01,기본도로,05,기타도로
409,잠실로,2,하행,1230027600,5,01,기본도로,05,기타도로
410,잠원로,1,상행,1210030400,1,01,기본도로,04,보조간선도로
410,잠원로,1,상행,1210029000,3,01,기본도로,04,보조간선도로
410,잠원로,1,상행,1210028200,4,01,기본도로,04,보조간선도로
410,잠원로,1,상행,1210027200,5,01,기본도로,04,보조간선도로
410,잠원로,1,상행,1210026200,6,01,기본도로,04,보조간선도로
410,잠원로,2,하행,1210026300,1,01,기본도로,04,보조간선도로
410,잠원로,2,하행,1210027300,2,01,기본도로,04,보조간선도로
410,잠원로,2,하행,1210029100,4,01,기본도로,04,보조간선도로
410,잠원로,2,하행,1210030300,5,01,기본도로,04,보조간선도로
410,잠원로,2,하행,1210030500,6,01,기본도로,04,보조간선도로
411,장문로,1,상행,1020006700,1,01,기본도로,05,기타도로
411,장문로,2,하행,1020006800,1,01,기본도로,05,기타도로
412,장승배기로,1,상행,1190002200,1,01,기본도로,04,보조간선도로
412,장승배기로,2,하행,1190004500,1,01,기본도로,04,보조간선도로
412,장승배기로,2,하행,1190002100,2,01,기본도로,04,보조간선도로
413,장안벚꽃로,1,상행,1050004200,1,01,기본도로,05,기타도로
413,장안벚꽃로,1,상행,1050010400,2,01,기본도로,05,기타도로
413,장안벚꽃로,1,상행,1050013400,3,01,기본도로,05,기타도로
413,장안벚꽃로,2,하행,1050010300,2,01,기본도로,05,기타도로
413,장안벚꽃로,2,하행,1050004100,3,01,기본도로,05,기타도로
414,장위로,1,상행,1070018800,1,01,기본도로,05,기타도로
414,장위로,1,상행,1070018600,2,01,기본도로,05,기타도로
414,장위로,1,상행,1070019800,3,01,기본도로,05,기타도로
414,장위로,2,하행,1070019700,1,01,기본도로,05,기타도로
414,장위로,2,하행,1070018700,3,01,기본도로,05,기타도로
415,장충단로,1,상행,1020020200,1,01,기본도로,03,주간선도로
415,장충단로,1,상행,1010000400,2,01,기본도로,03,주간선도로
415,장충단로,1,상행,1010001400,3,01,기본도로,03,주간선도로
415,장충단로,1,상행,1010005400,4,01,기본도로,03,주간선도로
415,장충단로,1,상행,1010012000,5,01,기본도로,03,주간선도로
415,장충단로,2,하행,1010017300,1,01,기본도로,03,주간선도로
415,장충단로,2,하행,1010011900,2,01,기본도로,03,주간선도로
415,장충단로,2,하행,1010005300,3,01,기본도로,03,주간선도로
415,장충단로,2,하행,1010001300,4,01,기본도로,03,주간선도로
415,장충단로,2,하행,1010000300,5,01,기본도로,03,주간선도로
416,장한로,1,상행,1050004400,1,01,기본도로,05,기타도로
416,장한로,1,상행,1050009600,2,01,기본도로,05,기타도로
416,장한로,2,하행,1050009500,1,01,기본도로,05,기타도로
416,장한로,2,하행,1050004300,2,01,기본도로,05,기타도로
417,전농로,1,상행,1050004000,1,01,기본도로,04,보조간선도로
417,전농로,1,상행,1050005000,2,01,기본도로,04,보조간선도로
417,전농로,1,상행,1050012200,4,01,기본도로,04,보조간선도로
417,전농로,1,상행,1050014600,5,01,기본도로,04,보조간선도로
417,전농로,2,하행,1050014500,1,01,기본도로,04,보조간선도로
417,전농로,2,하행,1050012100,2,01,기본도로,04,보조간선도로
417,전농로,2,하행,1050009100,3,01,기본도로,04,보조간선도로
417,전농로,2,하행,1050004900,4,01,기본도로,04,보조간선도로
418,정동길,1,상행,1010015100,1,01,기본도로,05,기타도로
418,정동길,2,하행,1010015200,1,01,기본도로,05,기타도로
419,정릉로,1,상행,1070016100,1,01,기본도로,04,보조간선도로
419,정릉로,1,상행,1070015200,2,01,기본도로,04,보조간선도로
419,정릉로,1,상행,1070014700,3,01,기본도로,04,보조간선도로
419,정릉로,1,상행,1070013100,5,01,기본도로,04,보조간선도로
419,정릉로,1,상행,1070012300,6,01,기본도로,04,보조간선도로
419,정릉로,1,상행,1005003300,7,01,기본도로,04,보조간선도로
419,정릉로,1,상행,1005003500,8,01,기본도로,04,보조간선도로
419,정릉로,2,하행,1005003600,1,01,기본도로,04,보조간선도로
419,정릉로,2,하행,1005003400,2,01,기본도로,04,보조간선도로
419,정릉로,2,하행,1070013200,4,01,기본도로,04,보조간선도로
419,정릉로,2,하행,1070013400,5,01,기본도로,04,보조간선도로
419,정릉로,2,하행,1070014800,6,01,기본도로,04,보조간선도로
419,정릉로,2,하행,1070015100,7,01,기본도로,04,보조간선도로
419,정릉로,2,하행,1070016200,8,01,기본도로,04,보조간선도로
420,정릉천동로,1,상행,1050012400,1,01,기본도로,05,기타도로
420,정릉천동로,2,하행,1050014700,1,01,기본도로,05,기타도로
420,정릉천동로,2,하행,1050012300,2,01,기본도로,05,기타도로
421,제2경인고속도로,1,상행,2080062800,1,04,기타도로,06,경기도로
421,제2경인고속도로,1,상행,2080062600,2,04,기타도로,06,경기도로
421,제2경인고속도로,1,상행,2080005300,3,04,기타도로,06,경기도로
421,제2경인고속도로,1,상행,2130001600,5,04,기타도로,06,경기도로
421,제2경인고속도로,1,상행,2130002300,6,04,기타도로,06,경기도로
421,제2경인고속도로,1,상행,2130002500,7,04,기타도로,06,경기도로
421,제2경인고속도로,1,상행,2240024100,8,04,기타도로,06,경기도로
421,제2경인고속도로,1,상행,2240021700,9,04,기타도로,06,경기도로
421,제2경인고속도로,1,상행,2240017200,10,04,기타도로,06,경기도로
421,제2경인고속도로,1,상행,2240019101,12,04,기타도로,06,경기도로
421,제2경인고속도로,1,상행,1650003901,13,04,기타도로,06,경기도로
421,제2경인고속도로,1,상행,1650004200,14,04,기타도로,06,경기도로
421,제2경인고속도로,1,상행,1650004600,15,04,기타도로,06,경기도로
421,제2경인고속도로,1,상행,1650005000,16,04,기타도로,06,경기도로
421,제2경인고속도로,1,상행,1650004700,17,04,기타도로,06,경기도로
421,제2경인고속도로,2,하행,1630000600,1,04,기타도로,06,경기도로
421,제2경인고속도로,2,하행,1650004800,2,04,기타도로,06,경기도로
421,제2경인고속도로,2,하행,1650004900,3,04,기타도로,06,경기도로
421,제2경인고속도로,2,하행,1650004500,4,04,기타도로,06,경기도로
421,제2경인고속도로,2,하행,1650004100,5,04,기타도로,06,경기도로
421,제2경인고속도로,2,하행,2240019201,7,04,기타도로,06,경기도로
421,제2경인고속도로,2,하행,2240018600,8,04,기타도로,06,경기도로
421,제2경인고속도로,2,하행,2240017100,9,04,기타도로,06,경기도로
421,제2경인고속도로,2,하행,2240021800,10,04,기타도로,06,경기도로
421,제2경인고속도로,2,하행,2240024200,11,04,기타도로,06,경기도로
421,제2경인고속도로,2,하행,2130002600,12,04,기타도로,06,경기도로
421,제2경인고속도로,2,하행,2130001500,14,04,기타도로,06,경기도로
421,제2경인고속도로,2,하행,2130001200,15,04,기타도로,06,경기도로
421,제2경인고속도로,2,하행,2080005400,16,04,기타도로,06,경기도로
421,제2경인고속도로,2,하행,2080062500,17,04,기타도로,06,경기도로
421,제2경인고속도로,2,하행,2080062700,18,04,기타도로,06,경기도로
422,제2중부고속도로,1,상행,2300037801,1,04,기타도로,06,경기도로
422,제2중부고속도로,2,하행,2300038101,2,04,기타도로,06,경기도로
423,제3경인고속화도로,1,상행,1650094500,1,04,기타도로,06,경기도로
423,제3경인고속화도로,1,상행,1650094600,2,04,기타도로,06,경기도로
423,제3경인고속화도로,1,상행,2240145400,3,04,기타도로,06,경기도로
423,제3경인고속화도로,1,상행,2240145500,4,04,기타도로,06,경기도로
423,제3경인고속화도로,1,상행,2240145300,6,04,기타도로,06,경기도로
423,제3경인고속화도로,1,상행,2240145700,7,04,기타도로,06,경기도로
423,제3경인고속화도로,1,상행,2240149600,8,04,기타도로,06,경기도로
423,제3경인고속화도로,1,상행,2240145800,9,04,기타도로,06,경기도로
423,제3경인고속화도로,1,상행,2240145901,10,04,기타도로,06,경기도로
423,제3경인고속화도로,1,상행,2240145902,11,04,기타도로,06,경기도로
423,제3경인고속화도로,2,하행,2240147601,2,04,기타도로,06,경기도로
423,제3경인고속화도로,2,하행,2240149500,3,04,기타도로,06,경기도로
423,제3경인고속화도로,2,하행,2240148000,4,04,기타도로,06,경기도로
423,제3경인고속화도로,2,하행,2240148100,5,04,기타도로,06,경기도로
423,제3경인고속화도로,2,하행,2240145000,6,04,기타도로,06,경기도로
423,제3경인고속화도로,2,하행,2240149000,7,04,기타도로,06,경기도로
423,제3경인고속화도로,2,하행,2240149200,9,04,기타도로,06,경기도로
423,제3경인고속화도로,2,하행,1650094700,10,04,기타도로,06,경기도로
423,제3경인고속화도로,2,하행,1650094800,11,04,기타도로,06,경기도로
424,제기로,1,상행,1050015400,1,01,기본도로,04,보조간선도로
424,제기로,1,상행,1050015800,2,01,기본도로,04,보조간선도로
424,제기로,1,상행,1050015500,4,01,기본도로,04,보조간선도로
424,제기로,2,하행,1050015600,1,01,기본도로,04,보조간선도로
424,제기로,2,하행,1050015900,2,01,기본도로,04,보조간선도로
424,제기로,2,하행,1050015700,3,01,기본도로,04,보조간선도로
424,제기로,2,하행,1050015300,4,01,기본도로,04,보조간선도로
425,조원중앙로,1,상행,1200005200,1,01,기본도로,05,기타도로
425,조원중앙로,2,하행,1200007500,1,01,기본도로,05,기타도로
425,조원중앙로,2,하행,1200005100,2,01,기본도로,05,기타도로
426,조정대로,1,상행,2270010500,1,01,기본도로,05,기타도로
426,조정대로,1,상행,1240002800,2,01,기본도로,05,기타도로
426,조정대로,2,하행,1240002700,1,01,기본도로,05,기타도로
426,조정대로,2,하행,2270010400,2,01,기본도로,05,기타도로
427,종로,1,상행,1000000300,2,01,기본도로,03,주간선도로
427,종로,1,상행,1000000600,3,01,기본도로,03,주간선도로
427,종로,1,상행,1000001200,4,01,기본도로,03,주간선도로
427,종로,1,상행,1000001600,5,01,기본도로,03,주간선도로
427,종로,1,상행,1000001800,6,01,기본도로,03,주간선도로
427,종로,1,상행,1000002200,8,01,기본도로,03,주간선도로
427,종로,1,상행,1000002400,9,01,기본도로,03,주간선도로
427,종로,2,하행,1000002300,1,01,기본도로,03,주간선도로
427,종로,2,하행,1000002100,2,01,기본도로,03,주간선도로
427,종로,2,하행,1000001900,3,01,기본도로,03,주간선도로
427,종로,2,하행,1000001700,4,01,기본도로,03,주간선도로
427,종로,2,하행,1000001100,6,01,기본도로,03,주간선도로
427,종로,2,하행,1000000500,7,01,기본도로,03,주간선도로
427,종로,2,하행,1000000400,8,01,기본도로,03,주간선도로
427,종로,2,하행,1000001300,9,01,기본도로,03,주간선도로
428,종로1길,1,상행,1000008500,1,01,기본도로,05,기타도로
428,종로1길,1,상행,1000011200,2,01,기본도로,05,기타도로
428,종로1길,2,하행,1000008600,2,01,기본도로,05,기타도로
429,종암로,1,상행,1050017600,1,01,기본도로,03,주간선도로
429,종암로,1,상행,1070007600,2,01,기본도로,03,주간선도로
429,종암로,1,상행,1070010400,3,01,기본도로,03,주간선도로
429,종암로,1,상행,1070013800,4,01,기본도로,03,주간선도로
429,종암로,2,하행,1070010300,2,01,기본도로,03,주간선도로
429,종암로,2,하행,1070007500,3,01,기본도로,03,주간선도로
429,종암로,2,하행,1050017500,4,01,기본도로,03,주간선도로
430,종암로30길,1,상행,1005001200,1,01,기본도로,05,기타도로
431,중계로,1,상행,1100027300,1,01,기본도로,05,기타도로
431,중계로,1,상행,1100027100,2,01,기본도로,05,기타도로
431,중계로,1,상행,1100024500,4,01,기본도로,05,기타도로
431,중계로,1,상행,1100022500,5,01,기본도로,05,기타도로
431,중계로,1,상행,1100020700,6,01,기본도로,05,기타도로
431,중계로,1,상행,1100017900,7,01,기본도로,05,기타도로
431,중계로,2,하행,1100018000,1,01,기본도로,05,기타도로
431,중계로,2,하행,1100020800,2,01,기본도로,05,기타도로
431,중계로,2,하행,1100024600,4,01,기본도로,05,기타도로
431,중계로,2,하행,1100026400,5,01,기본도로,05,기타도로
431,중계로,2,하행,1100027200,6,01,기본도로,05,기타도로
431,중계로,2,하행,1100027400,7,01,기본도로,05,기타도로
432,중대로,1,상행,1230020900,1,01,기본도로,04,보조간선도로
432,중대로,1,상행,1230014900,3,01,기본도로,04,보조간선도로
432,중대로,1,상행,1230011700,4,01,기본도로,04,보조간선도로
432,중대로,1,상행,1230009900,5,01,기본도로,04,보조간선도로
432,중대로,1,상행,1230008300,6,01,기본도로,04,보조간선도로
432,중대로,2,하행,1230008400,1,01,기본도로,04,보조간선도로
432,중대로,2,하행,1230010000,2,01,기본도로,04,보조간선도로
432,중대로,2,하행,1230015000,4,01,기본도로,04,보조간선도로
432,중대로,2,하행,1230018000,5,01,기본도로,04,보조간선도로
432,중대로,2,하행,1230021000,6,01,기본도로,04,보조간선도로
434,중랑역로,1,상행,1060020100,1,01,기본도로,05,기타도로
434,중랑역로,1,상행,1060018500,2,01,기본도로,05,기타도로
434,중랑역로,1,상행,1060017700,3,01,기본도로,05,기타도로
434,중랑역로,1,상행,1060015700,5,01,기본도로,05,기타도로
434,중랑역로,1,상행,1060014500,6,01,기본도로,05,기타도로
434,중랑역로,1,상행,3201501300,7,01,기본도로,05,기타도로
434,중랑역로,2,하행,3201501200,1,01,기본도로,05,기타도로
434,중랑역로,2,하행,1060014600,2,01,기본도로,05,기타도로
434,중랑역로,2,하행,1060016800,4,01,기본도로,05,기타도로
434,중랑역로,2,하행,1060017800,5,01,기본도로,05,기타도로
434,중랑역로,2,하행,1060018600,6,01,기본도로,05,기타도로
434,중랑역로,2,하행,1060020200,7,01,기본도로,05,기타도로
435,중랑천로,1,상행,1060011200,1,01,기본도로,05,기타도로
435,중랑천로,1,상행,1060013800,2,01,기본도로,05,기타도로
435,중랑천로,2,하행,1060017500,1,01,기본도로,05,기타도로
435,중랑천로,2,하행,1060013700,2,01,기본도로,05,기타도로
435,중랑천로,2,하행,1060011100,3,01,기본도로,05,기타도로
436,중림로,1,상행,1010003100,1,01,기본도로,05,기타도로
436,중림로,2,하행,1010003200,1,01,기본도로,05,기타도로
437,중부고속도로,1,상행,2270001002,1,04,기타도로,06,경기도로
437,중부고속도로,1,상행,2340034400,3,04,기타도로,06,경기도로
437,중부고속도로,1,상행,2340007701,4,04,기타도로,06,경기도로
437,중부고속도로,1,상행,2340006500,5,04,기타도로,06,경기도로
437,중부고속도로,1,상행,2300041301,6,04,기타도로,06,경기도로
437,중부고속도로,1,상행,2300036000,7,04,기타도로,06,경기도로
437,중부고속도로,1,상행,2300032802,9,04,기타도로,06,경기도로
437,중부고속도로,1,상행,2300029200,10,04,기타도로,06,경기도로
437,중부고속도로,1,상행,2300026300,11,04,기타도로,06,경기도로
437,중부고속도로,1,상행,2300019500,12,04,기타도로,06,경기도로
437,중부고속도로,1,상행,2310052701,13,04,기타도로,06,경기도로
437,중부고속도로,1,상행,2310050900,14,04,기타도로,06,경기도로
437,중부고속도로,2,하행,2810031001,1,04,기타도로,06,경기도로
437,중부고속도로,2,하행,2310051000,2,04,기타도로,06,경기도로
437,중부고속도로,2,하행,2310052801,3,04,기타도로,06,경기도로
437,중부고속도로,2,하행,2300019400,4,04,기타도로,06,경기도로
437,중부고속도로,2,하행,2300026200,5,04,기타도로,06,경기도로
437,중부고속도로,2,하행,2300029300,6,04,기타도로,06,경기도로
437,중부고속도로,2,하행,2300036100,8,04,기타도로,06,경기도로
437,중부고속도로,2,하행,2300041201,9,04,기타도로,06,경기도로
437,중부고속도로,2,하행,2340006600,10,04,기타도로,06,경기도로
437,중부고속도로,2,하행,2340007801,11,04,기타도로,06,경기도로
437,중부고속도로,2,하행,2340034300,12,04,기타도로,06,경기도로
437,중부고속도로,2,하행,2270000902,14,04,기타도로,06,경기도로
438,중앙로,1,상행,1140020700,1,01,기본도로,04,보조간선도로
438,중앙로,1,상행,1140015900,2,01,기본도로,04,보조간선도로
438,중앙로,1,상행,1140012300,3,01,기본도로,04,보조간선도로
438,중앙로,1,상행,1140006500,4,01,기본도로,04,보조간선도로
438,중앙로,1,상행,1140002500,5,01,기본도로,04,보조간선도로
438,중앙로,1,상행,1160016500,7,01,기본도로,04,보조간선도로
438,중앙로,1,상행,1160014100,8,01,기본도로,04,보조간선도로
438,중앙로,2,하행,1160014200,1,01,기본도로,04,보조간선도로
438,중앙로,2,하행,1160016600,2,01,기본도로,04,보조간선도로
438,중앙로,2,하행,1160017200,3,01,기본도로,04,보조간선도로
438,중앙로,2,하행,1140002600,4,01,기본도로,04,보조간선도로
438,중앙로,2,하행,1140012400,6,01,기본도로,04,보조간선도로
438,중앙로,2,하행,1140016000,7,01,기본도로,04,보조간선도로
438,중앙로,2,하행,1140020800,8,01,기본도로,04,보조간선도로
439,증가로,1,상행,1120006600,1,01,기본도로,04,보조간선도로
439,증가로,1,상행,1120008400,2,01,기본도로,04,보조간선도로
439,증가로,1,상행,1120011200,4,01,기본도로,04,보조간선도로
439,증가로,1,상행,1120012400,5,01,기본도로,04,보조간선도로
439,증가로,2,하행,1120012300,1,01,기본도로,04,보조간선도로
439,증가로,2,하행,1120011100,2,01,기본도로,04,보조간선도로
439,증가로,2,하행,1120009900,3,01,기본도로,04,보조간선도로
439,증가로,2,하행,1120008300,4,01,기본도로,04,보조간선도로
440,증산로,1,상행,1130005300,2,01,기본도로,04,보조간선도로
440,증산로,1,상행,1130006400,3,01,기본도로,04,보조간선도로
440,증산로,1,상행,1130006800,4,01,기본도로,04,보조간선도로
440,증산로,1,상행,1130007200,5,01,기본도로,04,보조간선도로
440,증산로,1,상행,1130007600,6,01,기본도로,04,보조간선도로
440,증산로,1,상행,1110000200,7,01,기본도로,04,보조간선도로
440,증산로,1,상행,1110000600,9,01,기본도로,04,보조간선도로
440,증산로,1,상행,1110000800,10,01,기본도로,04,보조간선도로
440,증산로,1,상행,1110001000,11,01,기본도로,04,보조간선도로
440,증산로,2,하행,1110000900,1,01,기본도로,04,보조간선도로
440,증산로,2,하행,1110000700,2,01,기본도로,04,보조간선도로
440,증산로,2,하행,1110000300,4,01,기본도로,04,보조간선도로
440,증산로,2,하행,1110000100,5,01,기본도로,04,보조간선도로
440,증산로,2,하행,1130007500,6,01,기본도로,04,보조간선도로
440,증산로,2,하행,1130007100,7,01,기본도로,04,보조간선도로
440,증산로,2,하행,1130006700,8,01,기본도로,04,보조간선도로
440,증산로,2,하행,1130006300,9,01,기본도로,04,보조간선도로
441,지봉로,1,상행,1070003500,1,01,기본도로,04,보조간선도로
441,지봉로,1,상행,1000016700,2,01,기본도로,04,보조간선도로
441,지봉로,1,상행,1000012900,3,01,기본도로,04,보조간선도로
441,지봉로,1,상행,1010019900,4,01,기본도로,04,보조간선도로
441,지봉로,2,하행,1010020000,1,01,기본도로,04,보조간선도로
441,지봉로,2,하행,1000013000,2,01,기본도로,04,보조간선도로
441,지봉로,2,하행,1070003600,4,01,기본도로,04,보조간선도로
443,진관2로,1,상행,1110015400,1,01,기본도로,05,기타도로
443,진관2로,2,하행,1110015300,1,01,기본도로,05,기타도로
444,진황도로,1,상행,1240010500,1,01,기본도로,05,기타도로
444,진황도로,1,상행,1240009500,2,01,기본도로,05,기타도로
444,진황도로,1,상행,1240006900,4,01,기본도로,05,기타도로
444,진황도로,1,상행,1240005700,5,01,기본도로,05,기타도로
444,진황도로,2,하행,1240005800,1,01,기본도로,05,기타도로
444,진황도로,2,하행,1240007000,2,01,기본도로,05,기타도로
444,진황도로,2,하행,1240008800,3,01,기본도로,05,기타도로
444,진황도로,2,하행,1240009600,4,01,기본도로,05,기타도로
445,진흥로,1,상행,1110009200,1,01,기본도로,03,주간선도로
445,진흥로,1,상행,1110011400,2,01,기본도로,03,주간선도로
445,진흥로,1,상행,1110011700,3,01,기본도로,03,주간선도로
445,진흥로,1,상행,1000021500,4,01,기본도로,03,주간선도로
445,진흥로,1,상행,1000021300,5,01,기본도로,03,주간선도로
445,진흥로,2,하행,1000021400,1,01,기본도로,03,주간선도로
445,진흥로,2,하행,1110011800,3,01,기본도로,03,주간선도로
445,진흥로,2,하행,1110011300,4,01,기본도로,03,주간선도로
445,진흥로,2,하행,1110009100,5,01,기본도로,03,주간선도로
446,창경궁로,1,상행,1000015600,2,01,기본도로,03,주간선도로
446,창경궁로,1,상행,1000017800,3,01,기본도로,03,주간선도로
446,창경궁로,2,하행,1000019300,1,01,기본도로,03,주간선도로
446,창경궁로,2,하행,1000017700,2,01,기본도로,03,주간선도로
446,창경궁로,2,하행,1000015500,3,01,기본도로,03,주간선도로
446,창경궁로,2,하행,1000008700,4,01,기본도로,03,주간선도로
446,창경궁로,2,하행,1000005500,5,01,기본도로,03,주간선도로
446,창경궁로,2,하행,1010017100,6,01,기본도로,03,주간선도로
446,창경궁로,2,하행,1010007900,8,01,기본도로,03,주간선도로
448,창전로,1,상행,1130013900,1,01,기본도로,05,기타도로
448,창전로,1,상행,1130012900,2,01,기본도로,05,기타도로
448,창전로,1,상행,1130011300,3,01,기본도로,05,기타도로
448,창전로,1,상행,1130009700,4,01,기본도로,05,기타도로
448,창전로,2,하행,1130009800,1,01,기본도로,05,기타도로
448,창전로,2,하행,1130013000,3,01,기본도로,05,기타도로
448,창전로,2,하행,1130014000,4,01,기본도로,05,기타도로
449,천중로,1,상행,1240013900,1,01,기본도로,05,기타도로
449,천중로,1,상행,1240013100,2,01,기본도로,05,기타도로
449,천중로,1,상행,1240011700,3,01,기본도로,05,기타도로
449,천중로,2,하행,1240011400,1,01,기본도로,05,기타도로
449,천중로,2,하행,1240011800,2,01,기본도로,05,기타도로
449,천중로,2,하행,1240013200,3,01,기본도로,05,기타도로
449,천중로,2,하행,1240014000,4,01,기본도로,05,기타도로
450,천호대로,1,상행,1050008300,1,01,기본도로,03,주간선도로
450,천호대로,1,상행,1050008600,2,01,기본도로,03,주간선도로
450,천호대로,1,상행,1050006500,4,01,기본도로,03,주간선도로
450,천호대로,1,상행,1050005300,5,01,기본도로,03,주간선도로
450,천호대로,1,상행,1050004500,6,01,기본도로,03,주간선도로
450,천호대로,1,상행,1030017100,7,01,기본도로,03,주간선도로
450,천호대로,1,상행,1030015900,8,01,기본도로,03,주간선도로
450,천호대로,1,상행,1050003700,9,01,기본도로,03,주간선도로
450,천호대로,1,상행,1040004900,11,01,기본도로,03,주간선도로
450,천호대로,1,상행,1040004700,12,01,기본도로,03,주간선도로
450,천호대로,1,상행,1040004300,13,01,기본도로,03,주간선도로
450,천호대로,1,상행,1040003700,14,01,기본도로,03,주간선도로
450,천호대로,1,상행,1040003400,15,01,기본도로,03,주간선도로
450,천호대로,1,상행,1040002800,17,01,기본도로,03,주간선도로
450,천호대로,1,상행,1040002400,18,01,기본도로,03,주간선도로
450,천호대로,1,상행,1040001900,19,01,기본도로,03,주간선도로
450,천호대로,1,상행,1240001500,20,01,기본도로,03,주간선도로
450,천호대로,1,상행,1240001300,21,01,기본도로,03,주간선도로
450,천호대로,1,상행,1240000900,22,01,기본도로,03,주간선도로
450,천호대로,1,상행,1240000300,24,01,기본도로,03,주간선도로
450,천호대로,1,상행,1240000200,25,01,기본도로,03,주간선도로
450,천호대로,1,상행,1240000800,26,01,기본도로,03,주간선도로
450,천호대로,1,상행,1240001200,27,01,기본도로,03,주간선도로
450,천호대로,1,상행,2270008500,28,01,기본도로,03,주간선도로
450,천호대로,1,상행,1240001800,31,01,기본도로,03,주간선도로
450,천호대로,1,상행,1240002100,32,01,기본도로,03,주간선도로
450,천호대로,1,상행,1240002500,33,01,기본도로,03,주간선도로
450,천호대로,2,하행,1240002600,1,01,기본도로,03,주간선도로
450,천호대로,2,하행,1240002200,2,01,기본도로,03,주간선도로
450,천호대로,2,하행,2270009200,4,01,기본도로,03,주간선도로
450,천호대로,2,하행,2270008600,6,01,기본도로,03,주간선도로
450,천호대로,2,하행,1240001100,7,01,기본도로,03,주간선도로
450,천호대로,2,하행,1240000700,8,01,기본도로,03,주간선도로
450,천호대로,2,하행,1240000100,9,01,기본도로,03,주간선도로
450,천호대로,2,하행,1240000600,11,01,기본도로,03,주간선도로
450,천호대로,2,하행,1240001000,12,01,기본도로,03,주간선도로
450,천호대로,2,하행,1240001400,13,01,기본도로,03,주간선도로
450,천호대로,2,하행,1240001600,14,01,기본도로,03,주간선도로
450,천호대로,2,하행,1040002000,15,01,기본도로,03,주간선도로
450,천호대로,2,하행,1040002300,16,01,기본도로,03,주간선도로
450,천호대로,2,하행,1040003300,18,01,기본도로,03,주간선도로
450,천호대로,2,하행,1040003800,19,01,기본도로,03,주간선도로
450,천호대로,2,하행,1040004400,20,01,기본도로,03,주간선도로
450,천호대로,2,하행,1040004800,21,01,기본도로,03,주간선도로
450,천호대로,2,하행,1040005000,22,01,기본도로,03,주간선도로
450,천호대로,2,하행,1050003800,24,01,기본도로,03,주간선도로
450,천호대로,2,하행,1030016000,25,01,기본도로,03,주간선도로
450,천호대로,2,하행,1030017200,26,01,기본도로,03,주간선도로
450,천호대로,2,하행,1050004600,27,01,기본도로,03,주간선도로
450,천호대로,2,하행,1050005400,28,01,기본도로,03,주간선도로
450,천호대로,2,하행,1050006600,29,01,기본도로,03,주간선도로
450,천호대로,2,하행,1050008500,31,01,기본도로,03,주간선도로
450,천호대로,2,하행,1050008400,32,01,기본도로,03,주간선도로
451,천호대로157길,1,상행,1240010700,1,01,기본도로,05,기타도로
452,천호대로213길,1,상행,1240013400,1,01,기본도로,05,기타도로
452,천호대로213길,2,하행,1240013300,1,01,기본도로,05,기타도로
453,천호옛길,1,상행,1230036600,1,01,기본도로,05,기타도로
453,천호옛길,2,하행,1240009300,1,01,기본도로,05,기타도로
453,천호옛길,2,하행,1230036700,2,01,기본도로,05,기타도로
454,청계천로,1,상행,1000003700,1,01,기본도로,03,주간선도로
454,청계천로,1,상행,1000003300,2,01,기본도로,03,주간선도로
454,청계천로,1,상행,1000002900,3,01,기본도로,03,주간선도로
454,청계천로,1,상행,1000003200,5,01,기본도로,03,주간선도로
454,청계천로,1,상행,1000004400,6,01,기본도로,03,주간선도로
454,청계천로,1,상행,1000005400,7,01,기본도로,03,주간선도로
454,청계천로,1,상행,1000005800,8,01,기본도로,03,주간선도로
454,청계천로,1,상행,1010019600,9,01,기본도로,03,주간선도로
454,청계천로,1,상행,1010019800,10,01,기본도로,03,주간선도로
454,청계천로,1,상행,1050005600,12,01,기본도로,03,주간선도로
454,청계천로,1,상행,1050007600,13,01,기본도로,03,주간선도로
454,청계천로,2,하행,1050007500,1,01,기본도로,03,주간선도로
454,청계천로,2,하행,1050005500,2,01,기본도로,03,주간선도로
454,청계천로,2,하행,1030020400,3,01,기본도로,03,주간선도로
454,청계천로,2,하행,1010019700,4,01,기본도로,03,주간선도로
454,청계천로,2,하행,1000005300,6,01,기본도로,03,주간선도로
454,청계천로,2,하행,1000004300,7,01,기본도로,03,주간선도로
454,청계천로,2,하행,1000003100,8,01,기본도로,03,주간선도로
454,청계천로,2,하행,1000002700,9,01,기본도로,03,주간선도로
454,청계천로,2,하행,1000003000,10,01,기본도로,03,주간선도로
454,청계천로,2,하행,1000003800,12,01,기본도로,03,주간선도로
455,청와대로,1,상행,1000016600,1,01,기본도로,04,보조간선도로
455,청와대로,1,상행,1000017400,2,01,기본도로,04,보조간선도로
455,청와대로,2,하행,1000017300,1,01,기본도로,04,보조간선도로
455,청와대로,2,하행,1000016500,2,01,기본도로,04,보조간선도로
456,청파로,1,상행,1010004100,1,01,기본도로,03,주간선도로
456,청파로,1,상행,1020021700,3,01,기본도로,03,주간선도로
456,청파로,1,상행,1020017300,4,01,기본도로,03,주간선도로
456,청파로,1,상행,1020014500,5,01,기본도로,03,주간선도로
456,청파로,1,상행,1020010300,6,01,기본도로,03,주간선도로
456,청파로,2,하행,1020009800,1,01,기본도로,03,주간선도로
456,청파로,2,하행,1020010400,2,01,기본도로,03,주간선도로
456,청파로,2,하행,1020017400,4,01,기본도로,03,주간선도로
456,청파로,2,하행,1020021800,5,01,기본도로,03,주간선도로
456,청파로,2,하행,1010004200,7,01,기본도로,03,주간선도로
457,청파로47길,1,상행,1020018500,1,01,기본도로,05,기타도로
457,청파로47길,2,하행,1020018600,1,01,기본도로,05,기타도로
459,초원로,1,상행,1150018000,2,01,기본도로,05,기타도로
459,초원로,2,하행,1150018300,2,01,기본도로,05,기타도로
460,충무로,1,상행,1010006600,1,01,기본도로,04,보조간선도로
460,충무로,1,상행,1010012200,2,01,기본도로,04,보조간선도로
460,충무로,1,상행,1010016800,3,01,기본도로,04,보조간선도로
462,충민로2길,2,하행,1230005800,1,01,기본도로,04,보조간선도로
463,충정로,1,상행,1120001000,1,01,기본도로,03,주간선도로
463,충정로,2,하행,1120000900,1,01,기본도로,03,주간선도로
464,칠패로,1,상행,1010003900,1,01,기본도로,04,보조간선도로
464,칠패로,1,상행,1010003500,2,01,기본도로,04,보조간선도로
464,칠패로,2,하행,1010003600,1,01,기본도로,04,보조간선도로
465,탄천동로,1,상행,1230029500,1,01,기본도로,05,기타도로
465,탄천동로,1,상행,1230026500,2,01,기본도로,05,기타도로
465,탄천동로,1,상행,1230016700,3,01,기본도로,05,기타도로
465,탄천동로,1,상행,1230013600,4,01,기본도로,05,기타도로
465,탄천동로,1,상행,1230009100,5,01,기본도로,05,기타도로
465,탄천동로,1,상행,1230005900,6,01,기본도로,05,기타도로
465,탄천동로,2,하행,1230009200,3,01,기본도로,05,기타도로
465,탄천동로,2,하행,1230013500,4,01,기본도로,05,기타도로
465,탄천동로,2,하행,1230016800,5,01,기본도로,05,기타도로
465,탄천동로,2,하행,1230026600,6,01,기본도로,05,기타도로
465,탄천동로,2,하행,1230029600,7,01,기본도로,05,기타도로
466,태릉구리간고속화도로,1,상행,1060006100,2,04,기타도로,06,경기도로
466,태릉구리간고속화도로,1,상행,1060005600,3,04,기타도로,06,경기도로
466,태릉구리간고속화도로,1,상행,1060004800,4,04,기타도로,06,경기도로
466,태릉구리간고속화도로,1,상행,2210006000,5,04,기타도로,06,경기도로
466,태릉구리간고속화도로,1,상행,2210005700,6,04,기타도로,06,경기도로
466,태릉구리간고속화도로,1,상행,2210005501,7,04,기타도로,06,경기도로
466,태릉구리간고속화도로,1,상행,2210006700,9,04,기타도로,06,경기도로
466,태릉구리간고속화도로,2,하행,2210006800,1,04,기타도로,06,경기도로
466,태릉구리간고속화도로,2,하행,2210006400,2,04,기타도로,06,경기도로
466,태릉구리간고속화도로,2,하행,2210005600,3,04,기타도로,06,경기도로
466,태릉구리간고속화도로,2,하행,2210005800,4,04,기타도로,06,경기도로
466,태릉구리간고속화도로,2,하행,2210005900,5,04,기타도로,06,경기도로
466,태릉구리간고속화도로,2,하행,1060005700,7,04,기타도로,06,경기도로
466,태릉구리간고속화도로,2,하행,1060006600,8,04,기타도로,06,경기도로
467,태봉로,1,상행,1210007500,1,01,기본도로,05,기타도로
467,태봉로,2,하행,1210007400,1,01,기본도로,05,기타도로
468,테헤란로,1,상행,1220029400,1,01,기본도로,03,주간선도로
468,테헤란로,1,상행,1220028000,3,01,기본도로,03,주간선도로
468,테헤란로,1,상행,1220026800,4,01,기본도로,03,주간선도로
468,테헤란로,1,상행,1220026000,5,01,기본도로,03,주간선도로
468,테헤란로,1,상행,1220025200,6,01,기본도로,03,주간선도로
468,테헤란로,1,상행,1220024000,7,01,기본도로,03,주간선도로
468,테헤란로,1,상행,1220023300,8,01,기본도로,03,주간선도로
468,테헤란로,2,하행,1220024100,2,01,기본도로,03,주간선도로
468,테헤란로,2,하행,1220025300,3,01,기본도로,03,주간선도로
468,테헤란로,2,하행,1220026100,4,01,기본도로,03,주간선도로
468,테헤란로,2,하행,1220026900,5,01,기본도로,03,주간선도로
468,테헤란로,2,하행,1220028100,6,01,기본도로,03,주간선도로
468,테헤란로,2,하행,1220028900,7,01,기본도로,03,주간선도로
469,테헤란로114길,1,상행,1220028400,1,01,기본도로,05,기타도로
469,테헤란로114길,2,하행,1220028500,1,01,기본도로,05,기타도로
470,테헤란로115길,1,상행,1220032400,1,01,기본도로,04,보조간선도로
470,테헤란로115길,2,하행,1220028700,1,01,기본도로,04,보조간선도로
470,테헤란로115길,2,하행,1220030300,2,01,기본도로,04,보조간선도로
471,토정로,1,상행,1130007800,1,01,기본도로,04,보조간선도로
471,토정로,1,상행,1130008200,2,01,기본도로,04,보조간선도로
471,토정로,1,상행,1130009200,3,01,기본도로,04,보조간선도로
471,토정로,1,상행,1130010200,4,01,기본도로,04,보조간선도로
471,토정로,1,상행,1130010500,5,01,기본도로,04,보조간선도로
471,토정로,1,상행,3201510200,6,01,기본도로,04,보조간선도로
471,토정로,1,상행,3201505400,8,01,기본도로,04,보조간선도로
471,토정로,2,하행,3201505500,1,01,기본도로,04,보조간선도로
471,토정로,2,하행,3201510700,2,01,기본도로,04,보조간선도로
471,토정로,2,하행,3201510300,3,01,기본도로,04,보조간선도로
471,토정로,2,하행,1130010600,4,01,기본도로,04,보조간선도로
471,토정로,2,하행,1130010100,5,01,기본도로,04,보조간선도로
471,토정로,2,하행,1130008100,7,01,기본도로,04,보조간선도로
471,토정로,2,하행,1130007700,8,01,기본도로,04,보조간선도로
472,통일로,1,상행,1010002000,1,01,기본도로,03,주간선도로
472,통일로,1,상행,1010004400,2,01,기본도로,03,주간선도로
472,통일로,1,상행,1010009000,3,01,기본도로,03,주간선도로
472,통일로,1,상행,1120010600,5,01,기본도로,03,주간선도로
472,통일로,1,상행,1120013400,6,01,기본도로,03,주간선도로
472,통일로,1,상행,1120013800,7,01,기본도로,03,주간선도로
472,통일로,1,상행,1110010200,8,01,기본도로,03,주간선도로
472,통일로,1,상행,1110011600,9,01,기본도로,03,주간선도로
472,통일로,1,상행,1110012200,10,01,기본도로,03,주간선도로
472,통일로,1,상행,1110013800,12,01,기본도로,03,주간선도로
472,통일로,1,상행,1110001800,13,01,기본도로,03,주간선도로
472,통일로,1,상행,1110002000,14,01,기본도로,03,주간선도로
472,통일로,1,상행,1110002200,15,01,기본도로,03,주간선도로
472,통일로,1,상행,1110002400,16,01,기본도로,03,주간선도로
472,통일로,2,하행,1110002300,1,01,기본도로,03,주간선도로
472,통일로,2,하행,1110001900,3,01,기본도로,03,주간선도로
472,통일로,2,하행,1110001700,4,01,기본도로,03,주간선도로
472,통일로,2,하행,1110013700,5,01,기본도로,03,주간선도로
472,통일로,2,하행,1110013100,6,01,기본도로,03,주간선도로
472,통일로,2,하행,1110012100,7,01,기본도로,03,주간선도로
472,통일로,2,하행,1110010100,9,01,기본도로,03,주간선도로
472,통일로,2,하행,1120013700,10,01,기본도로,03,주간선도로
472,통일로,2,하행,1120013300,11,01,기본도로,03,주간선도로
472,통일로,2,하행,1120010500,12,01,기본도로,03,주간선도로
472,통일로,2,하행,1000003500,13,01,기본도로,03,주간선도로
472,통일로,2,하행,1010008900,14,01,기본도로,03,주간선도로
472,통일로,2,하행,1010001900,16,01,기본도로,03,주간선도로
473,퇴계로,1,상행,1010002600,1,01,기본도로,03,주간선도로
473,퇴계로,1,상행,1010004600,2,01,기본도로,03,주간선도로
473,퇴계로,1,상행,1010004700,3,01,기본도로,03,주간선도로
209,사임당로,2,하행,1210020100,3,01,기본도로,04,보조간선도로
210,사직로,1,상행,1000008000,1,01,기본도로,03,주간선도로
210,사직로,1,상행,1000011400,2,01,기본도로,03,주간선도로
210,사직로,1,상행,1000012600,3,01,기본도로,03,주간선도로
210,사직로,1,상행,1000011700,4,01,기본도로,03,주간선도로
210,사직로,1,상행,1000012000,5,01,기본도로,03,주간선도로
210,사직로,2,하행,1000012100,1,01,기본도로,03,주간선도로
210,사직로,2,하행,1000011900,2,01,기본도로,03,주간선도로
210,사직로,2,하행,1000011800,3,01,기본도로,03,주간선도로
210,사직로,2,하행,1000012500,4,01,기본도로,03,주간선도로
210,사직로,2,하행,1000011300,5,01,기본도로,03,주간선도로
211,사직로8길,1,상행,1000010100,1,01,기본도로,05,기타도로
211,사직로8길,1,상행,1000009400,2,01,기본도로,05,기타도로
211,사직로8길,1,상행,1000010000,3,01,기본도로,05,기타도로
211,사직로8길,2,하행,1000009900,1,01,기본도로,05,기타도로
211,사직로8길,2,하행,1000009300,2,01,기본도로,05,기타도로
211,사직로8길,2,하행,1000010200,3,01,기본도로,05,기타도로
212,사평대로,1,상행,1210022700,2,01,기본도로,03,주간선도로
212,사평대로,1,상행,1210023700,3,01,기본도로,03,주간선도로
212,사평대로,1,상행,1210024900,4,01,기본도로,03,주간선도로
212,사평대로,1,상행,1210025800,5,01,기본도로,03,주간선도로
212,사평대로,1,상행,1210024500,6,01,기본도로,03,주간선도로
212,사평대로,1,상행,1210025500,7,01,기본도로,03,주간선도로
212,사평대로,2,하행,1210024400,2,01,기본도로,03,주간선도로
212,사평대로,2,하행,1210025900,3,01,기본도로,03,주간선도로
212,사평대로,2,하행,1210024800,4,01,기본도로,03,주간선도로
212,사평대로,2,하행,1210023600,5,01,기본도로,03,주간선도로
212,사평대로,2,하행,1210022600,6,01,기본도로,03,주간선도로
213,살곶이길,1,상행,1030020500,1,01,기본도로,04,보조간선도로
213,살곶이길,1,상행,1030018900,2,01,기본도로,04,보조간선도로
213,살곶이길,1,상행,1030016500,3,01,기본도로,04,보조간선도로
213,살곶이길,1,상행,1030013500,4,01,기본도로,04,보조간선도로
213,살곶이길,1,상행,1030013200,5,01,기본도로,04,보조간선도로
213,살곶이길,2,하행,1030013100,1,01,기본도로,04,보조간선도로
213,살곶이길,2,하행,1030016600,3,01,기본도로,04,보조간선도로
213,살곶이길,2,하행,1030019000,4,01,기본도로,04,보조간선도로
213,살곶이길,2,하행,1030020600,5,01,기본도로,04,보조간선도로
214,삼각산로,1,상행,1080010900,1,01,기본도로,05,기타도로
214,삼각산로,1,상행,1080010700,2,01,기본도로,05,기타도로
214,삼각산로,1,상행,1080010500,3,01,기본도로,05,기타도로
214,삼각산로,2,하행,1080010800,2,01,기본도로,05,기타도로
214,삼각산로,2,하행,1080011000,3,01,기본도로,05,기타도로
215,삼봉로,1,상행,1000007500,1,01,기본도로,05,기타도로
215,삼봉로,2,하행,1000007600,1,01,기본도로,05,기타도로
216,삼선교로,1,상행,1070005700,1,01,기본도로,04,보조간선도로
216,삼선교로,2,하행,1070004700,1,01,기본도로,04,보조간선도로
216,삼선교로,2,하행,1070005800,2,01,기본도로,04,보조간선도로
217,삼성로,1,상행,1220034000,1,01,기본도로,04,보조간선도로
217,삼성로,1,상행,1220031800,2,01,기본도로,04,보조간선도로
217,삼성로,1,상행,1220029200,3,01,기본도로,04,보조간선도로
217,삼성로,1,상행,1220026600,4,01,기본도로,04,보조간선도로
217,삼성로,1,상행,1220021800,6,01,기본도로,04,보조간선도로
217,삼성로,1,상행,1220018200,7,01,기본도로,04,보조간선도로
217,삼성로,1,상행,1220015000,8,01,기본도로,04,보조간선도로
217,삼성로,1,상행,1220012600,9,01,기본도로,04,보조간선도로
217,삼성로,1,상행,1220009400,10,01,기본도로,04,보조간선도로
217,삼성로,2,하행,1220009500,1,01,기본도로,04,보조간선도로
217,삼성로,2,하행,1220015100,3,01,기본도로,04,보조간선도로
217,삼성로,2,하행,1220018300,4,01,기본도로,04,보조간선도로
217,삼성로,2,하행,1220021900,5,01,기본도로,04,보조간선도로
217,삼성로,2,하행,1220024900,6,01,기본도로,04,보조간선도로
217,삼성로,2,하행,1220026700,7,01,기본도로,04,보조간선도로
217,삼성로,2,하행,1220031900,9,01,기본도로,04,보조간선도로
217,삼성로,2,하행,1220034100,10,01,기본도로,04,보조간선도로
218,삼양로,1,상행,1070013000,1,01,기본도로,04,보조간선도로
218,삼양로,1,상행,1070017400,2,01,기본도로,04,보조간선도로
218,삼양로,1,상행,1080003000,3,01,기본도로,04,보조간선도로
218,삼양로,1,상행,1080004400,4,01,기본도로,04,보조간선도로
218,삼양로,1,상행,1080008400,6,01,기본도로,04,보조간선도로
218,삼양로,1,상행,1080010200,7,01,기본도로,04,보조간선도로
218,삼양로,1,상행,1080012000,8,01,기본도로,04,보조간선도로
218,삼양로,1,상행,1080013000,9,01,기본도로,04,보조간선도로
218,삼양로,2,하행,1080013100,1,01,기본도로,04,보조간선도로
218,삼양로,2,하행,1080012900,2,01,기본도로,04,보조간선도로
218,삼양로,2,하행,1080010100,4,01,기본도로,04,보조간선도로
218,삼양로,2,하행,1080008300,5,01,기본도로,04,보조간선도로
218,삼양로,2,하행,1080004300,7,01,기본도로,04,보조간선도로
218,삼양로,2,하행,1080002900,8,01,기본도로,04,보조간선도로
218,삼양로,2,하행,1070017300,9,01,기본도로,04,보조간선도로
219,삼일대로,1,상행,1000010300,1,01,기본도로,03,주간선도로
219,삼일대로,1,상행,1000003900,3,01,기본도로,03,주간선도로
219,삼일대로,1,상행,1010016500,4,01,기본도로,03,주간선도로
219,삼일대로,1,상행,1010012300,5,01,기본도로,03,주간선도로
219,삼일대로,1,상행,1010007700,6,01,기본도로,03,주간선도로
219,삼일대로,1,상행,1020020300,8,01,기본도로,03,주간선도로
219,삼일대로,2,하행,1020020400,1,01,기본도로,03,주간선도로
219,삼일대로,2,하행,1010003400,2,01,기본도로,03,주간선도로
219,삼일대로,2,하행,1010007800,3,01,기본도로,03,주간선도로
219,삼일대로,2,하행,1010012400,4,01,기본도로,03,주간선도로
219,삼일대로,2,하행,1010016600,5,01,기본도로,03,주간선도로
219,삼일대로,2,하행,1000007000,7,01,기본도로,03,주간선도로
219,삼일대로,2,하행,1000010400,8,01,기본도로,03,주간선도로
220,삼전로,1,상행,1220024500,1,01,기본도로,04,보조간선도로
491,헌릉로,1,상행,1220006100,3,01,기본도로,03,주간선도로
491,헌릉로,1,상행,1230000200,4,01,기본도로,03,주간선도로
491,헌릉로,1,상행,1230000300,5,01,기본도로,03,주간선도로
491,헌릉로,2,하행,1230000100,3,01,기본도로,03,주간선도로
491,헌릉로,2,하행,1220006000,4,01,기본도로,03,주간선도로
491,헌릉로,2,하행,1210007000,5,01,기본도로,03,주간선도로
491,헌릉로,2,하행,1210006900,6,01,기본도로,03,주간선도로
492,현충로,1,상행,1190002600,1,01,기본도로,03,주간선도로
492,현충로,1,상행,1190004800,3,01,기본도로,03,주간선도로
492,현충로,2,하행,1190004700,1,01,기본도로,03,주간선도로
492,현충로,2,하행,1190003500,2,01,기본도로,03,주간선도로
492,현충로,2,하행,1190002500,3,01,기본도로,03,주간선도로
493,혜화로,1,상행,1000019200,1,01,기본도로,05,기타도로
493,혜화로,1,상행,1000020000,2,01,기본도로,05,기타도로
493,혜화로,2,하행,1000019100,2,01,기본도로,05,기타도로
494,호암로,1,상행,1170002500,1,01,기본도로,04,보조간선도로
494,호암로,1,상행,1170001700,2,01,기본도로,04,보조간선도로
494,호암로,2,하행,1170001800,1,01,기본도로,04,보조간선도로
494,호암로,2,하행,1170002600,2,01,기본도로,04,보조간선도로
495,홍릉로,1,상행,1050013200,1,01,기본도로,05,기타도로
495,홍릉로,1,상행,1050016800,3,01,기본도로,05,기타도로
495,홍릉로,2,하행,1050016700,1,01,기본도로,05,기타도로
495,홍릉로,2,하행,1050015100,2,01,기본도로,05,기타도로
495,홍릉로,2,하행,1050013100,3,01,기본도로,05,기타도로
496,홍익로,1,상행,1130016000,1,01,기본도로,04,보조간선도로
497,홍제천로,1,상행,1120006000,1,01,기본도로,05,기타도로
497,홍제천로,1,상행,1120007600,2,01,기본도로,05,기타도로
497,홍제천로,1,상행,1120009400,3,01,기본도로,05,기타도로
497,홍제천로,2,하행,1120005900,1,01,기본도로,05,기타도로
498,화계사길,1,상행,1080006400,1,01,기본도로,05,기타도로
498,화계사길,2,하행,1080006300,1,01,기본도로,05,기타도로
499,화곡로,1,상행,1140038200,2,01,기본도로,04,보조간선도로
499,화곡로,1,상행,1150010100,3,01,기본도로,04,보조간선도로
499,화곡로,1,상행,1150011100,4,01,기본도로,04,보조간선도로
499,화곡로,1,상행,1150012300,5,01,기본도로,04,보조간선도로
499,화곡로,1,상행,1150013300,6,01,기본도로,04,보조간선도로
499,화곡로,1,상행,1150015100,7,01,기본도로,04,보조간선도로
499,화곡로,1,상행,1130023800,9,01,기본도로,04,보조간선도로
499,화곡로,2,하행,1130023700,1,01,기본도로,04,보조간선도로
499,화곡로,2,하행,1150016400,2,01,기본도로,04,보조간선도로
499,화곡로,2,하행,1150015000,3,01,기본도로,04,보조간선도로
499,화곡로,2,하행,1150013200,4,01,기본도로,04,보조간선도로
499,화곡로,2,하행,1150011000,6,01,기본도로,04,보조간선도로
499,화곡로,2,하행,1150010000,7,01,기본도로,04,보조간선도로
499,화곡로,2,하행,1140038100,8,01,기본도로,04,보조간선도로
499,화곡로,2,하행,1140038000,9,01,기본도로,04,보조간선도로
500,화랑로,1,상행,1005003700,1,01,기본도로,03,주간선도로
500,화랑로,1,상행,1070011700,2,01,기본도로,03,주간선도로
500,화랑로,1,상행,1005003900,4,01,기본도로,03,주간선도로
500,화랑로,1,상행,1005004100,5,01,기본도로,03,주간선도로
500,화랑로,1,상행,1005004300,6,01,기본도로,03,주간선도로
500,화랑로,1,상행,1070019000,7,01,기본도로,03,주간선도로
500,화랑로,1,상행,1005002700,8,01,기본도로,03,주간선도로
500,화랑로,1,상행,1100007200,9,01,기본도로,03,주간선도로
500,화랑로,1,상행,1100007600,11,01,기본도로,03,주간선도로
500,화랑로,1,상행,1100007800,12,01,기본도로,03,주간선도로
500,화랑로,1,상행,1100008000,13,01,기본도로,03,주간선도로
500,화랑로,1,상행,1100008200,14,01,기본도로,03,주간선도로
500,화랑로,1,상행,1100009200,15,01,기본도로,03,주간선도로
500,화랑로,2,하행,1100012900,1,01,기본도로,03,주간선도로
500,화랑로,2,하행,1100009100,2,01,기본도로,03,주간선도로
500,화랑로,2,하행,1100008100,3,01,기본도로,03,주간선도로
500,화랑로,2,하행,1100007900,4,01,기본도로,03,주간선도로
500,화랑로,2,하행,1100007700,5,01,기본도로,03,주간선도로
500,화랑로,2,하행,1100007500,6,01,기본도로,03,주간선도로
500,화랑로,2,하행,1100007100,8,01,기본도로,03,주간선도로
500,화랑로,2,하행,1005002800,9,01,기본도로,03,주간선도로
500,화랑로,2,하행,1070018900,10,01,기본도로,03,주간선도로
500,화랑로,2,하행,1005004400,11,01,기본도로,03,주간선도로
500,화랑로,2,하행,1005004200,12,01,기본도로,03,주간선도로
500,화랑로,2,하행,1005004000,13,01,기본도로,03,주간선도로
501,화랑로32길,1,상행,1050021400,1,01,기본도로,05,기타도로
501,화랑로32길,2,하행,1050021300,1,01,기본도로,05,기타도로
502,회기로,1,상행,1050017100,1,01,기본도로,04,보조간선도로
502,회기로,1,상행,1050018000,2,01,기본도로,04,보조간선도로
502,회기로,1,상행,1050018700,3,01,기본도로,04,보조간선도로
502,회기로,1,상행,1050018300,5,01,기본도로,04,보조간선도로
502,회기로,2,하행,1050018400,1,01,기본도로,04,보조간선도로
502,회기로,2,하행,1050018600,2,01,기본도로,04,보조간선도로
502,회기로,2,하행,1050018800,3,01,기본도로,04,보조간선도로
502,회기로,2,하행,1050017900,4,01,기본도로,04,보조간선도로
502,회기로,2,하행,1050017200,5,01,기본도로,04,보조간선도로
503,회기로5길,2,하행,1050020400,1,01,기본도로,05,기타도로
504,효령로,1,상행,1210018200,1,01,기본도로,04,보조간선도로
504,효령로,1,상행,1210017000,2,01,기본도로,04,보조간선도로
504,효령로,1,상행,1210015800,3,01,기본도로,04,보조간선도로
504,효령로,1,상행,1210014800,4,01,기본도로,04,보조간선도로
504,효령로,1,상행,1210013800,5,01,기본도로,04,보조간선도로
504,효령로,1,상행,1210012200,7,01,기본도로,04,보조간선도로
504,효령로,2,하행,1210012300,1,01,기본도로,04,보조간선도로
504,효령로,2,하행,1210013100,2,01,기본도로,04,보조간선도로
504,효령로,2,하행,1210013900,3,01,기본도로,04,보조간선도로
504,효령로,2,하행,1210014900,4,01,기본도로,04,보조간선도로
504,효령로,2,하행,1210017100,6,01,기본도로,04,보조간선도로
504,효령로,2,하행,1210018300,7,01,기본도로,04,보조간선도로
505,효자로,1,상행,1000015200,1,01,기본도로,04,보조간선도로
505,효자로,1,상행,1000017200,2,01,기본도로,04,보조간선도로
505,효자로,2,하행,1000017100,1,01,기본도로,04,보조간선도로
505,효자로,2,하행,1000015100,2,01,기본도로,04,보조간선도로
506,효창원로,1,상행,1020013700,2,01,기본도로,05,기타도로
506,효창원로,1,상행,1020012700,3,01,기본도로,05,기타도로
506,효창원로,1,상행,1020011700,4,01,기본도로,05,기타도로
506,효창원로,2,하행,1020011800,1,01,기본도로,05,기타도로
506,효창원로,2,하행,1020012800,2,01,기본도로,05,기타도로
506,효창원로,2,하행,1020013800,3,01,기본도로,05,기타도로
507,후암로,1,상행,1020020800,1,01,기본도로,04,보조간선도로
507,후암로,1,상행,1020022200,2,01,기본도로,04,보조간선도로
507,후암로,2,하행,1020022100,1,01,기본도로,04,보조간선도로
507,후암로,2,하행,1020020700,2,01,기본도로,04,보조간선도로
508,휘경로,1,상행,1050020100,1,01,기본도로,05,기타도로
508,휘경로,2,하행,1050019800,1,01,기본도로,05,기타도로
508,휘경로,2,하행,1050020200,2,01,기본도로,05,기타도로
509,희우정로,1,상행,1130016400,1,01,기본도로,05,기타도로
509,희우정로,2,하행,1130016300,1,01,기본도로,05,기타도로
510,수도권제2순환고속도로,1,상행,2230078500,1,04,기타도로,06,경기도로
510,수도권제2순환고속도로,1,상행,2230078700,2,04,기타도로,06,경기도로
510,수도권제2순환고속도로,1,상행,2230079000,4,04,기타도로,06,경기도로
510,수도권제2순환고속도로,1,상행,2230079200,5,04,기타도로,06,경기도로
510,수도권제2순환고속도로,1,상행,2333261100,6,04,기타도로,06,경기도로
510,수도권제2순환고속도로,1,상행,2333261200,7,04,기타도로,06,경기도로
510,수도권제2순환고속도로,1,상행,2333261300,8,04,기타도로,06,경기도로
510,수도권제2순환고속도로,1,상행,2333265000,9,04,기타도로,06,경기도로
510,수도권제2순환고속도로,2,하행,2333261400,1,04,기타도로,06,경기도로
510,수도권제2순환고속도로,2,하행,2333264900,2,04,기타도로,06,경기도로
510,수도권제2순환고속도로,2,하행,2333261700,3,04,기타도로,06,경기도로
510,수도권제2순환고속도로,2,하행,2333262000,4,04,기타도로,06,경기도로
510,수도권제2순환고속도로,2,하행,2333265100,5,04,기타도로,06,경기도로
510,수도권제2순환고속도로,2,하행,2230078900,7,04,기타도로,06,경기도로
510,수도권제2순환고속도로,2,하행,2230078800,8,04,기타도로,06,경기도로
510,수도권제2순환고속도로,2,하행,2230078600,9,04,기타도로,06,경기도로
510,수도권제2순환고속도로,2,하행,2230078400,10,04,기타도로,06,경기도로
511,평택음성고속도로,1,상행,2310237000,1,04,기타도로,06,경기도로
511,평택음성고속도로,1,상행,2310237300,2,04,기타도로,06,경기도로
511,평택음성고속도로,1,상행,2310237800,4,04,기타도로,06,경기도로
511,평택음성고속도로,1,상행,2310237900,5,04,기타도로,06,경기도로
511,평택음성고속도로,1,상행,2310237700,6,04,기타도로,06,경기도로
511,평택음성고속도로,1,상행,2310236900,7,04,기타도로,06,경기도로
511,평택음성고속도로,1,상행,2310236700,8,04,기타도로,06,경기도로
511,평택음성고속도로,1,상행,2310236000,9,04,기타도로,06,경기도로
511,평택음성고속도로,1,상행,2310207400,11,04,기타도로,06,경기도로
511,평택음성고속도로,1,상행,2310026700,12,04,기타도로,06,경기도로
604,기타도로,2,하행,1060010800,2275,03,유형별,09,외곽
604,기타도로,2,하행,1060011600,2276,03,유형별,09,외곽
604,기타도로,2,하행,1060012200,2277,03,유형별,09,외곽
604,기타도로,2,하행,1060013000,2278,03,유형별,09,외곽
604,기타도로,2,하행,1220027300,2279,03,유형별,09,외곽
604,기타도로,2,하행,1220028300,2280,03,유형별,09,외곽
604,기타도로,2,하행,1220029100,2281,03,유형별,09,외곽
604,기타도로,2,하행,1220030100,2282,03,유형별,09,외곽
604,기타도로,2,하행,1220030900,2283,03,유형별,09,외곽
604,기타도로,2,하행,1220031500,2284,03,유형별,09,외곽
604,기타도로,2,하행,1220031700,2285,03,유형별,09,외곽
604,기타도로,2,하행,1200004400,2286,03,유형별,09,외곽
604,기타도로,2,하행,1200005600,2287,03,유형별,09,외곽
604,기타도로,2,하행,1200007000,2288,03,유형별,09,외곽
604,기타도로,2,하행,1200010300,2289,03,유형별,09,외곽
604,기타도로,2,하행,1200010600,2290,03,유형별,09,외곽
604,기타도로,2,하행,1200011400,2291,03,유형별,09,외곽
604,기타도로,2,하행,1060014900,2292,03,유형별,09,외곽
604,기타도로,2,하행,1060015100,2293,03,유형별,09,외곽
604,기타도로,2,하행,1060015300,2294,03,유형별,09,외곽
604,기타도로,2,하행,1060016100,2295,03,유형별,09,외곽
604,기타도로,2,하행,1060016900,2296,03,유형별,09,외곽
604,기타도로,2,하행,1160008800,2297,03,유형별,09,외곽
604,기타도로,2,하행,1160009800,2298,03,유형별,09,외곽
604,기타도로,2,하행,1160010000,2299,03,유형별,09,외곽
604,기타도로,2,하행,1160010200,2300,03,유형별,09,외곽
604,기타도로,2,하행,1230014200,2301,03,유형별,09,외곽
604,기타도로,2,하행,1230016400,2302,03,유형별,09,외곽
604,기타도로,2,하행,1230019600,2303,03,유형별,09,외곽
604,기타도로,2,하행,1230024800,2304,03,유형별,09,외곽
604,기타도로,2,하행,1160011400,2305,03,유형별,09,외곽
604,기타도로,2,하행,3201504700,2306,03,유형별,09,외곽
604,기타도로,2,하행,3201506900,2307,03,유형별,09,외곽
604,기타도로,2,하행,1000017000,2308,03,유형별,09,외곽
604,기타도로,2,하행,1000021100,2309,03,유형별,09,외곽
604,기타도로,2,하행,1070010500,2310,03,유형별,09,외곽
604,기타도로,2,하행,1070010800,2311,03,유형별,09,외곽
604,기타도로,2,하행,1070010900,2312,03,유형별,09,외곽
604,기타도로,2,하행,1000013900,2313,03,유형별,09,외곽
604,기타도로,2,하행,1000018300,2314,03,유형별,09,외곽
604,기타도로,2,하행,1110015900,2315,03,유형별,09,외곽
604,기타도로,2,하행,1110016100,2316,03,유형별,09,외곽
604,기타도로,2,하행,1110013500,2317,03,유형별,09,외곽
604,기타도로,2,하행,1110014700,2318,03,유형별,09,외곽
604,기타도로,2,하행,3201507700,2319,03,유형별,09,외곽
604,기타도로,2,하행,1110002700,2320,03,유형별,09,외곽
604,기타도로,2,하행,1190000700,2321,03,유형별,09,외곽
604,기타도로,2,하행,1210014400,2322,03,유형별,09,외곽
604,기타도로,2,하행,1210017500,2323,03,유형별,09,외곽
604,기타도로,2,하행,1210019100,2324,03,유형별,09,외곽
604,기타도로,2,하행,1210020100,2325,03,유형별,09,외곽
604,기타도로,2,하행,1220007100,2326,03,유형별,09,외곽
604,기타도로,2,하행,1220008300,2327,03,유형별,09,외곽
604,기타도로,2,하행,1220012100,2328,03,유형별,09,외곽
604,기타도로,2,하행,1220013700,2329,03,유형별,09,외곽
604,기타도로,2,하행,1220015700,2330,03,유형별,09,외곽
604,기타도로,2,하행,1220017300,2331,03,유형별,09,외곽
604,기타도로,2,하행,1220018700,2332,03,유형별,09,외곽
604,기타도로,2,하행,1220020400,2333,03,유형별,09,외곽
604,기타도로,2,하행,1210022600,2334,03,유형별,09,외곽
604,기타도로,2,하행,1210022900,2335,03,유형별,09,외곽
604,기타도로,2,하행,1210023600,2336,03,유형별,09,외곽
604,기타도로,2,하행,1210024400,2337,03,유형별,09,외곽
604,기타도로,2,하행,1210024800,2338,03,유형별,09,외곽
604,기타도로,2,하행,1210025400,2339,03,유형별,09,외곽
604,기타도로,2,하행,1210025900,2340,03,유형별,09,외곽
604,기타도로,2,하행,1030013100,2341,03,유형별,09,외곽
604,기타도로,2,하행,1030013600,2342,03,유형별,09,외곽
604,기타도로,2,하행,1030016600,2343,03,유형별,09,외곽
604,기타도로,2,하행,1030019000,2344,03,유형별,09,외곽
604,기타도로,2,하행,1030020600,2345,03,유형별,09,외곽
604,기타도로,2,하행,1080010600,2346,03,유형별,09,외곽
604,기타도로,2,하행,1080010800,2347,03,유형별,09,외곽
604,기타도로,2,하행,1080011000,2348,03,유형별,09,외곽
604,기타도로,2,하행,1070004700,2349,03,유형별,09,외곽
604,기타도로,2,하행,1070005800,2350,03,유형별,09,외곽
604,기타도로,2,하행,1220009500,2351,03,유형별,09,외곽
604,기타도로,2,하행,1220012700,2352,03,유형별,09,외곽
604,기타도로,2,하행,1220015100,2353,03,유형별,09,외곽
604,기타도로,2,하행,1220018300,2354,03,유형별,09,외곽
604,기타도로,2,하행,1220021900,2355,03,유형별,09,외곽
604,기타도로,2,하행,1220024900,2356,03,유형별,09,외곽
604,기타도로,2,하행,1220026700,2357,03,유형별,09,외곽
604,기타도로,2,하행,1220029300,2358,03,유형별,09,외곽
604,기타도로,2,하행,1220031900,2359,03,유형별,09,외곽
604,기타도로,2,하행,1220034100,2360,03,유형별,09,외곽
604,기타도로,2,하행,1070012900,2361,03,유형별,09,외곽
604,기타도로,2,하행,1070017300,2362,03,유형별,09,외곽
604,기타도로,2,하행,1080002900,2363,03,유형별,09,외곽
604,기타도로,2,하행,1080004300,2364,03,유형별,09,외곽
604,기타도로,2,하행,1080005700,2365,03,유형별,09,외곽
604,기타도로,2,하행,1080008300,2366,03,유형별,09,외곽
604,기타도로,2,하행,1080010100,2367,03,유형별,09,외곽
604,기타도로,2,하행,1080011900,2368,03,유형별,09,외곽
604,기타도로,2,하행,1080012900,2369,03,유형별,09,외곽
604,기타도로,2,하행,1080013100,2370,03,유형별,09,외곽
604,기타도로,2,하행,1150004100,2371,03,유형별,09,외곽
604,기타도로,2,하행,1150004900,2372,03,유형별,09,외곽
604,기타도로,2,하행,1150006700,2373,03,유형별,09,외곽
604,기타도로,2,하행,1150007200,2374,03,유형별,09,외곽
604,기타도로,2,하행,1150016600,2375,03,유형별,09,외곽
604,기타도로,2,하행,1150019200,2376,03,유형별,09,외곽
604,기타도로,2,하행,2180002102,2377,03,유형별,09,외곽
604,기타도로,2,하행,1220024400,2378,03,유형별,09,외곽
604,기타도로,2,하행,1230016100,2379,03,유형별,09,외곽
604,기타도로,2,하행,1230019300,2380,03,유형별,09,외곽
604,기타도로,2,하행,1230021900,2381,03,유형별,09,외곽
604,기타도로,2,하행,1230015400,2382,03,유형별,09,외곽
604,기타도로,2,하행,1000014300,2383,03,유형별,09,외곽
604,기타도로,2,하행,1000016300,2384,03,유형별,09,외곽
604,기타도로,2,하행,1000018700,2385,03,유형별,09,외곽
604,기타도로,2,하행,1000020100,2386,03,유형별,09,외곽
604,기타도로,2,하행,1230014500,2387,03,유형별,09,외곽
604,기타도로,2,하행,1230018100,2388,03,유형별,09,외곽
604,기타도로,2,하행,1230021500,2389,03,유형별,09,외곽
604,기타도로,2,하행,1230013200,2390,03,유형별,09,외곽
604,기타도로,2,하행,1230011400,2391,03,유형별,09,외곽
604,기타도로,2,하행,1100029700,2392,03,유형별,09,외곽
604,기타도로,2,하행,1100030100,2393,03,유형별,09,외곽
604,기타도로,2,하행,1100030900,2394,03,유형별,09,외곽
604,기타도로,2,하행,1100031300,2395,03,유형별,09,외곽
604,기타도로,2,하행,1100032500,2396,03,유형별,09,외곽
604,기타도로,2,하행,1100034900,2397,03,유형별,09,외곽
604,기타도로,2,하행,1190001600,2398,03,유형별,09,외곽
604,기타도로,2,하행,1190001800,2399,03,유형별,09,외곽
604,기타도로,2,하행,1190002300,2400,03,유형별,09,외곽
604,기타도로,2,하행,1190003200,2401,03,유형별,09,외곽
604,기타도로,2,하행,1190003400,2402,03,유형별,09,외곽
604,기타도로,2,하행,1200011600,2403,03,유형별,09,외곽
604,기타도로,2,하행,1060009500,2404,03,유형별,09,외곽
604,기타도로,2,하행,1060011300,2405,03,유형별,09,외곽
604,기타도로,2,하행,1060013300,2406,03,유형별,09,외곽
604,기타도로,2,하행,1060014300,2407,03,유형별,09,외곽
604,기타도로,2,하행,1230010900,2408,03,유형별,09,외곽
604,기타도로,2,하행,1230013900,2409,03,유형별,09,외곽
604,기타도로,2,하행,1240013500,2410,03,유형별,09,외곽
604,기타도로,2,하행,1240013700,2411,03,유형별,09,외곽
604,기타도로,2,하행,1240014100,2412,03,유형별,09,외곽
604,기타도로,2,하행,1240014500,2413,03,유형별,09,외곽
604,기타도로,2,하행,1240014800,2414,03,유형별,09,외곽
604,기타도로,2,하행,1240014900,2415,03,유형별,09,외곽
604,기타도로,2,하행,1240016100,2416,03,유형별,09,외곽
604,기타도로,2,하행,1240017500,2417,03,유형별,09,외곽
604,기타도로,2,하행,1240018900,2418,03,유형별,09,외곽
604,기타도로,2,하행,1240015700,2419,03,유형별,09,외곽
604,기타도로,2,하행,1240016400,2420,03,유형별,09,외곽
604,기타도로,2,하행,1240016700,2421,03,유형별,09,외곽
604,기타도로,2,하행,1240019900,2422,03,유형별,09,외곽
604,기타도로,2,하행,1240022500,2423,03,유형별,09,외곽
604,기타도로,2,하행,1240025700,2424,03,유형별,09,외곽
604,기타도로,2,하행,1240020800,2425,03,유형별,09,외곽
604,기타도로,2,하행,3201502100,2426,03,유형별,09,외곽
604,기타도로,2,하행,3201503500,2427,03,유형별,09,외곽
604,기타도로,2,하행,1160015600,2428,03,유형별,09,외곽
604,기타도로,2,하행,1020008400,2429,03,유형별,09,외곽
604,기타도로,2,하행,1020010600,2430,03,유형별,09,외곽
604,기타도로,2,하행,1020012200,2431,03,유형별,09,외곽
604,기타도로,2,하행,1020014400,2432,03,유형별,09,외곽
604,기타도로,2,하행,1020014800,2433,03,유형별,09,외곽
604,기타도로,2,하행,1020016200,2434,03,유형별,09,외곽
604,기타도로,2,하행,1120008200,2435,03,유형별,09,외곽
604,기타도로,2,하행,1120009000,2436,03,유형별,09,외곽
604,기타도로,2,하행,1120009100,2437,03,유형별,09,외곽
604,기타도로,2,하행,1120010800,2438,03,유형별,09,외곽
604,기타도로,2,하행,1120011300,2439,03,유형별,09,외곽
604,기타도로,2,하행,1020003400,2440,03,유형별,09,외곽
604,기타도로,2,하행,1020003500,2441,03,유형별,09,외곽
604,기타도로,2,하행,1020004100,2442,03,유형별,09,외곽
604,기타도로,2,하행,1020006900,2443,03,유형별,09,외곽
604,기타도로,2,하행,1020011500,2444,03,유형별,09,외곽
604,기타도로,2,하행,1020005600,2445,03,유형별,09,외곽
604,기타도로,2,하행,1110009600,2446,03,유형별,09,외곽
604,기타도로,2,하행,1110010000,2447,03,유형별,09,외곽
604,기타도로,2,하행,1110011200,2448,03,유형별,09,외곽
604,기타도로,2,하행,1110012600,2449,03,유형별,09,외곽
604,기타도로,2,하행,1110013000,2450,03,유형별,09,외곽
604,기타도로,2,하행,1110013400,2451,03,유형별,09,외곽
604,기타도로,2,하행,1210016500,2452,03,유형별,09,외곽
604,기타도로,2,하행,1210018700,2453,03,유형별,09,외곽
604,기타도로,2,하행,1210020900,2454,03,유형별,09,외곽
604,기타도로,2,하행,1210023100,2455,03,유형별,09,외곽
604,기타도로,2,하행,1050007700,2456,03,유형별,09,외곽
604,기타도로,2,하행,1050008900,2457,03,유형별,09,외곽
604,기타도로,2,하행,1050011700,2458,03,유형별,09,외곽
604,기타도로,2,하행,1050014300,2459,03,유형별,09,외곽
604,기타도로,2,하행,1060009200,2460,03,유형별,09,외곽
604,기타도로,2,하행,1060009300,2461,03,유형별,09,외곽
604,기타도로,2,하행,1060009700,2462,03,유형별,09,외곽
604,기타도로,2,하행,1060010100,2463,03,유형별,09,외곽
604,기타도로,2,하행,1060010300,2464,03,유형별,09,외곽
604,기타도로,2,하행,1210016200,2465,03,유형별,09,외곽
604,기타도로,2,하행,1210017200,2466,03,유형별,09,외곽
604,기타도로,2,하행,1210017800,2467,03,유형별,09,외곽
604,기타도로,2,하행,1210019600,2468,03,유형별,09,외곽
604,기타도로,2,하행,1210020200,2469,03,유형별,09,외곽
604,기타도로,2,하행,1210021000,2470,03,유형별,09,외곽
604,기타도로,2,하행,1210022200,2471,03,유형별,09,외곽
604,기타도로,2,하행,1210015000,2472,03,유형별,09,외곽
604,기타도로,2,하행,1210016600,2473,03,유형별,09,외곽
604,기타도로,2,하행,1210019400,2474,03,유형별,09,외곽
604,기타도로,2,하행,1210022400,2475,03,유형별,09,외곽
604,기타도로,2,하행,1210025200,2476,03,유형별,09,외곽
604,기타도로,2,하행,1100008400,2477,03,유형별,09,외곽
604,기타도로,2,하행,1070020000,2478,03,유형별,09,외곽
604,기타도로,2,하행,1230020200,2479,03,유형별,09,외곽
604,기타도로,2,하행,1230020300,2480,03,유형별,09,외곽
604,기타도로,2,하행,1230021800,2481,03,유형별,09,외곽
604,기타도로,2,하행,1230023700,2482,03,유형별,09,외곽
604,기타도로,2,하행,1230027000,2483,03,유형별,09,외곽
604,기타도로,2,하행,1220007500,2484,03,유형별,09,외곽
604,기타도로,2,하행,1220008700,2485,03,유형별,09,외곽
604,기타도로,2,하행,1220011100,2486,03,유형별,09,외곽
604,기타도로,2,하행,1220014100,2487,03,유형별,09,외곽
604,기타도로,2,하행,1220019300,2488,03,유형별,09,외곽
604,기타도로,2,하행,1220023200,2489,03,유형별,09,외곽
604,기타도로,2,하행,1220025900,2490,03,유형별,09,외곽
604,기타도로,2,하행,1220027700,2491,03,유형별,09,외곽
604,기타도로,2,하행,1220031100,2492,03,유형별,09,외곽
604,기타도로,2,하행,1220033500,2493,03,유형별,09,외곽
604,기타도로,2,하행,1220035500,2494,03,유형별,09,외곽
604,기타도로,2,하행,1220036500,2495,03,유형별,09,외곽
604,기타도로,2,하행,1180015800,2496,03,유형별,09,외곽
604,기타도로,2,하행,1180016800,2497,03,유형별,09,외곽
604,기타도로,2,하행,1180019400,2498,03,유형별,09,외곽
604,기타도로,2,하행,1180023400,2499,03,유형별,09,외곽
604,기타도로,2,하행,1180017200,2500,03,유형별,09,외곽
819,온수-망우선,1,상행,1160002400,27,02,기능별,11,주간선도로 기능별
604,기타도로,2,하행,1180020800,2501,03,유형별,09,외곽
604,기타도로,2,하행,1180024000,2502,03,유형별,09,외곽
604,기타도로,2,하행,1180028400,2503,03,유형별,09,외곽
604,기타도로,2,하행,1005002300,2504,03,유형별,09,외곽
604,기타도로,2,하행,1100008800,2505,03,유형별,09,외곽
604,기타도로,2,하행,1100010100,2506,03,유형별,09,외곽
604,기타도로,2,하행,1100012200,2507,03,유형별,09,외곽
604,기타도로,2,하행,1100014400,2508,03,유형별,09,외곽
604,기타도로,2,하행,1100016000,2509,03,유형별,09,외곽
604,기타도로,2,하행,1100018400,2510,03,유형별,09,외곽
604,기타도로,2,하행,1100020200,2511,03,유형별,09,외곽
604,기타도로,2,하행,1100021600,2512,03,유형별,09,외곽
604,기타도로,2,하행,1000019000,2513,03,유형별,09,외곽
604,기타도로,2,하행,1230036400,2514,03,유형별,09,외곽
604,기타도로,2,하행,1240006700,2515,03,유형별,09,외곽
604,기타도로,2,하행,1230012500,2516,03,유형별,09,외곽
604,기타도로,2,하행,1030003000,2517,03,유형별,09,외곽
604,기타도로,2,하행,3201504200,2518,03,유형별,09,외곽
604,기타도로,2,하행,1070007300,2519,03,유형별,09,외곽
604,기타도로,2,하행,1070008200,2520,03,유형별,09,외곽
604,기타도로,2,하행,1070008700,2521,03,유형별,09,외곽
604,기타도로,2,하행,1030005300,2522,03,유형별,09,외곽
604,기타도로,2,하행,1030008500,2523,03,유형별,09,외곽
604,기타도로,2,하행,1030007200,2524,03,유형별,09,외곽
604,기타도로,2,하행,1030010600,2525,03,유형별,09,외곽
604,기타도로,2,하행,1230034000,2526,03,유형별,09,외곽
604,기타도로,2,하행,1240007100,2527,03,유형별,09,외곽
604,기타도로,2,하행,1240008900,2528,03,유형별,09,외곽
604,기타도로,2,하행,1240009900,2529,03,유형별,09,외곽
604,기타도로,2,하행,1240011900,2530,03,유형별,09,외곽
604,기타도로,2,하행,1130024000,2531,03,유형별,09,외곽
604,기타도로,2,하행,1130026800,2532,03,유형별,09,외곽
604,기타도로,2,하행,1130028200,2533,03,유형별,09,외곽
604,기타도로,2,하행,1130029400,2534,03,유형별,09,외곽
604,기타도로,2,하행,1130023200,2535,03,유형별,09,외곽
604,기타도로,2,하행,1130025300,2536,03,유형별,09,외곽
604,기타도로,2,하행,1000020900,2537,03,유형별,09,외곽
604,기타도로,2,하행,1120013500,2538,03,유형별,09,외곽
604,기타도로,2,하행,1120013900,2539,03,유형별,09,외곽
604,기타도로,2,하행,1020016600,2540,03,유형별,09,외곽
604,기타도로,2,하행,1020017100,2541,03,유형별,09,외곽
604,기타도로,2,하행,1020019200,2542,03,유형별,09,외곽
604,기타도로,2,하행,1020020600,2543,03,유형별,09,외곽
604,기타도로,2,하행,1020022000,2544,03,유형별,09,외곽
604,기타도로,2,하행,1020022800,2545,03,유형별,09,외곽
604,기타도로,2,하행,1010000600,2546,03,유형별,09,외곽
604,기타도로,2,하행,1020022500,2547,03,유형별,09,외곽
604,기타도로,2,하행,1010000800,2548,03,유형별,09,외곽
604,기타도로,2,하행,1010001100,2549,03,유형별,09,외곽
604,기타도로,2,하행,1070017000,2550,03,유형별,09,외곽
604,기타도로,2,하행,1070020400,2551,03,유형별,09,외곽
604,기타도로,2,하행,1080002100,2552,03,유형별,09,외곽
604,기타도로,2,하행,1080002300,2553,03,유형별,09,외곽
604,기타도로,2,하행,1080002500,2554,03,유형별,09,외곽
604,기타도로,2,하행,1080003400,2555,03,유형별,09,외곽
604,기타도로,2,하행,1230007500,2556,03,유형별,09,외곽
604,기타도로,2,하행,1230008100,2557,03,유형별,09,외곽
604,기타도로,2,하행,1230009700,2558,03,유형별,09,외곽
604,기타도로,2,하행,1230012700,2559,03,유형별,09,외곽
604,기타도로,2,하행,1230015100,2560,03,유형별,09,외곽
604,기타도로,2,하행,1230017300,2561,03,유형별,09,외곽
604,기타도로,2,하행,3201503200,2562,03,유형별,09,외곽
604,기타도로,2,하행,1230007300,2563,03,유형별,09,외곽
604,기타도로,2,하행,1230005500,2564,03,유형별,09,외곽
604,기타도로,2,하행,1060006400,2565,03,유형별,09,외곽
604,기타도로,2,하행,1100034100,2566,03,유형별,09,외곽
604,기타도로,2,하행,1100035100,2567,03,유형별,09,외곽
604,기타도로,2,하행,1100035300,2568,03,유형별,09,외곽
604,기타도로,2,하행,1100035500,2569,03,유형별,09,외곽
604,기타도로,2,하행,1090007400,2570,03,유형별,09,외곽
604,기타도로,2,하행,1090009200,2571,03,유형별,09,외곽
604,기타도로,2,하행,1090011200,2572,03,유형별,09,외곽
604,기타도로,2,하행,1090012200,2573,03,유형별,09,외곽
604,기타도로,2,하행,1180007000,2574,03,유형별,09,외곽
604,기타도로,2,하행,1180008200,2575,03,유형별,09,외곽
604,기타도로,2,하행,1180008800,2576,03,유형별,09,외곽
604,기타도로,2,하행,1180010600,2577,03,유형별,09,외곽
604,기타도로,2,하행,1180012600,2578,03,유형별,09,외곽
604,기타도로,2,하행,1180013800,2579,03,유형별,09,외곽
604,기타도로,2,하행,1180016200,2580,03,유형별,09,외곽
604,기타도로,2,하행,1060014800,2581,03,유형별,09,외곽
604,기타도로,2,하행,1060016000,2582,03,유형별,09,외곽
604,기타도로,2,하행,1060017400,2583,03,유형별,09,외곽
604,기타도로,2,하행,1060018400,2584,03,유형별,09,외곽
604,기타도로,2,하행,1060020000,2585,03,유형별,09,외곽
604,기타도로,2,하행,1060020600,2586,03,유형별,09,외곽
604,기타도로,2,하행,1060021400,2587,03,유형별,09,외곽
604,기타도로,2,하행,1060021600,2588,03,유형별,09,외곽
604,기타도로,2,하행,1200000600,2589,03,유형별,09,외곽
604,기타도로,2,하행,1200001400,2590,03,유형별,09,외곽
604,기타도로,2,하행,1200001800,2591,03,유형별,09,외곽
604,기타도로,2,하행,1200003600,2592,03,유형별,09,외곽
604,기타도로,2,하행,1200006400,2593,03,유형별,09,외곽
604,기타도로,2,하행,1200010000,2594,03,유형별,09,외곽
604,기타도로,2,하행,1140033300,2595,03,유형별,09,외곽
604,기타도로,2,하행,1140034700,2596,03,유형별,09,외곽
604,기타도로,2,하행,1150008800,2597,03,유형별,09,외곽
604,기타도로,2,하행,1150009000,2598,03,유형별,09,외곽
604,기타도로,2,하행,1000008200,2599,03,유형별,09,외곽
604,기타도로,2,하행,1140009600,2600,03,유형별,09,외곽
604,기타도로,2,하행,1140014400,2601,03,유형별,09,외곽
604,기타도로,2,하행,1140017400,2602,03,유형별,09,외곽
604,기타도로,2,하행,1140019500,2603,03,유형별,09,외곽
604,기타도로,2,하행,1140012700,2604,03,유형별,09,외곽
604,기타도로,2,하행,1210023300,2605,03,유형별,09,외곽
604,기타도로,2,하행,1210024300,2606,03,유형별,09,외곽
604,기타도로,2,하행,1210026100,2607,03,유형별,09,외곽
604,기타도로,2,하행,1210026500,2608,03,유형별,09,외곽
604,기타도로,2,하행,1210026900,2609,03,유형별,09,외곽
604,기타도로,2,하행,1210027100,2610,03,유형별,09,외곽
604,기타도로,2,하행,1210027700,2611,03,유형별,09,외곽
604,기타도로,2,하행,1200007800,2612,03,유형별,09,외곽
604,기타도로,2,하행,1200009200,2613,03,유형별,09,외곽
604,기타도로,2,하행,1200010800,2614,03,유형별,09,외곽
604,기타도로,2,하행,1200011200,2615,03,유형별,09,외곽
604,기타도로,2,하행,1140007300,2616,03,유형별,09,외곽
604,기타도로,2,하행,1140010300,2617,03,유형별,09,외곽
604,기타도로,2,하행,1140014900,2618,03,유형별,09,외곽
604,기타도로,2,하행,1140015500,2619,03,유형별,09,외곽
604,기타도로,2,하행,1140016100,2620,03,유형별,09,외곽
604,기타도로,2,하행,1050021100,2621,03,유형별,09,외곽
604,기타도로,2,하행,1140000700,2622,03,유형별,09,외곽
604,기타도로,2,하행,1140002000,2623,03,유형별,09,외곽
604,기타도로,2,하행,1140022600,2624,03,유형별,09,외곽
604,기타도로,2,하행,1230029900,2625,03,유형별,09,외곽
604,기타도로,2,하행,1230030900,2626,03,유형별,09,외곽
604,기타도로,2,하행,1230031300,2627,03,유형별,09,외곽
604,기타도로,2,하행,1240020900,2628,03,유형별,09,외곽
604,기타도로,2,하행,1240021100,2629,03,유형별,09,외곽
604,기타도로,2,하행,1240021400,2630,03,유형별,09,외곽
604,기타도로,2,하행,1240021600,2631,03,유형별,09,외곽
604,기타도로,2,하행,1240021800,2632,03,유형별,09,외곽
604,기타도로,2,하행,1240022200,2633,03,유형별,09,외곽
604,기타도로,2,하행,1240023000,2634,03,유형별,09,외곽
604,기타도로,2,하행,1240024200,2635,03,유형별,09,외곽
604,기타도로,2,하행,1180009200,2636,03,유형별,09,외곽
604,기타도로,2,하행,1180009400,2637,03,유형별,09,외곽
604,기타도로,2,하행,1200002900,2638,03,유형별,09,외곽
604,기타도로,2,하행,1070009500,2639,03,유형별,09,외곽
604,기타도로,2,하행,1070012100,2640,03,유형별,09,외곽
604,기타도로,2,하행,1240024000,2641,03,유형별,09,외곽
604,기타도로,2,하행,1240026400,2642,03,유형별,09,외곽
604,기타도로,2,하행,1240027400,2643,03,유형별,09,외곽
604,기타도로,2,하행,1240027900,2644,03,유형별,09,외곽
604,기타도로,2,하행,1240028200,2645,03,유형별,09,외곽
604,기타도로,2,하행,1240028300,2646,03,유형별,09,외곽
604,기타도로,2,하행,1240028600,2647,03,유형별,09,외곽
604,기타도로,2,하행,1240025300,2648,03,유형별,09,외곽
604,기타도로,2,하행,1240025900,2649,03,유형별,09,외곽
604,기타도로,2,하행,1240027600,2650,03,유형별,09,외곽
604,기타도로,2,하행,1030006700,2651,03,유형별,09,외곽
604,기타도로,2,하행,1030007500,2652,03,유형별,09,외곽
604,기타도로,2,하행,1030009100,2653,03,유형별,09,외곽
604,기타도로,2,하행,1040002600,2654,03,유형별,09,외곽
604,기타도로,2,하행,1040004000,2655,03,유형별,09,외곽
604,기타도로,2,하행,1040008500,2656,03,유형별,09,외곽
604,기타도로,2,하행,1040008600,2657,03,유형별,09,외곽
604,기타도로,2,하행,1040009900,2658,03,유형별,09,외곽
604,기타도로,2,하행,1040010000,2659,03,유형별,09,외곽
604,기타도로,2,하행,1040010700,2660,03,유형별,09,외곽
604,기타도로,2,하행,1040011000,2661,03,유형별,09,외곽
604,기타도로,2,하행,1040011700,2662,03,유형별,09,외곽
604,기타도로,2,하행,1040012300,2663,03,유형별,09,외곽
604,기타도로,2,하행,1040010800,2664,03,유형별,09,외곽
604,기타도로,2,하행,1070002100,2665,03,유형별,09,외곽
604,기타도로,2,하행,1070002300,2666,03,유형별,09,외곽
604,기타도로,2,하행,1070003300,2667,03,유형별,09,외곽
604,기타도로,2,하행,1070005100,2668,03,유형별,09,외곽
604,기타도로,2,하행,1240022300,2669,03,유형별,09,외곽
604,기타도로,2,하행,1240024300,2670,03,유형별,09,외곽
604,기타도로,2,하행,1140002400,2671,03,유형별,09,외곽
604,기타도로,2,하행,1140005400,2672,03,유형별,09,외곽
604,기타도로,2,하행,1140012600,2673,03,유형별,09,외곽
604,기타도로,2,하행,1140016600,2674,03,유형별,09,외곽
604,기타도로,2,하행,1140019000,2675,03,유형별,09,외곽
604,기타도로,2,하행,1140022800,2676,03,유형별,09,외곽
604,기타도로,2,하행,1140026800,2677,03,유형별,09,외곽
604,기타도로,2,하행,1140032600,2678,03,유형별,09,외곽
604,기타도로,2,하행,1140037000,2679,03,유형별,09,외곽
604,기타도로,2,하행,1140039200,2680,03,유형별,09,외곽
604,기타도로,2,하행,1140040000,2681,03,유형별,09,외곽
604,기타도로,2,하행,1140040200,2682,03,유형별,09,외곽
604,기타도로,2,하행,1150011500,2683,03,유형별,09,외곽
604,기타도로,2,하행,1160015800,2684,03,유형별,09,외곽
604,기타도로,2,하행,1160049000,2685,03,유형별,09,외곽
604,기타도로,2,하행,1160054400,2686,03,유형별,09,외곽
604,기타도로,2,하행,1170015500,2687,03,유형별,09,외곽
604,기타도로,2,하행,1170018300,2688,03,유형별,09,외곽
604,기타도로,2,하행,1170019000,2689,03,유형별,09,외곽
604,기타도로,2,하행,1170020300,2690,03,유형별,09,외곽
604,기타도로,2,하행,1170021200,2691,03,유형별,09,외곽
604,기타도로,2,하행,1220035100,2692,03,유형별,09,외곽
604,기타도로,2,하행,1220035800,2693,03,유형별,09,외곽
604,기타도로,2,하행,1220036100,2694,03,유형별,09,외곽
604,기타도로,2,하행,1220036200,2695,03,유형별,09,외곽
604,기타도로,2,하행,1050013600,2696,03,유형별,09,외곽
604,기타도로,2,하행,1050013800,2697,03,유형별,09,외곽
604,기타도로,2,하행,1050014000,2698,03,유형별,09,외곽
604,기타도로,2,하행,1050014100,2699,03,유형별,09,외곽
604,기타도로,2,하행,1190001900,2700,03,유형별,09,외곽
604,기타도로,2,하행,1190002900,2701,03,유형별,09,외곽
604,기타도로,2,하행,1190004300,2702,03,유형별,09,외곽
604,기타도로,2,하행,1200005300,2703,03,유형별,09,외곽
604,기타도로,2,하행,1200008100,2704,03,유형별,09,외곽
604,기타도로,2,하행,1200012300,2705,03,유형별,09,외곽
604,기타도로,2,하행,1230008900,2706,03,유형별,09,외곽
604,기타도로,2,하행,1180026200,2707,03,유형별,09,외곽
604,기타도로,2,하행,1180027200,2708,03,유형별,09,외곽
604,기타도로,2,하행,1180028600,2709,03,유형별,09,외곽
604,기타도로,2,하행,1180029400,2710,03,유형별,09,외곽
604,기타도로,2,하행,1060015600,2711,03,유형별,09,외곽
604,기타도로,2,하행,1210000600,2712,03,유형별,09,외곽
604,기타도로,2,하행,1210000900,2713,03,유형별,09,외곽
604,기타도로,2,하행,1210001100,2714,03,유형별,09,외곽
604,기타도로,2,하행,1210001700,2715,03,유형별,09,외곽
604,기타도로,2,하행,1210002500,2716,03,유형별,09,외곽
604,기타도로,2,하행,1210002700,2717,03,유형별,09,외곽
604,기타도로,2,하행,1220000100,2718,03,유형별,09,외곽
604,기타도로,2,하행,1220000300,2719,03,유형별,09,외곽
604,기타도로,2,하행,1220000500,2720,03,유형별,09,외곽
604,기타도로,2,하행,1220000700,2721,03,유형별,09,외곽
604,기타도로,2,하행,1220012800,2722,03,유형별,09,외곽
604,기타도로,2,하행,1220014400,2723,03,유형별,09,외곽
604,기타도로,2,하행,1220017000,2724,03,유형별,09,외곽
604,기타도로,2,하행,1220018800,2725,03,유형별,09,외곽
604,기타도로,2,하행,1230011500,2726,03,유형별,09,외곽
604,기타도로,2,하행,1230013300,2727,03,유형별,09,외곽
604,기타도로,2,하행,1070021700,2955,03,유형별,09,외곽
604,기타도로,2,하행,1080000900,2956,03,유형별,09,외곽
604,기타도로,2,하행,1080001100,2957,03,유형별,09,외곽
604,기타도로,2,하행,1080001700,2958,03,유형별,09,외곽
604,기타도로,2,하행,1100012300,2959,03,유형별,09,외곽
604,기타도로,2,하행,1100013500,2960,03,유형별,09,외곽
604,기타도로,2,하행,1100013900,2961,03,유형별,09,외곽
604,기타도로,2,하행,1070009200,2962,03,유형별,09,외곽
604,기타도로,2,하행,1160013100,2963,03,유형별,09,외곽
604,기타도로,2,하행,1160015300,2964,03,유형별,09,외곽
604,기타도로,2,하행,1130006200,2965,03,유형별,09,외곽
604,기타도로,2,하행,1130014200,2966,03,유형별,09,외곽
604,기타도로,2,하행,1130017600,2967,03,유형별,09,외곽
604,기타도로,2,하행,1130019200,2968,03,유형별,09,외곽
604,기타도로,2,하행,1130020200,2969,03,유형별,09,외곽
604,기타도로,2,하행,1130021000,2970,03,유형별,09,외곽
604,기타도로,2,하행,1130022000,2971,03,유형별,09,외곽
604,기타도로,2,하행,1130023400,2972,03,유형별,09,외곽
604,기타도로,2,하행,1130024600,2973,03,유형별,09,외곽
604,기타도로,2,하행,1130025200,2974,03,유형별,09,외곽
604,기타도로,2,하행,1130027400,2975,03,유형별,09,외곽
604,기타도로,2,하행,1130016900,2976,03,유형별,09,외곽
604,기타도로,2,하행,1130018500,2977,03,유형별,09,외곽
604,기타도로,2,하행,1130019900,2978,03,유형별,09,외곽
604,기타도로,2,하행,1130021700,2979,03,유형별,09,외곽
604,기타도로,2,하행,1130022700,2980,03,유형별,09,외곽
604,기타도로,2,하행,1130023500,2981,03,유형별,09,외곽
604,기타도로,2,하행,1130024300,2982,03,유형별,09,외곽
604,기타도로,2,하행,1130025500,2983,03,유형별,09,외곽
604,기타도로,2,하행,1130026500,2984,03,유형별,09,외곽
604,기타도로,2,하행,1130027700,2985,03,유형별,09,외곽
604,기타도로,2,하행,1130028300,2986,03,유형별,09,외곽
604,기타도로,2,하행,3201506100,2987,03,유형별,09,외곽
604,기타도로,2,하행,3201507300,2988,03,유형별,09,외곽
604,기타도로,2,하행,1230021300,2989,03,유형별,09,외곽
604,기타도로,2,하행,1230023900,2990,03,유형별,09,외곽
604,기타도로,2,하행,1230026100,2991,03,유형별,09,외곽
604,기타도로,2,하행,1230027100,2992,03,유형별,09,외곽
604,기타도로,2,하행,1230028100,2993,03,유형별,09,외곽
604,기타도로,2,하행,1230029300,2994,03,유형별,09,외곽
604,기타도로,2,하행,1200009500,2995,03,유형별,09,외곽
604,기타도로,2,하행,1200009800,2996,03,유형별,09,외곽
604,기타도로,2,하행,1110007700,2997,03,유형별,09,외곽
604,기타도로,2,하행,1110008300,2998,03,유형별,09,외곽
604,기타도로,2,하행,1110008500,2999,03,유형별,09,외곽
604,기타도로,2,하행,1110008700,3000,03,유형별,09,외곽
604,기타도로,2,하행,1110009000,3001,03,유형별,09,외곽
604,기타도로,2,하행,1010014600,3002,03,유형별,09,외곽
604,기타도로,2,하행,1110005500,3003,03,유형별,09,외곽
604,기타도로,2,하행,1110006700,3004,03,유형별,09,외곽
604,기타도로,2,하행,1110007900,3005,03,유형별,09,외곽
604,기타도로,2,하행,1110009700,3006,03,유형별,09,외곽
604,기타도로,2,하행,1120008700,3007,03,유형별,09,외곽
604,기타도로,2,하행,1120011900,3008,03,유형별,09,외곽
604,기타도로,2,하행,1120012900,3009,03,유형별,09,외곽
604,기타도로,2,하행,1180019100,3010,03,유형별,09,외곽
604,기타도로,2,하행,1180022500,3011,03,유형별,09,외곽
604,기타도로,2,하행,1180026100,3012,03,유형별,09,외곽
604,기타도로,2,하행,1180031300,3013,03,유형별,09,외곽
604,기타도로,2,하행,1180033100,3014,03,유형별,09,외곽
604,기타도로,2,하행,1140027300,3015,03,유형별,09,외곽
604,기타도로,2,하행,1150007400,3016,03,유형별,09,외곽
604,기타도로,2,하행,1150007800,3017,03,유형별,09,외곽
604,기타도로,2,하행,1050017000,3018,03,유형별,09,외곽
604,기타도로,2,하행,1050019600,3019,03,유형별,09,외곽
604,기타도로,2,하행,1050020600,3020,03,유형별,09,외곽
604,기타도로,2,하행,1050021600,3021,03,유형별,09,외곽
604,기타도로,2,하행,1020002300,3022,03,유형별,09,외곽
604,기타도로,2,하행,1020002600,3023,03,유형별,09,외곽
604,기타도로,2,하행,1020003200,3024,03,유형별,09,외곽
604,기타도로,2,하행,1020004000,3025,03,유형별,09,외곽
604,기타도로,2,하행,1020004400,3026,03,유형별,09,외곽
604,기타도로,2,하행,1020006600,3027,03,유형별,09,외곽
604,기타도로,2,하행,1020003000,3028,03,유형별,09,외곽
604,기타도로,2,하행,1020004800,3029,03,유형별,09,외곽
604,기타도로,2,하행,1020010800,3030,03,유형별,09,외곽
604,기타도로,2,하행,1020011200,3031,03,유형별,09,외곽
604,기타도로,2,하행,1020011300,3032,03,유형별,09,외곽
604,기타도로,2,하행,1020013600,3033,03,유형별,09,외곽
604,기타도로,2,하행,1080004000,3034,03,유형별,09,외곽
604,기타도로,2,하행,1080009600,3035,03,유형별,09,외곽
604,기타도로,2,하행,1080011600,3036,03,유형별,09,외곽
604,기타도로,2,하행,1070003800,3037,03,유형별,09,외곽
604,기타도로,2,하행,1070004200,3038,03,유형별,09,외곽
604,기타도로,2,하행,1070004400,3039,03,유형별,09,외곽
604,기타도로,2,하행,1150008500,3040,03,유형별,09,외곽
604,기타도로,2,하행,1060019000,3041,03,유형별,09,외곽
604,기타도로,2,하행,1060021200,3042,03,유형별,09,외곽
604,기타도로,2,하행,1100009400,3043,03,유형별,09,외곽
604,기타도로,2,하행,1100010600,3044,03,유형별,09,외곽
604,기타도로,2,하행,1100011800,3045,03,유형별,09,외곽
604,기타도로,2,하행,1100012800,3046,03,유형별,09,외곽
604,기타도로,2,하행,1100014800,3047,03,유형별,09,외곽
604,기타도로,2,하행,1100015700,3048,03,유형별,09,외곽
604,기타도로,2,하행,1100017400,3049,03,유형별,09,외곽
604,기타도로,2,하행,1100019400,3050,03,유형별,09,외곽
604,기타도로,2,하행,1100021000,3051,03,유형별,09,외곽
604,기타도로,2,하행,1100023000,3052,03,유형별,09,외곽
604,기타도로,2,하행,1070004900,3053,03,유형별,09,외곽
604,기타도로,2,하행,1070005900,3054,03,유형별,09,외곽
604,기타도로,2,하행,1070002800,3055,03,유형별,09,외곽
604,기타도로,2,하행,1220010900,3056,03,유형별,09,외곽
604,기타도로,2,하행,1220014900,3057,03,유형별,09,외곽
604,기타도로,2,하행,1220017900,3058,03,유형별,09,외곽
604,기타도로,2,하행,1040005700,3059,03,유형별,09,외곽
604,기타도로,2,하행,1040007300,3060,03,유형별,09,외곽
604,기타도로,2,하행,1000017900,3062,03,유형별,09,외곽
604,기타도로,2,하행,1000019500,3063,03,유형별,09,외곽
604,기타도로,2,하행,1000020700,3064,03,유형별,09,외곽
604,기타도로,2,하행,1130013800,3065,03,유형별,09,외곽
604,기타도로,2,하행,1130015800,3066,03,유형별,09,외곽
604,기타도로,2,하행,1130018000,3067,03,유형별,09,외곽
604,기타도로,2,하행,1230023200,3068,03,유형별,09,외곽
604,기타도로,2,하행,1230023500,3069,03,유형별,09,외곽
604,기타도로,2,하행,1230024200,3070,03,유형별,09,외곽
604,기타도로,2,하행,1230025900,3071,03,유형별,09,외곽
604,기타도로,2,하행,1230027600,3072,03,유형별,09,외곽
604,기타도로,2,하행,1210026300,3073,03,유형별,09,외곽
604,기타도로,2,하행,1210027300,3074,03,유형별,09,외곽
604,기타도로,2,하행,1210028300,3075,03,유형별,09,외곽
604,기타도로,2,하행,1210029100,3076,03,유형별,09,외곽
604,기타도로,2,하행,1210030300,3077,03,유형별,09,외곽
604,기타도로,2,하행,1210030500,3078,03,유형별,09,외곽
604,기타도로,2,하행,1020006800,3079,03,유형별,09,외곽
604,기타도로,2,하행,1190002100,3080,03,유형별,09,외곽
604,기타도로,2,하행,1190004500,3081,03,유형별,09,외곽
604,기타도로,2,하행,1050004100,3082,03,유형별,09,외곽
604,기타도로,2,하행,1050010300,3083,03,유형별,09,외곽
604,기타도로,2,하행,1050013300,3084,03,유형별,09,외곽
604,기타도로,2,하행,1070018500,3085,03,유형별,09,외곽
604,기타도로,2,하행,1070018700,3086,03,유형별,09,외곽
604,기타도로,2,하행,1070019700,3087,03,유형별,09,외곽
604,기타도로,2,하행,1050004300,3088,03,유형별,09,외곽
604,기타도로,2,하행,1050009500,3089,03,유형별,09,외곽
604,기타도로,2,하행,1050003900,3090,03,유형별,09,외곽
604,기타도로,2,하행,1050004900,3091,03,유형별,09,외곽
604,기타도로,2,하행,1050009100,3092,03,유형별,09,외곽
604,기타도로,2,하행,1050012100,3093,03,유형별,09,외곽
604,기타도로,2,하행,1050014500,3094,03,유형별,09,외곽
604,기타도로,2,하행,1005003400,3095,03,유형별,09,외곽
604,기타도로,2,하행,1005003600,3096,03,유형별,09,외곽
604,기타도로,2,하행,1070012400,3097,03,유형별,09,외곽
604,기타도로,2,하행,1070013200,3098,03,유형별,09,외곽
604,기타도로,2,하행,1070013400,3099,03,유형별,09,외곽
604,기타도로,2,하행,1070014800,3100,03,유형별,09,외곽
604,기타도로,2,하행,1070015100,3101,03,유형별,09,외곽
604,기타도로,2,하행,1070016200,3102,03,유형별,09,외곽
604,기타도로,2,하행,1050012300,3103,03,유형별,09,외곽
604,기타도로,2,하행,1050014700,3104,03,유형별,09,외곽
604,기타도로,2,하행,1050015300,3105,03,유형별,09,외곽
604,기타도로,2,하행,1050015600,3106,03,유형별,09,외곽
604,기타도로,2,하행,1050015700,3107,03,유형별,09,외곽
604,기타도로,2,하행,1050015900,3108,03,유형별,09,외곽
604,기타도로,2,하행,1200005100,3109,03,유형별,09,외곽
604,기타도로,2,하행,1200007500,3110,03,유형별,09,외곽
604,기타도로,2,하행,1240002700,3111,03,유형별,09,외곽
604,기타도로,2,하행,1050017500,3112,03,유형별,09,외곽
604,기타도로,2,하행,1070007500,3113,03,유형별,09,외곽
604,기타도로,2,하행,1070010300,3114,03,유형별,09,외곽
604,기타도로,2,하행,1070013700,3115,03,유형별,09,외곽
604,기타도로,2,하행,1150013400,3116,03,유형별,09,외곽
604,기타도로,2,하행,1150015600,3117,03,유형별,09,외곽
604,기타도로,2,하행,1100018000,3118,03,유형별,09,외곽
604,기타도로,2,하행,1100020800,3119,03,유형별,09,외곽
604,기타도로,2,하행,1100022600,3120,03,유형별,09,외곽
604,기타도로,2,하행,1100024600,3121,03,유형별,09,외곽
604,기타도로,2,하행,1100026400,3122,03,유형별,09,외곽
604,기타도로,2,하행,1100027200,3123,03,유형별,09,외곽
604,기타도로,2,하행,1100027400,3124,03,유형별,09,외곽
604,기타도로,2,하행,1230008400,3125,03,유형별,09,외곽
604,기타도로,2,하행,1230010000,3126,03,유형별,09,외곽
604,기타도로,2,하행,1230011800,3127,03,유형별,09,외곽
604,기타도로,2,하행,1230015000,3128,03,유형별,09,외곽
604,기타도로,2,하행,1230018000,3129,03,유형별,09,외곽
604,기타도로,2,하행,1230021000,3130,03,유형별,09,외곽
604,기타도로,2,하행,1060014600,3131,03,유형별,09,외곽
604,기타도로,2,하행,1060015800,3132,03,유형별,09,외곽
604,기타도로,2,하행,1060016800,3133,03,유형별,09,외곽
604,기타도로,2,하행,1060017800,3134,03,유형별,09,외곽
604,기타도로,2,하행,1060018600,3135,03,유형별,09,외곽
604,기타도로,2,하행,1060020200,3136,03,유형별,09,외곽
604,기타도로,2,하행,3201501200,3137,03,유형별,09,외곽
604,기타도로,2,하행,1060011100,3138,03,유형별,09,외곽
604,기타도로,2,하행,1060013700,3139,03,유형별,09,외곽
604,기타도로,2,하행,1060017500,3140,03,유형별,09,외곽
604,기타도로,2,하행,1010003200,3141,03,유형별,09,외곽
604,기타도로,2,하행,1140002600,3142,03,유형별,09,외곽
604,기타도로,2,하행,1140006600,3143,03,유형별,09,외곽
604,기타도로,2,하행,1140012400,3144,03,유형별,09,외곽
604,기타도로,2,하행,1140016000,3145,03,유형별,09,외곽
604,기타도로,2,하행,1140020800,3146,03,유형별,09,외곽
604,기타도로,2,하행,1160014200,3147,03,유형별,09,외곽
604,기타도로,2,하행,1160016600,3148,03,유형별,09,외곽
604,기타도로,2,하행,1160017200,3149,03,유형별,09,외곽
604,기타도로,2,하행,1120006500,3150,03,유형별,09,외곽
604,기타도로,2,하행,1120008300,3151,03,유형별,09,외곽
604,기타도로,2,하행,1120009900,3152,03,유형별,09,외곽
604,기타도로,2,하행,1120011100,3153,03,유형별,09,외곽
604,기타도로,2,하행,1120012300,3154,03,유형별,09,외곽
604,기타도로,2,하행,1150012100,3155,03,유형별,09,외곽
604,기타도로,2,하행,1110000100,3156,03,유형별,09,외곽
604,기타도로,2,하행,1110000300,3157,03,유형별,09,외곽
604,기타도로,2,하행,1110000500,3158,03,유형별,09,외곽
604,기타도로,2,하행,1110000700,3159,03,유형별,09,외곽
604,기타도로,2,하행,1110000900,3160,03,유형별,09,외곽
604,기타도로,2,하행,1130005200,3161,03,유형별,09,외곽
604,기타도로,2,하행,1130006300,3162,03,유형별,09,외곽
604,기타도로,2,하행,1130006700,3163,03,유형별,09,외곽
604,기타도로,2,하행,1130007100,3164,03,유형별,09,외곽
604,기타도로,2,하행,1130007500,3165,03,유형별,09,외곽
604,기타도로,2,하행,1000013000,3166,03,유형별,09,외곽
604,기타도로,2,하행,1000016800,3167,03,유형별,09,외곽
604,기타도로,2,하행,1010020000,3168,03,유형별,09,외곽
604,기타도로,2,하행,1070003600,3169,03,유형별,09,외곽
604,기타도로,2,하행,1110015300,3170,03,유형별,09,외곽
604,기타도로,2,하행,1240005800,3171,03,유형별,09,외곽
604,기타도로,2,하행,1240007000,3172,03,유형별,09,외곽
604,기타도로,2,하행,1240008800,3173,03,유형별,09,외곽
604,기타도로,2,하행,1240009600,3174,03,유형별,09,외곽
604,기타도로,2,하행,1240010600,3175,03,유형별,09,외곽
604,기타도로,2,하행,1000021400,3176,03,유형별,09,외곽
604,기타도로,2,하행,1000021600,3177,03,유형별,09,외곽
604,기타도로,2,하행,1110009100,3178,03,유형별,09,외곽
604,기타도로,2,하행,1110011300,3179,03,유형별,09,외곽
604,기타도로,2,하행,1110011800,3180,03,유형별,09,외곽
604,기타도로,2,하행,1130009800,3181,03,유형별,09,외곽
473,퇴계로,1,상행,1010005600,4,01,기본도로,03,주간선도로
473,퇴계로,1,상행,1010007000,5,01,기본도로,03,주간선도로
473,퇴계로,1,상행,1010010400,7,01,기본도로,03,주간선도로
473,퇴계로,1,상행,1010011800,8,01,기본도로,03,주간선도로
473,퇴계로,1,상행,1010013100,9,01,기본도로,03,주간선도로
473,퇴계로,2,하행,1010013200,1,01,기본도로,03,주간선도로
473,퇴계로,2,하행,1010011700,2,01,기본도로,03,주간선도로
473,퇴계로,2,하행,1010008100,4,01,기본도로,03,주간선도로
473,퇴계로,2,하행,1010006900,5,01,기본도로,03,주간선도로
473,퇴계로,2,하행,1010005500,6,01,기본도로,03,주간선도로
473,퇴계로,2,하행,1010004800,7,01,기본도로,03,주간선도로
473,퇴계로,2,하행,1010004500,8,01,기본도로,03,주간선도로
473,퇴계로,2,하행,1010002500,9,01,기본도로,03,주간선도로
474,평창문화로,2,하행,1000021800,1,01,기본도로,04,보조간선도로
475,풍성로,1,상행,1240006200,1,01,기본도로,05,기타도로
475,풍성로,1,상행,1240006400,2,01,기본도로,05,기타도로
475,풍성로,1,상행,1240006600,3,01,기본도로,05,기타도로
475,풍성로,1,상행,1240007800,4,01,기본도로,05,기타도로
475,풍성로,1,상행,1240008000,5,01,기본도로,05,기타도로
475,풍성로,1,상행,3201502200,7,01,기본도로,05,기타도로
475,풍성로,2,하행,3201502300,1,01,기본도로,05,기타도로
475,풍성로,2,하행,1240009100,2,01,기본도로,05,기타도로
475,풍성로,2,하행,1240007900,3,01,기본도로,05,기타도로
475,풍성로,2,하행,1240007700,4,01,기본도로,05,기타도로
475,풍성로,2,하행,1240006300,6,01,기본도로,05,기타도로
475,풍성로,2,하행,1240006100,7,01,기본도로,05,기타도로
476,하늘공원로,1,상행,1130024100,1,01,기본도로,05,기타도로
476,하늘공원로,2,하행,1130024200,1,01,기본도로,05,기타도로
477,하늘길,1,상행,1150014800,1,01,기본도로,05,기타도로
477,하늘길,2,하행,1150014900,1,01,기본도로,05,기타도로
479,학동로,1,상행,1220033200,2,01,기본도로,04,보조간선도로
479,학동로,1,상행,1220032800,3,01,기본도로,04,보조간선도로
479,학동로,1,상행,1220032000,4,01,기본도로,04,보조간선도로
479,학동로,1,상행,1220031200,5,01,기본도로,04,보조간선도로
479,학동로,1,상행,1220030400,6,01,기본도로,04,보조간선도로
479,학동로,2,하행,1220030500,1,01,기본도로,04,보조간선도로
479,학동로,2,하행,1220032100,3,01,기본도로,04,보조간선도로
479,학동로,2,하행,1220032900,4,01,기본도로,04,보조간선도로
479,학동로,2,하행,1220033300,5,01,기본도로,04,보조간선도로
479,학동로,2,하행,1220033900,6,01,기본도로,04,보조간선도로
480,한가람로,1,상행,1230028500,1,01,기본도로,05,기타도로
480,한가람로,1,상행,1230030600,3,01,기본도로,05,기타도로
480,한가람로,1,상행,3201502900,4,01,기본도로,05,기타도로
480,한가람로,1,상행,3201502700,5,01,기본도로,05,기타도로
480,한가람로,2,하행,3201502600,1,01,기본도로,05,기타도로
480,한가람로,2,하행,3201502800,2,01,기본도로,05,기타도로
480,한가람로,2,하행,1230030500,3,01,기본도로,05,기타도로
480,한가람로,2,하행,1230028600,5,01,기본도로,05,기타도로
481,한강대로,1,상행,1020022900,1,01,기본도로,03,주간선도로
481,한강대로,1,상행,1020020900,2,01,기본도로,03,주간선도로
481,한강대로,1,상행,1020017700,3,01,기본도로,03,주간선도로
481,한강대로,1,상행,1020014100,4,01,기본도로,03,주간선도로
481,한강대로,1,상행,1020009300,5,01,기본도로,03,주간선도로
481,한강대로,1,상행,1020006100,7,01,기본도로,03,주간선도로
481,한강대로,2,하행,1020006200,1,01,기본도로,03,주간선도로
481,한강대로,2,하행,1020007400,2,01,기본도로,03,주간선도로
481,한강대로,2,하행,1020009400,3,01,기본도로,03,주간선도로
481,한강대로,2,하행,1020014200,4,01,기본도로,03,주간선도로
481,한강대로,2,하행,1020021000,6,01,기본도로,03,주간선도로
481,한강대로,2,하행,1020023000,7,01,기본도로,03,주간선도로
482,한강대로77길,1,상행,1020016400,1,01,기본도로,05,기타도로
482,한강대로77길,2,하행,1020016300,1,01,기본도로,05,기타도로
483,한글비석로,1,상행,1100015000,1,01,기본도로,04,보조간선도로
483,한글비석로,1,상행,1100015600,2,01,기본도로,04,보조간선도로
483,한글비석로,1,상행,1100016800,4,01,기본도로,04,보조간선도로
483,한글비석로,1,상행,1100017200,5,01,기본도로,04,보조간선도로
483,한글비석로,1,상행,1100019800,6,01,기본도로,04,보조간선도로
483,한글비석로,1,상행,1100024200,7,01,기본도로,04,보조간선도로
483,한글비석로,1,상행,1100026200,8,01,기본도로,04,보조간선도로
483,한글비석로,1,상행,1100028200,9,01,기본도로,04,보조간선도로
483,한글비석로,1,상행,1100031200,11,01,기본도로,04,보조간선도로
483,한글비석로,1,상행,1100033000,12,01,기본도로,04,보조간선도로
483,한글비석로,1,상행,1100033600,13,01,기본도로,04,보조간선도로
483,한글비석로,1,상행,1100033700,14,01,기본도로,04,보조간선도로
483,한글비석로,1,상행,1100033300,15,01,기본도로,04,보조간선도로
483,한글비석로,2,하행,1100033800,2,01,기본도로,04,보조간선도로
483,한글비석로,2,하행,1100033500,3,01,기본도로,04,보조간선도로
483,한글비석로,2,하행,1100032900,4,01,기본도로,04,보조간선도로
483,한글비석로,2,하행,1100031100,5,01,기본도로,04,보조간선도로
483,한글비석로,2,하행,1100030500,6,01,기본도로,04,보조간선도로
483,한글비석로,2,하행,1100028100,7,01,기본도로,04,보조간선도로
483,한글비석로,2,하행,1100024100,9,01,기본도로,04,보조간선도로
483,한글비석로,2,하행,1100019700,10,01,기본도로,04,보조간선도로
483,한글비석로,2,하행,1100017100,11,01,기본도로,04,보조간선도로
483,한글비석로,2,하행,1100016700,12,01,기본도로,04,보조간선도로
483,한글비석로,2,하행,1100016300,13,01,기본도로,04,보조간선도로
483,한글비석로,2,하행,1100015500,14,01,기본도로,04,보조간선도로
484,한남대로,1,상행,1020008600,1,01,기본도로,03,주간선도로
484,한남대로,1,상행,1020013400,2,01,기본도로,03,주간선도로
484,한남대로,1,상행,1020018200,3,01,기본도로,03,주간선도로
484,한남대로,2,하행,1020018100,1,01,기본도로,03,주간선도로
484,한남대로,2,하행,1020013300,2,01,기본도로,03,주간선도로
485,한천로,1,상행,1030019400,1,01,기본도로,04,보조간선도로
485,한천로,1,상행,1050010000,2,01,기본도로,04,보조간선도로
485,한천로,1,상행,1050013000,3,01,기본도로,04,보조간선도로
485,한천로,1,상행,1050016200,4,01,기본도로,04,보조간선도로
485,한천로,1,상행,1050018200,5,01,기본도로,04,보조간선도로
485,한천로,1,상행,1050020000,6,01,기본도로,04,보조간선도로
485,한천로,1,상행,1050022000,8,01,기본도로,04,보조간선도로
485,한천로,1,상행,1070016000,9,01,기본도로,04,보조간선도로
485,한천로,1,상행,1070017800,10,01,기본도로,04,보조간선도로
485,한천로,1,상행,1070019200,11,01,기본도로,04,보조간선도로
485,한천로,1,상행,1070021000,12,01,기본도로,04,보조간선도로
485,한천로,1,상행,1070021400,13,01,기본도로,04,보조간선도로
485,한천로,1,상행,1080004600,15,01,기본도로,04,보조간선도로
485,한천로,1,상행,1080005400,16,01,기본도로,04,보조간선도로
485,한천로,1,상행,1080006800,17,01,기본도로,04,보조간선도로
485,한천로,1,상행,1080009800,18,01,기본도로,04,보조간선도로
485,한천로,1,상행,1080011200,19,01,기본도로,04,보조간선도로
485,한천로,2,하행,1080012500,1,01,기본도로,04,보조간선도로
485,한천로,2,하행,1080011100,2,01,기본도로,04,보조간선도로
485,한천로,2,하행,1080009700,3,01,기본도로,04,보조간선도로
485,한천로,2,하행,1080006700,4,01,기본도로,04,보조간선도로
485,한천로,2,하행,1080005300,5,01,기본도로,04,보조간선도로
485,한천로,2,하행,1080004500,6,01,기본도로,04,보조간선도로
485,한천로,2,하행,1070021300,8,01,기본도로,04,보조간선도로
485,한천로,2,하행,1070020900,9,01,기본도로,04,보조간선도로
485,한천로,2,하행,1070019100,10,01,기본도로,04,보조간선도로
485,한천로,2,하행,1070017700,11,01,기본도로,04,보조간선도로
485,한천로,2,하행,1070015900,12,01,기본도로,04,보조간선도로
485,한천로,2,하행,1050021900,13,01,기본도로,04,보조간선도로
485,한천로,2,하행,1050019900,15,01,기본도로,04,보조간선도로
485,한천로,2,하행,1050018100,16,01,기본도로,04,보조간선도로
485,한천로,2,하행,1050016100,17,01,기본도로,04,보조간선도로
485,한천로,2,하행,1050012900,18,01,기본도로,04,보조간선도로
485,한천로,2,하행,1050009900,19,01,기본도로,04,보조간선도로
486,한천로58길,1,상행,1050021000,1,01,기본도로,04,보조간선도로
486,한천로58길,2,하행,1050020900,1,01,기본도로,04,보조간선도로
487,한천로66길,1,상행,1050021800,1,01,기본도로,05,기타도로
487,한천로66길,1,상행,1070015600,2,01,기본도로,05,기타도로
487,한천로66길,1,상행,1070018200,3,01,기본도로,05,기타도로
487,한천로66길,2,하행,1070018100,1,01,기본도로,05,기타도로
487,한천로66길,2,하행,1050021700,3,01,기본도로,05,기타도로
488,해등로,1,상행,1090002800,1,01,기본도로,04,보조간선도로
488,해등로,1,상행,1090004800,2,01,기본도로,04,보조간선도로
488,해등로,1,상행,1090007800,3,01,기본도로,04,보조간선도로
488,해등로,1,상행,1090008700,5,01,기본도로,04,보조간선도로
488,해등로,1,상행,1090008200,6,01,기본도로,04,보조간선도로
488,해등로,2,하행,1090008800,2,01,기본도로,04,보조간선도로
488,해등로,2,하행,1090008300,3,01,기본도로,04,보조간선도로
488,해등로,2,하행,1090004700,5,01,기본도로,04,보조간선도로
488,해등로,2,하행,1090002700,6,01,기본도로,04,보조간선도로
490,허준로,1,상행,1150013900,1,01,기본도로,05,기타도로
490,허준로,1,상행,1150016300,3,01,기본도로,05,기타도로
490,허준로,1,상행,1150018500,5,01,기본도로,05,기타도로
490,허준로,2,하행,1150018400,1,01,기본도로,05,기타도로
490,허준로,2,하행,1150017400,2,01,기본도로,05,기타도로
490,허준로,2,하행,1150016200,3,01,기본도로,05,기타도로
490,허준로,2,하행,1150015400,4,01,기본도로,05,기타도로
490,허준로,2,하행,1150013800,5,01,기본도로,05,기타도로
491,헌릉로,1,상행,1210006800,1,01,기본도로,03,주간선도로
491,헌릉로,1,상행,1210007100,2,01,기본도로,03,주간선도로
1,4.19로,1,상행,1080012200,1,01,기본도로,04,보조간선도로
1,4.19로,1,상행,1080012800,2,01,기본도로,04,보조간선도로
604,기타도로,2,하행,1130011400,3182,03,유형별,09,외곽
604,기타도로,2,하행,1130013000,3183,03,유형별,09,외곽
604,기타도로,2,하행,1130014000,3184,03,유형별,09,외곽
604,기타도로,2,하행,1240011400,3185,03,유형별,09,외곽
604,기타도로,2,하행,1240011800,3186,03,유형별,09,외곽
604,기타도로,2,하행,1240013200,3187,03,유형별,09,외곽
604,기타도로,2,하행,1240014000,3188,03,유형별,09,외곽
604,기타도로,2,하행,1050008200,3189,03,유형별,09,외곽
604,기타도로,2,하행,1050008400,3190,03,유형별,09,외곽
604,기타도로,2,하행,1050008500,3191,03,유형별,09,외곽
604,기타도로,2,하행,1240001700,3192,03,유형별,09,외곽
604,기타도로,2,하행,1240002200,3193,03,유형별,09,외곽
604,기타도로,2,하행,1240002600,3194,03,유형별,09,외곽
604,기타도로,2,하행,2270009200,3195,03,유형별,09,외곽
604,기타도로,2,하행,1240013300,3196,03,유형별,09,외곽
604,기타도로,2,하행,1230036700,3197,03,유형별,09,외곽
604,기타도로,2,하행,1240009300,3198,03,유형별,09,외곽
604,기타도로,2,하행,1000016500,3199,03,유형별,09,외곽
604,기타도로,2,하행,1000017300,3200,03,유형별,09,외곽
604,기타도로,2,하행,1020018600,3201,03,유형별,09,외곽
604,기타도로,2,하행,1150018100,3202,03,유형별,09,외곽
604,기타도로,2,하행,1150018300,3203,03,유형별,09,외곽
604,기타도로,2,하행,1200000700,3204,03,유형별,09,외곽
604,기타도로,2,하행,1200003300,3205,03,유형별,09,외곽
604,기타도로,2,하행,1200004900,3206,03,유형별,09,외곽
604,기타도로,2,하행,1200006700,3207,03,유형별,09,외곽
604,기타도로,2,하행,1230005800,3208,03,유형별,09,외곽
604,기타도로,2,하행,1010003600,3209,03,유형별,09,외곽
604,기타도로,2,하행,1230006000,3210,03,유형별,09,외곽
604,기타도로,2,하행,1230009200,3211,03,유형별,09,외곽
604,기타도로,2,하행,1230013500,3212,03,유형별,09,외곽
604,기타도로,2,하행,1230016800,3213,03,유형별,09,외곽
604,기타도로,2,하행,1230026600,3214,03,유형별,09,외곽
604,기타도로,2,하행,1230029600,3215,03,유형별,09,외곽
604,기타도로,2,하행,1210007400,3216,03,유형별,09,외곽
604,기타도로,2,하행,1220023400,3217,03,유형별,09,외곽
604,기타도로,2,하행,1220024100,3218,03,유형별,09,외곽
604,기타도로,2,하행,1220025300,3219,03,유형별,09,외곽
604,기타도로,2,하행,1220026100,3220,03,유형별,09,외곽
604,기타도로,2,하행,1220026900,3221,03,유형별,09,외곽
604,기타도로,2,하행,1220028100,3222,03,유형별,09,외곽
604,기타도로,2,하행,1220028900,3223,03,유형별,09,외곽
604,기타도로,2,하행,1220029500,3224,03,유형별,09,외곽
604,기타도로,2,하행,1220028500,3225,03,유형별,09,외곽
604,기타도로,2,하행,1004350700,3226,03,유형별,09,외곽
604,기타도로,2,하행,1030007700,3227,03,유형별,09,외곽
604,기타도로,2,하행,1030009500,3228,03,유형별,09,외곽
604,기타도로,2,하행,1220028700,3229,03,유형별,09,외곽
604,기타도로,2,하행,1220030300,3230,03,유형별,09,외곽
604,기타도로,2,하행,1220032500,3231,03,유형별,09,외곽
604,기타도로,2,하행,1130007700,3232,03,유형별,09,외곽
604,기타도로,2,하행,1130008100,3233,03,유형별,09,외곽
604,기타도로,2,하행,1130009100,3234,03,유형별,09,외곽
604,기타도로,2,하행,1130010100,3235,03,유형별,09,외곽
604,기타도로,2,하행,1130010600,3236,03,유형별,09,외곽
604,기타도로,2,하행,3201505500,3237,03,유형별,09,외곽
604,기타도로,2,하행,3201510300,3238,03,유형별,09,외곽
604,기타도로,2,하행,3201510700,3239,03,유형별,09,외곽
604,기타도로,2,하행,1000021800,3240,03,유형별,09,외곽
604,기타도로,2,하행,1240006100,3241,03,유형별,09,외곽
604,기타도로,2,하행,1240006300,3242,03,유형별,09,외곽
604,기타도로,2,하행,1240006500,3243,03,유형별,09,외곽
604,기타도로,2,하행,1240007700,3244,03,유형별,09,외곽
604,기타도로,2,하행,1240007900,3245,03,유형별,09,외곽
604,기타도로,2,하행,1240009100,3246,03,유형별,09,외곽
604,기타도로,2,하행,3201502300,3247,03,유형별,09,외곽
604,기타도로,2,하행,1130024200,3248,03,유형별,09,외곽
604,기타도로,2,하행,1220030500,3249,03,유형별,09,외곽
604,기타도로,2,하행,1220031300,3250,03,유형별,09,외곽
604,기타도로,2,하행,1220032100,3251,03,유형별,09,외곽
604,기타도로,2,하행,1220032900,3252,03,유형별,09,외곽
604,기타도로,2,하행,1220033300,3253,03,유형별,09,외곽
604,기타도로,2,하행,1220033900,3254,03,유형별,09,외곽
604,기타도로,2,하행,1040008800,3255,03,유형별,09,외곽
604,기타도로,2,하행,1230028600,3256,03,유형별,09,외곽
604,기타도로,2,하행,1230028900,3257,03,유형별,09,외곽
604,기타도로,2,하행,1230030500,3258,03,유형별,09,외곽
604,기타도로,2,하행,3201502600,3259,03,유형별,09,외곽
604,기타도로,2,하행,3201502800,3260,03,유형별,09,외곽
604,기타도로,2,하행,1020016300,3261,03,유형별,09,외곽
604,기타도로,2,하행,1100014900,3262,03,유형별,09,외곽
604,기타도로,2,하행,1100015500,3263,03,유형별,09,외곽
604,기타도로,2,하행,1100016300,3264,03,유형별,09,외곽
604,기타도로,2,하행,1100016700,3265,03,유형별,09,외곽
604,기타도로,2,하행,1100017100,3266,03,유형별,09,외곽
604,기타도로,2,하행,1100019700,3267,03,유형별,09,외곽
604,기타도로,2,하행,1100024100,3268,03,유형별,09,외곽
604,기타도로,2,하행,1100026100,3269,03,유형별,09,외곽
604,기타도로,2,하행,1100028100,3270,03,유형별,09,외곽
604,기타도로,2,하행,1100030500,3271,03,유형별,09,외곽
604,기타도로,2,하행,1100031100,3272,03,유형별,09,외곽
604,기타도로,2,하행,1100032900,3273,03,유형별,09,외곽
604,기타도로,2,하행,1100033400,3274,03,유형별,09,외곽
604,기타도로,2,하행,1100033500,3275,03,유형별,09,외곽
604,기타도로,2,하행,1100033800,3276,03,유형별,09,외곽
604,기타도로,2,하행,1020018100,3277,03,유형별,09,외곽
604,기타도로,2,하행,1030019300,3278,03,유형별,09,외곽
604,기타도로,2,하행,1050009900,3279,03,유형별,09,외곽
604,기타도로,2,하행,1050012900,3280,03,유형별,09,외곽
604,기타도로,2,하행,1050016100,3281,03,유형별,09,외곽
604,기타도로,2,하행,1050018100,3282,03,유형별,09,외곽
604,기타도로,2,하행,1050019900,3283,03,유형별,09,외곽
604,기타도로,2,하행,1050020700,3284,03,유형별,09,외곽
604,기타도로,2,하행,1050021900,3285,03,유형별,09,외곽
604,기타도로,2,하행,1070015900,3286,03,유형별,09,외곽
604,기타도로,2,하행,1070017700,3287,03,유형별,09,외곽
604,기타도로,2,하행,1070019100,3288,03,유형별,09,외곽
604,기타도로,2,하행,1070020900,3289,03,유형별,09,외곽
604,기타도로,2,하행,1070021300,3290,03,유형별,09,외곽
604,기타도로,2,하행,1070021900,3291,03,유형별,09,외곽
604,기타도로,2,하행,1080004500,3292,03,유형별,09,외곽
604,기타도로,2,하행,1080005300,3293,03,유형별,09,외곽
604,기타도로,2,하행,1080006700,3294,03,유형별,09,외곽
604,기타도로,2,하행,1080009700,3295,03,유형별,09,외곽
604,기타도로,2,하행,1080011100,3296,03,유형별,09,외곽
604,기타도로,2,하행,1080012500,3297,03,유형별,09,외곽
604,기타도로,2,하행,1050020900,3298,03,유형별,09,외곽
604,기타도로,2,하행,1050021700,3299,03,유형별,09,외곽
604,기타도로,2,하행,1070015500,3300,03,유형별,09,외곽
604,기타도로,2,하행,1070018100,3301,03,유형별,09,외곽
604,기타도로,2,하행,1090002700,3302,03,유형별,09,외곽
604,기타도로,2,하행,1090004700,3303,03,유형별,09,외곽
604,기타도로,2,하행,1090007700,3304,03,유형별,09,외곽
604,기타도로,2,하행,1090008100,3305,03,유형별,09,외곽
604,기타도로,2,하행,1090008300,3306,03,유형별,09,외곽
604,기타도로,2,하행,1090008800,3307,03,유형별,09,외곽
604,기타도로,2,하행,1070021100,3308,03,유형별,09,외곽
604,기타도로,2,하행,1100010900,3309,03,유형별,09,외곽
604,기타도로,2,하행,1150013800,3310,03,유형별,09,외곽
604,기타도로,2,하행,1150015400,3311,03,유형별,09,외곽
604,기타도로,2,하행,1150016200,3312,03,유형별,09,외곽
604,기타도로,2,하행,1150017400,3313,03,유형별,09,외곽
604,기타도로,2,하행,1150018400,3314,03,유형별,09,외곽
604,기타도로,2,하행,1210006900,3315,03,유형별,09,외곽
604,기타도로,2,하행,1210007000,3316,03,유형별,09,외곽
604,기타도로,2,하행,1220006000,3317,03,유형별,09,외곽
604,기타도로,2,하행,1230000100,3318,03,유형별,09,외곽
604,기타도로,2,하행,1230000400,3319,03,유형별,09,외곽
604,기타도로,2,하행,1190002500,3320,03,유형별,09,외곽
604,기타도로,2,하행,1190003500,3321,03,유형별,09,외곽
604,기타도로,2,하행,1190004700,3322,03,유형별,09,외곽
604,기타도로,2,하행,1000019100,3323,03,유형별,09,외곽
604,기타도로,2,하행,1000019900,3324,03,유형별,09,외곽
604,기타도로,2,하행,1170001800,3325,03,유형별,09,외곽
604,기타도로,2,하행,1170002600,3326,03,유형별,09,외곽
604,기타도로,2,하행,1050013100,3327,03,유형별,09,외곽
604,기타도로,2,하행,1050015100,3328,03,유형별,09,외곽
604,기타도로,2,하행,1050016700,3329,03,유형별,09,외곽
604,기타도로,2,하행,1130015900,3330,03,유형별,09,외곽
604,기타도로,2,하행,1120005900,3331,03,유형별,09,외곽
604,기타도로,2,하행,1080006300,3332,03,유형별,09,외곽
604,기타도로,2,하행,1130023700,3333,03,유형별,09,외곽
604,기타도로,2,하행,1140038000,3334,03,유형별,09,외곽
604,기타도로,2,하행,1140038100,3335,03,유형별,09,외곽
604,기타도로,2,하행,1150010000,3336,03,유형별,09,외곽
604,기타도로,2,하행,1150011000,3337,03,유형별,09,외곽
604,기타도로,2,하행,1150012200,3338,03,유형별,09,외곽
604,기타도로,2,하행,1150013200,3339,03,유형별,09,외곽
604,기타도로,2,하행,1150015000,3340,03,유형별,09,외곽
604,기타도로,2,하행,1150016400,3341,03,유형별,09,외곽
604,기타도로,2,하행,1160007000,3342,03,유형별,09,외곽
604,기타도로,2,하행,1160008400,3343,03,유형별,09,외곽
604,기타도로,2,하행,1160010600,3344,03,유형별,09,외곽
604,기타도로,2,하행,1160011800,3345,03,유형별,09,외곽
604,기타도로,2,하행,1160012600,3346,03,유형별,09,외곽
604,기타도로,2,하행,1180009900,3347,03,유형별,09,외곽
604,기타도로,2,하행,1180010900,3348,03,유형별,09,외곽
604,기타도로,2,하행,1180011200,3349,03,유형별,09,외곽
604,기타도로,2,하행,1180011900,3350,03,유형별,09,외곽
604,기타도로,2,하행,2130004002,3351,03,유형별,09,외곽
604,기타도로,2,하행,1220008100,3352,03,유형별,09,외곽
604,기타도로,2,하행,1220010000,3353,03,유형별,09,외곽
604,기타도로,2,하행,1220013200,3354,03,유형별,09,외곽
604,기타도로,2,하행,1005002800,3355,03,유형별,09,외곽
604,기타도로,2,하행,1005003800,3356,03,유형별,09,외곽
604,기타도로,2,하행,1005004000,3357,03,유형별,09,외곽
604,기타도로,2,하행,1005004200,3358,03,유형별,09,외곽
604,기타도로,2,하행,1005004400,3359,03,유형별,09,외곽
604,기타도로,2,하행,1070018900,3360,03,유형별,09,외곽
604,기타도로,2,하행,1100007100,3361,03,유형별,09,외곽
604,기타도로,2,하행,1100007300,3362,03,유형별,09,외곽
604,기타도로,2,하행,1100007500,3363,03,유형별,09,외곽
604,기타도로,2,하행,1100007700,3364,03,유형별,09,외곽
604,기타도로,2,하행,1100007900,3365,03,유형별,09,외곽
604,기타도로,2,하행,1100008100,3366,03,유형별,09,외곽
604,기타도로,2,하행,1100009100,3367,03,유형별,09,외곽
604,기타도로,2,하행,1100012900,3368,03,유형별,09,외곽
604,기타도로,2,하행,1050021300,3369,03,유형별,09,외곽
604,기타도로,2,하행,1050017200,3370,03,유형별,09,외곽
604,기타도로,2,하행,1050017900,3371,03,유형별,09,외곽
604,기타도로,2,하행,1050018400,3372,03,유형별,09,외곽
604,기타도로,2,하행,1050018600,3373,03,유형별,09,외곽
604,기타도로,2,하행,1050018800,3374,03,유형별,09,외곽
604,기타도로,2,하행,1050020400,3375,03,유형별,09,외곽
604,기타도로,2,하행,1210012300,3376,03,유형별,09,외곽
604,기타도로,2,하행,1210013100,3377,03,유형별,09,외곽
604,기타도로,2,하행,1210013900,3378,03,유형별,09,외곽
604,기타도로,2,하행,1210014900,3379,03,유형별,09,외곽
604,기타도로,2,하행,1210015900,3380,03,유형별,09,외곽
604,기타도로,2,하행,1210017100,3381,03,유형별,09,외곽
604,기타도로,2,하행,1210018300,3382,03,유형별,09,외곽
604,기타도로,2,하행,1000015100,3383,03,유형별,09,외곽
604,기타도로,2,하행,1000017100,3384,03,유형별,09,외곽
604,기타도로,2,하행,1020011800,3385,03,유형별,09,외곽
604,기타도로,2,하행,1020012800,3386,03,유형별,09,외곽
604,기타도로,2,하행,1020013800,3387,03,유형별,09,외곽
604,기타도로,2,하행,1020016800,3388,03,유형별,09,외곽
604,기타도로,2,하행,1020020700,3389,03,유형별,09,외곽
604,기타도로,2,하행,1020022100,3390,03,유형별,09,외곽
604,기타도로,2,하행,1050019800,3391,03,유형별,09,외곽
604,기타도로,2,하행,1050020200,3392,03,유형별,09,외곽
604,기타도로,2,하행,1130016300,3393,03,유형별,09,외곽
604,기타도로,2,하행,1160005300,3394,03,유형별,09,외곽
604,기타도로,2,하행,1160007100,3395,03,유형별,09,외곽
604,기타도로,2,하행,1160008900,3396,03,유형별,09,외곽
604,기타도로,2,하행,1160010700,3397,03,유형별,09,외곽
604,기타도로,2,하행,1160012300,3398,03,유형별,09,외곽
604,기타도로,2,하행,3201503600,3399,03,유형별,09,외곽
604,기타도로,2,하행,3201503800,3400,03,유형별,09,외곽
604,기타도로,2,하행,3201504000,3401,03,유형별,09,외곽
604,기타도로,2,하행,3201504400,3402,03,유형별,09,외곽
604,기타도로,2,하행,3201506400,3403,03,유형별,09,외곽
604,기타도로,2,하행,1160009300,3404,03,유형별,09,외곽
604,기타도로,2,하행,1160011900,3405,03,유형별,09,외곽
604,기타도로,2,하행,1160012700,3406,03,유형별,09,외곽
604,기타도로,2,하행,1160013700,3407,03,유형별,09,외곽
604,기타도로,2,하행,1160014700,3408,03,유형별,09,외곽
604,기타도로,2,하행,1160015900,3409,03,유형별,09,외곽
604,기타도로,2,하행,3201502400,3410,03,유형별,09,외곽
604,기타도로,2,하행,3201505600,3411,03,유형별,09,외곽
604,기타도로,2,하행,3201505800,3412,03,유형별,09,외곽
604,기타도로,2,하행,3201507000,3413,03,유형별,09,외곽
604,기타도로,2,하행,3201500800,3414,03,유형별,09,외곽
604,기타도로,2,하행,3201501000,3415,03,유형별,09,외곽
604,기타도로,2,하행,3201501600,3416,03,유형별,09,외곽
604,기타도로,2,하행,3201501400,3417,03,유형별,09,외곽
604,기타도로,2,하행,3201501900,3418,03,유형별,09,외곽
604,기타도로,2,하행,3201503100,3419,03,유형별,09,외곽
604,기타도로,2,하행,3201508700,3420,03,유형별,09,외곽
604,기타도로,2,하행,3201507400,3421,03,유형별,09,외곽
604,기타도로,2,하행,1040007700,3422,03,유형별,09,외곽
604,기타도로,2,하행,1040011900,3423,03,유형별,09,외곽
604,기타도로,2,하행,1040013300,3424,03,유형별,09,외곽
604,기타도로,2,하행,1240011600,3425,03,유형별,09,외곽
604,기타도로,2,하행,1240012100,3426,03,유형별,09,외곽
604,기타도로,2,하행,1240014300,3427,03,유형별,09,외곽
604,기타도로,2,하행,1240017100,3428,03,유형별,09,외곽
604,기타도로,2,하행,1240017300,3429,03,유형별,09,외곽
604,기타도로,2,하행,1240017800,3430,03,유형별,09,외곽
604,기타도로,2,하행,1240017900,3431,03,유형별,09,외곽
604,기타도로,2,하행,1240018100,3432,03,유형별,09,외곽
604,기타도로,2,하행,1240018300,3433,03,유형별,09,외곽
604,기타도로,2,하행,1180019800,3434,03,유형별,09,외곽
604,기타도로,2,하행,1180023000,3435,03,유형별,09,외곽
604,기타도로,2,하행,1180026600,3436,03,유형별,09,외곽
604,기타도로,2,하행,1180030200,3437,03,유형별,09,외곽
604,기타도로,2,하행,1040014100,3438,03,유형별,09,외곽
604,기타도로,2,하행,1150017800,3439,03,유형별,09,외곽
604,기타도로,2,하행,1150018800,3440,03,유형별,09,외곽
604,기타도로,2,하행,1150019600,3441,03,유형별,09,외곽
604,기타도로,2,하행,1150020400,3442,03,유형별,09,외곽
604,기타도로,2,하행,1150021200,3443,03,유형별,09,외곽
604,기타도로,2,하행,1150021800,3444,03,유형별,09,외곽
604,기타도로,2,하행,1150022000,3445,03,유형별,09,외곽
604,기타도로,2,하행,1170004200,3446,03,유형별,09,외곽
604,기타도로,2,하행,1170005800,3447,03,유형별,09,외곽
604,기타도로,2,하행,1170007000,3448,03,유형별,09,외곽
604,기타도로,2,하행,1170009200,3449,03,유형별,09,외곽
604,기타도로,2,하행,1170010400,3450,03,유형별,09,외곽
604,기타도로,2,하행,1170011000,3451,03,유형별,09,외곽
604,기타도로,2,하행,1150021700,3452,03,유형별,09,외곽
604,기타도로,2,하행,1190005300,3453,03,유형별,09,외곽
604,기타도로,2,하행,1100009700,3454,03,유형별,09,외곽
604,기타도로,2,하행,1100013700,3455,03,유형별,09,외곽
604,기타도로,2,하행,1100016900,3456,03,유형별,09,외곽
604,기타도로,2,하행,1100019100,3457,03,유형별,09,외곽
604,기타도로,2,하행,1100021900,3458,03,유형별,09,외곽
604,기타도로,2,하행,1100024300,3459,03,유형별,09,외곽
604,기타도로,2,하행,1100025900,3460,03,유형별,09,외곽
604,기타도로,2,하행,1100026700,3461,03,유형별,09,외곽
604,기타도로,2,하행,1100027700,3462,03,유형별,09,외곽
604,기타도로,2,하행,1100029100,3463,03,유형별,09,외곽
604,기타도로,2,하행,1100030300,3464,03,유형별,09,외곽
604,기타도로,2,하행,1100030700,3465,03,유형별,09,외곽
604,기타도로,2,하행,1100031500,3466,03,유형별,09,외곽
604,기타도로,2,하행,1100031900,3467,03,유형별,09,외곽
604,기타도로,2,하행,1100032100,3468,03,유형별,09,외곽
604,기타도로,2,하행,1100029000,3469,03,유형별,09,외곽
604,기타도로,2,하행,1080010400,3470,03,유형별,09,외곽
604,기타도로,2,하행,1080012400,3471,03,유형별,09,외곽
604,기타도로,2,하행,1090004200,3472,03,유형별,09,외곽
604,기타도로,2,하행,1090005200,3473,03,유형별,09,외곽
604,기타도로,2,하행,1090005300,3474,03,유형별,09,외곽
604,기타도로,2,하행,1090005600,3475,03,유형별,09,외곽
604,기타도로,2,하행,1090005800,3476,03,유형별,09,외곽
604,기타도로,2,하행,1090006000,3477,03,유형별,09,외곽
604,기타도로,2,하행,1090006600,3478,03,유형별,09,외곽
604,기타도로,2,하행,1100028600,3479,03,유형별,09,외곽
604,기타도로,2,하행,1100028800,3480,03,유형별,09,외곽
604,기타도로,2,하행,1100029600,3481,03,유형별,09,외곽
604,기타도로,2,하행,1020008700,3482,03,유형별,09,외곽
604,기타도로,2,하행,1020021600,3483,03,유형별,09,외곽
604,기타도로,2,하행,1130027000,3484,03,유형별,09,외곽
604,기타도로,2,하행,1130028000,3485,03,유형별,09,외곽
604,기타도로,2,하행,1230015900,2728,03,유형별,09,외곽
604,기타도로,2,하행,1230019700,2729,03,유형별,09,외곽
604,기타도로,2,하행,1230023300,2730,03,유형별,09,외곽
604,기타도로,2,하행,1230028700,2731,03,유형별,09,외곽
604,기타도로,2,하행,1240005900,2732,03,유형별,09,외곽
604,기타도로,2,하행,1240008100,2733,03,유형별,09,외곽
604,기타도로,2,하행,1240010100,2734,03,유형별,09,외곽
604,기타도로,2,하행,1240012900,2735,03,유형별,09,외곽
604,기타도로,2,하행,1240016500,2736,03,유형별,09,외곽
604,기타도로,2,하행,1240020100,2737,03,유형별,09,외곽
604,기타도로,2,하행,1240022700,2738,03,유형별,09,외곽
604,기타도로,2,하행,1240024700,2739,03,유형별,09,외곽
604,기타도로,2,하행,1240023300,2740,03,유형별,09,외곽
604,기타도로,2,하행,1240023800,2741,03,유형별,09,외곽
604,기타도로,2,하행,1220017400,2742,03,유형별,09,외곽
604,기타도로,2,하행,1240023100,2743,03,유형별,09,외곽
604,기타도로,2,하행,1240024900,2744,03,유형별,09,외곽
604,기타도로,2,하행,1240026700,2745,03,유형별,09,외곽
604,기타도로,2,하행,1210010000,2746,03,유형별,09,외곽
604,기타도로,2,하행,1210011400,2747,03,유형별,09,외곽
604,기타도로,2,하행,1220007800,2748,03,유형별,09,외곽
604,기타도로,2,하행,1220009800,2749,03,유형별,09,외곽
604,기타도로,2,하행,1220011600,2750,03,유형별,09,외곽
604,기타도로,2,하행,1220015200,2751,03,유형별,09,외곽
604,기타도로,2,하행,1220016800,2752,03,유형별,09,외곽
604,기타도로,2,하행,1140000500,2753,03,유형별,09,외곽
604,기타도로,2,하행,1150001500,2754,03,유형별,09,외곽
604,기타도로,2,하행,1150002100,2755,03,유형별,09,외곽
604,기타도로,2,하행,1150002500,2756,03,유형별,09,외곽
604,기타도로,2,하행,1150002700,2757,03,유형별,09,외곽
604,기타도로,2,하행,1150002900,2758,03,유형별,09,외곽
604,기타도로,2,하행,1150003300,2759,03,유형별,09,외곽
604,기타도로,2,하행,1150003600,2760,03,유형별,09,외곽
604,기타도로,2,하행,1150003700,2761,03,유형별,09,외곽
604,기타도로,2,하행,1150003900,2762,03,유형별,09,외곽
604,기타도로,2,하행,1150020100,2763,03,유형별,09,외곽
604,기타도로,2,하행,1150017200,2764,03,유형별,09,외곽
604,기타도로,2,하행,1150016000,2765,03,유형별,09,외곽
604,기타도로,2,하행,1150014100,2766,03,유형별,09,외곽
604,기타도로,2,하행,1150012900,2767,03,유형별,09,외곽
604,기타도로,2,하행,1180038500,2768,03,유형별,09,외곽
604,기타도로,2,하행,1180040100,2769,03,유형별,09,외곽
604,기타도로,2,하행,1180040500,2770,03,유형별,09,외곽
604,기타도로,2,하행,1180041300,2771,03,유형별,09,외곽
604,기타도로,2,하행,1180041600,2772,03,유형별,09,외곽
604,기타도로,2,하행,1210006700,2773,03,유형별,09,외곽
604,기타도로,2,하행,1210007900,2774,03,유형별,09,외곽
604,기타도로,2,하행,1220006900,2775,03,유형별,09,외곽
604,기타도로,2,하행,1220008500,2776,03,유형별,09,외곽
604,기타도로,2,하행,1220011500,2777,03,유형별,09,외곽
604,기타도로,2,하행,1220016100,2778,03,유형별,09,외곽
604,기타도로,2,하행,1220021500,2779,03,유형별,09,외곽
604,기타도로,2,하행,1220024700,2780,03,유형별,09,외곽
604,기타도로,2,하행,1220027500,2781,03,유형별,09,외곽
604,기타도로,2,하행,1220029900,2782,03,유형별,09,외곽
604,기타도로,2,하행,1220033100,2783,03,유형별,09,외곽
604,기타도로,2,하행,1220035300,2784,03,유형별,09,외곽
604,기타도로,2,하행,1220036900,2785,03,유형별,09,외곽
604,기타도로,2,하행,1220037300,2786,03,유형별,09,외곽
604,기타도로,2,하행,1240019600,2787,03,유형별,09,외곽
604,기타도로,2,하행,3201505000,2788,03,유형별,09,외곽
604,기타도로,2,하행,3201505200,2789,03,유형별,09,외곽
604,기타도로,2,하행,3201506200,2790,03,유형별,09,외곽
604,기타도로,2,하행,1020007700,2791,03,유형별,09,외곽
604,기타도로,2,하행,1180017700,2792,03,유형별,09,외곽
604,기타도로,2,하행,1180017800,2793,03,유형별,09,외곽
604,기타도로,2,하행,1180018700,2794,03,유형별,09,외곽
604,기타도로,2,하행,1180020000,2795,03,유형별,09,외곽
604,기타도로,2,하행,1180022000,2796,03,유형별,09,외곽
604,기타도로,2,하행,1180024700,2797,03,유형별,09,외곽
604,기타도로,2,하행,1180027700,2798,03,유형별,09,외곽
604,기타도로,2,하행,1180030900,2799,03,유형별,09,외곽
604,기타도로,2,하행,1180033500,2800,03,유형별,09,외곽
604,기타도로,2,하행,1180025000,2801,03,유형별,09,외곽
604,기타도로,2,하행,1180029200,2802,03,유형별,09,외곽
604,기타도로,2,하행,1180035300,2803,03,유형별,09,외곽
604,기타도로,2,하행,1180036300,2804,03,유형별,09,외곽
604,기타도로,2,하행,1180037500,2805,03,유형별,09,외곽
604,기타도로,2,하행,1180038000,2806,03,유형별,09,외곽
604,기타도로,2,하행,1180038700,2807,03,유형별,09,외곽
604,기타도로,2,하행,1110010700,2808,03,유형별,09,외곽
604,기타도로,2,하행,1110010900,2809,03,유형별,09,외곽
604,기타도로,2,하행,1110012700,2810,03,유형별,09,외곽
604,기타도로,2,하행,1220019400,2811,03,유형별,09,외곽
604,기타도로,2,하행,1220020600,2812,03,유형별,09,외곽
604,기타도로,2,하행,1220022200,2813,03,유형별,09,외곽
604,기타도로,2,하행,1220023800,2814,03,유형별,09,외곽
604,기타도로,2,하행,1220025400,2815,03,유형별,09,외곽
604,기타도로,2,하행,1220026400,2816,03,유형별,09,외곽
604,기타도로,2,하행,1220027000,2817,03,유형별,09,외곽
604,기타도로,2,하행,1130019400,2818,03,유형별,09,외곽
604,기타도로,2,하행,1130021500,2819,03,유형별,09,외곽
604,기타도로,2,하행,1110001100,2820,03,유형별,09,외곽
604,기타도로,2,하행,1110001300,2821,03,유형별,09,외곽
604,기타도로,2,하행,1110001500,2822,03,유형별,09,외곽
604,기타도로,2,하행,1110013900,2823,03,유형별,09,외곽
604,기타도로,2,하행,1110014500,2824,03,유형별,09,외곽
604,기타도로,2,하행,1110014900,2825,03,유형별,09,외곽
604,기타도로,2,하행,1110015500,2826,03,유형별,09,외곽
604,기타도로,2,하행,1110015800,2827,03,유형별,09,외곽
604,기타도로,2,하행,1240025100,2828,03,유형별,09,외곽
604,기타도로,2,하행,1240027100,2829,03,유형별,09,외곽
604,기타도로,2,하행,1120003400,2830,03,유형별,09,외곽
604,기타도로,2,하행,1130017800,2831,03,유형별,09,외곽
604,기타도로,2,하행,1120004700,2832,03,유형별,09,외곽
604,기타도로,2,하행,1120005300,2833,03,유형별,09,외곽
604,기타도로,2,하행,1120007100,2834,03,유형별,09,외곽
604,기타도로,2,하행,1120010300,2835,03,유형별,09,외곽
604,기타도로,2,하행,1120012100,2836,03,유형별,09,외곽
604,기타도로,2,하행,1120013100,2837,03,유형별,09,외곽
604,기타도로,2,하행,1130021400,2838,03,유형별,09,외곽
604,기타도로,2,하행,1220001000,2839,03,유형별,09,외곽
604,기타도로,2,하행,1220001200,2840,03,유형별,09,외곽
604,기타도로,2,하행,1220001600,2841,03,유형별,09,외곽
604,기타도로,2,하행,1220002000,2842,03,유형별,09,외곽
604,기타도로,2,하행,1220002300,2843,03,유형별,09,외곽
604,기타도로,2,하행,1220002800,2844,03,유형별,09,외곽
604,기타도로,2,하행,1220003200,2845,03,유형별,09,외곽
604,기타도로,2,하행,1220003400,2846,03,유형별,09,외곽
604,기타도로,2,하행,1220004100,2847,03,유형별,09,외곽
604,기타도로,2,하행,1220004300,2848,03,유형별,09,외곽
604,기타도로,2,하행,1220004900,2849,03,유형별,09,외곽
604,기타도로,2,하행,1220005300,2850,03,유형별,09,외곽
604,기타도로,2,하행,1180016100,2851,03,유형별,09,외곽
604,기타도로,2,하행,1180021500,2852,03,유형별,09,외곽
604,기타도로,2,하행,1180024500,2853,03,유형별,09,외곽
604,기타도로,2,하행,1180029100,2854,03,유형별,09,외곽
604,기타도로,2,하행,1180032500,2855,03,유형별,09,외곽
604,기타도로,2,하행,1180037300,2856,03,유형별,09,외곽
604,기타도로,2,하행,1180018000,2857,03,유형별,09,외곽
604,기타도로,2,하행,1180020400,2858,03,유형별,09,외곽
604,기타도로,2,하행,1180023600,2859,03,유형별,09,외곽
604,기타도로,2,하행,1180028000,2860,03,유형별,09,외곽
604,기타도로,2,하행,1180032000,2861,03,유형별,09,외곽
604,기타도로,2,하행,1230009600,2862,03,유형별,09,외곽
604,기타도로,2,하행,1230010500,2863,03,유형별,09,외곽
604,기타도로,2,하행,1230011900,2864,03,유형별,09,외곽
604,기타도로,2,하행,1230014300,2865,03,유형별,09,외곽
604,기타도로,2,하행,1230016900,2866,03,유형별,09,외곽
604,기타도로,2,하행,1230018700,2867,03,유형별,09,외곽
604,기타도로,2,하행,1230019900,2868,03,유형별,09,외곽
604,기타도로,2,하행,1230022100,2869,03,유형별,09,외곽
604,기타도로,2,하행,1230024300,2870,03,유형별,09,외곽
604,기타도로,2,하행,1230026300,2871,03,유형별,09,외곽
604,기타도로,2,하행,1230027900,2872,03,유형별,09,외곽
604,기타도로,2,하행,1230029700,2873,03,유형별,09,외곽
604,기타도로,2,하행,1160008000,2874,03,유형별,09,외곽
604,기타도로,2,하행,1240019300,2875,03,유형별,09,외곽
604,기타도로,2,하행,1240021900,2876,03,유형별,09,외곽
604,기타도로,2,하행,1160005000,2877,03,유형별,09,외곽
604,기타도로,2,하행,1160007600,2878,03,유형별,09,외곽
604,기타도로,2,하행,1160009200,2879,03,유형별,09,외곽
604,기타도로,2,하행,1160011600,2880,03,유형별,09,외곽
604,기타도로,2,하행,3201508300,2881,03,유형별,09,외곽
604,기타도로,2,하행,1070012600,2882,03,유형별,09,외곽
604,기타도로,2,하행,1070014900,2883,03,유형별,09,외곽
604,기타도로,2,하행,1080001500,2884,03,유형별,09,외곽
604,기타도로,2,하행,1080003700,2885,03,유형별,09,외곽
604,기타도로,2,하행,1080009100,2886,03,유형별,09,외곽
604,기타도로,2,하행,1080001900,2887,03,유형별,09,외곽
604,기타도로,2,하행,1080003200,2888,03,유형별,09,외곽
604,기타도로,2,하행,1080004800,2889,03,유형별,09,외곽
604,기타도로,2,하행,1230024500,2890,03,유형별,09,외곽
604,기타도로,2,하행,1230024900,2891,03,유형별,09,외곽
604,기타도로,2,하행,1230025200,2892,03,유형별,09,외곽
604,기타도로,2,하행,1230025700,2893,03,유형별,09,외곽
604,기타도로,2,하행,1230027300,2894,03,유형별,09,외곽
604,기타도로,2,하행,1230028300,2895,03,유형별,09,외곽
604,기타도로,2,하행,1230029100,2896,03,유형별,09,외곽
604,기타도로,2,하행,1230030700,2897,03,유형별,09,외곽
604,기타도로,2,하행,1230032100,2898,03,유형별,09,외곽
604,기타도로,2,하행,1230033200,2899,03,유형별,09,외곽
604,기타도로,2,하행,1230035000,2900,03,유형별,09,외곽
604,기타도로,2,하행,1230036000,2901,03,유형별,09,외곽
604,기타도로,2,하행,1230036800,2902,03,유형별,09,외곽
604,기타도로,2,하행,1240009700,2903,03,유형별,09,외곽
604,기타도로,2,하행,1240011100,2904,03,유형별,09,외곽
604,기타도로,2,하행,1240012500,2905,03,유형별,09,외곽
604,기타도로,2,하행,1240015100,2906,03,유형별,09,외곽
604,기타도로,2,하행,1240016900,2907,03,유형별,09,외곽
604,기타도로,2,하행,1240018500,2908,03,유형별,09,외곽
604,기타도로,2,하행,1240020300,2909,03,유형별,09,외곽
604,기타도로,2,하행,1240026500,2910,03,유형별,09,외곽
604,기타도로,2,하행,1240015600,2911,03,유형별,09,외곽
604,기타도로,2,하행,1240018700,2912,03,유형별,09,외곽
604,기타도로,2,하행,1130013100,2913,03,유형별,09,외곽
604,기타도로,2,하행,1130014500,2914,03,유형별,09,외곽
604,기타도로,2,하행,1130015300,2915,03,유형별,09,외곽
604,기타도로,2,하행,1130017300,2916,03,유형별,09,외곽
604,기타도로,2,하행,1030006300,2917,03,유형별,09,외곽
604,기타도로,2,하행,1030008100,2918,03,유형별,09,외곽
604,기타도로,2,하행,1030011700,2919,03,유형별,09,외곽
604,기타도로,2,하행,1030013700,2920,03,유형별,09,외곽
604,기타도로,2,하행,1030015100,2921,03,유형별,09,외곽
604,기타도로,2,하행,1030016700,2922,03,유형별,09,외곽
604,기타도로,2,하행,1030020100,2923,03,유형별,09,외곽
604,기타도로,2,하행,1050007900,2924,03,유형별,09,외곽
604,기타도로,2,하행,1050010500,2925,03,유형별,09,외곽
604,기타도로,2,하행,1050012500,2926,03,유형별,09,외곽
604,기타도로,2,하행,1050014900,2927,03,유형별,09,외곽
604,기타도로,2,하행,1050016500,2928,03,유형별,09,외곽
604,기타도로,2,하행,1030003700,2929,03,유형별,09,외곽
604,기타도로,2,하행,1030004700,2930,03,유형별,09,외곽
604,기타도로,2,하행,1030007300,2931,03,유형별,09,외곽
604,기타도로,2,하행,1030010900,2932,03,유형별,09,외곽
604,기타도로,2,하행,1040014900,2933,03,유형별,09,외곽
604,기타도로,2,하행,1040016500,2934,03,유형별,09,외곽
604,기타도로,2,하행,1040017100,2935,03,유형별,09,외곽
604,기타도로,2,하행,1060004000,2936,03,유형별,09,외곽
604,기타도로,2,하행,1060004700,2937,03,유형별,09,외곽
604,기타도로,2,하행,1060005300,2938,03,유형별,09,외곽
604,기타도로,2,하행,1060007400,2939,03,유형별,09,외곽
604,기타도로,2,하행,1060008600,2940,03,유형별,09,외곽
604,기타도로,2,하행,1060010000,2941,03,유형별,09,외곽
604,기타도로,2,하행,1060012000,2942,03,유형별,09,외곽
604,기타도로,2,하행,1060014000,2943,03,유형별,09,외곽
604,기타도로,2,하행,1160004600,2944,03,유형별,09,외곽
604,기타도로,2,하행,1210000300,2945,03,유형별,09,외곽
604,기타도로,2,하행,1210008800,2946,03,유형별,09,외곽
604,기타도로,2,하행,1150011700,2947,03,유형별,09,외곽
604,기타도로,2,하행,1005002000,2948,03,유형별,09,외곽
604,기타도로,2,하행,1020009200,2949,03,유형별,09,외곽
604,기타도로,2,하행,1020011000,2950,03,유형별,09,외곽
604,기타도로,2,하행,1020012900,2951,03,유형별,09,외곽
604,기타도로,2,하행,1020015100,2952,03,유형별,09,외곽
604,기타도로,2,하행,1070016500,2953,03,유형별,09,외곽
604,기타도로,2,하행,1070021500,2954,03,유형별,09,외곽
604,기타도로,1,상행,1160010300,1821,03,유형별,09,외곽
604,기타도로,1,상행,1180007200,1822,03,유형별,09,외곽
604,기타도로,1,상행,1180008400,1823,03,유형별,09,외곽
604,기타도로,1,상행,1180009000,1824,03,유형별,09,외곽
604,기타도로,1,상행,1180010400,1825,03,유형별,09,외곽
604,기타도로,1,상행,1180011600,1826,03,유형별,09,외곽
604,기타도로,1,상행,1180013000,1827,03,유형별,09,외곽
604,기타도로,1,상행,1180014400,1828,03,유형별,09,외곽
604,기타도로,1,상행,1180015200,1829,03,유형별,09,외곽
604,기타도로,1,상행,1180016600,1830,03,유형별,09,외곽
604,기타도로,1,상행,1160007800,1831,03,유형별,09,외곽
604,기타도로,1,상행,1160011200,1832,03,유형별,09,외곽
604,기타도로,1,상행,1160014000,1833,03,유형별,09,외곽
604,기타도로,1,상행,1160016400,1834,03,유형별,09,외곽
604,기타도로,1,상행,1180013700,1835,03,유형별,09,외곽
604,기타도로,1,상행,1120036100,1836,03,유형별,09,외곽
604,기타도로,1,상행,1150342400,1837,03,유형별,09,외곽
604,기타도로,1,상행,1150086600,1838,03,유형별,09,외곽
604,기타도로,1,상행,1150044500,1839,03,유형별,09,외곽
604,기타도로,1,상행,1220043900,1840,03,유형별,09,외곽
604,기타도로,1,상행,1000020300,1841,03,유형별,09,외곽
604,기타도로,1,상행,1000019702,1842,03,유형별,09,외곽
604,기타도로,1,상행,1000019701,1843,03,유형별,09,외곽
604,기타도로,1,상행,1000018202,1844,03,유형별,09,외곽
604,기타도로,1,상행,1000018201,1845,03,유형별,09,외곽
604,기타도로,1,상행,1230048500,1846,03,유형별,09,외곽
604,기타도로,1,상행,1150162701,1847,03,유형별,09,외곽
604,기타도로,1,상행,1150162500,1848,03,유형별,09,외곽
604,기타도로,1,상행,1150162300,1849,03,유형별,09,외곽
604,기타도로,1,상행,1150058900,1850,03,유형별,09,외곽
604,기타도로,2,하행,1080012100,1851,03,유형별,09,외곽
604,기타도로,2,하행,1080012700,1852,03,유형별,09,외곽
604,기타도로,2,하행,1110004700,1853,03,유형별,09,외곽
604,기타도로,2,하행,1110006500,1854,03,유형별,09,외곽
604,기타도로,2,하행,1110007300,1855,03,유형별,09,외곽
604,기타도로,2,하행,1110007500,1856,03,유형별,09,외곽
604,기타도로,2,하행,1120009700,1857,03,유형별,09,외곽
604,기타도로,2,하행,1120010100,1858,03,유형별,09,외곽
604,기타도로,2,하행,1120011500,1859,03,유형별,09,외곽
604,기타도로,2,하행,1120012500,1860,03,유형별,09,외곽
604,기타도로,2,하행,1080006500,1861,03,유형별,09,외곽
604,기타도로,2,하행,1000002100,1861,03,유형별,09,외곽
604,기타도로,2,하행,1000002300,1863,03,유형별,09,외곽
604,기타도로,2,하행,1080006900,1863,03,유형별,09,외곽
604,기타도로,2,하행,1080007100,1865,03,유형별,09,외곽
604,기타도로,2,하행,1080007300,1866,03,유형별,09,외곽
604,기타도로,2,하행,1080007500,1867,03,유형별,09,외곽
604,기타도로,2,하행,1080008100,1868,03,유형별,09,외곽
604,기타도로,2,하행,1080008900,1869,03,유형별,09,외곽
604,기타도로,2,하행,1090000700,1870,03,유형별,09,외곽
604,기타도로,2,하행,1090001100,1871,03,유형별,09,외곽
604,기타도로,2,하행,1090001900,1872,03,유형별,09,외곽
604,기타도로,2,하행,1020020200,1873,03,유형별,09,외곽
604,기타도로,2,하행,1090002200,1873,03,유형별,09,외곽
604,기타도로,2,하행,1090002300,1875,03,유형별,09,외곽
604,기타도로,2,하행,1020020400,1875,03,유형별,09,외곽
604,기타도로,2,하행,1100022800,1877,03,유형별,09,외곽
604,기타도로,2,하행,1030005800,1877,03,유형별,09,외곽
604,기타도로,2,하행,1100023100,1879,03,유형별,09,외곽
604,기타도로,2,하행,1030008800,1879,03,유형별,09,외곽
604,기타도로,2,하행,1030012400,1881,03,유형별,09,외곽
604,기타도로,2,하행,1100023600,1881,03,유형별,09,외곽
604,기타도로,2,하행,1100023900,1883,03,유형별,09,외곽
604,기타도로,2,하행,1100025300,1884,03,유형별,09,외곽
604,기타도로,2,하행,1100026900,1885,03,유형별,09,외곽
604,기타도로,2,하행,1100028300,1886,03,유형별,09,외곽
604,기타도로,2,하행,1100029900,1887,03,유형별,09,외곽
604,기타도로,2,하행,1100031700,1888,03,유형별,09,외곽
604,기타도로,2,하행,1100034300,1889,03,유형별,09,외곽
604,기타도로,2,하행,1100035700,1890,03,유형별,09,외곽
604,기타도로,2,하행,1220015400,1891,03,유형별,09,외곽
604,기타도로,2,하행,1220016600,1892,03,유형별,09,외곽
604,기타도로,2,하행,1220019000,1893,03,유형별,09,외곽
604,기타도로,2,하행,1220020800,1894,03,유형별,09,외곽
604,기타도로,2,하행,1220022500,1895,03,유형별,09,외곽
604,기타도로,2,하행,1220024200,1896,03,유형별,09,외곽
604,기타도로,2,하행,1010010300,1897,03,유형별,09,외곽
604,기타도로,2,하행,1220025600,1897,03,유형별,09,외곽
604,기타도로,2,하행,1010011600,1899,03,유형별,09,외곽
604,기타도로,2,하행,1230019100,1899,03,유형별,09,외곽
604,기타도로,2,하행,1000015600,1899,03,유형별,09,외곽
604,기타도로,2,하행,1230017600,1902,03,유형별,09,외곽
604,기타도로,2,하행,1010011700,1902,03,유형별,09,외곽
604,기타도로,2,하행,1000016000,1902,03,유형별,09,외곽
604,기타도로,2,하행,1000017800,1905,03,유형별,09,외곽
604,기타도로,2,하행,1090009300,1905,03,유형별,09,외곽
604,기타도로,2,하행,1000019400,1907,03,유형별,09,외곽
604,기타도로,2,하행,1010013200,1907,03,유형별,09,외곽
604,기타도로,2,하행,1090010700,1907,03,유형별,09,외곽
604,기타도로,2,하행,1010000400,1910,03,유형별,09,외곽
604,기타도로,2,하행,1010013400,1910,03,유형별,09,외곽
604,기타도로,2,하행,1090011700,1910,03,유형별,09,외곽
604,기타도로,2,하행,1010001400,1913,03,유형별,09,외곽
604,기타도로,2,하행,1160007400,1913,03,유형별,09,외곽
604,기타도로,2,하행,1010001600,1915,03,유형별,09,외곽
604,기타도로,2,하행,1160008600,1915,03,유형별,09,외곽
604,기타도로,2,하행,1010002800,1917,03,유형별,09,외곽
604,기타도로,2,하행,1160010400,1917,03,유형별,09,외곽
604,기타도로,2,하행,1180007300,1919,03,유형별,09,외곽
604,기타도로,2,하행,1010003400,1920,03,유형별,09,외곽
604,기타도로,2,하행,1180008500,1920,03,유형별,09,외곽
604,기타도로,2,하행,1010003800,1922,03,유형별,09,외곽
604,기타도로,2,하행,1180009100,1922,03,유형별,09,외곽
604,기타도로,2,하행,1180010500,1924,03,유형별,09,외곽
604,기타도로,2,하행,1180011700,1925,03,유형별,09,외곽
604,기타도로,2,하행,1010019500,1925,03,유형별,09,외곽
604,기타도로,2,하행,1010019700,1927,03,유형별,09,외곽
604,기타도로,2,하행,1010005400,1927,03,유형별,09,외곽
604,기타도로,2,하행,1180013100,1927,03,유형별,09,외곽
604,기타도로,2,하행,1180014500,1930,03,유형별,09,외곽
604,기타도로,2,하행,1030020400,1930,03,유형별,09,외곽
604,기타도로,2,하행,1180015300,1932,03,유형별,09,외곽
604,기타도로,2,하행,1050005500,1932,03,유형별,09,외곽
604,기타도로,2,하행,1050007500,1934,03,유형별,09,외곽
604,기타도로,2,하행,1180016700,1934,03,유형별,09,외곽
604,기타도로,2,하행,1160007700,1936,03,유형별,09,외곽
604,기타도로,2,하행,1180003400,1937,03,유형별,09,외곽
604,기타도로,2,하행,1160011100,1937,03,유형별,09,외곽
604,기타도로,2,하행,1180003600,1939,03,유형별,09,외곽
604,기타도로,2,하행,1160013900,1939,03,유형별,09,외곽
604,기타도로,2,하행,1160016300,1941,03,유형별,09,외곽
604,기타도로,2,하행,1180004400,1941,03,유형별,09,외곽
604,기타도로,2,하행,1180025900,1943,03,유형별,09,외곽
604,기타도로,2,하행,1180013600,1943,03,유형별,09,외곽
604,기타도로,2,하행,1180034700,1945,03,유형별,09,외곽
604,기타도로,2,하행,1180014800,1945,03,유형별,09,외곽
604,기타도로,2,하행,1180039100,1947,03,유형별,09,외곽
604,기타도로,2,하행,1180016400,1947,03,유형별,09,외곽
604,기타도로,2,하행,1180040700,1949,03,유형별,09,외곽
604,기타도로,2,하행,1180017000,1949,03,유형별,09,외곽
604,기타도로,2,하행,1190006600,1951,03,유형별,09,외곽
604,기타도로,2,하행,1200008900,1951,03,유형별,09,외곽
604,기타도로,2,하행,1190006700,1953,03,유형별,09,외곽
604,기타도로,2,하행,1090000200,1953,03,유형별,09,외곽
604,기타도로,2,하행,1080001400,1955,03,유형별,09,외곽
604,기타도로,2,하행,1190007200,1955,03,유형별,09,외곽
604,기타도로,2,하행,1190007400,1957,03,유형별,09,외곽
604,기타도로,2,하행,1110009300,1957,03,유형별,09,외곽
604,기타도로,2,하행,1110011900,1959,03,유형별,09,외곽
604,기타도로,2,하행,1110014100,1960,03,유형별,09,외곽
604,기타도로,2,하행,1090013100,1961,03,유형별,09,외곽
604,기타도로,2,하행,1220032700,1962,03,유형별,09,외곽
604,기타도로,2,하행,1220033700,1963,03,유형별,09,외곽
604,기타도로,2,하행,1220034300,1964,03,유형별,09,외곽
604,기타도로,2,하행,1220034700,1965,03,유형별,09,외곽
604,기타도로,2,하행,1220034900,1966,03,유형별,09,외곽
604,기타도로,2,하행,1160015200,1967,03,유형별,09,외곽
604,기타도로,2,하행,1180011500,1968,03,유형별,09,외곽
604,기타도로,2,하행,1180012100,1969,03,유형별,09,외곽
604,기타도로,2,하행,1180013300,1970,03,유형별,09,외곽
604,기타도로,2,하행,1180014100,1971,03,유형별,09,외곽
604,기타도로,2,하행,1130008900,1972,03,유형별,09,외곽
604,기타도로,2,하행,1130010700,1973,03,유형별,09,외곽
604,기타도로,2,하행,1130011500,1974,03,유형별,09,외곽
604,기타도로,2,하행,1130011900,1975,03,유형별,09,외곽
604,기타도로,2,하행,1130012100,1976,03,유형별,09,외곽
604,기타도로,2,하행,1130012300,1977,03,유형별,09,외곽
604,기타도로,2,하행,1130012500,1978,03,유형별,09,외곽
604,기타도로,2,하행,1170002000,1979,03,유형별,09,외곽
604,기타도로,2,하행,1170002800,1980,03,유형별,09,외곽
604,기타도로,2,하행,1170004800,1981,03,유형별,09,외곽
604,기타도로,2,하행,1170006600,1982,03,유형별,09,외곽
604,기타도로,2,하행,1170009000,1983,03,유형별,09,외곽
604,기타도로,2,하행,1020012400,1984,03,유형별,09,외곽
604,기타도로,2,하행,1030007000,1985,03,유형별,09,외곽
604,기타도로,2,하행,1030009000,1986,03,유형별,09,외곽
604,기타도로,2,하행,1030009700,1987,03,유형별,09,외곽
604,기타도로,2,하행,1030011200,1988,03,유형별,09,외곽
604,기타도로,2,하행,1070015400,1989,03,유형별,09,외곽
604,기타도로,2,하행,1070018000,1990,03,유형별,09,외곽
604,기타도로,2,하행,1070019600,1991,03,유형별,09,외곽
604,기타도로,2,하행,1070020600,1992,03,유형별,09,외곽
604,기타도로,2,하행,1130014400,1993,03,유형별,09,외곽
604,기타도로,2,하행,1130015200,1994,03,유형별,09,외곽
604,기타도로,2,하행,1130016600,1995,03,유형별,09,외곽
604,기타도로,2,하행,1130016800,1996,03,유형별,09,외곽
604,기타도로,2,하행,1130018400,1997,03,유형별,09,외곽
604,기타도로,2,하행,1230006700,1998,03,유형별,09,외곽
604,기타도로,2,하행,1230007800,1999,03,유형별,09,외곽
604,기타도로,2,하행,1230009400,2000,03,유형별,09,외곽
604,기타도로,2,하행,1230010800,2001,03,유형별,09,외곽
604,기타도로,2,하행,1230012200,2002,03,유형별,09,외곽
604,기타도로,2,하행,1230014800,2003,03,유형별,09,외곽
604,기타도로,2,하행,1230018600,2004,03,유형별,09,외곽
604,기타도로,2,하행,1230025400,2005,03,유형별,09,외곽
604,기타도로,2,하행,1230031800,2006,03,유형별,09,외곽
604,기타도로,2,하행,1240005600,2007,03,유형별,09,외곽
604,기타도로,2,하행,1240008400,2008,03,유형별,09,외곽
604,기타도로,2,하행,1240011000,2009,03,유형별,09,외곽
604,기타도로,2,하행,1240012400,2010,03,유형별,09,외곽
604,기타도로,2,하행,1240015400,2011,03,유형별,09,외곽
604,기타도로,2,하행,1240019800,2012,03,유형별,09,외곽
604,기타도로,2,하행,1240023600,2013,03,유형별,09,외곽
604,기타도로,2,하행,1240025600,2014,03,유형별,09,외곽
604,기타도로,2,하행,1240027800,2015,03,유형별,09,외곽
604,기타도로,2,하행,1230008800,2016,03,유형별,09,외곽
604,기타도로,2,하행,1240024500,2017,03,유형별,09,외곽
604,기타도로,2,하행,1240026100,2018,03,유형별,09,외곽
604,기타도로,2,하행,1240027000,2019,03,유형별,09,외곽
604,기타도로,2,하행,1070007200,2020,03,유형별,09,외곽
604,기타도로,2,하행,1030000100,2021,03,유형별,09,외곽
604,기타도로,2,하행,1030001500,2022,03,유형별,09,외곽
604,기타도로,2,하행,1030002100,2023,03,유형별,09,외곽
604,기타도로,2,하행,1040001300,2024,03,유형별,09,외곽
604,기타도로,2,하행,1040005100,2025,03,유형별,09,외곽
604,기타도로,2,하행,1040005300,2026,03,유형별,09,외곽
604,기타도로,2,하행,1060000100,2027,03,유형별,09,외곽
604,기타도로,2,하행,1060000300,2028,03,유형별,09,외곽
604,기타도로,2,하행,1060000500,2029,03,유형별,09,외곽
604,기타도로,2,하행,1060000700,2030,03,유형별,09,외곽
604,기타도로,2,하행,1060000900,2031,03,유형별,09,외곽
604,기타도로,2,하행,1060001500,2032,03,유형별,09,외곽
604,기타도로,2,하행,1060002300,2033,03,유형별,09,외곽
604,기타도로,2,하행,1060003500,2034,03,유형별,09,외곽
604,기타도로,2,하행,1060003700,2035,03,유형별,09,외곽
604,기타도로,2,하행,1060004200,2036,03,유형별,09,외곽
604,기타도로,2,하행,1060004400,2037,03,유형별,09,외곽
604,기타도로,2,하행,1060005000,2038,03,유형별,09,외곽
604,기타도로,2,하행,1060005400,2039,03,유형별,09,외곽
604,기타도로,2,하행,1060005900,2040,03,유형별,09,외곽
604,기타도로,2,하행,1100000300,2041,03,유형별,09,외곽
604,기타도로,2,하행,1100000700,2042,03,유형별,09,외곽
604,기타도로,2,하행,1100000900,2043,03,유형별,09,외곽
604,기타도로,2,하행,1100001100,2044,03,유형별,09,외곽
604,기타도로,2,하행,1100001500,2045,03,유형별,09,외곽
604,기타도로,2,하행,1100001700,2046,03,유형별,09,외곽
604,기타도로,2,하행,1100002100,2047,03,유형별,09,외곽
604,기타도로,2,하행,1100002300,2048,03,유형별,09,외곽
604,기타도로,2,하행,1100002700,2049,03,유형별,09,외곽
604,기타도로,2,하행,1100003100,2050,03,유형별,09,외곽
604,기타도로,2,하행,1100003500,2051,03,유형별,09,외곽
604,기타도로,2,하행,1100003900,2052,03,유형별,09,외곽
604,기타도로,2,하행,1100004300,2053,03,유형별,09,외곽
604,기타도로,2,하행,1100004500,2054,03,유형별,09,외곽
604,기타도로,2,하행,1100005100,2055,03,유형별,09,외곽
604,기타도로,2,하행,1100005500,2056,03,유형별,09,외곽
604,기타도로,2,하행,1100005700,2057,03,유형별,09,외곽
604,기타도로,2,하행,1100006500,2058,03,유형별,09,외곽
604,기타도로,2,하행,1100007000,2059,03,유형별,09,외곽
604,기타도로,2,하행,1100008900,2060,03,유형별,09,외곽
604,기타도로,2,하행,1100010800,2061,03,유형별,09,외곽
604,기타도로,2,하행,1230034900,2062,03,유형별,09,외곽
604,기타도로,2,하행,1230035300,2063,03,유형별,09,외곽
604,기타도로,2,하행,1100025800,2064,03,유형별,09,외곽
604,기타도로,2,하행,1100026500,2065,03,유형별,09,외곽
604,기타도로,2,하행,1100006100,2066,03,유형별,09,외곽
604,기타도로,2,하행,1100006300,2067,03,유형별,09,외곽
604,기타도로,2,하행,1210023400,2068,03,유형별,09,외곽
604,기타도로,2,하행,1170005200,2069,03,유형별,09,외곽
604,기타도로,2,하행,1020019000,2070,03,유형별,09,외곽
604,기타도로,2,하행,1150007600,2071,03,유형별,09,외곽
604,기타도로,2,하행,1150009800,2072,03,유형별,09,외곽
604,기타도로,2,하행,1160004000,2073,03,유형별,09,외곽
604,기타도로,2,하행,1160004800,2074,03,유형별,09,외곽
604,기타도로,2,하행,1160005600,2075,03,유형별,09,외곽
604,기타도로,2,하행,1160006800,2076,03,유형별,09,외곽
604,기타도로,2,하행,1180006100,2077,03,유형별,09,외곽
604,기타도로,2,하행,1180006900,2078,03,유형별,09,외곽
604,기타도로,2,하행,3201509700,2079,03,유형별,09,외곽
604,기타도로,2,하행,3201509900,2080,03,유형별,09,외곽
604,기타도로,2,하행,3201510100,2081,03,유형별,09,외곽
604,기타도로,2,하행,1170007700,2082,03,유형별,09,외곽
604,기타도로,2,하행,1170009900,2083,03,유형별,09,외곽
604,기타도로,2,하행,1005009100,2084,03,유형별,09,외곽
604,기타도로,2,하행,1030003200,2085,03,유형별,09,외곽
604,기타도로,2,하행,1030004200,2086,03,유형별,09,외곽
604,기타도로,2,하행,1030004400,2087,03,유형별,09,외곽
604,기타도로,2,하행,1030005000,2088,03,유형별,09,외곽
604,기타도로,2,하행,1030006500,2089,03,유형별,09,외곽
604,기타도로,2,하행,1030007900,2090,03,유형별,09,외곽
604,기타도로,2,하행,1040005900,2091,03,유형별,09,외곽
604,기타도로,2,하행,1040006400,2092,03,유형별,09,외곽
604,기타도로,2,하행,1040006700,2093,03,유형별,09,외곽
604,기타도로,2,하행,1040008100,2094,03,유형별,09,외곽
604,기타도로,2,하행,1090004500,2095,03,유형별,09,외곽
604,기타도로,2,하행,1090006900,2096,03,유형별,09,외곽
604,기타도로,2,하행,1090008500,2097,03,유형별,09,외곽
604,기타도로,2,하행,1090009500,2098,03,유형별,09,외곽
604,기타도로,2,하행,1090011500,2099,03,유형별,09,외곽
604,기타도로,2,하행,1090012500,2100,03,유형별,09,외곽
604,기타도로,2,하행,1090012900,2101,03,유형별,09,외곽
604,기타도로,2,하행,1100008500,2102,03,유형별,09,외곽
604,기타도로,2,하행,1100011100,2103,03,유형별,09,외곽
604,기타도로,2,하행,1100014500,2104,03,유형별,09,외곽
604,기타도로,2,하행,1100018500,2105,03,유형별,09,외곽
604,기타도로,2,하행,1210010600,2106,03,유형별,09,외곽
604,기타도로,2,하행,1010019000,2107,03,유형별,09,외곽
604,기타도로,2,하행,1030014700,2108,03,유형별,09,외곽
604,기타도로,2,하행,1030016100,2109,03,유형별,09,외곽
604,기타도로,2,하행,1230008500,2110,03,유형별,09,외곽
604,기타도로,2,하행,1230011100,2111,03,유형별,09,외곽
604,기타도로,2,하행,1230013700,2112,03,유형별,09,외곽
604,기타도로,2,하행,1230015700,2113,03,유형별,09,외곽
604,기타도로,2,하행,1230018300,2114,03,유형별,09,외곽
604,기타도로,2,하행,1230020500,2115,03,유형별,09,외곽
604,기타도로,2,하행,1130001200,2116,03,유형별,09,외곽
604,기타도로,2,하행,1040008200,2117,03,유형별,09,외곽
604,기타도로,2,하행,1040009200,2118,03,유형별,09,외곽
604,기타도로,2,하행,3201500100,2119,03,유형별,09,외곽
604,기타도로,2,하행,1020019500,2120,03,유형별,09,외곽
604,기타도로,2,하행,1020022300,2121,03,유형별,09,외곽
604,기타도로,2,하행,1130009300,2122,03,유형별,09,외곽
604,기타도로,2,하행,2210003600,2123,03,유형별,09,외곽
604,기타도로,2,하행,1050017300,2124,03,유형별,09,외곽
604,기타도로,2,하행,1130018200,2125,03,유형별,09,외곽
604,기타도로,2,하행,1130018800,2126,03,유형별,09,외곽
604,기타도로,2,하행,1130019000,2127,03,유형별,09,외곽
604,기타도로,2,하행,1130019800,2128,03,유형별,09,외곽
604,기타도로,2,하행,3201508100,2129,03,유형별,09,외곽
604,기타도로,2,하행,1130024800,2130,03,유형별,09,외곽
604,기타도로,2,하행,1130026000,2131,03,유형별,09,외곽
604,기타도로,2,하행,1130027200,2132,03,유형별,09,외곽
604,기타도로,2,하행,1040014700,2133,03,유형별,09,외곽
604,기타도로,2,하행,1040015700,2134,03,유형별,09,외곽
604,기타도로,2,하행,1040016900,2135,03,유형별,09,외곽
604,기타도로,2,하행,1060007600,2136,03,유형별,09,외곽
604,기타도로,2,하행,1060009000,2137,03,유형별,09,외곽
604,기타도로,2,하행,1060011000,2138,03,유형별,09,외곽
604,기타도로,2,하행,1060012600,2139,03,유형별,09,외곽
604,기타도로,2,하행,1060013200,2140,03,유형별,09,외곽
604,기타도로,2,하행,1060007700,2141,03,유형별,09,외곽
604,기타도로,2,하행,1060008700,2142,03,유형별,09,외곽
604,기타도로,2,하행,1060010500,2143,03,유형별,09,외곽
604,기타도로,2,하행,1210012800,2144,03,유형별,09,외곽
604,기타도로,2,하행,1210016800,2145,03,유형별,09,외곽
604,기타도로,2,하행,1240007600,2146,03,유형별,09,외곽
604,기타도로,2,하행,1240008600,2147,03,유형별,09,외곽
604,기타도로,2,하행,1240010400,2148,03,유형별,09,외곽
604,기타도로,2,하행,1240012800,2149,03,유형별,09,외곽
604,기타도로,2,하행,1240016000,2150,03,유형별,09,외곽
604,기타도로,2,하행,1240019200,2151,03,유형별,09,외곽
604,기타도로,2,하행,1040007000,2152,03,유형별,09,외곽
604,기타도로,2,하행,1120006100,2153,03,유형별,09,외곽
604,기타도로,2,하행,1120007900,2154,03,유형별,09,외곽
604,기타도로,2,하행,1120009500,2155,03,유형별,09,외곽
604,기타도로,2,하행,1120011700,2156,03,유형별,09,외곽
604,기타도로,2,하행,1120012700,2157,03,유형별,09,외곽
604,기타도로,2,하행,1130021100,2158,03,유형별,09,외곽
604,기타도로,2,하행,1130022300,2159,03,유형별,09,외곽
604,기타도로,2,하행,1130023000,2160,03,유형별,09,외곽
604,기타도로,2,하행,1120007700,2161,03,유형별,09,외곽
604,기타도로,2,하행,1140000900,2162,03,유형별,09,외곽
604,기타도로,2,하행,1140001300,2163,03,유형별,09,외곽
604,기타도로,2,하행,1140001500,2164,03,유형별,09,외곽
604,기타도로,2,하행,1140002900,2165,03,유형별,09,외곽
604,기타도로,2,하행,1140010100,2166,03,유형별,09,외곽
604,기타도로,2,하행,1140018100,2167,03,유형별,09,외곽
604,기타도로,2,하행,1140024100,2168,03,유형별,09,외곽
604,기타도로,2,하행,1160017300,2169,03,유형별,09,외곽
604,기타도로,2,하행,1140030100,2170,03,유형별,09,외곽
604,기타도로,2,하행,1140033100,2171,03,유형별,09,외곽
604,기타도로,2,하행,1140035700,2172,03,유형별,09,외곽
604,기타도로,2,하행,1140037300,2173,03,유형별,09,외곽
604,기타도로,2,하행,1140038700,2174,03,유형별,09,외곽
604,기타도로,2,하행,1140039500,2175,03,유형별,09,외곽
604,기타도로,2,하행,1030017900,2176,03,유형별,09,외곽
604,기타도로,2,하행,1030019700,2177,03,유형별,09,외곽
604,기타도로,2,하행,1050005900,2178,03,유형별,09,외곽
604,기타도로,2,하행,1050010100,2179,03,유형별,09,외곽
604,기타도로,2,하행,1050011900,2180,03,유형별,09,외곽
604,기타도로,2,하행,1180018900,2181,03,유형별,09,외곽
604,기타도로,2,하행,1180019700,2182,03,유형별,09,외곽
604,기타도로,2,하행,1180021300,2183,03,유형별,09,외곽
604,기타도로,2,하행,1180021700,2184,03,유형별,09,외곽
604,기타도로,2,하행,1140026400,2185,03,유형별,09,외곽
604,기타도로,2,하행,1150008100,2186,03,유형별,09,외곽
604,기타도로,2,하행,1150008700,2187,03,유형별,09,외곽
604,기타도로,2,하행,1150009500,2188,03,유형별,09,외곽
604,기타도로,2,하행,1150009700,2189,03,유형별,09,외곽
604,기타도로,2,하행,1150010300,2190,03,유형별,09,외곽
604,기타도로,2,하행,1150011300,2191,03,유형별,09,외곽
604,기타도로,2,하행,1150012500,2192,03,유형별,09,외곽
604,기타도로,2,하행,1150014300,2193,03,유형별,09,외곽
604,기타도로,2,하행,1150017100,2194,03,유형별,09,외곽
604,기타도로,2,하행,1150018700,2195,03,유형별,09,외곽
604,기타도로,2,하행,1150019900,2196,03,유형별,09,외곽
604,기타도로,2,하행,1170008300,2197,03,유형별,09,외곽
604,기타도로,2,하행,1200002100,2198,03,유형별,09,외곽
604,기타도로,2,하행,1200002400,2199,03,유형별,09,외곽
604,기타도로,2,하행,1230007000,2200,03,유형별,09,외곽
604,기타도로,2,하행,1230007200,2201,03,유형별,09,외곽
604,기타도로,2,하행,1230008000,2202,03,유형별,09,외곽
604,기타도로,2,하행,1230010400,2203,03,유형별,09,외곽
604,기타도로,2,하행,1230013000,2204,03,유형별,09,외곽
604,기타도로,2,하행,1230015600,2205,03,유형별,09,외곽
604,기타도로,2,하행,1230006400,2206,03,유형별,09,외곽
604,기타도로,2,하행,1150001100,2207,03,유형별,09,외곽
604,기타도로,2,하행,1220005800,2208,03,유형별,09,외곽
604,기타도로,2,하행,1220006600,2209,03,유형별,09,외곽
604,기타도로,2,하행,1220013800,2210,03,유형별,09,외곽
604,기타도로,2,하행,1210011800,2211,03,유형별,09,외곽
604,기타도로,2,하행,1210015600,2212,03,유형별,09,외곽
604,기타도로,2,하행,1210018800,2213,03,유형별,09,외곽
604,기타도로,2,하행,1210021200,2214,03,유형별,09,외곽
604,기타도로,2,하행,1080013300,2215,03,유형별,09,외곽
604,기타도로,2,하행,1090009800,2216,03,유형별,09,외곽
604,기타도로,2,하행,1090009900,2217,03,유형별,09,외곽
604,기타도로,2,하행,1090010200,2218,03,유형별,09,외곽
604,기타도로,2,하행,1090010300,2219,03,유형별,09,외곽
604,기타도로,2,하행,1100032700,2220,03,유형별,09,외곽
604,기타도로,2,하행,1150020800,2224,03,유형별,09,외곽
604,기타도로,2,하행,1150008200,2225,03,유형별,09,외곽
604,기타도로,2,하행,1150020700,2226,03,유형별,09,외곽
604,기타도로,2,하행,1150015800,2227,03,유형별,09,외곽
604,기타도로,2,하행,1150017600,2228,03,유형별,09,외곽
604,기타도로,2,하행,1150019000,2229,03,유형별,09,외곽
604,기타도로,2,하행,1020012600,2230,03,유형별,09,외곽
604,기타도로,2,하행,1020013200,2231,03,유형별,09,외곽
604,기타도로,2,하행,1020014000,2232,03,유형별,09,외곽
604,기타도로,2,하행,1020015400,2233,03,유형별,09,외곽
604,기타도로,2,하행,1020016000,2234,03,유형별,09,외곽
604,기타도로,2,하행,1130008600,2235,03,유형별,09,외곽
604,기타도로,2,하행,1130011000,2236,03,유형별,09,외곽
604,기타도로,2,하행,1130012800,2237,03,유형별,09,외곽
604,기타도로,2,하행,1130015000,2238,03,유형별,09,외곽
604,기타도로,2,하행,1005009300,2239,03,유형별,09,외곽
604,기타도로,2,하행,1000020500,2240,03,유형별,09,외곽
604,기타도로,2,하행,1230016500,2241,03,유형별,09,외곽
604,기타도로,2,하행,1230017200,2242,03,유형별,09,외곽
604,기타도로,2,하행,1230018900,2243,03,유형별,09,외곽
604,기타도로,2,하행,1230020800,2244,03,유형별,09,외곽
604,기타도로,2,하행,1230022500,2245,03,유형별,09,외곽
604,기타도로,2,하행,1230026800,2246,03,유형별,09,외곽
604,기타도로,2,하행,1230027700,2247,03,유형별,09,외곽
604,기타도로,2,하행,1180024800,2248,03,유형별,09,외곽
604,기타도로,2,하행,1180034200,2249,03,유형별,09,외곽
604,기타도로,2,하행,1150007000,2250,03,유형별,09,외곽
604,기타도로,2,하행,1170003100,2251,03,유형별,09,외곽
604,기타도로,2,하행,1170003300,2252,03,유형별,09,외곽
604,기타도로,2,하행,1170003600,2253,03,유형별,09,외곽
604,기타도로,2,하행,1170003800,2254,03,유형별,09,외곽
604,기타도로,2,하행,1170004500,2255,03,유형별,09,외곽
604,기타도로,2,하행,1170006100,2256,03,유형별,09,외곽
604,기타도로,2,하행,1170007500,2257,03,유형별,09,외곽
604,기타도로,2,하행,1170009500,2258,03,유형별,09,외곽
604,기타도로,2,하행,3201504900,2259,03,유형별,09,외곽
604,기타도로,2,하행,3201508900,2260,03,유형별,09,외곽
604,기타도로,2,하행,3201509000,2261,03,유형별,09,외곽
604,기타도로,2,하행,1150009300,2262,03,유형별,09,외곽
604,기타도로,2,하행,1020006300,2263,03,유형별,09,외곽
604,기타도로,2,하행,1020007500,2264,03,유형별,09,외곽
604,기타도로,2,하행,1020009500,2265,03,유형별,09,외곽
604,기타도로,2,하행,1070015800,2266,03,유형별,09,외곽
604,기타도로,2,하행,1070020200,2267,03,유형별,09,외곽
604,기타도로,2,하행,1200011700,2268,03,유형별,09,외곽
604,기타도로,2,하행,1200012500,2269,03,유형별,09,외곽
604,기타도로,2,하행,1070002000,2270,03,유형별,09,외곽
604,기타도로,2,하행,1070002600,2271,03,유형별,09,외곽
604,기타도로,2,하행,1070004600,2272,03,유형별,09,외곽
604,기타도로,2,하행,1070005600,2273,03,유형별,09,외곽
604,기타도로,2,하행,1070006800,2274,03,유형별,09,외곽
604,기타도로,1,상행,1030004300,1594,03,유형별,09,외곽
604,기타도로,1,상행,1030004900,1595,03,유형별,09,외곽
604,기타도로,1,상행,1030006600,1596,03,유형별,09,외곽
604,기타도로,1,상행,1030008000,1597,03,유형별,09,외곽
604,기타도로,1,상행,1040005800,1598,03,유형별,09,외곽
604,기타도로,1,상행,1040006500,1599,03,유형별,09,외곽
604,기타도로,1,상행,1040006600,1600,03,유형별,09,외곽
604,기타도로,1,상행,1040008000,1601,03,유형별,09,외곽
604,기타도로,1,상행,1090004600,1602,03,유형별,09,외곽
604,기타도로,1,상행,1090007000,1603,03,유형별,09,외곽
604,기타도로,1,상행,1090008600,1604,03,유형별,09,외곽
604,기타도로,1,상행,1090009600,1605,03,유형별,09,외곽
604,기타도로,1,상행,1090011600,1606,03,유형별,09,외곽
604,기타도로,1,상행,1090012600,1607,03,유형별,09,외곽
604,기타도로,1,상행,1090013000,1608,03,유형별,09,외곽
604,기타도로,1,상행,1100008600,1609,03,유형별,09,외곽
604,기타도로,1,상행,1100011200,1610,03,유형별,09,외곽
604,기타도로,1,상행,1100014600,1611,03,유형별,09,외곽
604,기타도로,1,상행,1100018600,1612,03,유형별,09,외곽
604,기타도로,1,상행,1210010700,1613,03,유형별,09,외곽
604,기타도로,1,상행,1010018900,1614,03,유형별,09,외곽
604,기타도로,1,상행,1030014800,1615,03,유형별,09,외곽
604,기타도로,1,상행,1030016200,1616,03,유형별,09,외곽
604,기타도로,1,상행,1230008600,1617,03,유형별,09,외곽
604,기타도로,1,상행,1230011200,1618,03,유형별,09,외곽
604,기타도로,1,상행,1230013800,1619,03,유형별,09,외곽
604,기타도로,1,상행,1230015800,1620,03,유형별,09,외곽
604,기타도로,1,상행,1230018400,1621,03,유형별,09,외곽
604,기타도로,1,상행,1230020600,1622,03,유형별,09,외곽
604,기타도로,1,상행,1130001100,1623,03,유형별,09,외곽
604,기타도로,1,상행,1040008300,1624,03,유형별,09,외곽
604,기타도로,1,상행,1040009300,1625,03,유형별,09,외곽
604,기타도로,1,상행,1020019600,1626,03,유형별,09,외곽
604,기타도로,1,상행,1020022400,1627,03,유형별,09,외곽
604,기타도로,1,상행,1130009400,1628,03,유형별,09,외곽
604,기타도로,1,상행,2210003500,1629,03,유형별,09,외곽
604,기타도로,1,상행,1050017400,1630,03,유형별,09,외곽
604,기타도로,1,상행,1130018100,1631,03,유형별,09,외곽
604,기타도로,1,상행,1130018700,1632,03,유형별,09,외곽
604,기타도로,1,상행,1130018900,1633,03,유형별,09,외곽
604,기타도로,1,상행,1130019700,1634,03,유형별,09,외곽
604,기타도로,1,상행,3201508000,1635,03,유형별,09,외곽
604,기타도로,1,상행,1130024700,1636,03,유형별,09,외곽
604,기타도로,1,상행,1130025900,1637,03,유형별,09,외곽
604,기타도로,1,상행,1130027100,1638,03,유형별,09,외곽
604,기타도로,1,상행,1040014600,1639,03,유형별,09,외곽
604,기타도로,1,상행,1040015600,1640,03,유형별,09,외곽
604,기타도로,1,상행,1040016800,1641,03,유형별,09,외곽
604,기타도로,1,상행,1060007500,1642,03,유형별,09,외곽
604,기타도로,1,상행,1060008900,1643,03,유형별,09,외곽
604,기타도로,1,상행,1060010900,1644,03,유형별,09,외곽
604,기타도로,1,상행,1060012500,1645,03,유형별,09,외곽
604,기타도로,1,상행,1230008700,1646,03,유형별,09,외곽
604,기타도로,1,상행,1240024600,1647,03,유형별,09,외곽
604,기타도로,1,상행,1240026200,1648,03,유형별,09,외곽
604,기타도로,1,상행,1240026900,1649,03,유형별,09,외곽
604,기타도로,1,상행,1070007100,1650,03,유형별,09,외곽
604,기타도로,1,상행,1030000200,1651,03,유형별,09,외곽
604,기타도로,1,상행,1030001600,1652,03,유형별,09,외곽
604,기타도로,1,상행,1030002200,1653,03,유형별,09,외곽
604,기타도로,1,상행,1040001400,1654,03,유형별,09,외곽
604,기타도로,1,상행,1040005200,1655,03,유형별,09,외곽
604,기타도로,1,상행,1040005400,1656,03,유형별,09,외곽
604,기타도로,1,상행,1060000200,1657,03,유형별,09,외곽
604,기타도로,1,상행,1060000400,1658,03,유형별,09,외곽
604,기타도로,1,상행,1060000600,1659,03,유형별,09,외곽
604,기타도로,1,상행,1060000800,1660,03,유형별,09,외곽
604,기타도로,1,상행,1060001000,1661,03,유형별,09,외곽
604,기타도로,1,상행,1060001600,1662,03,유형별,09,외곽
604,기타도로,1,상행,1060002400,1663,03,유형별,09,외곽
604,기타도로,1,상행,1060003600,1664,03,유형별,09,외곽
604,기타도로,1,상행,1060003800,1665,03,유형별,09,외곽
604,기타도로,1,상행,1060004300,1666,03,유형별,09,외곽
604,기타도로,1,상행,1060004500,1667,03,유형별,09,외곽
604,기타도로,1,상행,1060005100,1668,03,유형별,09,외곽
604,기타도로,1,상행,1060005500,1669,03,유형별,09,외곽
604,기타도로,1,상행,1060006000,1670,03,유형별,09,외곽
604,기타도로,1,상행,1100000400,1671,03,유형별,09,외곽
604,기타도로,1,상행,1100000800,1672,03,유형별,09,외곽
604,기타도로,1,상행,1100001000,1673,03,유형별,09,외곽
604,기타도로,1,상행,1100001200,1674,03,유형별,09,외곽
604,기타도로,1,상행,1100001600,1675,03,유형별,09,외곽
604,기타도로,1,상행,1100001800,1676,03,유형별,09,외곽
604,기타도로,1,상행,1100002200,1677,03,유형별,09,외곽
604,기타도로,1,상행,1100002400,1678,03,유형별,09,외곽
604,기타도로,1,상행,1100002800,1679,03,유형별,09,외곽
604,기타도로,1,상행,1100003200,1680,03,유형별,09,외곽
604,기타도로,1,상행,1100003600,1681,03,유형별,09,외곽
604,기타도로,1,상행,1100004000,1682,03,유형별,09,외곽
604,기타도로,1,상행,1100004400,1683,03,유형별,09,외곽
604,기타도로,1,상행,1100004600,1684,03,유형별,09,외곽
604,기타도로,1,상행,1100005200,1685,03,유형별,09,외곽
604,기타도로,1,상행,1100005600,1686,03,유형별,09,외곽
604,기타도로,1,상행,1100005800,1687,03,유형별,09,외곽
604,기타도로,1,상행,1100006600,1688,03,유형별,09,외곽
604,기타도로,1,상행,1100006900,1689,03,유형별,09,외곽
604,기타도로,1,상행,1100009000,1690,03,유형별,09,외곽
604,기타도로,1,상행,1100010700,1691,03,유형별,09,외곽
604,기타도로,1,상행,1230034800,1692,03,유형별,09,외곽
604,기타도로,1,상행,1230035200,1693,03,유형별,09,외곽
604,기타도로,1,상행,1100025700,1694,03,유형별,09,외곽
604,기타도로,1,상행,1100026600,1695,03,유형별,09,외곽
604,기타도로,1,상행,1100006200,1696,03,유형별,09,외곽
604,기타도로,1,상행,1100006400,1697,03,유형별,09,외곽
604,기타도로,1,상행,1210023500,1698,03,유형별,09,외곽
604,기타도로,1,상행,1170005100,1699,03,유형별,09,외곽
604,기타도로,1,상행,1020018900,1700,03,유형별,09,외곽
604,기타도로,1,상행,1150007700,1701,03,유형별,09,외곽
604,기타도로,1,상행,1150009900,1702,03,유형별,09,외곽
604,기타도로,1,상행,1160003900,1703,03,유형별,09,외곽
604,기타도로,1,상행,1160004700,1704,03,유형별,09,외곽
604,기타도로,1,상행,1160005500,1705,03,유형별,09,외곽
604,기타도로,1,상행,1160006700,1706,03,유형별,09,외곽
604,기타도로,1,상행,1180006000,1707,03,유형별,09,외곽
604,기타도로,1,상행,1180006800,1708,03,유형별,09,외곽
604,기타도로,1,상행,3201509600,1709,03,유형별,09,외곽
604,기타도로,1,상행,1180014900,1710,03,유형별,09,외곽
604,기타도로,1,상행,1180016500,1711,03,유형별,09,외곽
604,기타도로,1,상행,1180017100,1712,03,유형별,09,외곽
604,기타도로,1,상행,1200009000,1713,03,유형별,09,외곽
604,기타도로,1,상행,1090000100,1714,03,유형별,09,외곽
604,기타도로,1,상행,1080001300,1715,03,유형별,09,외곽
604,기타도로,1,상행,1110009400,1716,03,유형별,09,외곽
604,기타도로,1,상행,1110012000,1717,03,유형별,09,외곽
604,기타도로,1,상행,1110014200,1718,03,유형별,09,외곽
604,기타도로,1,상행,1090013200,1719,03,유형별,09,외곽
604,기타도로,1,상행,1220032600,1720,03,유형별,09,외곽
604,기타도로,1,상행,1220033600,1721,03,유형별,09,외곽
604,기타도로,1,상행,1220034200,1722,03,유형별,09,외곽
604,기타도로,1,상행,1220034600,1723,03,유형별,09,외곽
604,기타도로,1,상행,1220034800,1724,03,유형별,09,외곽
604,기타도로,1,상행,1160015100,1725,03,유형별,09,외곽
604,기타도로,1,상행,1180011400,1726,03,유형별,09,외곽
604,기타도로,1,상행,1180012000,1727,03,유형별,09,외곽
604,기타도로,1,상행,1180013200,1728,03,유형별,09,외곽
604,기타도로,1,상행,1180014000,1729,03,유형별,09,외곽
604,기타도로,1,상행,1130009000,1730,03,유형별,09,외곽
604,기타도로,1,상행,1130010800,1731,03,유형별,09,외곽
604,기타도로,1,상행,1130011600,1732,03,유형별,09,외곽
604,기타도로,1,상행,1130012000,1733,03,유형별,09,외곽
604,기타도로,1,상행,1130012200,1734,03,유형별,09,외곽
604,기타도로,1,상행,1130012400,1735,03,유형별,09,외곽
604,기타도로,1,상행,1130012600,1736,03,유형별,09,외곽
604,기타도로,1,상행,1170001900,1737,03,유형별,09,외곽
604,기타도로,1,상행,1170002700,1738,03,유형별,09,외곽
604,기타도로,1,상행,1170004700,1739,03,유형별,09,외곽
604,기타도로,1,상행,1170006500,1740,03,유형별,09,외곽
604,기타도로,1,상행,1170008900,1741,03,유형별,09,외곽
604,기타도로,1,상행,1020012300,1742,03,유형별,09,외곽
604,기타도로,1,상행,1030006900,1743,03,유형별,09,외곽
604,기타도로,1,상행,1030008900,1744,03,유형별,09,외곽
604,기타도로,1,상행,1030009800,1745,03,유형별,09,외곽
604,기타도로,1,상행,1030011100,1746,03,유형별,09,외곽
604,기타도로,1,상행,1070015300,1747,03,유형별,09,외곽
604,기타도로,1,상행,1070017900,1748,03,유형별,09,외곽
604,기타도로,1,상행,1070019500,1749,03,유형별,09,외곽
604,기타도로,1,상행,1070020500,1750,03,유형별,09,외곽
604,기타도로,1,상행,1130014300,1751,03,유형별,09,외곽
604,기타도로,1,상행,1130015100,1752,03,유형별,09,외곽
604,기타도로,1,상행,1130016500,1753,03,유형별,09,외곽
604,기타도로,1,상행,1130016700,1754,03,유형별,09,외곽
604,기타도로,1,상행,1130018300,1755,03,유형별,09,외곽
604,기타도로,1,상행,1230006800,1756,03,유형별,09,외곽
604,기타도로,1,상행,1230007700,1757,03,유형별,09,외곽
604,기타도로,1,상행,1230009300,1758,03,유형별,09,외곽
604,기타도로,1,상행,1230010700,1759,03,유형별,09,외곽
604,기타도로,1,상행,1230012100,1760,03,유형별,09,외곽
604,기타도로,1,상행,1230014700,1761,03,유형별,09,외곽
604,기타도로,1,상행,1230018500,1762,03,유형별,09,외곽
604,기타도로,1,상행,1230025300,1763,03,유형별,09,외곽
604,기타도로,1,상행,1230031700,1764,03,유형별,09,외곽
604,기타도로,1,상행,1240005500,1765,03,유형별,09,외곽
604,기타도로,1,상행,1240008300,1766,03,유형별,09,외곽
604,기타도로,1,상행,1240010900,1767,03,유형별,09,외곽
604,기타도로,1,상행,1240012300,1768,03,유형별,09,외곽
604,기타도로,1,상행,1240015300,1769,03,유형별,09,외곽
604,기타도로,1,상행,1240019700,1770,03,유형별,09,외곽
604,기타도로,1,상행,1240023500,1771,03,유형별,09,외곽
604,기타도로,1,상행,1240025500,1772,03,유형별,09,외곽
604,기타도로,1,상행,1240027700,1773,03,유형별,09,외곽
604,기타도로,1,상행,1080012200,1774,03,유형별,09,외곽
604,기타도로,1,상행,1080012800,1775,03,유형별,09,외곽
604,기타도로,1,상행,1110004800,1776,03,유형별,09,외곽
604,기타도로,1,상행,1110006600,1777,03,유형별,09,외곽
604,기타도로,1,상행,1110007400,1778,03,유형별,09,외곽
604,기타도로,1,상행,1110007600,1779,03,유형별,09,외곽
604,기타도로,1,상행,1120009800,1780,03,유형별,09,외곽
604,기타도로,1,상행,1120010200,1781,03,유형별,09,외곽
604,기타도로,1,상행,1120011600,1782,03,유형별,09,외곽
604,기타도로,1,상행,1120012600,1783,03,유형별,09,외곽
604,기타도로,1,상행,1080006600,1784,03,유형별,09,외곽
604,기타도로,1,상행,1080007000,1785,03,유형별,09,외곽
604,기타도로,1,상행,1080007200,1786,03,유형별,09,외곽
604,기타도로,1,상행,1080007400,1787,03,유형별,09,외곽
604,기타도로,1,상행,1080007600,1788,03,유형별,09,외곽
604,기타도로,1,상행,1080008200,1789,03,유형별,09,외곽
604,기타도로,1,상행,1080009000,1790,03,유형별,09,외곽
604,기타도로,1,상행,1090000800,1791,03,유형별,09,외곽
604,기타도로,1,상행,1090001200,1792,03,유형별,09,외곽
604,기타도로,1,상행,1090002000,1793,03,유형별,09,외곽
604,기타도로,1,상행,1090002100,1794,03,유형별,09,외곽
604,기타도로,1,상행,1090002400,1795,03,유형별,09,외곽
604,기타도로,1,상행,1100022700,1796,03,유형별,09,외곽
604,기타도로,1,상행,1100023200,1797,03,유형별,09,외곽
604,기타도로,1,상행,1100023500,1798,03,유형별,09,외곽
604,기타도로,1,상행,1100024000,1799,03,유형별,09,외곽
604,기타도로,1,상행,1100025400,1800,03,유형별,09,외곽
604,기타도로,1,상행,1100027000,1801,03,유형별,09,외곽
604,기타도로,1,상행,1100028400,1802,03,유형별,09,외곽
604,기타도로,1,상행,1100030000,1803,03,유형별,09,외곽
604,기타도로,1,상행,1100031800,1804,03,유형별,09,외곽
604,기타도로,1,상행,1100034400,1805,03,유형별,09,외곽
604,기타도로,1,상행,1100035800,1806,03,유형별,09,외곽
604,기타도로,1,상행,1220015500,1807,03,유형별,09,외곽
604,기타도로,1,상행,1220016700,1808,03,유형별,09,외곽
604,기타도로,1,상행,1220019100,1809,03,유형별,09,외곽
604,기타도로,1,상행,1220020900,1810,03,유형별,09,외곽
604,기타도로,1,상행,1220022600,1811,03,유형별,09,외곽
604,기타도로,1,상행,1220024300,1812,03,유형별,09,외곽
604,기타도로,1,상행,1220025700,1813,03,유형별,09,외곽
604,기타도로,1,상행,1230019200,1814,03,유형별,09,외곽
604,기타도로,1,상행,1230017500,1815,03,유형별,09,외곽
604,기타도로,1,상행,1090009400,1816,03,유형별,09,외곽
604,기타도로,1,상행,1090010800,1817,03,유형별,09,외곽
604,기타도로,1,상행,1090011800,1818,03,유형별,09,외곽
604,기타도로,1,상행,1160007300,1819,03,유형별,09,외곽
604,기타도로,1,상행,1160008500,1820,03,유형별,09,외곽
602,방사선도로,1,상행,1210027800,600,03,유형별,09,외곽
602,방사선도로,1,상행,1210027900,601,03,유형별,09,외곽
602,방사선도로,1,상행,1210028800,602,03,유형별,09,외곽
602,방사선도로,1,상행,1210028900,603,03,유형별,09,외곽
602,방사선도로,1,상행,1210030000,604,03,유형별,09,외곽
602,방사선도로,1,상행,1210030100,605,03,유형별,09,외곽
602,방사선도로,1,상행,1210030600,606,03,유형별,09,외곽
602,방사선도로,1,상행,1210030700,607,03,유형별,09,외곽
602,방사선도로,1,상행,1220006200,608,03,유형별,09,외곽
602,방사선도로,1,상행,1220006300,609,03,유형별,09,외곽
602,방사선도로,1,상행,1220006400,610,03,유형별,09,외곽
602,방사선도로,1,상행,1220006500,611,03,유형별,09,외곽
602,방사선도로,1,상행,1220007200,612,03,유형별,09,외곽
602,방사선도로,1,상행,1220007300,613,03,유형별,09,외곽
602,방사선도로,1,상행,1220007600,614,03,유형별,09,외곽
602,방사선도로,1,상행,1220007700,615,03,유형별,09,외곽
602,방사선도로,1,상행,1220009000,616,03,유형별,09,외곽
602,방사선도로,1,상행,1220009100,617,03,유형별,09,외곽
602,방사선도로,1,상행,1220011800,618,03,유형별,09,외곽
602,방사선도로,1,상행,1220011900,619,03,유형별,09,외곽
602,방사선도로,1,상행,1220013400,620,03,유형별,09,외곽
602,방사선도로,1,상행,1220013500,621,03,유형별,09,외곽
602,방사선도로,1,상행,1220016200,622,03,유형별,09,외곽
602,방사선도로,1,상행,1220016300,623,03,유형별,09,외곽
602,방사선도로,1,상행,1220019800,624,03,유형별,09,외곽
602,방사선도로,1,상행,1220019900,625,03,유형별,09,외곽
602,방사선도로,1,상행,1220021000,626,03,유형별,09,외곽
602,방사선도로,1,상행,1220021100,627,03,유형별,09,외곽
602,방사선도로,1,상행,1220022900,628,03,유형별,09,외곽
602,방사선도로,1,상행,1220023000,629,03,유형별,09,외곽
602,방사선도로,1,상행,1220025000,630,03,유형별,09,외곽
602,방사선도로,1,상행,1220025100,631,03,유형별,09,외곽
602,방사선도로,1,상행,1220026200,632,03,유형별,09,외곽
602,방사선도로,1,상행,1220026300,633,03,유형별,09,외곽
602,방사선도로,1,상행,1220027800,634,03,유형별,09,외곽
602,방사선도로,1,상행,1220027900,635,03,유형별,09,외곽
602,방사선도로,1,상행,1220029600,636,03,유형별,09,외곽
602,방사선도로,1,상행,1220029700,637,03,유형별,09,외곽
602,방사선도로,1,상행,1220030600,638,03,유형별,09,외곽
602,방사선도로,1,상행,1220030700,639,03,유형별,09,외곽
602,방사선도로,1,상행,1220032200,640,03,유형별,09,외곽
602,방사선도로,1,상행,1220032300,641,03,유형별,09,외곽
602,방사선도로,1,상행,1220034400,642,03,유형별,09,외곽
602,방사선도로,1,상행,1220034500,643,03,유형별,09,외곽
602,방사선도로,1,상행,1220036600,644,03,유형별,09,외곽
602,방사선도로,1,상행,1220036700,645,03,유형별,09,외곽
602,방사선도로,1,상행,1220037000,646,03,유형별,09,외곽
602,방사선도로,1,상행,1220037100,647,03,유형별,09,외곽
602,방사선도로,1,상행,1230000500,648,03,유형별,09,외곽
602,방사선도로,1,상행,1230000600,649,03,유형별,09,외곽
602,방사선도로,1,상행,1230001300,650,03,유형별,09,외곽
602,방사선도로,1,상행,1230001400,651,03,유형별,09,외곽
602,방사선도로,1,상행,1230001700,652,03,유형별,09,외곽
602,방사선도로,1,상행,1230001800,653,03,유형별,09,외곽
602,방사선도로,1,상행,1230001900,654,03,유형별,09,외곽
602,방사선도로,1,상행,1230002000,655,03,유형별,09,외곽
602,방사선도로,1,상행,1230002100,656,03,유형별,09,외곽
602,방사선도로,1,상행,1230002200,657,03,유형별,09,외곽
602,방사선도로,1,상행,1230002500,658,03,유형별,09,외곽
602,방사선도로,1,상행,1230002600,659,03,유형별,09,외곽
602,방사선도로,1,상행,1230002700,660,03,유형별,09,외곽
602,방사선도로,1,상행,1230002800,661,03,유형별,09,외곽
602,방사선도로,1,상행,1230002900,662,03,유형별,09,외곽
602,방사선도로,1,상행,1230003000,663,03,유형별,09,외곽
602,방사선도로,1,상행,1230003100,664,03,유형별,09,외곽
602,방사선도로,1,상행,1230003200,665,03,유형별,09,외곽
602,방사선도로,1,상행,1230003300,666,03,유형별,09,외곽
602,방사선도로,1,상행,1230003400,667,03,유형별,09,외곽
602,방사선도로,1,상행,1230003500,668,03,유형별,09,외곽
602,방사선도로,1,상행,1230003600,669,03,유형별,09,외곽
602,방사선도로,1,상행,1230003700,670,03,유형별,09,외곽
602,방사선도로,1,상행,1230003800,671,03,유형별,09,외곽
602,방사선도로,1,상행,1230004100,672,03,유형별,09,외곽
602,방사선도로,1,상행,1230004200,673,03,유형별,09,외곽
602,방사선도로,1,상행,1230004900,674,03,유형별,09,외곽
602,방사선도로,1,상행,1230005000,675,03,유형별,09,외곽
602,방사선도로,1,상행,1230031100,676,03,유형별,09,외곽
602,방사선도로,1,상행,1230031200,677,03,유형별,09,외곽
602,방사선도로,1,상행,1230032400,678,03,유형별,09,외곽
602,방사선도로,1,상행,1230032500,679,03,유형별,09,외곽
602,방사선도로,1,상행,1230033800,680,03,유형별,09,외곽
602,방사선도로,1,상행,1230033900,681,03,유형별,09,외곽
602,방사선도로,1,상행,1230034200,682,03,유형별,09,외곽
602,방사선도로,1,상행,1230034300,683,03,유형별,09,외곽
602,방사선도로,1,상행,1230034600,684,03,유형별,09,외곽
602,방사선도로,1,상행,1230034700,685,03,유형별,09,외곽
602,방사선도로,1,상행,1230035400,686,03,유형별,09,외곽
602,방사선도로,1,상행,1230035500,687,03,유형별,09,외곽
602,방사선도로,1,상행,1230037000,688,03,유형별,09,외곽
602,방사선도로,1,상행,1230037100,689,03,유형별,09,외곽
602,방사선도로,1,상행,1240000100,690,03,유형별,09,외곽
602,방사선도로,1,상행,1240000200,691,03,유형별,09,외곽
602,방사선도로,1,상행,1240000300,692,03,유형별,09,외곽
602,방사선도로,1,상행,1240000400,693,03,유형별,09,외곽
602,방사선도로,1,상행,1240000500,694,03,유형별,09,외곽
602,방사선도로,1,상행,1240000600,695,03,유형별,09,외곽
602,방사선도로,1,상행,1240000700,696,03,유형별,09,외곽
602,방사선도로,1,상행,1240000800,697,03,유형별,09,외곽
602,방사선도로,1,상행,1240000900,698,03,유형별,09,외곽
602,방사선도로,1,상행,1240001000,699,03,유형별,09,외곽
602,방사선도로,1,상행,1240001100,700,03,유형별,09,외곽
602,방사선도로,1,상행,1240001200,701,03,유형별,09,외곽
602,방사선도로,1,상행,1240001300,702,03,유형별,09,외곽
602,방사선도로,1,상행,1240001400,703,03,유형별,09,외곽
602,방사선도로,1,상행,1240001500,704,03,유형별,09,외곽
602,방사선도로,1,상행,1240001600,705,03,유형별,09,외곽
602,방사선도로,1,상행,2080006500,706,03,유형별,09,외곽
602,방사선도로,1,상행,2080006600,707,03,유형별,09,외곽
603,도시고속도로,1,상행,1030001400,1,03,유형별,09,외곽
603,도시고속도로,1,상행,1030001700,2,03,유형별,09,외곽
603,도시고속도로,1,상행,1030002000,3,03,유형별,09,외곽
603,도시고속도로,1,상행,1030002300,4,03,유형별,09,외곽
603,도시고속도로,1,상행,1040005500,5,03,유형별,09,외곽
603,도시고속도로,1,상행,1060004100,6,03,유형별,09,외곽
603,도시고속도로,1,상행,1100000600,7,03,유형별,09,외곽
603,도시고속도로,1,상행,1100001400,8,03,유형별,09,외곽
603,도시고속도로,1,상행,1100002000,9,03,유형별,09,외곽
603,도시고속도로,1,상행,1100002600,10,03,유형별,09,외곽
603,도시고속도로,1,상행,1100003000,11,03,유형별,09,외곽
603,도시고속도로,1,상행,1100003400,12,03,유형별,09,외곽
603,도시고속도로,1,상행,1100003800,13,03,유형별,09,외곽
603,도시고속도로,1,상행,1100004200,14,03,유형별,09,외곽
603,도시고속도로,1,상행,1100004800,15,03,유형별,09,외곽
603,도시고속도로,1,상행,1100005400,16,03,유형별,09,외곽
603,도시고속도로,1,상행,1100006800,17,03,유형별,09,외곽
603,도시고속도로,1,상행,1020000200,18,03,유형별,09,외곽
603,도시고속도로,1,상행,1020000300,19,03,유형별,09,외곽
603,도시고속도로,1,상행,1020000600,20,03,유형별,09,외곽
603,도시고속도로,1,상행,1020000800,21,03,유형별,09,외곽
603,도시고속도로,1,상행,1020000900,22,03,유형별,09,외곽
603,도시고속도로,1,상행,1020001200,23,03,유형별,09,외곽
603,도시고속도로,1,상행,1020001400,24,03,유형별,09,외곽
603,도시고속도로,1,상행,1020001800,25,03,유형별,09,외곽
603,도시고속도로,1,상행,1030000400,26,03,유형별,09,외곽
603,도시고속도로,1,상행,1030000600,27,03,유형별,09,외곽
603,도시고속도로,1,상행,1030000800,28,03,유형별,09,외곽
603,도시고속도로,1,상행,1030001000,29,03,유형별,09,외곽
603,도시고속도로,1,상행,1030001100,30,03,유형별,09,외곽
603,도시고속도로,1,상행,1040000200,31,03,유형별,09,외곽
603,도시고속도로,1,상행,1040000500,32,03,유형별,09,외곽
603,도시고속도로,1,상행,1040000800,33,03,유형별,09,외곽
603,도시고속도로,1,상행,1040001100,34,03,유형별,09,외곽
603,도시고속도로,1,상행,1040001500,35,03,유형별,09,외곽
603,도시고속도로,1,상행,1040002100,36,03,유형별,09,외곽
603,도시고속도로,1,상행,1040004100,37,03,유형별,09,외곽
603,도시고속도로,1,상행,1130000400,38,03,유형별,09,외곽
603,도시고속도로,1,상행,1130000800,39,03,유형별,09,외곽
603,도시고속도로,1,상행,1130001000,40,03,유형별,09,외곽
603,도시고속도로,1,상행,1130001400,41,03,유형별,09,외곽
603,도시고속도로,1,상행,1130002000,42,03,유형별,09,외곽
603,도시고속도로,1,상행,1130002400,43,03,유형별,09,외곽
603,도시고속도로,1,상행,1130003400,44,03,유형별,09,외곽
603,도시고속도로,1,상행,1130004400,45,03,유형별,09,외곽
603,도시고속도로,1,상행,1130005800,46,03,유형별,09,외곽
603,도시고속도로,1,상행,1130007000,47,03,유형별,09,외곽
603,도시고속도로,1,상행,2210000500,48,03,유형별,09,외곽
603,도시고속도로,1,상행,1060006800,49,03,유형별,09,외곽
603,도시고속도로,1,상행,1070000200,50,03,유형별,09,외곽
603,도시고속도로,1,상행,1070001600,51,03,유형별,09,외곽
603,도시고속도로,1,상행,1220001700,52,03,유형별,09,외곽
603,도시고속도로,1,상행,1220002500,53,03,유형별,09,외곽
603,도시고속도로,1,상행,1220003800,54,03,유형별,09,외곽
603,도시고속도로,1,상행,1220005000,55,03,유형별,09,외곽
603,도시고속도로,1,상행,1230001500,56,03,유형별,09,외곽
604,기타도로,1,상행,1160001200,57,03,유형별,09,외곽
604,기타도로,1,상행,1160002600,58,03,유형별,09,외곽
604,기타도로,1,상행,1160003200,59,03,유형별,09,외곽
604,기타도로,1,상행,1170001000,60,03,유형별,09,외곽
604,기타도로,1,상행,1170001200,61,03,유형별,09,외곽
604,기타도로,1,상행,1170001400,62,03,유형별,09,외곽
604,기타도로,1,상행,1180001400,63,03,유형별,09,외곽
604,기타도로,1,상행,1180002200,64,03,유형별,09,외곽
604,기타도로,1,상행,1180003000,65,03,유형별,09,외곽
604,기타도로,1,상행,1180004000,66,03,유형별,09,외곽
603,도시고속도로,1,상행,1210000800,67,03,유형별,09,외곽
603,도시고속도로,1,상행,1210001900,68,03,유형별,09,외곽
603,도시고속도로,1,상행,1210003000,69,03,유형별,09,외곽
603,도시고속도로,1,상행,1210003900,70,03,유형별,09,외곽
603,도시고속도로,1,상행,1210004100,71,03,유형별,09,외곽
603,도시고속도로,1,상행,1210004700,72,03,유형별,09,외곽
603,도시고속도로,1,상행,1210005100,73,03,유형별,09,외곽
603,도시고속도로,1,상행,2040002902,74,03,유형별,09,외곽
603,도시고속도로,1,상행,2060011401,75,03,유형별,09,외곽
603,도시고속도로,1,상행,1140000200,76,03,유형별,09,외곽
603,도시고속도로,1,상행,1140000201,77,03,유형별,09,외곽
603,도시고속도로,1,상행,1140022200,78,03,유형별,09,외곽
603,도시고속도로,1,상행,1140026200,79,03,유형별,09,외곽
603,도시고속도로,1,상행,1140029200,80,03,유형별,09,외곽
603,도시고속도로,1,상행,1150002400,81,03,유형별,09,외곽
603,도시고속도로,1,상행,1150003200,82,03,유형별,09,외곽
603,도시고속도로,1,상행,1150004600,83,03,유형별,09,외곽
603,도시고속도로,1,상행,1150006100,84,03,유형별,09,외곽
603,도시고속도로,1,상행,1150006600,85,03,유형별,09,외곽
603,도시고속도로,1,상행,1180003200,86,03,유형별,09,외곽
603,도시고속도로,1,상행,1180004200,87,03,유형별,09,외곽
603,도시고속도로,1,상행,1180005100,88,03,유형별,09,외곽
603,도시고속도로,1,상행,1180005700,89,03,유형별,09,외곽
603,도시고속도로,1,상행,1190000200,90,03,유형별,09,외곽
603,도시고속도로,1,상행,1190000600,91,03,유형별,09,외곽
603,도시고속도로,1,상행,1210004400,92,03,유형별,09,외곽
603,도시고속도로,1,상행,1210004500,93,03,유형별,09,외곽
603,도시고속도로,1,상행,1210004900,94,03,유형별,09,외곽
603,도시고속도로,1,상행,1210005300,95,03,유형별,09,외곽
603,도시고속도로,1,상행,1210006400,96,03,유형별,09,외곽
603,도시고속도로,1,상행,1220004500,97,03,유형별,09,외곽
603,도시고속도로,1,상행,1220005500,98,03,유형별,09,외곽
603,도시고속도로,1,상행,1220005600,99,03,유형별,09,외곽
603,도시고속도로,1,상행,1230003900,100,03,유형별,09,외곽
603,도시고속도로,1,상행,1230004400,101,03,유형별,09,외곽
603,도시고속도로,1,상행,1230004600,102,03,유형별,09,외곽
603,도시고속도로,1,상행,1230004700,103,03,유형별,09,외곽
603,도시고속도로,1,상행,1230005100,104,03,유형별,09,외곽
603,도시고속도로,1,상행,1230005300,105,03,유형별,09,외곽
603,도시고속도로,1,상행,1240001900,106,03,유형별,09,외곽
603,도시고속도로,1,상행,1240003100,107,03,유형별,09,외곽
603,도시고속도로,1,상행,1240003800,108,03,유형별,09,외곽
603,도시고속도로,1,상행,1240004900,109,03,유형별,09,외곽
603,도시고속도로,1,상행,1240005300,110,03,유형별,09,외곽
603,도시고속도로,1,상행,1130007400,111,03,유형별,09,외곽
603,도시고속도로,1,상행,2180000201,112,03,유형별,09,외곽
603,도시고속도로,1,상행,1000002600,113,03,유형별,09,외곽
603,도시고속도로,1,상행,1030002400,114,03,유형별,09,외곽
603,도시고속도로,1,상행,1030002700,115,03,유형별,09,외곽
603,도시고속도로,1,상행,1050001800,116,03,유형별,09,외곽
603,도시고속도로,1,상행,1050003200,117,03,유형별,09,외곽
603,도시고속도로,1,상행,1070000300,118,03,유형별,09,외곽
603,도시고속도로,1,상행,1070000500,119,03,유형별,09,외곽
603,도시고속도로,1,상행,1070001300,120,03,유형별,09,외곽
603,도시고속도로,1,상행,1120001400,121,03,유형별,09,외곽
603,도시고속도로,1,상행,1120001800,122,03,유형별,09,외곽
805,도심순환도로,2,하행,1010004800,13,02,기능별,11,주간선도로 기능별
805,도심순환도로,2,하행,1000013300,14,02,기능별,11,주간선도로 기능별
805,도심순환도로,2,하행,1000009500,15,02,기능별,11,주간선도로 기능별
805,도심순환도로,2,하행,1000008000,16,02,기능별,11,주간선도로 기능별
805,도심순환도로,2,하행,1000012800,17,02,기능별,11,주간선도로 기능별
805,도심순환도로,2,하행,1010011900,18,02,기능별,11,주간선도로 기능별
805,도심순환도로,2,하행,1000012600,20,02,기능별,11,주간선도로 기능별
805,도심순환도로,2,하행,1000012400,21,02,기능별,11,주간선도로 기능별
806,방화-암사선,1,상행,1150006700,1,02,기능별,11,주간선도로 기능별
806,방화-암사선,1,상행,1150007200,2,02,기능별,11,주간선도로 기능별
806,방화-암사선,1,상행,1240006000,3,02,기능별,11,주간선도로 기능별
806,방화-암사선,1,상행,1240010200,5,02,기능별,11,주간선도로 기능별
806,방화-암사선,1,상행,1240013000,6,02,기능별,11,주간선도로 기능별
806,방화-암사선,1,상행,1240016600,7,02,기능별,11,주간선도로 기능별
806,방화-암사선,1,상행,1240020200,8,02,기능별,11,주간선도로 기능별
806,방화-암사선,1,상행,1240022800,9,02,기능별,11,주간선도로 기능별
806,방화-암사선,1,상행,1240024800,10,02,기능별,11,주간선도로 기능별
806,방화-암사선,1,상행,1230013400,12,02,기능별,11,주간선도로 기능별
806,방화-암사선,1,상행,1230016000,13,02,기능별,11,주간선도로 기능별
806,방화-암사선,1,상행,1230019800,14,02,기능별,11,주간선도로 기능별
806,방화-암사선,1,상행,1230023400,15,02,기능별,11,주간선도로 기능별
806,방화-암사선,1,상행,1230028800,16,02,기능별,11,주간선도로 기능별
806,방화-암사선,1,상행,1220010300,17,02,기능별,11,주간선도로 기능별
806,방화-암사선,1,상행,1220012500,19,02,기능별,11,주간선도로 기능별
806,방화-암사선,1,상행,1220014300,20,02,기능별,11,주간선도로 기능별
806,방화-암사선,1,상행,1220018500,21,02,기능별,11,주간선도로 기능별
806,방화-암사선,1,상행,1220018900,22,02,기능별,11,주간선도로 기능별
806,방화-암사선,1,상행,1220020200,23,02,기능별,11,주간선도로 기능별
806,방화-암사선,1,상행,1220022000,25,02,기능별,11,주간선도로 기능별
806,방화-암사선,1,상행,1220022800,26,02,기능별,11,주간선도로 기능별
806,방화-암사선,1,상행,1220023500,27,02,기능별,11,주간선도로 기능별
806,방화-암사선,1,상행,1200002800,28,02,기능별,11,주간선도로 기능별
806,방화-암사선,1,상행,1200003700,29,02,기능별,11,주간선도로 기능별
806,방화-암사선,1,상행,1200004000,30,02,기능별,11,주간선도로 기능별
806,방화-암사선,1,상행,1200005800,32,02,기능별,11,주간선도로 기능별
806,방화-암사선,1,상행,1200005900,33,02,기능별,11,주간선도로 기능별
806,방화-암사선,1,상행,1200007200,34,02,기능별,11,주간선도로 기능별
806,방화-암사선,1,상행,1200008000,35,02,기능별,11,주간선도로 기능별
806,방화-암사선,1,상행,1210003500,36,02,기능별,11,주간선도로 기능별
806,방화-암사선,1,상행,1210009800,37,02,기능별,11,주간선도로 기능별
806,방화-암사선,1,상행,1210011100,39,02,기능별,11,주간선도로 기능별
806,방화-암사선,1,상행,1210012500,40,02,기능별,11,주간선도로 기능별
806,방화-암사선,1,상행,1210013500,41,02,기능별,11,주간선도로 기능별
806,방화-암사선,1,상행,1210014300,42,02,기능별,11,주간선도로 기능별
806,방화-암사선,1,상행,1210015200,43,02,기능별,11,주간선도로 기능별
806,방화-암사선,1,상행,1150011800,45,02,기능별,11,주간선도로 기능별
806,방화-암사선,1,상행,1150012600,46,02,기능별,11,주간선도로 기능별
806,방화-암사선,1,상행,1150016600,47,02,기능별,11,주간선도로 기능별
806,방화-암사선,1,상행,1150019200,48,02,기능별,11,주간선도로 기능별
806,방화-암사선,1,상행,1160003700,49,02,기능별,11,주간선도로 기능별
806,방화-암사선,1,상행,1160008100,50,02,기능별,11,주간선도로 기능별
806,방화-암사선,1,상행,1160010900,52,02,기능별,11,주간선도로 기능별
806,방화-암사선,1,상행,1160013300,53,02,기능별,11,주간선도로 기능별
806,방화-암사선,1,상행,1160016100,54,02,기능별,11,주간선도로 기능별
806,방화-암사선,1,상행,1200001500,55,02,기능별,11,주간선도로 기능별
806,방화-암사선,1,상행,1200001900,56,02,기능별,11,주간선도로 기능별
806,방화-암사선,1,상행,1200002500,57,02,기능별,11,주간선도로 기능별
806,방화-암사선,1,상행,1140011300,59,02,기능별,11,주간선도로 기능별
806,방화-암사선,1,상행,1140017100,60,02,기능별,11,주간선도로 기능별
806,방화-암사선,1,상행,1140023300,61,02,기능별,11,주간선도로 기능별
806,방화-암사선,1,상행,1140030700,62,02,기능별,11,주간선도로 기능별
806,방화-암사선,1,상행,1140036300,63,02,기능별,11,주간선도로 기능별
806,방화-암사선,1,상행,1150004100,65,02,기능별,11,주간선도로 기능별
806,방화-암사선,1,상행,1150004900,66,02,기능별,11,주간선도로 기능별
806,방화-암사선,2,하행,1240005900,1,02,기능별,11,주간선도로 기능별
806,방화-암사선,2,하행,1240008100,2,02,기능별,11,주간선도로 기능별
806,방화-암사선,2,하행,1240010100,3,02,기능별,11,주간선도로 기능별
806,방화-암사선,2,하행,1240012900,4,02,기능별,11,주간선도로 기능별
806,방화-암사선,2,하행,1240020100,6,02,기능별,11,주간선도로 기능별
806,방화-암사선,2,하행,1240022700,7,02,기능별,11,주간선도로 기능별
806,방화-암사선,2,하행,1240024700,8,02,기능별,11,주간선도로 기능별
806,방화-암사선,2,하행,1230011500,9,02,기능별,11,주간선도로 기능별
806,방화-암사선,2,하행,1230013300,10,02,기능별,11,주간선도로 기능별
806,방화-암사선,2,하행,1230015900,11,02,기능별,11,주간선도로 기능별
806,방화-암사선,2,하행,1230023300,13,02,기능별,11,주간선도로 기능별
806,방화-암사선,2,하행,1230028700,14,02,기능별,11,주간선도로 기능별
806,방화-암사선,2,하행,1220010200,15,02,기능별,11,주간선도로 기능별
806,방화-암사선,2,하행,1220010600,16,02,기능별,11,주간선도로 기능별
806,방화-암사선,2,하행,1220012400,17,02,기능별,11,주간선도로 기능별
806,방화-암사선,2,하행,1220018400,19,02,기능별,11,주간선도로 기능별
806,방화-암사선,2,하행,1220018800,20,02,기능별,11,주간선도로 기능별
806,방화-암사선,2,하행,1220020300,21,02,기능별,11,주간선도로 기능별
806,방화-암사선,2,하행,1220021200,22,02,기능별,11,주간선도로 기능별
806,방화-암사선,2,하행,1220022100,23,02,기능별,11,주간선도로 기능별
806,방화-암사선,2,하행,1220022700,24,02,기능별,11,주간선도로 기능별
806,방화-암사선,2,하행,1200002700,26,02,기능별,11,주간선도로 기능별
806,방화-암사선,2,하행,1200003800,27,02,기능별,11,주간선도로 기능별
806,방화-암사선,2,하행,1200003900,28,02,기능별,11,주간선도로 기능별
806,방화-암사선,2,하행,1200004800,29,02,기능별,11,주간선도로 기능별
806,방화-암사선,2,하행,1200005700,30,02,기능별,11,주간선도로 기능별
806,방화-암사선,2,하행,1200006000,31,02,기능별,11,주간선도로 기능별
806,방화-암사선,2,하행,1200007900,33,02,기능별,11,주간선도로 기능별
806,방화-암사선,2,하행,1210003800,34,02,기능별,11,주간선도로 기능별
806,방화-암사선,2,하행,1210009900,35,02,기능별,11,주간선도로 기능별
806,방화-암사선,2,하행,1210010900,36,02,기능별,11,주간선도로 기능별
806,방화-암사선,2,하행,1210011000,37,02,기능별,11,주간선도로 기능별
806,방화-암사선,2,하행,1210013400,39,02,기능별,11,주간선도로 기능별
806,방화-암사선,2,하행,1210014200,40,02,기능별,11,주간선도로 기능별
806,방화-암사선,2,하행,1210015300,41,02,기능별,11,주간선도로 기능별
806,방화-암사선,2,하행,1210015400,42,02,기능별,11,주간선도로 기능별
806,방화-암사선,2,하행,1150011900,43,02,기능별,11,주간선도로 기능별
806,방화-암사선,2,하행,1150012700,44,02,기능별,11,주간선도로 기능별
806,방화-암사선,2,하행,1150019300,46,02,기능별,11,주간선도로 기능별
806,방화-암사선,2,하행,1160003800,47,02,기능별,11,주간선도로 기능별
806,방화-암사선,2,하행,1160008200,48,02,기능별,11,주간선도로 기능별
806,방화-암사선,2,하행,1160009600,49,02,기능별,11,주간선도로 기능별
806,방화-암사선,2,하행,1160011000,50,02,기능별,11,주간선도로 기능별
806,방화-암사선,2,하행,1160013400,51,02,기능별,11,주간선도로 기능별
806,방화-암사선,2,하행,1200001600,53,02,기능별,11,주간선도로 기능별
806,방화-암사선,2,하행,1200002000,54,02,기능별,11,주간선도로 기능별
806,방화-암사선,2,하행,1200002600,55,02,기능별,11,주간선도로 기능별
806,방화-암사선,2,하행,1140003400,56,02,기능별,11,주간선도로 기능별
806,방화-암사선,2,하행,1140011400,57,02,기능별,11,주간선도로 기능별
806,방화-암사선,2,하행,1140023400,59,02,기능별,11,주간선도로 기능별
806,방화-암사선,2,하행,1140030800,60,02,기능별,11,주간선도로 기능별
806,방화-암사선,2,하행,1140036400,61,02,기능별,11,주간선도로 기능별
806,방화-암사선,2,하행,1140039800,62,02,기능별,11,주간선도로 기능별
806,방화-암사선,2,하행,1150004200,63,02,기능별,11,주간선도로 기능별
806,방화-암사선,2,하행,1150005000,64,02,기능별,11,주간선도로 기능별
806,방화-암사선,2,하행,1150007300,66,02,기능별,11,주간선도로 기능별
807,봉래-세종로선,1,상행,1000008400,1,02,기능별,11,주간선도로 기능별
807,봉래-세종로선,1,상행,1010010000,2,02,기능별,11,주간선도로 기능별
807,봉래-세종로선,1,상행,1010018200,3,02,기능별,11,주간선도로 기능별
807,봉래-세종로선,1,상행,1010006000,4,02,기능별,11,주간선도로 기능별
807,봉래-세종로선,1,상행,1000005200,5,02,기능별,11,주간선도로 기능별
807,봉래-세종로선,1,상행,1010013800,7,02,기능별,11,주간선도로 기능별
807,봉래-세종로선,2,하행,1010013700,1,02,기능별,11,주간선도로 기능별
807,봉래-세종로선,2,하행,1010009900,2,02,기능별,11,주간선도로 기능별
807,봉래-세종로선,2,하행,1010005900,3,02,기능별,11,주간선도로 기능별
807,봉래-세종로선,2,하행,1000008300,4,02,기능별,11,주간선도로 기능별
807,봉래-세종로선,2,하행,1010018100,6,02,기능별,11,주간선도로 기능별
807,봉래-세종로선,2,하행,1010002900,7,02,기능별,11,주간선도로 기능별
808,사당-서빙고선,1,상행,1210023500,1,02,기능별,11,주간선도로 기능별
808,사당-서빙고선,1,상행,1020003600,2,02,기능별,11,주간선도로 기능별
808,사당-서빙고선,1,상행,1020002800,3,02,기능별,11,주간선도로 기능별
808,사당-서빙고선,1,상행,1210021700,4,02,기능별,11,주간선도로 기능별
808,사당-서빙고선,1,상행,1210013300,6,02,기능별,11,주간선도로 기능별
808,사당-서빙고선,1,상행,1210027900,8,02,기능별,11,주간선도로 기능별
808,사당-서빙고선,1,상행,1210024100,9,02,기능별,11,주간선도로 기능별
808,사당-서빙고선,2,하행,1020002700,1,02,기능별,11,주간선도로 기능별
808,사당-서빙고선,2,하행,1020003500,3,02,기능별,11,주간선도로 기능별
808,사당-서빙고선,2,하행,1210023400,5,02,기능별,11,주간선도로 기능별
808,사당-서빙고선,2,하행,1210027800,6,02,기능별,11,주간선도로 기능별
808,사당-서빙고선,2,하행,1210017600,9,02,기능별,11,주간선도로 기능별
808,사당-서빙고선,2,하행,1210021600,10,02,기능별,11,주간선도로 기능별
809,사당-암사선,1,상행,1210017900,1,02,기능별,11,주간선도로 기능별
809,사당-암사선,1,상행,1210017300,2,02,기능별,11,주간선도로 기능별
809,사당-암사선,1,상행,1210020300,3,02,기능별,11,주간선도로 기능별
809,사당-암사선,1,상행,1210021100,4,02,기능별,11,주간선도로 기능별
809,사당-암사선,1,상행,1230036100,6,02,기능별,11,주간선도로 기능별
809,사당-암사선,1,상행,1230036900,7,02,기능별,11,주간선도로 기능별
809,사당-암사선,1,상행,1240009800,8,02,기능별,11,주간선도로 기능별
809,사당-암사선,1,상행,1240011200,9,02,기능별,11,주간선도로 기능별
809,사당-암사선,1,상행,1240012600,10,02,기능별,11,주간선도로 기능별
809,사당-암사선,1,상행,1240015200,11,02,기능별,11,주간선도로 기능별
809,사당-암사선,1,상행,1240018600,13,02,기능별,11,주간선도로 기능별
809,사당-암사선,1,상행,1240020400,14,02,기능별,11,주간선도로 기능별
809,사당-암사선,1,상행,1240026600,15,02,기능별,11,주간선도로 기능별
809,사당-암사선,1,상행,1220028100,16,02,기능별,11,주간선도로 기능별
809,사당-암사선,1,상행,1220028900,17,02,기능별,11,주간선도로 기능별
809,사당-암사선,1,상행,1230024600,19,02,기능별,11,주간선도로 기능별
809,사당-암사선,1,상행,1230025000,20,02,기능별,11,주간선도로 기능별
809,사당-암사선,1,상행,1230025100,21,02,기능별,11,주간선도로 기능별
809,사당-암사선,1,상행,1230025800,22,02,기능별,11,주간선도로 기능별
809,사당-암사선,1,상행,1230027400,23,02,기능별,11,주간선도로 기능별
809,사당-암사선,1,상행,1230029200,24,02,기능별,11,주간선도로 기능별
809,사당-암사선,1,상행,1230032200,26,02,기능별,11,주간선도로 기능별
809,사당-암사선,1,상행,1230033300,27,02,기능별,11,주간선도로 기능별
809,사당-암사선,1,상행,1230035100,28,02,기능별,11,주간선도로 기능별
809,사당-암사선,1,상행,1220023400,29,02,기능별,11,주간선도로 기능별
809,사당-암사선,1,상행,1220024100,30,02,기능별,11,주간선도로 기능별
809,사당-암사선,1,상행,1220025300,31,02,기능별,11,주간선도로 기능별
809,사당-암사선,1,상행,1220026900,33,02,기능별,11,주간선도로 기능별
809,사당-암사선,1,상행,1210014400,34,02,기능별,11,주간선도로 기능별
809,사당-암사선,1,상행,1210016300,35,02,기능별,11,주간선도로 기능별
809,사당-암사선,1,상행,1210019700,36,02,기능별,11,주간선도로 기능별
809,사당-암사선,2,하행,1210019600,1,02,기능별,11,주간선도로 기능별
809,사당-암사선,2,하행,1210021000,3,02,기능별,11,주간선도로 기능별
809,사당-암사선,2,하행,1210022200,4,02,기능별,11,주간선도로 기능별
809,사당-암사선,2,하행,1230036800,5,02,기능별,11,주간선도로 기능별
809,사당-암사선,2,하행,1240009700,6,02,기능별,11,주간선도로 기능별
809,사당-암사선,2,하행,1240011100,7,02,기능별,11,주간선도로 기능별
809,사당-암사선,2,하행,1240012500,8,02,기능별,11,주간선도로 기능별
809,사당-암사선,2,하행,1240016900,10,02,기능별,11,주간선도로 기능별
809,사당-암사선,2,하행,1240018500,11,02,기능별,11,주간선도로 기능별
809,사당-암사선,2,하행,1240020300,12,02,기능별,11,주간선도로 기능별
809,사당-암사선,2,하행,1240026500,13,02,기능별,11,주간선도로 기능별
809,사당-암사선,2,하행,1220028000,14,02,기능별,11,주간선도로 기능별
809,사당-암사선,2,하행,1220028800,15,02,기능별,11,주간선도로 기능별
809,사당-암사선,2,하행,1230024500,17,02,기능별,11,주간선도로 기능별
809,사당-암사선,2,하행,1230024900,18,02,기능별,11,주간선도로 기능별
809,사당-암사선,2,하행,1230025200,19,02,기능별,11,주간선도로 기능별
809,사당-암사선,2,하행,1230025700,20,02,기능별,11,주간선도로 기능별
809,사당-암사선,2,하행,1230027300,21,02,기능별,11,주간선도로 기능별
809,사당-암사선,2,하행,1230029100,23,02,기능별,11,주간선도로 기능별
809,사당-암사선,2,하행,1230030700,24,02,기능별,11,주간선도로 기능별
809,사당-암사선,2,하행,1230032100,25,02,기능별,11,주간선도로 기능별
809,사당-암사선,2,하행,1230033200,26,02,기능별,11,주간선도로 기능별
809,사당-암사선,2,하행,1230035000,27,02,기능별,11,주간선도로 기능별
809,사당-암사선,2,하행,1230036000,28,02,기능별,11,주간선도로 기능별
809,사당-암사선,2,하행,1220024000,30,02,기능별,11,주간선도로 기능별
809,사당-암사선,2,하행,1220025200,31,02,기능별,11,주간선도로 기능별
809,사당-암사선,2,하행,1220026000,32,02,기능별,11,주간선도로 기능별
809,사당-암사선,2,하행,1220026800,33,02,기능별,11,주간선도로 기능별
809,사당-암사선,2,하행,1210014500,34,02,기능별,11,주간선도로 기능별
809,사당-암사선,2,하행,1210016200,35,02,기능별,11,주간선도로 기능별
809,사당-암사선,2,하행,1210017800,37,02,기능별,11,주간선도로 기능별
810,서린-상일선,1,상행,1000002800,1,02,기능별,11,주간선도로 기능별
810,서린-상일선,1,상행,1010019800,2,02,기능별,11,주간선도로 기능별
810,서린-상일선,1,상행,1000003200,3,02,기능별,11,주간선도로 기능별
810,서린-상일선,1,상행,1000003300,4,02,기능별,11,주간선도로 기능별
810,서린-상일선,1,상행,1000004400,6,02,기능별,11,주간선도로 기능별
810,서린-상일선,1,상행,1000005400,7,02,기능별,11,주간선도로 기능별
810,서린-상일선,1,상행,1000005800,8,02,기능별,11,주간선도로 기능별
810,서린-상일선,1,상행,1240001500,9,02,기능별,11,주간선도로 기능별
810,서린-상일선,1,상행,1240001800,10,02,기능별,11,주간선도로 기능별
810,서린-상일선,1,상행,1240002100,11,02,기능별,11,주간선도로 기능별
810,서린-상일선,1,상행,1240000200,13,02,기능별,11,주간선도로 기능별
810,서린-상일선,1,상행,1240000300,14,02,기능별,11,주간선도로 기능별
810,서린-상일선,1,상행,1240000500,15,02,기능별,11,주간선도로 기능별
810,서린-상일선,1,상행,1240000800,16,02,기능별,11,주간선도로 기능별
810,서린-상일선,1,상행,1240000900,17,02,기능별,11,주간선도로 기능별
810,서린-상일선,1,상행,1240001200,18,02,기능별,11,주간선도로 기능별
810,서린-상일선,1,상행,1030015900,20,02,기능별,11,주간선도로 기능별
810,서린-상일선,1,상행,1030017100,21,02,기능별,11,주간선도로 기능별
810,서린-상일선,1,상행,1030020300,22,02,기능별,11,주간선도로 기능별
810,서린-상일선,1,상행,1040001900,23,02,기능별,11,주간선도로 기능별
810,서린-상일선,1,상행,1040002400,24,02,기능별,11,주간선도로 기능별
810,서린-상일선,1,상행,1040003400,27,02,기능별,11,주간선도로 기능별
810,서린-상일선,1,상행,1040003700,28,02,기능별,11,주간선도로 기능별
810,서린-상일선,1,상행,1040004300,29,02,기능별,11,주간선도로 기능별
810,서린-상일선,1,상행,1040004700,30,02,기능별,11,주간선도로 기능별
810,서린-상일선,1,상행,1040015400,32,02,기능별,11,주간선도로 기능별
810,서린-상일선,1,상행,1050003700,33,02,기능별,11,주간선도로 기능별
810,서린-상일선,1,상행,1050005300,35,02,기능별,11,주간선도로 기능별
810,서린-상일선,1,상행,1050006500,37,02,기능별,11,주간선도로 기능별
810,서린-상일선,1,상행,1050007600,38,02,기능별,11,주간선도로 기능별
810,서린-상일선,1,상행,1010019600,39,02,기능별,11,주간선도로 기능별
810,서린-상일선,1,상행,1000002900,40,02,기능별,11,주간선도로 기능별
810,서린-상일선,2,하행,1000003000,1,02,기능별,11,주간선도로 기능별
810,서린-상일선,2,하행,1000003400,3,02,기능별,11,주간선도로 기능별
810,서린-상일선,2,하행,1000003800,4,02,기능별,11,주간선도로 기능별
810,서린-상일선,2,하행,1000004300,5,02,기능별,11,주간선도로 기능별
810,서린-상일선,2,하행,1000005300,6,02,기능별,11,주간선도로 기능별
810,서린-상일선,2,하행,1240001400,7,02,기능별,11,주간선도로 기능별
810,서린-상일선,2,하행,1240001600,8,02,기능별,11,주간선도로 기능별
810,서린-상일선,2,하행,1240002200,10,02,기능별,11,주간선도로 기능별
810,서린-상일선,2,하행,1240002600,11,02,기능별,11,주간선도로 기능별
810,서린-상일선,2,하행,1240000100,12,02,기능별,11,주간선도로 기능별
810,서린-상일선,2,하행,1240000400,13,02,기능별,11,주간선도로 기능별
810,서린-상일선,2,하행,1240000600,14,02,기능별,11,주간선도로 기능별
810,서린-상일선,2,하행,1240001000,16,02,기능별,11,주간선도로 기능별
810,서린-상일선,2,하행,1240001100,17,02,기능별,11,주간선도로 기능별
810,서린-상일선,2,하행,1030016000,18,02,기능별,11,주간선도로 기능별
810,서린-상일선,2,하행,1030017200,19,02,기능별,11,주간선도로 기능별
810,서린-상일선,2,하행,1030020400,20,02,기능별,11,주간선도로 기능별
810,서린-상일선,2,하행,1040002000,21,02,기능별,11,주간선도로 기능별
810,서린-상일선,2,하행,1040002700,23,02,기능별,11,주간선도로 기능별
810,서린-상일선,2,하행,1040003300,24,02,기능별,11,주간선도로 기능별
810,서린-상일선,2,하행,1040003800,25,02,기능별,11,주간선도로 기능별
810,서린-상일선,2,하행,1040004400,26,02,기능별,11,주간선도로 기능별
810,서린-상일선,2,하행,1040004800,27,02,기능별,11,주간선도로 기능별
810,서린-상일선,2,하행,1040005000,28,02,기능별,11,주간선도로 기능별
810,서린-상일선,2,하행,1050003800,30,02,기능별,11,주간선도로 기능별
810,서린-상일선,2,하행,1050004600,31,02,기능별,11,주간선도로 기능별
810,서린-상일선,2,하행,1050005400,32,02,기능별,11,주간선도로 기능별
810,서린-상일선,2,하행,1050005500,33,02,기능별,11,주간선도로 기능별
810,서린-상일선,2,하행,1050006600,34,02,기능별,11,주간선도로 기능별
810,서린-상일선,2,하행,1010019500,36,02,기능별,11,주간선도로 기능별
810,서린-상일선,2,하행,1010019700,37,02,기능별,11,주간선도로 기능별
810,서린-상일선,2,하행,1000002700,38,02,기능별,11,주간선도로 기능별
811,세곡-상계선,1,상행,1060005500,1,02,기능별,11,주간선도로 기능별
811,세곡-상계선,1,상행,1060005100,2,02,기능별,11,주간선도로 기능별
811,세곡-상계선,1,상행,1100000400,3,02,기능별,11,주간선도로 기능별
811,세곡-상계선,1,상행,1100001000,5,02,기능별,11,주간선도로 기능별
811,세곡-상계선,1,상행,1100001200,6,02,기능별,11,주간선도로 기능별
811,세곡-상계선,1,상행,1100001600,7,02,기능별,11,주간선도로 기능별
811,세곡-상계선,1,상행,1100001800,8,02,기능별,11,주간선도로 기능별
811,세곡-상계선,1,상행,1100002200,9,02,기능별,11,주간선도로 기능별
811,세곡-상계선,1,상행,1100002400,10,02,기능별,11,주간선도로 기능별
811,세곡-상계선,1,상행,1100003200,12,02,기능별,11,주간선도로 기능별
811,세곡-상계선,1,상행,1100003600,13,02,기능별,11,주간선도로 기능별
811,세곡-상계선,1,상행,1040001400,14,02,기능별,11,주간선도로 기능별
811,세곡-상계선,1,상행,1040005200,15,02,기능별,11,주간선도로 기능별
811,세곡-상계선,1,상행,1040005400,16,02,기능별,11,주간선도로 기능별
811,세곡-상계선,1,상행,1060000400,18,02,기능별,11,주간선도로 기능별
811,세곡-상계선,1,상행,1060000600,19,02,기능별,11,주간선도로 기능별
811,세곡-상계선,1,상행,1060000800,20,02,기능별,11,주간선도로 기능별
811,세곡-상계선,1,상행,1030000200,21,02,기능별,11,주간선도로 기능별
811,세곡-상계선,1,상행,1030001600,22,02,기능별,11,주간선도로 기능별
811,세곡-상계선,1,상행,1030002200,23,02,기능별,11,주간선도로 기능별
811,세곡-상계선,1,상행,1220002800,25,02,기능별,11,주간선도로 기능별
811,세곡-상계선,1,상행,1220003200,26,02,기능별,11,주간선도로 기능별
811,세곡-상계선,1,상행,1220003400,27,02,기능별,11,주간선도로 기능별
811,세곡-상계선,1,상행,1220004100,28,02,기능별,11,주간선도로 기능별
811,세곡-상계선,1,상행,1220004300,29,02,기능별,11,주간선도로 기능별
811,세곡-상계선,1,상행,1220004900,30,02,기능별,11,주간선도로 기능별
811,세곡-상계선,1,상행,1220005900,32,02,기능별,11,주간선도로 기능별
811,세곡-상계선,1,상행,1220006700,33,02,기능별,11,주간선도로 기능별
811,세곡-상계선,1,상행,1220008100,34,02,기능별,11,주간선도로 기능별
811,세곡-상계선,1,상행,1220010000,35,02,기능별,11,주간선도로 기능별
811,세곡-상계선,1,상행,1220001000,36,02,기능별,11,주간선도로 기능별
811,세곡-상계선,1,상행,1220001600,38,02,기능별,11,주간선도로 기능별
811,세곡-상계선,1,상행,1220002000,39,02,기능별,11,주간선도로 기능별
811,세곡-상계선,1,상행,1100004000,40,02,기능별,11,주간선도로 기능별
811,세곡-상계선,1,상행,1100004400,41,02,기능별,11,주간선도로 기능별
811,세곡-상계선,1,상행,1100004600,42,02,기능별,11,주간선도로 기능별
811,세곡-상계선,1,상행,1100005200,43,02,기능별,11,주간선도로 기능별
811,세곡-상계선,1,상행,1100005800,45,02,기능별,11,주간선도로 기능별
811,세곡-상계선,1,상행,1100006600,46,02,기능별,11,주간선도로 기능별
811,세곡-상계선,1,상행,1100006900,47,02,기능별,11,주간선도로 기능별
811,세곡-상계선,1,상행,1060001000,48,02,기능별,11,주간선도로 기능별
811,세곡-상계선,1,상행,1060001600,49,02,기능별,11,주간선도로 기능별
811,세곡-상계선,1,상행,1060002400,50,02,기능별,11,주간선도로 기능별
811,세곡-상계선,1,상행,1060003800,52,02,기능별,11,주간선도로 기능별
811,세곡-상계선,1,상행,1060004300,53,02,기능별,11,주간선도로 기능별
811,세곡-상계선,1,상행,1060004500,54,02,기능별,11,주간선도로 기능별
811,세곡-상계선,1,상행,1060006000,55,02,기능별,11,주간선도로 기능별
811,세곡-상계선,2,하행,1060005900,1,02,기능별,11,주간선도로 기능별
811,세곡-상계선,2,하행,1100000700,3,02,기능별,11,주간선도로 기능별
811,세곡-상계선,2,하행,1100000900,4,02,기능별,11,주간선도로 기능별
811,세곡-상계선,2,하행,1100001100,5,02,기능별,11,주간선도로 기능별
811,세곡-상계선,2,하행,1100001500,6,02,기능별,11,주간선도로 기능별
811,세곡-상계선,2,하행,1100001700,7,02,기능별,11,주간선도로 기능별
811,세곡-상계선,2,하행,1100002100,8,02,기능별,11,주간선도로 기능별
811,세곡-상계선,2,하행,1100002700,10,02,기능별,11,주간선도로 기능별
811,세곡-상계선,2,하행,1100003100,11,02,기능별,11,주간선도로 기능별
811,세곡-상계선,2,하행,1100003500,12,02,기능별,11,주간선도로 기능별
811,세곡-상계선,2,하행,1040001300,13,02,기능별,11,주간선도로 기능별
811,세곡-상계선,2,하행,1040005100,14,02,기능별,11,주간선도로 기능별
811,세곡-상계선,2,하행,1040005300,15,02,기능별,11,주간선도로 기능별
811,세곡-상계선,2,하행,1060000300,17,02,기능별,11,주간선도로 기능별
811,세곡-상계선,2,하행,1060000500,18,02,기능별,11,주간선도로 기능별
811,세곡-상계선,2,하행,1060000700,19,02,기능별,11,주간선도로 기능별
811,세곡-상계선,2,하행,1060000900,20,02,기능별,11,주간선도로 기능별
811,세곡-상계선,2,하행,1030000100,21,02,기능별,11,주간선도로 기능별
811,세곡-상계선,2,하행,1030002100,23,02,기능별,11,주간선도로 기능별
811,세곡-상계선,2,하행,1220002700,24,02,기능별,11,주간선도로 기능별
811,세곡-상계선,2,하행,1220003100,25,02,기능별,11,주간선도로 기능별
811,세곡-상계선,2,하행,1220003300,26,02,기능별,11,주간선도로 기능별
811,세곡-상계선,2,하행,1220004000,27,02,기능별,11,주간선도로 기능별
811,세곡-상계선,2,하행,1220004200,28,02,기능별,11,주간선도로 기능별
811,세곡-상계선,2,하행,1220005200,30,02,기능별,11,주간선도로 기능별
811,세곡-상계선,2,하행,1220005800,31,02,기능별,11,주간선도로 기능별
811,세곡-상계선,2,하행,1220006600,32,02,기능별,11,주간선도로 기능별
811,세곡-상계선,2,하행,1220008000,33,02,기능별,11,주간선도로 기능별
811,세곡-상계선,2,하행,1220010100,34,02,기능별,11,주간선도로 기능별
811,세곡-상계선,2,하행,1220000900,35,02,기능별,11,주간선도로 기능별
811,세곡-상계선,2,하행,1220001500,37,02,기능별,11,주간선도로 기능별
811,세곡-상계선,2,하행,1220001900,38,02,기능별,11,주간선도로 기능별
811,세곡-상계선,2,하행,1220002200,39,02,기능별,11,주간선도로 기능별
811,세곡-상계선,2,하행,1100003900,40,02,기능별,11,주간선도로 기능별
811,세곡-상계선,2,하행,1100004300,41,02,기능별,11,주간선도로 기능별
811,세곡-상계선,2,하행,1100005100,43,02,기능별,11,주간선도로 기능별
811,세곡-상계선,2,하행,1100005500,44,02,기능별,11,주간선도로 기능별
811,세곡-상계선,2,하행,1100005700,45,02,기능별,11,주간선도로 기능별
811,세곡-상계선,2,하행,1100006500,46,02,기능별,11,주간선도로 기능별
811,세곡-상계선,2,하행,1100007000,47,02,기능별,11,주간선도로 기능별
811,세곡-상계선,2,하행,1060001500,48,02,기능별,11,주간선도로 기능별
811,세곡-상계선,2,하행,1060003500,50,02,기능별,11,주간선도로 기능별
811,세곡-상계선,2,하행,1060003700,51,02,기능별,11,주간선도로 기능별
811,세곡-상계선,2,하행,1060004200,52,02,기능별,11,주간선도로 기능별
811,세곡-상계선,2,하행,1060004400,53,02,기능별,11,주간선도로 기능별
811,세곡-상계선,2,하행,1060005000,54,02,기능별,11,주간선도로 기능별
811,세곡-상계선,2,하행,1060005400,55,02,기능별,11,주간선도로 기능별
812,시흥-중림선,1,상행,1010004200,2,02,기능별,11,주간선도로 기능별
812,시흥-중림선,1,상행,1190006200,3,02,기능별,11,주간선도로 기능별
812,시흥-중림선,1,상행,1020021800,4,02,기능별,11,주간선도로 기능별
812,시흥-중림선,1,상행,1180007500,5,02,기능별,11,주간선도로 기능별
812,시흥-중림선,1,상행,1020017400,6,02,기능별,11,주간선도로 기능별
812,시흥-중림선,1,상행,1020014600,8,02,기능별,11,주간선도로 기능별
812,시흥-중림선,1,상행,1180006500,9,02,기능별,11,주간선도로 기능별
812,시흥-중림선,1,상행,1020010400,10,02,기능별,11,주간선도로 기능별
812,시흥-중림선,1,상행,1190007000,11,02,기능별,11,주간선도로 기능별
812,시흥-중림선,1,상행,1020009800,12,02,기능별,11,주간선도로 기능별
812,시흥-중림선,1,상행,1180005900,13,02,기능별,11,주간선도로 기능별
812,시흥-중림선,1,상행,1170000600,15,02,기능별,11,주간선도로 기능별
812,시흥-중림선,1,상행,1160004400,16,02,기능별,11,주간선도로 기능별
812,시흥-중림선,1,상행,1170007400,17,02,기능별,11,주간선도로 기능별
812,시흥-중림선,1,상행,1180031700,18,02,기능별,11,주간선도로 기능별
812,시흥-중림선,1,상행,1190001400,19,02,기능별,11,주간선도로 기능별
812,시흥-중림선,1,상행,1180023900,20,02,기능별,11,주간선도로 기능별
812,시흥-중림선,1,상행,1180019300,22,02,기능별,11,주간선도로 기능별
812,시흥-중림선,1,상행,1170000200,23,02,기능별,11,주간선도로 기능별
812,시흥-중림선,1,상행,1180012900,24,02,기능별,11,주간선도로 기능별
812,시흥-중림선,1,상행,1170004400,25,02,기능별,11,주간선도로 기능별
812,시흥-중림선,1,상행,1180010300,26,02,기능별,11,주간선도로 기능별
812,시흥-중림선,2,하행,1010004100,1,02,기능별,11,주간선도로 기능별
812,시흥-중림선,2,하행,1010002100,2,02,기능별,11,주간선도로 기능별
812,시흥-중림선,2,하행,1020021700,3,02,기능별,11,주간선도로 기능별
812,시흥-중림선,2,하행,1020017300,4,02,기능별,11,주간선도로 기능별
812,시흥-중림선,2,하행,1020014500,5,02,기능별,11,주간선도로 기능별
812,시흥-중림선,2,하행,1020010300,6,02,기능별,11,주간선도로 기능별
812,시흥-중림선,2,하행,1160005700,8,02,기능별,11,주간선도로 기능별
812,시흥-중림선,2,하행,1160004300,9,02,기능별,11,주간선도로 기능별
812,시흥-중림선,2,하행,1180031600,10,02,기능별,11,주간선도로 기능별
812,시흥-중림선,2,하행,1180023800,11,02,기능별,11,주간선도로 기능별
812,시흥-중림선,2,하행,1180019200,12,02,기능별,11,주간선도로 기능별
812,시흥-중림선,2,하행,1180012800,13,02,기능별,11,주간선도로 기능별
812,시흥-중림선,2,하행,1180007400,15,02,기능별,11,주간선도로 기능별
812,시흥-중림선,2,하행,1180006400,16,02,기능별,11,주간선도로 기능별
812,시흥-중림선,2,하행,1180005800,17,02,기능별,11,주간선도로 기능별
812,시흥-중림선,2,하행,1170007300,18,02,기능별,11,주간선도로 기능별
812,시흥-중림선,2,하행,1170005500,19,02,기능별,11,주간선도로 기능별
812,시흥-중림선,2,하행,1170002900,21,02,기능별,11,주간선도로 기능별
812,시흥-중림선,2,하행,1170000500,22,02,기능별,11,주간선도로 기능별
812,시흥-중림선,2,하행,1170000100,23,02,기능별,11,주간선도로 기능별
812,시흥-중림선,2,하행,1190006900,24,02,기능별,11,주간선도로 기능별
812,시흥-중림선,2,하행,1190006100,25,02,기능별,11,주간선도로 기능별
812,시흥-중림선,2,하행,1190001300,26,02,기능별,11,주간선도로 기능별
813,신림-진관내선,1,상행,1010008900,1,02,기능별,11,주간선도로 기능별
813,신림-진관내선,1,상행,1010004300,2,02,기능별,11,주간선도로 기능별
813,신림-진관내선,1,상행,1200003300,8,02,기능별,11,주간선도로 기능별
813,신림-진관내선,1,상행,1200004900,9,02,기능별,11,주간선도로 기능별
813,신림-진관내선,1,상행,1200006700,10,02,기능별,11,주간선도로 기능별
813,신림-진관내선,1,상행,1120013700,12,02,기능별,11,주간선도로 기능별
813,신림-진관내선,1,상행,1110001900,14,02,기능별,11,주간선도로 기능별
813,신림-진관내선,1,상행,1110002100,15,02,기능별,11,주간선도로 기능별
813,신림-진관내선,1,상행,1110002300,16,02,기능별,11,주간선도로 기능별
813,신림-진관내선,1,상행,1110010100,17,02,기능별,11,주간선도로 기능별
813,신림-진관내선,1,상행,1110011500,18,02,기능별,11,주간선도로 기능별
813,신림-진관내선,1,상행,1110012100,19,02,기능별,11,주간선도로 기능별
813,신림-진관내선,1,상행,1110013700,21,02,기능별,11,주간선도로 기능별
813,신림-진관내선,1,상행,1120010500,22,02,기능별,11,주간선도로 기능별
813,신림-진관내선,1,상행,1120013300,23,02,기능별,11,주간선도로 기능별
813,신림-진관내선,1,상행,1020006100,24,02,기능별,11,주간선도로 기능별
813,신림-진관내선,1,상행,1020007300,25,02,기능별,11,주간선도로 기능별
813,신림-진관내선,1,상행,1020009300,26,02,기능별,11,주간선도로 기능별
813,신림-진관내선,1,상행,1020017700,28,02,기능별,11,주간선도로 기능별
813,신림-진관내선,1,상행,1020020900,29,02,기능별,11,주간선도로 기능별
813,신림-진관내선,1,상행,1020022900,30,02,기능별,11,주간선도로 기능별
813,신림-진관내선,1,상행,1000003500,31,02,기능별,11,주간선도로 기능별
813,신림-진관내선,1,상행,1010001900,32,02,기능별,11,주간선도로 기능별
813,신림-진관내선,2,하행,1010009000,1,02,기능별,11,주간선도로 기능별
813,신림-진관내선,2,하행,1200003400,8,02,기능별,11,주간선도로 기능별
813,신림-진관내선,2,하행,1200005000,9,02,기능별,11,주간선도로 기능별
813,신림-진관내선,2,하행,1200006800,10,02,기능별,11,주간선도로 기능별
813,신림-진관내선,2,하행,1120013800,12,02,기능별,11,주간선도로 기능별
813,신림-진관내선,2,하행,1110001800,13,02,기능별,11,주간선도로 기능별
813,신림-진관내선,2,하행,1110002200,15,02,기능별,11,주간선도로 기능별
813,신림-진관내선,2,하행,1110002400,16,02,기능별,11,주간선도로 기능별
813,신림-진관내선,2,하행,1110010200,17,02,기능별,11,주간선도로 기능별
813,신림-진관내선,2,하행,1110011600,18,02,기능별,11,주간선도로 기능별
813,신림-진관내선,2,하행,1110012200,19,02,기능별,11,주간선도로 기능별
813,신림-진관내선,2,하행,1110013800,21,02,기능별,11,주간선도로 기능별
813,신림-진관내선,2,하행,1120010600,22,02,기능별,11,주간선도로 기능별
813,신림-진관내선,2,하행,1120013400,23,02,기능별,11,주간선도로 기능별
813,신림-진관내선,2,하행,1020006200,24,02,기능별,11,주간선도로 기능별
813,신림-진관내선,2,하행,1020007400,25,02,기능별,11,주간선도로 기능별
813,신림-진관내선,2,하행,1020009400,26,02,기능별,11,주간선도로 기능별
813,신림-진관내선,2,하행,1020017800,28,02,기능별,11,주간선도로 기능별
813,신림-진관내선,2,하행,1020021000,29,02,기능별,11,주간선도로 기능별
813,신림-진관내선,2,하행,1020023000,30,02,기능별,11,주간선도로 기능별
813,신림-진관내선,2,하행,1000003600,31,02,기능별,11,주간선도로 기능별
813,신림-진관내선,2,하행,1010002000,32,02,기능별,11,주간선도로 기능별
813,신림-진관내선,2,하행,1010004400,33,02,기능별,11,주간선도로 기능별
814,신설-공릉선,1,상행,1005004300,2,02,기능별,11,주간선도로 기능별
814,신설-공릉선,1,상행,1005004100,3,02,기능별,11,주간선도로 기능별
814,신설-공릉선,1,상행,1005003900,4,02,기능별,11,주간선도로 기능별
814,신설-공릉선,1,상행,1005002700,5,02,기능별,11,주간선도로 기능별
814,신설-공릉선,1,상행,1070019000,6,02,기능별,11,주간선도로 기능별
814,신설-공릉선,1,상행,1070005200,9,02,기능별,11,주간선도로 기능별
814,신설-공릉선,1,상행,1070003400,10,02,기능별,11,주간선도로 기능별
814,신설-공릉선,1,상행,1070002400,11,02,기능별,11,주간선도로 기능별
814,신설-공릉선,1,상행,1070002200,12,02,기능별,11,주간선도로 기능별
814,신설-공릉선,1,상행,1100009200,14,02,기능별,11,주간선도로 기능별
814,신설-공릉선,1,상행,1100008200,15,02,기능별,11,주간선도로 기능별
814,신설-공릉선,1,상행,1100007800,17,02,기능별,11,주간선도로 기능별
814,신설-공릉선,1,상행,1100007400,19,02,기능별,11,주간선도로 기능별
814,신설-공릉선,2,하행,1005004000,1,02,기능별,11,주간선도로 기능별
814,신설-공릉선,2,하행,1100007100,2,02,기능별,11,주간선도로 기능별
814,신설-공릉선,2,하행,1070009100,3,02,기능별,11,주간선도로 기능별
814,신설-공릉선,2,하행,1100012900,4,02,기능별,11,주간선도로 기능별
814,신설-공릉선,2,하행,1100009100,6,02,기능별,11,주간선도로 기능별
814,신설-공릉선,2,하행,1070005100,7,02,기능별,11,주간선도로 기능별
814,신설-공릉선,2,하행,1100008100,8,02,기능별,11,주간선도로 기능별
814,신설-공릉선,2,하행,1070018900,9,02,기능별,11,주간선도로 기능별
814,신설-공릉선,2,하행,1100007900,10,02,기능별,11,주간선도로 기능별
814,신설-공릉선,2,하행,1070003300,11,02,기능별,11,주간선도로 기능별
814,신설-공릉선,2,하행,1005002800,13,02,기능별,11,주간선도로 기능별
814,신설-공릉선,2,하행,1100007500,14,02,기능별,11,주간선도로 기능별
814,신설-공릉선,2,하행,1070002300,15,02,기능별,11,주간선도로 기능별
814,신설-공릉선,2,하행,1100007300,16,02,기능별,11,주간선도로 기능별
814,신설-공릉선,2,하행,1005004400,17,02,기능별,11,주간선도로 기능별
815,신월-신당선,1,상행,1180035600,1,02,기능별,11,주간선도로 기능별
815,신월-신당선,1,상행,1180037000,2,02,기능별,11,주간선도로 기능별
815,신월-신당선,1,상행,1180037700,3,02,기능별,11,주간선도로 기능별
815,신월-신당선,1,상행,1180039700,4,02,기능별,11,주간선도로 기능별
815,신월-신당선,1,상행,1180040900,5,02,기능별,11,주간선도로 기능별
815,신월-신당선,1,상행,1180003800,6,02,기능별,11,주간선도로 기능별
815,신월-신당선,1,상행,1130002200,8,02,기능별,11,주간선도로 기능별
815,신월-신당선,1,상행,1130002600,9,02,기능별,11,주간선도로 기능별
815,신월-신당선,1,상행,1130002900,10,02,기능별,11,주간선도로 기능별
815,신월-신당선,1,상행,1130003200,11,02,기능별,11,주간선도로 기능별
815,신월-신당선,1,상행,1130003500,12,02,기능별,11,주간선도로 기능별
815,신월-신당선,1,상행,1130003800,13,02,기능별,11,주간선도로 기능별
815,신월-신당선,1,상행,1140029300,15,02,기능별,11,주간선도로 기능별
815,신월-신당선,1,상행,1140029500,16,02,기능별,11,주간선도로 기능별
815,신월-신당선,1,상행,1140041000,17,02,기능별,11,주간선도로 기능별
815,신월-신당선,1,상행,1140041200,18,02,기능별,11,주간선도로 기능별
815,신월-신당선,1,상행,1140041400,19,02,기능별,11,주간선도로 기능별
815,신월-신당선,1,상행,1120000400,21,02,기능별,11,주간선도로 기능별
815,신월-신당선,1,상행,1120000500,22,02,기능별,11,주간선도로 기능별
815,신월-신당선,1,상행,1120004200,23,02,기능별,11,주간선도로 기능별
815,신월-신당선,1,상행,1010011100,24,02,기능별,11,주간선도로 기능별
815,신월-신당선,1,상행,1010011500,25,02,기능별,11,주간선도로 기능별
815,신월-신당선,1,상행,1010013300,26,02,기능별,11,주간선도로 기능별
815,신월-신당선,1,상행,1010014200,28,02,기능별,11,주간선도로 기능별
815,신월-신당선,1,상행,1010014400,29,02,기능별,11,주간선도로 기능별
815,신월-신당선,1,상행,1010014800,30,02,기능별,11,주간선도로 기능별
815,신월-신당선,1,상행,1010014900,31,02,기능별,11,주간선도로 기능별
815,신월-신당선,1,상행,1010015800,32,02,기능별,11,주간선도로 기능별
815,신월-신당선,1,상행,1010016200,33,02,기능별,11,주간선도로 기능별
815,신월-신당선,1,상행,1010007400,35,02,기능별,11,주간선도로 기능별
815,신월-신당선,2,하행,1180035700,1,02,기능별,11,주간선도로 기능별
815,신월-신당선,2,하행,1010007300,2,02,기능별,11,주간선도로 기능별
815,신월-신당선,2,하행,1180037600,3,02,기능별,11,주간선도로 기능별
815,신월-신당선,2,하행,1180039600,4,02,기능별,11,주간선도로 기능별
815,신월-신당선,2,하행,1180003700,6,02,기능별,11,주간선도로 기능별
815,신월-신당선,2,하행,1130001500,7,02,기능별,11,주간선도로 기능별
815,신월-신당선,2,하행,1130002100,8,02,기능별,11,주간선도로 기능별
815,신월-신당선,2,하행,1130002500,9,02,기능별,11,주간선도로 기능별
815,신월-신당선,2,하행,1130003000,10,02,기능별,11,주간선도로 기능별
815,신월-신당선,2,하행,1130003100,11,02,기능별,11,주간선도로 기능별
815,신월-신당선,2,하행,1130003700,13,02,기능별,11,주간선도로 기능별
815,신월-신당선,2,하행,1140022100,14,02,기능별,11,주간선도로 기능별
815,신월-신당선,2,하행,1140024900,15,02,기능별,11,주간선도로 기능별
815,신월-신당선,2,하행,1140026100,16,02,기능별,11,주간선도로 기능별
815,신월-신당선,2,하행,1140028100,17,02,기능별,11,주간선도로 기능별
815,신월-신당선,2,하행,1140028900,18,02,기능별,11,주간선도로 기능별
815,신월-신당선,2,하행,1140029600,20,02,기능별,11,주간선도로 기능별
815,신월-신당선,2,하행,1120000100,21,02,기능별,11,주간선도로 기능별
815,신월-신당선,2,하행,1120000300,22,02,기능별,11,주간선도로 기능별
815,신월-신당선,2,하행,1120000600,23,02,기능별,11,주간선도로 기능별
815,신월-신당선,2,하행,1120004100,24,02,기능별,11,주간선도로 기능별
815,신월-신당선,2,하행,1010011600,26,02,기능별,11,주간선도로 기능별
815,신월-신당선,2,하행,1010013400,27,02,기능별,11,주간선도로 기능별
815,신월-신당선,2,하행,1010013900,28,02,기능별,11,주간선도로 기능별
815,신월-신당선,2,하행,1010014100,29,02,기능별,11,주간선도로 기능별
815,신월-신당선,2,하행,1010014300,30,02,기능별,11,주간선도로 기능별
815,신월-신당선,2,하행,1010014700,31,02,기능별,11,주간선도로 기능별
815,신월-신당선,2,하행,1010015700,33,02,기능별,11,주간선도로 기능별
815,신월-신당선,2,하행,1010016100,34,02,기능별,11,주간선도로 기능별
815,신월-신당선,2,하행,1010005700,35,02,기능별,11,주간선도로 기능별
815,신월-신당선,2,하행,1180037100,36,02,기능별,11,주간선도로 기능별
816,신정-봉천선,1,상행,1160016300,1,02,기능별,11,주간선도로 기능별
816,신정-봉천선,1,상행,1200008900,2,02,기능별,11,주간선도로 기능별
816,신정-봉천선,1,상행,1160011100,4,02,기능별,11,주간선도로 기능별
816,신정-봉천선,1,상행,1200006900,5,02,기능별,11,주간선도로 기능별
816,신정-봉천선,1,상행,1160007700,6,02,기능별,11,주간선도로 기능별
816,신정-봉천선,1,상행,1200010500,7,02,기능별,11,주간선도로 기능별
816,신정-봉천선,1,상행,1180017000,8,02,기능별,11,주간선도로 기능별
816,신정-봉천선,1,상행,1180016400,10,02,기능별,11,주간선도로 기능별
816,신정-봉천선,1,상행,1200004300,11,02,기능별,11,주간선도로 기능별
816,신정-봉천선,1,상행,1180014800,12,02,기능별,11,주간선도로 기능별
816,신정-봉천선,1,상행,1200005500,13,02,기능별,11,주간선도로 기능별
816,신정-봉천선,1,상행,1180013600,14,02,기능별,11,주간선도로 기능별
816,신정-봉천선,1,상행,1160013900,15,02,기능별,11,주간선도로 기능별
816,신정-봉천선,2,하행,1160011200,2,02,기능별,11,주간선도로 기능별
816,신정-봉천선,2,하행,1160007800,3,02,기능별,11,주간선도로 기능별
816,신정-봉천선,2,하행,1180017100,4,02,기능별,11,주간선도로 기능별
816,신정-봉천선,2,하행,1180016500,5,02,기능별,11,주간선도로 기능별
816,신정-봉천선,2,하행,1180014900,6,02,기능별,11,주간선도로 기능별
816,신정-봉천선,2,하행,1180013700,7,02,기능별,11,주간선도로 기능별
816,신정-봉천선,2,하행,1200011400,9,02,기능별,11,주간선도로 기능별
816,신정-봉천선,2,하행,1200010600,10,02,기능별,11,주간선도로 기능별
816,신정-봉천선,2,하행,1200010300,11,02,기능별,11,주간선도로 기능별
816,신정-봉천선,2,하행,1200009000,12,02,기능별,11,주간선도로 기능별
816,신정-봉천선,2,하행,1200007000,13,02,기능별,11,주간선도로 기능별
816,신정-봉천선,2,하행,1200004400,15,02,기능별,11,주간선도로 기능별
817,양재-혜화선,1,상행,1220034500,1,02,기능별,11,주간선도로 기능별
817,양재-혜화선,1,상행,1010008800,2,02,기능별,11,주간선도로 기능별
817,양재-혜화선,1,상행,1220013500,3,02,기능별,11,주간선도로 기능별
817,양재-혜화선,1,상행,1010001600,4,02,기능별,11,주간선도로 기능별
817,양재-혜화선,1,상행,1220032300,5,02,기능별,11,주간선도로 기능별
817,양재-혜화선,1,상행,1220007300,7,02,기능별,11,주간선도로 기능별
817,양재-혜화선,1,상행,1000009000,8,02,기능별,11,주간선도로 기능별
817,양재-혜화선,1,상행,1220029700,9,02,기능별,11,주간선도로 기능별
817,양재-혜화선,1,상행,1000006000,10,02,기능별,11,주간선도로 기능별
817,양재-혜화선,1,상행,1220009100,11,02,기능별,11,주간선도로 기능별
817,양재-혜화선,1,상행,1030012400,12,02,기능별,11,주간선도로 기능별
817,양재-혜화선,1,상행,1030008800,14,02,기능별,11,주간선도로 기능별
817,양재-혜화선,1,상행,1220006300,15,02,기능별,11,주간선도로 기능별
817,양재-혜화선,1,상행,1030005800,16,02,기능별,11,주간선도로 기능별
817,양재-혜화선,1,상행,1220023000,17,02,기능별,11,주간선도로 기능별
817,양재-혜화선,1,상행,1010018400,18,02,기능별,11,주간선도로 기능별
817,양재-혜화선,1,상행,1010013600,20,02,기능별,11,주간선도로 기능별
817,양재-혜화선,1,상행,1220019900,21,02,기능별,11,주간선도로 기능별
817,양재-혜화선,1,상행,1220037100,22,02,기능별,11,주간선도로 기능별
817,양재-혜화선,1,상행,1220006500,23,02,기능별,11,주간선도로 기능별
817,양재-혜화선,1,상행,1220036700,24,02,기능별,11,주간선도로 기능별
817,양재-혜화선,1,상행,1010003800,25,02,기능별,11,주간선도로 기능별
817,양재-혜화선,2,하행,1010003700,2,02,기능별,11,주간선도로 기능별
817,양재-혜화선,2,하행,1010001500,3,02,기능별,11,주간선도로 기능별
817,양재-혜화선,2,하행,1000015900,4,02,기능별,11,주간선도로 기능별
817,양재-혜화선,2,하행,1000008900,5,02,기능별,11,주간선도로 기능별
817,양재-혜화선,2,하행,1000005900,6,02,기능별,11,주간선도로 기능별
817,양재-혜화선,2,하행,1030012300,7,02,기능별,11,주간선도로 기능별
817,양재-혜화선,2,하행,1030005700,9,02,기능별,11,주간선도로 기능별
817,양재-혜화선,2,하행,1010018300,10,02,기능별,11,주간선도로 기능별
817,양재-혜화선,2,하행,1010013500,11,02,기능별,11,주간선도로 기능별
817,양재-혜화선,2,하행,1220037000,12,02,기능별,11,주간선도로 기능별
817,양재-혜화선,2,하행,1220034400,13,02,기능별,11,주간선도로 기능별
817,양재-혜화선,2,하행,1220029600,15,02,기능별,11,주간선도로 기능별
817,양재-혜화선,2,하행,1220026200,16,02,기능별,11,주간선도로 기능별
817,양재-혜화선,2,하행,1220022900,17,02,기능별,11,주간선도로 기능별
817,양재-혜화선,2,하행,1220019800,18,02,기능별,11,주간선도로 기능별
817,양재-혜화선,2,하행,1220013400,19,02,기능별,11,주간선도로 기능별
817,양재-혜화선,2,하행,1220009000,20,02,기능별,11,주간선도로 기능별
817,양재-혜화선,2,하행,1220007200,22,02,기능별,11,주간선도로 기능별
817,양재-혜화선,2,하행,1220006400,23,02,기능별,11,주간선도로 기능별
817,양재-혜화선,2,하행,1220006200,24,02,기능별,11,주간선도로 기능별
817,양재-혜화선,2,하행,1220036600,25,02,기능별,11,주간선도로 기능별
818,양평-노고산선,1,상행,1180041100,1,02,기능별,11,주간선도로 기능별
818,양평-노고산선,1,상행,1180030100,5,02,기능별,11,주간선도로 기능별
818,양평-노고산선,1,상행,1180029600,6,02,기능별,11,주간선도로 기능별
818,양평-노고산선,1,상행,1180033300,7,02,기능별,11,주간선도로 기능별
818,양평-노고산선,1,상행,1180031800,10,02,기능별,11,주간선도로 기능별
818,양평-노고산선,1,상행,1180031500,11,02,기능별,11,주간선도로 기능별
818,양평-노고산선,1,상행,1180034000,12,02,기능별,11,주간선도로 기능별
818,양평-노고산선,2,하행,1180031900,5,02,기능별,11,주간선도로 기능별
818,양평-노고산선,2,하행,1180031400,6,02,기능별,11,주간선도로 기능별
818,양평-노고산선,2,하행,1180030700,7,02,기능별,11,주간선도로 기능별
818,양평-노고산선,2,하행,1180030000,8,02,기능별,11,주간선도로 기능별
818,양평-노고산선,2,하행,1180029700,9,02,기능별,11,주간선도로 기능별
818,양평-노고산선,2,하행,1180041000,10,02,기능별,11,주간선도로 기능별
818,양평-노고산선,2,하행,1180036400,12,02,기능별,11,주간선도로 기능별
819,온수-망우선,1,상행,1010000200,1,02,기능별,11,주간선도로 기능별
819,온수-망우선,1,상행,1180000200,2,02,기능별,11,주간선도로 기능별
819,온수-망우선,1,상행,1180000400,3,02,기능별,11,주간선도로 기능별
819,온수-망우선,1,상행,1180000800,4,02,기능별,11,주간선도로 기능별
819,온수-망우선,1,상행,1180001200,6,02,기능별,11,주간선도로 기능별
819,온수-망우선,1,상행,1180001600,7,02,기능별,11,주간선도로 기능별
819,온수-망우선,1,상행,1130000600,13,02,기능별,11,주간선도로 기능별
819,온수-망우선,1,상행,1130001200,14,02,기능별,11,주간선도로 기능별
819,온수-망우선,1,상행,1130001800,15,02,기능별,11,주간선도로 기능별
819,온수-망우선,1,상행,1130002800,16,02,기능별,11,주간선도로 기능별
819,온수-망우선,1,상행,1160000200,17,02,기능별,11,주간선도로 기능별
819,온수-망우선,1,상행,1160000400,18,02,기능별,11,주간선도로 기능별
819,온수-망우선,1,상행,1160000800,20,02,기능별,11,주간선도로 기능별
819,온수-망우선,1,상행,1160001000,21,02,기능별,11,주간선도로 기능별
819,온수-망우선,1,상행,1160001400,22,02,기능별,11,주간선도로 기능별
819,온수-망우선,1,상행,1160001600,23,02,기능별,11,주간선도로 기능별
819,온수-망우선,1,상행,1160001700,24,02,기능별,11,주간선도로 기능별
819,온수-망우선,1,상행,1160002200,26,02,기능별,11,주간선도로 기능별
819,온수-망우선,1,상행,1160002800,28,02,기능별,11,주간선도로 기능별
819,온수-망우선,1,상행,1160003000,29,02,기능별,11,주간선도로 기능별
819,온수-망우선,1,상행,1120000800,30,02,기능별,11,주간선도로 기능별
819,온수-망우선,1,상행,1120001000,31,02,기능별,11,주간선도로 기능별
819,온수-망우선,1,상행,1060001400,33,02,기능별,11,주간선도로 기능별
819,온수-망우선,1,상행,1060001800,34,02,기능별,11,주간선도로 기능별
819,온수-망우선,1,상행,1060002000,35,02,기능별,11,주간선도로 기능별
819,온수-망우선,1,상행,1060002200,36,02,기능별,11,주간선도로 기능별
819,온수-망우선,1,상행,1060002600,37,02,기능별,11,주간선도로 기능별
819,온수-망우선,1,상행,1060002800,38,02,기능별,11,주간선도로 기능별
819,온수-망우선,1,상행,1060003200,40,02,기능별,11,주간선도로 기능별
819,온수-망우선,1,상행,1060003400,41,02,기능별,11,주간선도로 기능별
819,온수-망우선,1,상행,1050000500,42,02,기능별,11,주간선도로 기능별
819,온수-망우선,1,상행,1050000700,43,02,기능별,11,주간선도로 기능별
819,온수-망우선,1,상행,1050000900,44,02,기능별,11,주간선도로 기능별
819,온수-망우선,1,상행,1050001300,46,02,기능별,11,주간선도로 기능별
819,온수-망우선,1,상행,1050001500,47,02,기능별,11,주간선도로 기능별
819,온수-망우선,1,상행,1050001700,48,02,기능별,11,주간선도로 기능별
819,온수-망우선,1,상행,1050002100,49,02,기능별,11,주간선도로 기능별
819,온수-망우선,1,상행,1050002500,50,02,기능별,11,주간선도로 기능별
819,온수-망우선,1,상행,1050002700,51,02,기능별,11,주간선도로 기능별
819,온수-망우선,1,상행,1050003000,53,02,기능별,11,주간선도로 기능별
819,온수-망우선,1,상행,1000000200,54,02,기능별,11,주간선도로 기능별
819,온수-망우선,1,상행,1000000300,55,02,기능별,11,주간선도로 기능별
819,온수-망우선,1,상행,1000000600,56,02,기능별,11,주간선도로 기능별
819,온수-망우선,1,상행,1000000800,57,02,기능별,11,주간선도로 기능별
819,온수-망우선,1,상행,1000001000,58,02,기능별,11,주간선도로 기능별
819,온수-망우선,1,상행,1000001400,60,02,기능별,11,주간선도로 기능별
819,온수-망우선,1,상행,1000001600,61,02,기능별,11,주간선도로 기능별
819,온수-망우선,1,상행,1000001800,62,02,기능별,11,주간선도로 기능별
819,온수-망우선,1,상행,1000002000,63,02,기능별,11,주간선도로 기능별
819,온수-망우선,1,상행,1000002200,64,02,기능별,11,주간선도로 기능별
819,온수-망우선,2,하행,1000000100,1,02,기능별,11,주간선도로 기능별
819,온수-망우선,2,하행,1000000400,2,02,기능별,11,주간선도로 기능별
819,온수-망우선,2,하행,1000000500,3,02,기능별,11,주간선도로 기능별
819,온수-망우선,2,하행,1000000700,4,02,기능별,11,주간선도로 기능별
819,온수-망우선,2,하행,1000000900,5,02,기능별,11,주간선도로 기능별
819,온수-망우선,2,하행,1000001100,6,02,기능별,11,주간선도로 기능별
819,온수-망우선,2,하행,1000001500,8,02,기능별,11,주간선도로 기능별
819,온수-망우선,2,하행,1000001700,9,02,기능별,11,주간선도로 기능별
819,온수-망우선,2,하행,1000001900,10,02,기능별,11,주간선도로 기능별
819,온수-망우선,2,하행,1000002100,11,02,기능별,11,주간선도로 기능별
819,온수-망우선,2,하행,1000002300,12,02,기능별,11,주간선도로 기능별
819,온수-망우선,2,하행,1010000100,13,02,기능별,11,주간선도로 기능별
819,온수-망우선,2,하행,1050000600,15,02,기능별,11,주간선도로 기능별
819,온수-망우선,2,하행,1050000800,16,02,기능별,11,주간선도로 기능별
819,온수-망우선,2,하행,1050001000,17,02,기능별,11,주간선도로 기능별
819,온수-망우선,2,하행,1050001200,18,02,기능별,11,주간선도로 기능별
819,온수-망우선,2,하행,1050001400,19,02,기능별,11,주간선도로 기능별
819,온수-망우선,2,하행,1050002400,22,02,기능별,11,주간선도로 기능별
819,온수-망우선,2,하행,1050002600,23,02,기능별,11,주간선도로 기능별
819,온수-망우선,2,하행,1050002800,24,02,기능별,11,주간선도로 기능별
819,온수-망우선,2,하행,1050003100,25,02,기능별,11,주간선도로 기능별
819,온수-망우선,2,하행,1060001300,27,02,기능별,11,주간선도로 기능별
819,온수-망우선,2,하행,1060001700,28,02,기능별,11,주간선도로 기능별
819,온수-망우선,2,하행,1060002100,30,02,기능별,11,주간선도로 기능별
819,온수-망우선,2,하행,1060002700,32,02,기능별,11,주간선도로 기능별
819,온수-망우선,2,하행,1060002900,33,02,기능별,11,주간선도로 기능별
819,온수-망우선,2,하행,1060003100,34,02,기능별,11,주간선도로 기능별
819,온수-망우선,2,하행,1060003300,35,02,기능별,11,주간선도로 기능별
819,온수-망우선,2,하행,1120000700,36,02,기능별,11,주간선도로 기능별
819,온수-망우선,2,하행,1130000100,38,02,기능별,11,주간선도로 기능별
819,온수-망우선,2,하행,1130000500,39,02,기능별,11,주간선도로 기능별
819,온수-망우선,2,하행,1130001100,40,02,기능별,11,주간선도로 기능별
819,온수-망우선,2,하행,1130001700,41,02,기능별,11,주간선도로 기능별
819,온수-망우선,2,하행,1130002700,42,02,기능별,11,주간선도로 기능별
819,온수-망우선,2,하행,1160000100,43,02,기능별,11,주간선도로 기능별
819,온수-망우선,2,하행,1160000500,45,02,기능별,11,주간선도로 기능별
819,온수-망우선,2,하행,1160000700,46,02,기능별,11,주간선도로 기능별
819,온수-망우선,2,하행,1160000900,47,02,기능별,11,주간선도로 기능별
819,온수-망우선,2,하행,1160001300,48,02,기능별,11,주간선도로 기능별
819,온수-망우선,2,하행,1160001500,49,02,기능별,11,주간선도로 기능별
819,온수-망우선,2,하행,1160002000,51,02,기능별,11,주간선도로 기능별
819,온수-망우선,2,하행,1160002100,52,02,기능별,11,주간선도로 기능별
819,온수-망우선,2,하행,1160002300,53,02,기능별,11,주간선도로 기능별
819,온수-망우선,2,하행,1160002700,54,02,기능별,11,주간선도로 기능별
819,온수-망우선,2,하행,1160002900,55,02,기능별,11,주간선도로 기능별
819,온수-망우선,2,하행,1180000100,56,02,기능별,11,주간선도로 기능별
819,온수-망우선,2,하행,1180000700,58,02,기능별,11,주간선도로 기능별
819,온수-망우선,2,하행,1180000900,59,02,기능별,11,주간선도로 기능별
819,온수-망우선,2,하행,1180001100,60,02,기능별,11,주간선도로 기능별
819,온수-망우선,2,하행,1180001500,61,02,기능별,11,주간선도로 기능별
820,우면-수서선,1,상행,1220014500,1,02,기능별,11,주간선도로 기능별
820,우면-수서선,1,상행,1210002600,2,02,기능별,11,주간선도로 기능별
820,우면-수서선,1,상행,1220000600,3,02,기능별,11,주간선도로 기능별
820,우면-수서선,1,상행,1210001800,4,02,기능별,11,주간선도로 기능별
820,우면-수서선,1,상행,1210001200,6,02,기능별,11,주간선도로 기능별
820,우면-수서선,1,상행,1210002800,7,02,기능별,11,주간선도로 기능별
820,우면-수서선,1,상행,1210001000,8,02,기능별,11,주간선도로 기능별
820,우면-수서선,1,상행,1220000800,9,02,기능별,11,주간선도로 기능별
820,우면-수서선,1,상행,1220000400,10,02,기능별,11,주간선도로 기능별
820,우면-수서선,1,상행,1210000500,11,02,기능별,11,주간선도로 기능별
820,우면-수서선,1,상행,1220000200,13,02,기능별,11,주간선도로 기능별
820,우면-수서선,2,하행,1210002700,1,02,기능별,11,주간선도로 기능별
820,우면-수서선,2,하행,1210002500,2,02,기능별,11,주간선도로 기능별
820,우면-수서선,2,하행,1210001700,3,02,기능별,11,주간선도로 기능별
820,우면-수서선,2,하행,1210001100,4,02,기능별,11,주간선도로 기능별
820,우면-수서선,2,하행,1210000900,5,02,기능별,11,주간선도로 기능별
820,우면-수서선,2,하행,1220014400,7,02,기능별,11,주간선도로 기능별
820,우면-수서선,2,하행,1220012800,8,02,기능별,11,주간선도로 기능별
820,우면-수서선,2,하행,1220000700,9,02,기능별,11,주간선도로 기능별
820,우면-수서선,2,하행,1220000500,10,02,기능별,11,주간선도로 기능별
820,우면-수서선,2,하행,1220000300,11,02,기능별,11,주간선도로 기능별
820,우면-수서선,2,하행,1220017000,13,02,기능별,11,주간선도로 기능별
821,우면-중학선,1,상행,1210018500,1,02,기능별,11,주간선도로 기능별
821,우면-중학선,1,상행,1210026700,2,02,기능별,11,주간선도로 기능별
821,우면-중학선,1,상행,1210025100,7,02,기능별,11,주간선도로 기능별
821,우면-중학선,1,상행,1010012600,12,02,기능별,11,주간선도로 기능별
821,우면-중학선,1,상행,1010009600,14,02,기능별,11,주간선도로 기능별
821,우면-중학선,1,상행,1010007600,16,02,기능별,11,주간선도로 기능별
821,우면-중학선,1,상행,1210021900,17,02,기능별,11,주간선도로 기능별
821,우면-중학선,1,상행,1010005000,18,02,기능별,11,주간선도로 기능별
821,우면-중학선,1,상행,1010002800,20,02,기능별,11,주간선도로 기능별
821,우면-중학선,1,상행,1210016100,21,02,기능별,11,주간선도로 기능별
821,우면-중학선,2,하행,1010012500,6,02,기능별,11,주간선도로 기능별
821,우면-중학선,2,하행,1010007500,8,02,기능별,11,주간선도로 기능별
821,우면-중학선,2,하행,1010004900,9,02,기능별,11,주간선도로 기능별
821,우면-중학선,2,하행,1010002700,10,02,기능별,11,주간선도로 기능별
821,우면-중학선,2,하행,1210028800,16,02,기능별,11,주간선도로 기능별
821,우면-중학선,2,하행,1210026600,17,02,기능별,11,주간선도로 기능별
821,우면-중학선,2,하행,1210025000,18,02,기능별,11,주간선도로 기능별
821,우면-중학선,2,하행,1210021800,19,02,기능별,11,주간선도로 기능별
821,우면-중학선,2,하행,1210016000,21,02,기능별,11,주간선도로 기능별
821,우면-중학선,2,하행,1210014000,22,02,기능별,11,주간선도로 기능별
822,을지-둔촌선,1,상행,1230031100,1,02,기능별,11,주간선도로 기능별
822,을지-둔촌선,1,상행,1230032400,2,02,기능별,11,주간선도로 기능별
822,을지-둔촌선,1,상행,1230033800,3,02,기능별,11,주간선도로 기능별
822,을지-둔촌선,1,상행,1230034600,5,02,기능별,11,주간선도로 기능별
822,을지-둔촌선,1,상행,1230035400,6,02,기능별,11,주간선도로 기능별
822,을지-둔촌선,1,상행,1230037000,7,02,기능별,11,주간선도로 기능별
822,을지-둔촌선,1,상행,1030010000,8,02,기능별,11,주간선도로 기능별
822,을지-둔촌선,1,상행,1030010100,9,02,기능별,11,주간선도로 기능별
822,을지-둔촌선,1,상행,1030012100,11,02,기능별,11,주간선도로 기능별
822,을지-둔촌선,1,상행,1030012500,12,02,기능별,11,주간선도로 기능별
822,을지-둔촌선,1,상행,1030013900,13,02,기능별,11,주간선도로 기능별
822,을지-둔촌선,1,상행,1030014300,14,02,기능별,11,주간선도로 기능별
822,을지-둔촌선,1,상행,1030015300,15,02,기능별,11,주간선도로 기능별
822,을지-둔촌선,1,상행,1030016300,16,02,기능별,11,주간선도로 기능별
822,을지-둔촌선,1,상행,1040009400,18,02,기능별,11,주간선도로 기능별
822,을지-둔촌선,1,상행,1040010400,19,02,기능별,11,주간선도로 기능별
822,을지-둔촌선,1,상행,1040011400,20,02,기능별,11,주간선도로 기능별
822,을지-둔촌선,1,상행,1040012600,21,02,기능별,11,주간선도로 기능별
822,을지-둔촌선,1,상행,1040012800,22,02,기능별,11,주간선도로 기능별
822,을지-둔촌선,1,상행,1040013000,23,02,기능별,11,주간선도로 기능별
822,을지-둔촌선,1,상행,1040013600,25,02,기능별,11,주간선도로 기능별
822,을지-둔촌선,1,상행,1010010400,26,02,기능별,11,주간선도로 기능별
822,을지-둔촌선,1,상행,1010011800,27,02,기능별,11,주간선도로 기능별
822,을지-둔촌선,1,상행,1010013100,28,02,기능별,11,주간선도로 기능별
822,을지-둔촌선,2,하행,1230031200,1,02,기능별,11,주간선도로 기능별
822,을지-둔촌선,2,하행,1230033900,3,02,기능별,11,주간선도로 기능별
822,을지-둔촌선,2,하행,1230034200,4,02,기능별,11,주간선도로 기능별
822,을지-둔촌선,2,하행,1230034700,5,02,기능별,11,주간선도로 기능별
822,을지-둔촌선,2,하행,1230035500,6,02,기능별,11,주간선도로 기능별
822,을지-둔촌선,2,하행,1230037100,7,02,기능별,11,주간선도로 기능별
822,을지-둔촌선,2,하행,1030009900,8,02,기능별,11,주간선도로 기능별
822,을지-둔촌선,2,하행,1030010800,10,02,기능별,11,주간선도로 기능별
822,을지-둔촌선,2,하행,1030012200,11,02,기능별,11,주간선도로 기능별
822,을지-둔촌선,2,하행,1030012600,12,02,기능별,11,주간선도로 기능별
822,을지-둔촌선,2,하행,1030014000,13,02,기능별,11,주간선도로 기능별
822,을지-둔촌선,2,하행,1030014400,14,02,기능별,11,주간선도로 기능별
822,을지-둔촌선,2,하행,1030015400,15,02,기능별,11,주간선도로 기능별
822,을지-둔촌선,2,하행,1030017600,17,02,기능별,11,주간선도로 기능별
822,을지-둔촌선,2,하행,1040009500,18,02,기능별,11,주간선도로 기능별
822,을지-둔촌선,2,하행,1040010500,19,02,기능별,11,주간선도로 기능별
822,을지-둔촌선,2,하행,1040011500,20,02,기능별,11,주간선도로 기능별
822,을지-둔촌선,2,하행,1040012700,21,02,기능별,11,주간선도로 기능별
822,을지-둔촌선,2,하행,1040013100,23,02,기능별,11,주간선도로 기능별
822,을지-둔촌선,2,하행,1040013500,24,02,기능별,11,주간선도로 기능별
822,을지-둔촌선,2,하행,1040013700,25,02,기능별,11,주간선도로 기능별
822,을지-둔촌선,2,하행,1010010300,26,02,기능별,11,주간선도로 기능별
822,을지-둔촌선,2,하행,1010011700,27,02,기능별,11,주간선도로 기능별
822,을지-둔촌선,2,하행,1230032500,28,02,기능별,11,주간선도로 기능별
823,장지-가회선,1,상행,1220011800,2,02,기능별,11,주간선도로 기능별
823,장지-가회선,1,상행,1020008500,3,02,기능별,11,주간선도로 기능별
823,장지-가회선,1,상행,1230000200,4,02,기능별,11,주간선도로 기능별
823,장지-가회선,1,상행,1010016500,5,02,기능별,11,주간선도로 기능별
823,장지-가회선,1,상행,1220006100,6,02,기능별,11,주간선도로 기능별
823,장지-가회선,1,상행,1010012300,7,02,기능별,11,주간선도로 기능별
823,장지-가회선,1,상행,1010007700,9,02,기능별,11,주간선도로 기능별
823,장지-가회선,1,상행,1220030600,10,02,기능별,11,주간선도로 기능별
823,장지-가회선,1,상행,1010003300,11,02,기능별,11,주간선도로 기능별
823,장지-가회선,1,상행,1210010200,12,02,기능별,11,주간선도로 기능별
823,장지-가회선,1,상행,1000010300,13,02,기능별,11,주간선도로 기능별
823,장지-가회선,1,상행,1000006900,15,02,기능별,11,주간선도로 기능별
823,장지-가회선,1,상행,1210030600,16,02,기능별,11,주간선도로 기능별
823,장지-가회선,1,상행,1000003900,17,02,기능별,11,주간선도로 기능별
823,장지-가회선,1,상행,1220025000,18,02,기능별,11,주간선도로 기능별
823,장지-가회선,1,상행,1020020300,19,02,기능별,11,주간선도로 기능별
823,장지-가회선,1,상행,1210011200,20,02,기능별,11,주간선도로 기능별
823,장지-가회선,1,상행,1220021000,22,02,기능별,11,주간선도로 기능별
823,장지-가회선,1,상행,1210007600,23,02,기능별,11,주간선도로 기능별
823,장지-가회선,1,상행,1210007100,24,02,기능별,11,주간선도로 기능별
823,장지-가회선,1,상행,1210030000,25,02,기능별,11,주간선도로 기능별
823,장지-가회선,1,상행,1220016200,26,02,기능별,11,주간선도로 기능별
823,장지-가회선,1,상행,1210006800,27,02,기능별,11,주간선도로 기능별
823,장지-가회선,1,상행,1210006200,29,02,기능별,11,주간선도로 기능별
823,장지-가회선,1,상행,1230000300,30,02,기능별,11,주간선도로 기능별
823,장지-가회선,2,하행,1020008600,1,02,기능별,11,주간선도로 기능별
823,장지-가회선,2,하행,1010016600,2,02,기능별,11,주간선도로 기능별
823,장지-가회선,2,하행,1010012400,3,02,기능별,11,주간선도로 기능별
823,장지-가회선,2,하행,1010003400,5,02,기능별,11,주간선도로 기능별
823,장지-가회선,2,하행,1000010400,6,02,기능별,11,주간선도로 기능별
823,장지-가회선,2,하행,1000007000,7,02,기능별,11,주간선도로 기능별
823,장지-가회선,2,하행,1000004000,8,02,기능별,11,주간선도로 기능별
823,장지-가회선,2,하행,1020020400,9,02,기능별,11,주간선도로 기능별
823,장지-가회선,2,하행,1210008500,10,02,기능별,11,주간선도로 기능별
823,장지-가회선,2,하행,1210007000,12,02,기능별,11,주간선도로 기능별
823,장지-가회선,2,하행,1210006900,13,02,기능별,11,주간선도로 기능별
603,도시고속도로,1,상행,1120002200,123,03,유형별,09,외곽
603,도시고속도로,1,상행,1120002400,124,03,유형별,09,외곽
603,도시고속도로,1,상행,1130004900,125,03,유형별,09,외곽
603,도시고속도로,1,상행,1130006600,126,03,유형별,09,외곽
603,도시고속도로,1,상행,1179910010,127,03,유형별,09,외곽
603,도시고속도로,1,상행,1179910020,128,03,유형별,09,외곽
603,도시고속도로,1,상행,1179910030,129,03,유형별,09,외곽
603,도시고속도로,1,상행,1209910040,130,03,유형별,09,외곽
603,도시고속도로,1,상행,1209910050,131,03,유형별,09,외곽
603,도시고속도로,1,상행,1209910060,132,03,유형별,09,외곽
603,도시고속도로,1,상행,1209910070,133,03,유형별,09,외곽
603,도시고속도로,1,상행,1209910080,134,03,유형별,09,외곽
603,도시고속도로,1,상행,1219910090,135,03,유형별,09,외곽
603,도시고속도로,1,상행,1219910100,136,03,유형별,09,외곽
603,도시고속도로,1,상행,1219910110,137,03,유형별,09,외곽
603,도시고속도로,2,하행,1070000400,138,03,유형별,09,외곽
603,도시고속도로,2,하행,1070000600,139,03,유형별,09,외곽
603,도시고속도로,2,하행,1070001400,140,03,유형별,09,외곽
603,도시고속도로,2,하행,1120001300,141,03,유형별,09,외곽
603,도시고속도로,2,하행,1120001700,142,03,유형별,09,외곽
603,도시고속도로,2,하행,1120002100,143,03,유형별,09,외곽
603,도시고속도로,2,하행,1120002300,144,03,유형별,09,외곽
603,도시고속도로,2,하행,1130005400,145,03,유형별,09,외곽
603,도시고속도로,2,하행,1130006500,146,03,유형별,09,외곽
604,기타도로,2,하행,1180002100,147,03,유형별,09,외곽
604,기타도로,2,하행,1180002900,148,03,유형별,09,외곽
604,기타도로,2,하행,1180003900,149,03,유형별,09,외곽
603,도시고속도로,2,하행,1210000701,150,03,유형별,09,외곽
603,도시고속도로,2,하행,1210002000,151,03,유형별,09,외곽
603,도시고속도로,2,하행,1210002900,152,03,유형별,09,외곽
603,도시고속도로,2,하행,1210004000,153,03,유형별,09,외곽
603,도시고속도로,2,하행,1210004200,154,03,유형별,09,외곽
603,도시고속도로,2,하행,1210005200,155,03,유형별,09,외곽
603,도시고속도로,2,하행,2060011501,156,03,유형별,09,외곽
603,도시고속도로,2,하행,1140000100,157,03,유형별,09,외곽
603,도시고속도로,2,하행,1140000101,158,03,유형별,09,외곽
603,도시고속도로,2,하행,1140029100,159,03,유형별,09,외곽
603,도시고속도로,2,하행,1140040500,160,03,유형별,09,외곽
603,도시고속도로,2,하행,1140040700,161,03,유형별,09,외곽
603,도시고속도로,2,하행,1150002300,162,03,유형별,09,외곽
603,도시고속도로,2,하행,1150003100,163,03,유형별,09,외곽
603,도시고속도로,2,하행,1150004500,164,03,유형별,09,외곽
603,도시고속도로,2,하행,1150006000,165,03,유형별,09,외곽
603,도시고속도로,2,하행,1150006500,166,03,유형별,09,외곽
603,도시고속도로,2,하행,1180002700,167,03,유형별,09,외곽
603,도시고속도로,2,하행,1180004100,168,03,유형별,09,외곽
603,도시고속도로,2,하행,1180005000,169,03,유형별,09,외곽
603,도시고속도로,2,하행,1180005600,170,03,유형별,09,외곽
603,도시고속도로,2,하행,1190000100,171,03,유형별,09,외곽
603,도시고속도로,2,하행,1190000500,172,03,유형별,09,외곽
603,도시고속도로,2,하행,1210004300,173,03,유형별,09,외곽
603,도시고속도로,2,하행,1210004600,174,03,유형별,09,외곽
603,도시고속도로,2,하행,1210005000,175,03,유형별,09,외곽
603,도시고속도로,2,하행,1210005400,176,03,유형별,09,외곽
603,도시고속도로,2,하행,1210006500,177,03,유형별,09,외곽
603,도시고속도로,2,하행,1220004400,178,03,유형별,09,외곽
603,도시고속도로,2,하행,1220005400,179,03,유형별,09,외곽
603,도시고속도로,2,하행,1220005700,180,03,유형별,09,외곽
603,도시고속도로,2,하행,1230004000,181,03,유형별,09,외곽
603,도시고속도로,2,하행,1230004300,182,03,유형별,09,외곽
603,도시고속도로,2,하행,1230004500,183,03,유형별,09,외곽
603,도시고속도로,2,하행,1230004800,184,03,유형별,09,외곽
603,도시고속도로,2,하행,1230005200,185,03,유형별,09,외곽
603,도시고속도로,2,하행,1230005400,186,03,유형별,09,외곽
603,도시고속도로,2,하행,1240002000,187,03,유형별,09,외곽
603,도시고속도로,2,하행,1240003200,188,03,유형별,09,외곽
603,도시고속도로,2,하행,1240003400,189,03,유형별,09,외곽
603,도시고속도로,2,하행,1240003700,190,03,유형별,09,외곽
603,도시고속도로,2,하행,1240005000,191,03,유형별,09,외곽
603,도시고속도로,2,하행,1240005400,192,03,유형별,09,외곽
603,도시고속도로,2,하행,1130007300,193,03,유형별,09,외곽
603,도시고속도로,2,하행,2180000101,194,03,유형별,09,외곽
603,도시고속도로,2,하행,1000002500,195,03,유형별,09,외곽
603,도시고속도로,2,하행,1030002500,196,03,유형별,09,외곽
603,도시고속도로,2,하행,1030002800,197,03,유형별,09,외곽
603,도시고속도로,2,하행,1050001900,198,03,유형별,09,외곽
603,도시고속도로,2,하행,1050003300,199,03,유형별,09,외곽
603,도시고속도로,2,하행,1030001300,15,03,유형별,09,외곽
603,도시고속도로,2,하행,1030001800,13,03,유형별,09,외곽
603,도시고속도로,2,하행,1030001900,14,03,유형별,09,외곽
603,도시고속도로,2,하행,1030002600,12,03,유형별,09,외곽
603,도시고속도로,2,하행,1050000300,11,03,유형별,09,외곽
603,도시고속도로,2,하행,1050003600,10,03,유형별,09,외곽
603,도시고속도로,2,하행,1100000500,9,03,유형별,09,외곽
603,도시고속도로,2,하행,1100001300,207,03,유형별,09,외곽
603,도시고속도로,2,하행,1100001900,208,03,유형별,09,외곽
603,도시고속도로,2,하행,1100002500,209,03,유형별,09,외곽
603,도시고속도로,2,하행,1100002900,210,03,유형별,09,외곽
603,도시고속도로,2,하행,1100003300,211,03,유형별,09,외곽
603,도시고속도로,2,하행,1100003700,212,03,유형별,09,외곽
603,도시고속도로,2,하행,1100004100,213,03,유형별,09,외곽
603,도시고속도로,2,하행,1100004700,214,03,유형별,09,외곽
603,도시고속도로,2,하행,1100005300,215,03,유형별,09,외곽
603,도시고속도로,2,하행,1100006700,216,03,유형별,09,외곽
603,도시고속도로,2,하행,1020000100,217,03,유형별,09,외곽
603,도시고속도로,2,하행,1020000400,218,03,유형별,09,외곽
603,도시고속도로,2,하행,1020000500,219,03,유형별,09,외곽
603,도시고속도로,2,하행,1020000700,220,03,유형별,09,외곽
603,도시고속도로,2,하행,1020001000,221,03,유형별,09,외곽
603,도시고속도로,2,하행,1020001100,222,03,유형별,09,외곽
603,도시고속도로,2,하행,1020001300,223,03,유형별,09,외곽
603,도시고속도로,2,하행,1020001600,224,03,유형별,09,외곽
603,도시고속도로,2,하행,1020001700,225,03,유형별,09,외곽
603,도시고속도로,2,하행,1030000300,226,03,유형별,09,외곽
603,도시고속도로,2,하행,1030000500,227,03,유형별,09,외곽
603,도시고속도로,2,하행,1030000700,228,03,유형별,09,외곽
603,도시고속도로,2,하행,1030000900,229,03,유형별,09,외곽
603,도시고속도로,2,하행,1030001200,230,03,유형별,09,외곽
603,도시고속도로,2,하행,1040000100,231,03,유형별,09,외곽
603,도시고속도로,2,하행,1040000600,232,03,유형별,09,외곽
603,도시고속도로,2,하행,1040000700,233,03,유형별,09,외곽
603,도시고속도로,2,하행,1040001200,234,03,유형별,09,외곽
603,도시고속도로,2,하행,1040001600,235,03,유형별,09,외곽
603,도시고속도로,2,하행,1040002200,236,03,유형별,09,외곽
603,도시고속도로,2,하행,1040004200,237,03,유형별,09,외곽
603,도시고속도로,2,하행,1130000300,238,03,유형별,09,외곽
603,도시고속도로,2,하행,1130000700,239,03,유형별,09,외곽
603,도시고속도로,2,하행,1130000900,240,03,유형별,09,외곽
603,도시고속도로,2,하행,1130001300,241,03,유형별,09,외곽
603,도시고속도로,2,하행,1130001900,242,03,유형별,09,외곽
603,도시고속도로,2,하행,1130002300,243,03,유형별,09,외곽
603,도시고속도로,2,하행,1130003300,244,03,유형별,09,외곽
603,도시고속도로,2,하행,1130004300,245,03,유형별,09,외곽
603,도시고속도로,2,하행,1130005700,246,03,유형별,09,외곽
603,도시고속도로,2,하행,1130006900,247,03,유형별,09,외곽
603,도시고속도로,2,하행,2210000600,248,03,유형별,09,외곽
603,도시고속도로,2,하행,1060006700,249,03,유형별,09,외곽
603,도시고속도로,2,하행,1070000100,250,03,유형별,09,외곽
603,도시고속도로,2,하행,1070001500,251,03,유형별,09,외곽
603,도시고속도로,2,하행,1220001800,252,03,유형별,09,외곽
603,도시고속도로,2,하행,1220003000,253,03,유형별,09,외곽
603,도시고속도로,2,하행,1220003900,254,03,유형별,09,외곽
603,도시고속도로,2,하행,1220005100,255,03,유형별,09,외곽
603,도시고속도로,2,하행,1230001600,256,03,유형별,09,외곽
604,기타도로,2,하행,1160001100,257,03,유형별,09,외곽
604,기타도로,2,하행,1160002500,258,03,유형별,09,외곽
604,기타도로,2,하행,1160003100,259,03,유형별,09,외곽
604,기타도로,2,하행,1170000900,260,03,유형별,09,외곽
604,기타도로,2,하행,1170001100,261,03,유형별,09,외곽
604,기타도로,2,하행,1170001300,262,03,유형별,09,외곽
604,기타도로,2,하행,1180001300,263,03,유형별,09,외곽
603,도시고속도로,2,하행,1219920010,264,03,유형별,09,외곽
603,도시고속도로,2,하행,1219920020,265,03,유형별,09,외곽
603,도시고속도로,2,하행,1219920030,266,03,유형별,09,외곽
603,도시고속도로,2,하행,1209920040,267,03,유형별,09,외곽
603,도시고속도로,2,하행,1209920050,268,03,유형별,09,외곽
603,도시고속도로,2,하행,1209920060,269,03,유형별,09,외곽
603,도시고속도로,2,하행,1209920070,270,03,유형별,09,외곽
603,도시고속도로,2,하행,1209920080,271,03,유형별,09,외곽
603,도시고속도로,2,하행,1179920090,272,03,유형별,09,외곽
603,도시고속도로,2,하행,1179920100,273,03,유형별,09,외곽
603,도시고속도로,2,하행,1179920110,274,03,유형별,09,외곽
604,기타도로,1,상행,1170006000,1,03,유형별,09,외곽
604,기타도로,1,상행,1170007200,2,03,유형별,09,외곽
604,기타도로,1,상행,1050007600,2,03,유형별,09,외곽
604,기타도로,1,상행,1170000700,4,03,유형별,09,외곽
604,기타도로,1,상행,1170002100,5,03,유형별,09,외곽
604,기타도로,1,상행,1170002300,6,03,유형별,09,외곽
604,기타도로,1,상행,1010006200,7,03,유형별,09,외곽
604,기타도로,1,상행,1030008400,8,03,유형별,09,외곽
604,기타도로,1,상행,1030011400,9,03,유형별,09,외곽
604,기타도로,1,상행,1030012800,10,03,유형별,09,외곽
604,기타도로,1,상행,1030015000,11,03,유형별,09,외곽
604,기타도로,1,상행,1000002200,12,03,유형별,09,외곽
604,기타도로,1,상행,1170001500,12,03,유형별,09,외곽
604,기타도로,1,상행,1040015000,14,03,유형별,09,외곽
604,기타도로,1,상행,1000002400,14,03,유형별,09,외곽
604,기타도로,1,상행,1040015900,16,03,유형별,09,외곽
604,기타도로,1,상행,1040016100,17,03,유형별,09,외곽
604,기타도로,1,상행,1040016300,18,03,유형별,09,외곽
604,기타도로,1,상행,1150004800,19,03,유형별,09,외곽
604,기타도로,1,상행,1150005200,20,03,유형별,09,외곽
604,기타도로,1,상행,1150010400,21,03,유형별,09,외곽
604,기타도로,1,상행,1210029400,22,03,유형별,09,외곽
604,기타도로,1,상행,1020020100,22,03,유형별,09,외곽
604,기타도로,1,상행,1210029700,24,03,유형별,09,외곽
604,기타도로,1,상행,1000005800,24,03,유형별,09,외곽
604,기타도로,1,상행,1020020300,24,03,유형별,09,외곽
604,기타도로,1,상행,1030005700,27,03,유형별,09,외곽
604,기타도로,1,상행,1200001100,27,03,유형별,09,외곽
604,기타도로,1,상행,1170005400,29,03,유형별,09,외곽
604,기타도로,1,상행,1030008700,29,03,유형별,09,외곽
604,기타도로,1,상행,1030012300,31,03,유형별,09,외곽
604,기타도로,1,상행,1170006800,31,03,유형별,09,외곽
604,기타도로,1,상행,1170008800,33,03,유형별,09,외곽
604,기타도로,1,상행,1170010200,34,03,유형별,09,외곽
604,기타도로,1,상행,1170010800,35,03,유형별,09,외곽
604,기타도로,1,상행,1010015600,36,03,유형별,09,외곽
604,기타도로,1,상행,1010019400,37,03,유형별,09,외곽
604,기타도로,1,상행,1010020200,38,03,유형별,09,외곽
604,기타도로,1,상행,1030013000,39,03,유형별,09,외곽
604,기타도로,1,상행,1030015600,40,03,유형별,09,외곽
604,기타도로,1,상행,1180007600,41,03,유형별,09,외곽
604,기타도로,1,상행,1180010000,42,03,유형별,09,외곽
604,기타도로,1,상행,1200010100,43,03,유형별,09,외곽
604,기타도로,1,상행,1180012500,44,03,유형별,09,외곽
604,기타도로,1,상행,1180008700,45,03,유형별,09,외곽
604,기타도로,1,상행,1180009700,46,03,유형별,09,외곽
604,기타도로,1,상행,1180011100,47,03,유형별,09,외곽
604,기타도로,1,상행,1180012300,48,03,유형별,09,외곽
604,기타도로,1,상행,1000015500,48,03,유형별,09,외곽
604,기타도로,1,상행,3201507800,50,03,유형별,09,외곽
604,기타도로,1,상행,1000015900,50,03,유형별,09,외곽
604,기타도로,1,상행,1010010400,52,03,유형별,09,외곽
604,기타도로,1,상행,1130008000,52,03,유형별,09,외곽
604,기타도로,1,상행,1000017700,52,03,유형별,09,외곽
604,기타도로,1,상행,1010011500,55,03,유형별,09,외곽
604,기타도로,1,상행,1000019300,55,03,유형별,09,외곽
604,기타도로,1,상행,1130009900,55,03,유형별,09,외곽
604,기타도로,1,상행,1130011700,58,03,유형별,09,외곽
604,기타도로,1,상행,1010000300,58,03,유형별,09,외곽
604,기타도로,1,상행,1010011800,58,03,유형별,09,외곽
604,기타도로,1,상행,1130014700,61,03,유형별,09,외곽
604,기타도로,1,상행,1010001300,61,03,유형별,09,외곽
604,기타도로,1,상행,1010001500,63,03,유형별,09,외곽
604,기타도로,1,상행,1200001000,63,03,유형별,09,외곽
604,기타도로,1,상행,1010013100,63,03,유형별,09,외곽
604,기타도로,1,상행,1010013300,66,03,유형별,09,외곽
604,기타도로,1,상행,1200003200,66,03,유형별,09,외곽
604,기타도로,1,상행,1010002700,66,03,유형별,09,외곽
604,기타도로,1,상행,1200006200,69,03,유형별,09,외곽
604,기타도로,1,상행,1200009400,70,03,유형별,09,외곽
604,기타도로,1,상행,1010003300,70,03,유형별,09,외곽
604,기타도로,1,상행,1010003700,72,03,유형별,09,외곽
604,기타도로,1,상행,3201508400,72,03,유형별,09,외곽
604,기타도로,1,상행,1140003300,74,03,유형별,09,외곽
604,기타도로,1,상행,1140011300,75,03,유형별,09,외곽
604,기타도로,1,상행,1010005300,75,03,유형별,09,외곽
604,기타도로,1,상행,1140017100,77,03,유형별,09,외곽
604,기타도로,1,상행,1010019600,78,03,유형별,09,외곽
604,기타도로,1,상행,1140023300,78,03,유형별,09,외곽
604,기타도로,1,상행,1010019800,80,03,유형별,09,외곽
604,기타도로,1,상행,1140030700,80,03,유형별,09,외곽
604,기타도로,1,상행,1030020300,82,03,유형별,09,외곽
604,기타도로,1,상행,1140036300,82,03,유형별,09,외곽
604,기타도로,1,상행,1140039700,84,03,유형별,09,외곽
604,기타도로,1,상행,1050005600,84,03,유형별,09,외곽
604,기타도로,1,상행,1150011800,86,03,유형별,09,외곽
604,기타도로,1,상행,1150012600,87,03,유형별,09,외곽
604,기타도로,1,상행,1160003700,88,03,유형별,09,외곽
604,기타도로,1,상행,1160008100,89,03,유형별,09,외곽
604,기타도로,1,상행,1160009500,90,03,유형별,09,외곽
604,기타도로,1,상행,1160010900,91,03,유형별,09,외곽
604,기타도로,1,상행,1160013300,92,03,유형별,09,외곽
604,기타도로,1,상행,1160016100,93,03,유형별,09,외곽
604,기타도로,1,상행,1200001500,94,03,유형별,09,외곽
604,기타도로,1,상행,1200001900,95,03,유형별,09,외곽
604,기타도로,1,상행,1200002500,96,03,유형별,09,외곽
604,기타도로,1,상행,1200002800,97,03,유형별,09,외곽
604,기타도로,1,상행,1200003700,98,03,유형별,09,외곽
604,기타도로,1,상행,1200004000,99,03,유형별,09,외곽
604,기타도로,1,상행,1200004700,100,03,유형별,09,외곽
604,기타도로,1,상행,1200005800,101,03,유형별,09,외곽
604,기타도로,1,상행,1200005900,102,03,유형별,09,외곽
604,기타도로,1,상행,1200007200,103,03,유형별,09,외곽
604,기타도로,1,상행,1200008000,104,03,유형별,09,외곽
604,기타도로,1,상행,1210003500,105,03,유형별,09,외곽
604,기타도로,1,상행,1210009800,106,03,유형별,09,외곽
604,기타도로,1,상행,1210010800,107,03,유형별,09,외곽
604,기타도로,1,상행,1210011100,108,03,유형별,09,외곽
604,기타도로,1,상행,1210012500,109,03,유형별,09,외곽
604,기타도로,1,상행,1210013500,110,03,유형별,09,외곽
604,기타도로,1,상행,1210014300,111,03,유형별,09,외곽
604,기타도로,1,상행,1210015200,112,03,유형별,09,외곽
604,기타도로,1,상행,1210015500,113,03,유형별,09,외곽
604,기타도로,1,상행,1220010300,114,03,유형별,09,외곽
604,기타도로,1,상행,1220010700,115,03,유형별,09,외곽
604,기타도로,1,상행,1220012500,116,03,유형별,09,외곽
604,기타도로,1,상행,1220014300,117,03,유형별,09,외곽
604,기타도로,1,상행,1220018500,118,03,유형별,09,외곽
604,기타도로,1,상행,1220020200,119,03,유형별,09,외곽
604,기타도로,1,상행,1220021300,120,03,유형별,09,외곽
604,기타도로,1,상행,1220022000,121,03,유형별,09,외곽
604,기타도로,1,상행,1220022800,122,03,유형별,09,외곽
604,기타도로,1,상행,1220023500,123,03,유형별,09,외곽
604,기타도로,1,상행,1100013800,124,03,유형별,09,외곽
604,기타도로,1,상행,1100017000,125,03,유형별,09,외곽
604,기타도로,1,상행,1100019200,126,03,유형별,09,외곽
604,기타도로,1,상행,1100022000,127,03,유형별,09,외곽
604,기타도로,1,상행,1100024400,128,03,유형별,09,외곽
604,기타도로,1,상행,1100026000,129,03,유형별,09,외곽
604,기타도로,1,상행,1100026800,130,03,유형별,09,외곽
604,기타도로,1,상행,1100027800,131,03,유형별,09,외곽
604,기타도로,1,상행,1100029200,132,03,유형별,09,외곽
604,기타도로,1,상행,1100030400,133,03,유형별,09,외곽
604,기타도로,1,상행,1100030800,134,03,유형별,09,외곽
604,기타도로,1,상행,1100031600,135,03,유형별,09,외곽
604,기타도로,1,상행,1100032000,136,03,유형별,09,외곽
604,기타도로,1,상행,1100032200,137,03,유형별,09,외곽
604,기타도로,1,상행,1100028900,138,03,유형별,09,외곽
604,기타도로,1,상행,1080010300,139,03,유형별,09,외곽
604,기타도로,1,상행,1080012300,140,03,유형별,09,외곽
604,기타도로,1,상행,1090004100,141,03,유형별,09,외곽
604,기타도로,1,상행,1190007300,141,03,유형별,09,외곽
604,기타도로,1,상행,1090005100,143,03,유형별,09,외곽
604,기타도로,1,상행,1090005400,144,03,유형별,09,외곽
604,기타도로,1,상행,1090005500,145,03,유형별,09,외곽
604,기타도로,1,상행,1090005700,146,03,유형별,09,외곽
604,기타도로,1,상행,1090005900,147,03,유형별,09,외곽
604,기타도로,1,상행,1090006500,148,03,유형별,09,외곽
604,기타도로,1,상행,1100028500,149,03,유형별,09,외곽
604,기타도로,1,상행,1100028700,150,03,유형별,09,외곽
604,기타도로,1,상행,1100029500,151,03,유형별,09,외곽
604,기타도로,1,상행,1020008800,152,03,유형별,09,외곽
604,기타도로,1,상행,1020021500,153,03,유형별,09,외곽
604,기타도로,1,상행,1130026900,154,03,유형별,09,외곽
604,기타도로,1,상행,1130027900,155,03,유형별,09,외곽
604,기타도로,1,상행,1130029100,156,03,유형별,09,외곽
604,기타도로,1,상행,1130029700,157,03,유형별,09,외곽
604,기타도로,1,상행,1040006300,158,03,유형별,09,외곽
604,기타도로,1,상행,1180003300,158,03,유형별,09,외곽
604,기타도로,1,상행,1180003500,160,03,유형별,09,외곽
604,기타도로,1,상행,1040009100,160,03,유형별,09,외곽
604,기타도로,1,상행,1180004300,162,03,유형별,09,외곽
604,기타도로,1,상행,1040012100,162,03,유형별,09,외곽
604,기타도로,1,상행,1040014300,164,03,유형별,09,외곽
604,기타도로,1,상행,1180025800,164,03,유형별,09,외곽
604,기타도로,1,상행,1180034600,166,03,유형별,09,외곽
604,기타도로,1,상행,1040015300,166,03,유형별,09,외곽
604,기타도로,1,상행,1180039000,168,03,유형별,09,외곽
604,기타도로,1,상행,1040016700,168,03,유형별,09,외곽
604,기타도로,1,상행,1010001700,170,03,유형별,09,외곽
604,기타도로,1,상행,1180040600,170,03,유형별,09,외곽
604,기타도로,1,상행,1190006500,172,03,유형별,09,외곽
604,기타도로,1,상행,1010006700,172,03,유형별,09,외곽
604,기타도로,1,상행,1010015900,174,03,유형별,09,외곽
604,기타도로,1,상행,1190006800,174,03,유형별,09,외곽
604,기타도로,1,상행,1190007100,176,03,유형별,09,외곽
604,기타도로,1,상행,1010019100,176,03,유형별,09,외곽
604,기타도로,1,상행,1020021300,178,03,유형별,09,외곽
604,기타도로,1,상행,1050005800,179,03,유형별,09,외곽
604,기타도로,1,상행,1050006200,180,03,유형별,09,외곽
604,기타도로,1,상행,1050007000,181,03,유형별,09,외곽
604,기타도로,1,상행,1050007200,182,03,유형별,09,외곽
604,기타도로,1,상행,1050007400,183,03,유형별,09,외곽
604,기타도로,1,상행,1050008800,184,03,유형별,09,외곽
604,기타도로,1,상행,1050010800,185,03,유형별,09,외곽
604,기타도로,1,상행,1050011000,186,03,유형별,09,외곽
604,기타도로,1,상행,1060007000,187,03,유형별,09,외곽
604,기타도로,1,상행,1060007200,188,03,유형별,09,외곽
604,기타도로,1,상행,1180017500,189,03,유형별,09,외곽
604,기타도로,1,상행,1180021900,190,03,유형별,09,외곽
604,기타도로,1,상행,1180025700,191,03,유형별,09,외곽
604,기타도로,1,상행,1180031100,192,03,유형별,09,외곽
604,기타도로,1,상행,1180035100,193,03,유형별,09,외곽
604,기타도로,1,상행,1180038300,194,03,유형별,09,외곽
604,기타도로,1,상행,1180040300,195,03,유형별,09,외곽
604,기타도로,1,상행,1180036600,196,03,유형별,09,외곽
604,기타도로,1,상행,1180006200,197,03,유형별,09,외곽
604,기타도로,1,상행,1180006600,198,03,유형별,09,외곽
604,기타도로,1,상행,1050019700,199,03,유형별,09,외곽
604,기타도로,1,상행,1050020100,200,03,유형별,09,외곽
604,기타도로,1,상행,1130016400,201,03,유형별,09,외곽
604,기타도로,1,상행,1160005400,202,03,유형별,09,외곽
604,기타도로,1,상행,1160007200,203,03,유형별,09,외곽
604,기타도로,1,상행,1160009000,204,03,유형별,09,외곽
604,기타도로,1,상행,1160010800,205,03,유형별,09,외곽
604,기타도로,1,상행,1160012400,206,03,유형별,09,외곽
604,기타도로,1,상행,3201503700,207,03,유형별,09,외곽
604,기타도로,1,상행,3201503900,208,03,유형별,09,외곽
604,기타도로,1,상행,3201504100,209,03,유형별,09,외곽
604,기타도로,1,상행,3201504500,210,03,유형별,09,외곽
604,기타도로,1,상행,3201506500,211,03,유형별,09,외곽
604,기타도로,1,상행,1160009400,212,03,유형별,09,외곽
604,기타도로,1,상행,1160012000,213,03,유형별,09,외곽
604,기타도로,1,상행,1160012800,214,03,유형별,09,외곽
604,기타도로,1,상행,1160013800,215,03,유형별,09,외곽
604,기타도로,1,상행,1160014800,216,03,유형별,09,외곽
604,기타도로,1,상행,1160016000,217,03,유형별,09,외곽
604,기타도로,1,상행,3201502500,218,03,유형별,09,외곽
604,기타도로,1,상행,3201505700,219,03,유형별,09,외곽
604,기타도로,1,상행,3201505900,220,03,유형별,09,외곽
604,기타도로,1,상행,3201507100,221,03,유형별,09,외곽
604,기타도로,1,상행,3201500900,222,03,유형별,09,외곽
604,기타도로,1,상행,3201501100,223,03,유형별,09,외곽
604,기타도로,1,상행,3201501700,224,03,유형별,09,외곽
604,기타도로,1,상행,3201501500,225,03,유형별,09,외곽
604,기타도로,1,상행,3201501800,226,03,유형별,09,외곽
604,기타도로,1,상행,3201503000,227,03,유형별,09,외곽
604,기타도로,1,상행,3201508600,228,03,유형별,09,외곽
604,기타도로,1,상행,3201507500,229,03,유형별,09,외곽
604,기타도로,1,상행,1040007600,230,03,유형별,09,외곽
604,기타도로,1,상행,1040011800,231,03,유형별,09,외곽
604,기타도로,1,상행,1040013200,232,03,유형별,09,외곽
604,기타도로,1,상행,1240011500,233,03,유형별,09,외곽
604,기타도로,1,상행,1240012200,234,03,유형별,09,외곽
604,기타도로,1,상행,1240014400,235,03,유형별,09,외곽
604,기타도로,1,상행,1240017200,236,03,유형별,09,외곽
604,기타도로,1,상행,1240017400,237,03,유형별,09,외곽
604,기타도로,1,상행,1240017700,238,03,유형별,09,외곽
604,기타도로,1,상행,1240018000,239,03,유형별,09,외곽
604,기타도로,1,상행,1240018200,240,03,유형별,09,외곽
604,기타도로,1,상행,1240018400,241,03,유형별,09,외곽
604,기타도로,1,상행,1180019900,242,03,유형별,09,외곽
604,기타도로,1,상행,1180023100,243,03,유형별,09,외곽
604,기타도로,1,상행,1180026700,244,03,유형별,09,외곽
604,기타도로,1,상행,1180030300,245,03,유형별,09,외곽
604,기타도로,1,상행,1040014000,246,03,유형별,09,외곽
604,기타도로,1,상행,1150017900,247,03,유형별,09,외곽
604,기타도로,1,상행,1150018900,248,03,유형별,09,외곽
604,기타도로,1,상행,1150019700,249,03,유형별,09,외곽
604,기타도로,1,상행,1150020500,250,03,유형별,09,외곽
604,기타도로,1,상행,1150021300,251,03,유형별,09,외곽
604,기타도로,1,상행,1150021900,252,03,유형별,09,외곽
604,기타도로,1,상행,1150022100,253,03,유형별,09,외곽
604,기타도로,1,상행,1170004100,254,03,유형별,09,외곽
604,기타도로,1,상행,1170005700,255,03,유형별,09,외곽
604,기타도로,1,상행,1170006900,256,03,유형별,09,외곽
604,기타도로,1,상행,1170009100,257,03,유형별,09,외곽
604,기타도로,1,상행,1170010300,258,03,유형별,09,외곽
604,기타도로,1,상행,1170010900,259,03,유형별,09,외곽
604,기타도로,1,상행,1150021600,260,03,유형별,09,외곽
604,기타도로,1,상행,1190005400,261,03,유형별,09,외곽
604,기타도로,1,상행,1100009800,262,03,유형별,09,외곽
604,기타도로,1,상행,1120006000,263,03,유형별,09,외곽
604,기타도로,1,상행,1120007600,264,03,유형별,09,외곽
604,기타도로,1,상행,1120009400,265,03,유형별,09,외곽
604,기타도로,1,상행,1080006400,266,03,유형별,09,외곽
604,기타도로,1,상행,1130023800,267,03,유형별,09,외곽
604,기타도로,1,상행,1140037900,268,03,유형별,09,외곽
604,기타도로,1,상행,1140038200,269,03,유형별,09,외곽
604,기타도로,1,상행,1150010100,270,03,유형별,09,외곽
604,기타도로,1,상행,1150011100,271,03,유형별,09,외곽
604,기타도로,1,상행,1150012300,272,03,유형별,09,외곽
604,기타도로,1,상행,1150013300,273,03,유형별,09,외곽
604,기타도로,1,상행,1150015100,274,03,유형별,09,외곽
604,기타도로,1,상행,1150016500,275,03,유형별,09,외곽
604,기타도로,1,상행,1160006900,276,03,유형별,09,외곽
604,기타도로,1,상행,1160008300,277,03,유형별,09,외곽
604,기타도로,1,상행,1160010500,278,03,유형별,09,외곽
604,기타도로,1,상행,1160011700,279,03,유형별,09,외곽
604,기타도로,1,상행,1160012500,280,03,유형별,09,외곽
604,기타도로,1,상행,1180009800,281,03,유형별,09,외곽
604,기타도로,1,상행,1180010800,282,03,유형별,09,외곽
604,기타도로,1,상행,1180011300,283,03,유형별,09,외곽
604,기타도로,1,상행,1180011800,284,03,유형별,09,외곽
604,기타도로,1,상행,2130003902,285,03,유형별,09,외곽
604,기타도로,1,상행,1220008000,286,03,유형별,09,외곽
604,기타도로,1,상행,1220010100,287,03,유형별,09,외곽
604,기타도로,1,상행,1220013300,288,03,유형별,09,외곽
604,기타도로,1,상행,1005002700,289,03,유형별,09,외곽
604,기타도로,1,상행,1005003700,290,03,유형별,09,외곽
604,기타도로,1,상행,1005003900,291,03,유형별,09,외곽
604,기타도로,1,상행,1005004100,292,03,유형별,09,외곽
604,기타도로,1,상행,1005004300,293,03,유형별,09,외곽
604,기타도로,1,상행,1070011700,294,03,유형별,09,외곽
604,기타도로,1,상행,1070011800,295,03,유형별,09,외곽
604,기타도로,1,상행,1070019000,296,03,유형별,09,외곽
604,기타도로,1,상행,1100007200,297,03,유형별,09,외곽
604,기타도로,1,상행,1100007400,298,03,유형별,09,외곽
604,기타도로,1,상행,1100007600,299,03,유형별,09,외곽
604,기타도로,1,상행,1100007800,300,03,유형별,09,외곽
604,기타도로,1,상행,1100008000,301,03,유형별,09,외곽
604,기타도로,1,상행,1100008200,302,03,유형별,09,외곽
604,기타도로,1,상행,1100009200,303,03,유형별,09,외곽
1035,문정-고덕선,2,하행,1230008700,7,02,기능별,12,보조간선 기능별
604,기타도로,1,상행,1100013000,304,03,유형별,09,외곽
604,기타도로,1,상행,1050021400,305,03,유형별,09,외곽
604,기타도로,1,상행,1050017100,306,03,유형별,09,외곽
604,기타도로,1,상행,1050018000,307,03,유형별,09,외곽
604,기타도로,1,상행,1050018300,308,03,유형별,09,외곽
604,기타도로,1,상행,1050018500,309,03,유형별,09,외곽
604,기타도로,1,상행,1050018700,310,03,유형별,09,외곽
604,기타도로,1,상행,1050020300,311,03,유형별,09,외곽
604,기타도로,1,상행,1210012200,312,03,유형별,09,외곽
604,기타도로,1,상행,1210013000,313,03,유형별,09,외곽
604,기타도로,1,상행,1210013800,314,03,유형별,09,외곽
604,기타도로,1,상행,1210014800,315,03,유형별,09,외곽
604,기타도로,1,상행,1210015800,316,03,유형별,09,외곽
604,기타도로,1,상행,1210017000,317,03,유형별,09,외곽
604,기타도로,1,상행,1210018200,318,03,유형별,09,외곽
604,기타도로,1,상행,1000015200,319,03,유형별,09,외곽
604,기타도로,1,상행,1000017200,320,03,유형별,09,외곽
604,기타도로,1,상행,1020011700,321,03,유형별,09,외곽
604,기타도로,1,상행,1020012700,322,03,유형별,09,외곽
604,기타도로,1,상행,1020013700,323,03,유형별,09,외곽
604,기타도로,1,상행,1020016700,324,03,유형별,09,외곽
604,기타도로,1,상행,1020020800,325,03,유형별,09,외곽
604,기타도로,1,상행,1020022200,326,03,유형별,09,외곽
604,기타도로,1,상행,1100019800,327,03,유형별,09,외곽
604,기타도로,1,상행,1100024200,328,03,유형별,09,외곽
604,기타도로,1,상행,1100026200,329,03,유형별,09,외곽
604,기타도로,1,상행,1100028200,330,03,유형별,09,외곽
604,기타도로,1,상행,1100030600,331,03,유형별,09,외곽
604,기타도로,1,상행,1100031200,332,03,유형별,09,외곽
604,기타도로,1,상행,1100033000,333,03,유형별,09,외곽
604,기타도로,1,상행,1100033300,334,03,유형별,09,외곽
604,기타도로,1,상행,1100033600,335,03,유형별,09,외곽
604,기타도로,1,상행,1100033700,336,03,유형별,09,외곽
604,기타도로,1,상행,1020018200,337,03,유형별,09,외곽
604,기타도로,1,상행,1030019400,338,03,유형별,09,외곽
604,기타도로,1,상행,1050010000,339,03,유형별,09,외곽
604,기타도로,1,상행,1050013000,340,03,유형별,09,외곽
604,기타도로,1,상행,1050016200,341,03,유형별,09,외곽
604,기타도로,1,상행,1050018200,342,03,유형별,09,외곽
604,기타도로,1,상행,1050020000,343,03,유형별,09,외곽
604,기타도로,1,상행,1050020800,344,03,유형별,09,외곽
604,기타도로,1,상행,1050022000,345,03,유형별,09,외곽
604,기타도로,1,상행,1070016000,346,03,유형별,09,외곽
604,기타도로,1,상행,1070017800,347,03,유형별,09,외곽
604,기타도로,1,상행,1070019200,348,03,유형별,09,외곽
604,기타도로,1,상행,1070021000,349,03,유형별,09,외곽
604,기타도로,1,상행,1070021400,350,03,유형별,09,외곽
604,기타도로,1,상행,1070022000,351,03,유형별,09,외곽
604,기타도로,1,상행,1080004600,352,03,유형별,09,외곽
604,기타도로,1,상행,1080005400,353,03,유형별,09,외곽
604,기타도로,1,상행,1080006800,354,03,유형별,09,외곽
604,기타도로,1,상행,1080009800,355,03,유형별,09,외곽
604,기타도로,1,상행,1080011200,356,03,유형별,09,외곽
604,기타도로,1,상행,1080012600,357,03,유형별,09,외곽
604,기타도로,1,상행,1050021000,358,03,유형별,09,외곽
604,기타도로,1,상행,1050021800,359,03,유형별,09,외곽
604,기타도로,1,상행,1070015600,360,03,유형별,09,외곽
604,기타도로,1,상행,1070018200,361,03,유형별,09,외곽
604,기타도로,1,상행,1090002800,362,03,유형별,09,외곽
604,기타도로,1,상행,1090004800,363,03,유형별,09,외곽
604,기타도로,1,상행,1090007800,364,03,유형별,09,외곽
604,기타도로,1,상행,1090008200,365,03,유형별,09,외곽
604,기타도로,1,상행,1090008400,366,03,유형별,09,외곽
604,기타도로,1,상행,1090008700,367,03,유형별,09,외곽
604,기타도로,1,상행,1070021200,368,03,유형별,09,외곽
604,기타도로,1,상행,1100011000,369,03,유형별,09,외곽
604,기타도로,1,상행,1150013900,370,03,유형별,09,외곽
604,기타도로,1,상행,1150015500,371,03,유형별,09,외곽
604,기타도로,1,상행,1150016300,372,03,유형별,09,외곽
604,기타도로,1,상행,1150017500,373,03,유형별,09,외곽
604,기타도로,1,상행,1150018500,374,03,유형별,09,외곽
604,기타도로,1,상행,1210006800,375,03,유형별,09,외곽
604,기타도로,1,상행,1210007100,376,03,유형별,09,외곽
604,기타도로,1,상행,1220006100,377,03,유형별,09,외곽
604,기타도로,1,상행,1230000200,378,03,유형별,09,외곽
604,기타도로,1,상행,1230000300,379,03,유형별,09,외곽
604,기타도로,1,상행,1190002600,380,03,유형별,09,외곽
604,기타도로,1,상행,1190003600,381,03,유형별,09,외곽
604,기타도로,1,상행,1190004800,382,03,유형별,09,외곽
604,기타도로,1,상행,1000019200,383,03,유형별,09,외곽
604,기타도로,1,상행,1000020000,384,03,유형별,09,외곽
604,기타도로,1,상행,1170001700,385,03,유형별,09,외곽
604,기타도로,1,상행,1170002500,386,03,유형별,09,외곽
604,기타도로,1,상행,1050013200,387,03,유형별,09,외곽
604,기타도로,1,상행,1050015200,388,03,유형별,09,외곽
604,기타도로,1,상행,1050016800,389,03,유형별,09,외곽
604,기타도로,1,상행,1130016000,390,03,유형별,09,외곽
604,기타도로,1,상행,1200005000,391,03,유형별,09,외곽
604,기타도로,1,상행,1200006800,392,03,유형별,09,외곽
604,기타도로,1,상행,1230005700,393,03,유형별,09,외곽
604,기타도로,1,상행,1010003500,394,03,유형별,09,외곽
604,기타도로,1,상행,1230005900,395,03,유형별,09,외곽
604,기타도로,1,상행,1230009100,396,03,유형별,09,외곽
604,기타도로,1,상행,1230013600,397,03,유형별,09,외곽
604,기타도로,1,상행,1230016700,398,03,유형별,09,외곽
604,기타도로,1,상행,1230026500,399,03,유형별,09,외곽
604,기타도로,1,상행,1230029500,400,03,유형별,09,외곽
604,기타도로,1,상행,1210007500,401,03,유형별,09,외곽
604,기타도로,1,상행,1220023300,402,03,유형별,09,외곽
604,기타도로,1,상행,1220024000,403,03,유형별,09,외곽
604,기타도로,1,상행,1220025200,404,03,유형별,09,외곽
604,기타도로,1,상행,1220026000,405,03,유형별,09,외곽
604,기타도로,1,상행,1220026800,406,03,유형별,09,외곽
604,기타도로,1,상행,1220028000,407,03,유형별,09,외곽
604,기타도로,1,상행,1220028800,408,03,유형별,09,외곽
604,기타도로,1,상행,1220029400,409,03,유형별,09,외곽
604,기타도로,1,상행,1220028400,410,03,유형별,09,외곽
604,기타도로,1,상행,1004350800,411,03,유형별,09,외곽
604,기타도로,1,상행,1030007800,412,03,유형별,09,외곽
604,기타도로,1,상행,1030009600,413,03,유형별,09,외곽
604,기타도로,1,상행,1220032400,414,03,유형별,09,외곽
604,기타도로,1,상행,1130007800,415,03,유형별,09,외곽
604,기타도로,1,상행,1130008200,416,03,유형별,09,외곽
604,기타도로,1,상행,1130009200,417,03,유형별,09,외곽
604,기타도로,1,상행,1130010200,418,03,유형별,09,외곽
604,기타도로,1,상행,1130010500,419,03,유형별,09,외곽
604,기타도로,1,상행,3201505400,420,03,유형별,09,외곽
604,기타도로,1,상행,3201510200,421,03,유형별,09,외곽
604,기타도로,1,상행,3201510600,422,03,유형별,09,외곽
604,기타도로,1,상행,1000021700,423,03,유형별,09,외곽
604,기타도로,1,상행,1240006200,424,03,유형별,09,외곽
604,기타도로,1,상행,1240006400,425,03,유형별,09,외곽
604,기타도로,1,상행,1240006600,426,03,유형별,09,외곽
604,기타도로,1,상행,1240007800,427,03,유형별,09,외곽
604,기타도로,1,상행,1240008000,428,03,유형별,09,외곽
604,기타도로,1,상행,1240009200,429,03,유형별,09,외곽
604,기타도로,1,상행,3201502200,430,03,유형별,09,외곽
604,기타도로,1,상행,1130024100,431,03,유형별,09,외곽
604,기타도로,1,상행,1220030400,432,03,유형별,09,외곽
604,기타도로,1,상행,1220031200,433,03,유형별,09,외곽
604,기타도로,1,상행,1220032000,434,03,유형별,09,외곽
604,기타도로,1,상행,1220032800,435,03,유형별,09,외곽
604,기타도로,1,상행,1220033200,436,03,유형별,09,외곽
604,기타도로,1,상행,1220033800,437,03,유형별,09,외곽
604,기타도로,1,상행,1040008900,438,03,유형별,09,외곽
604,기타도로,1,상행,1230028500,439,03,유형별,09,외곽
604,기타도로,1,상행,1230029000,440,03,유형별,09,외곽
604,기타도로,1,상행,1230030600,441,03,유형별,09,외곽
604,기타도로,1,상행,3201502700,442,03,유형별,09,외곽
604,기타도로,1,상행,3201502900,443,03,유형별,09,외곽
604,기타도로,1,상행,1020016400,444,03,유형별,09,외곽
604,기타도로,1,상행,1100015000,445,03,유형별,09,외곽
604,기타도로,1,상행,1100015600,446,03,유형별,09,외곽
604,기타도로,1,상행,1100016400,447,03,유형별,09,외곽
604,기타도로,1,상행,1100016800,448,03,유형별,09,외곽
604,기타도로,1,상행,1100017200,449,03,유형별,09,외곽
604,기타도로,1,상행,1140012300,450,03,유형별,09,외곽
604,기타도로,1,상행,1140015900,451,03,유형별,09,외곽
604,기타도로,1,상행,1140020700,452,03,유형별,09,외곽
604,기타도로,1,상행,1160014100,453,03,유형별,09,외곽
604,기타도로,1,상행,1160016500,454,03,유형별,09,외곽
604,기타도로,1,상행,1160017100,455,03,유형별,09,외곽
604,기타도로,1,상행,1120006600,456,03,유형별,09,외곽
604,기타도로,1,상행,1120008400,457,03,유형별,09,외곽
604,기타도로,1,상행,1120010000,458,03,유형별,09,외곽
604,기타도로,1,상행,1120011200,459,03,유형별,09,외곽
604,기타도로,1,상행,1120012400,460,03,유형별,09,외곽
604,기타도로,1,상행,1150012000,461,03,유형별,09,외곽
604,기타도로,1,상행,1110000200,462,03,유형별,09,외곽
604,기타도로,1,상행,1110000400,463,03,유형별,09,외곽
604,기타도로,1,상행,1110000600,464,03,유형별,09,외곽
604,기타도로,1,상행,1110000800,465,03,유형별,09,외곽
604,기타도로,1,상행,1110001000,466,03,유형별,09,외곽
604,기타도로,1,상행,1130005300,467,03,유형별,09,외곽
604,기타도로,1,상행,1130006400,468,03,유형별,09,외곽
604,기타도로,1,상행,1130006800,469,03,유형별,09,외곽
604,기타도로,1,상행,1130007200,470,03,유형별,09,외곽
604,기타도로,1,상행,1130007600,471,03,유형별,09,외곽
604,기타도로,1,상행,1000012900,472,03,유형별,09,외곽
604,기타도로,1,상행,1000016700,473,03,유형별,09,외곽
604,기타도로,1,상행,1010019900,474,03,유형별,09,외곽
604,기타도로,1,상행,1070003500,475,03,유형별,09,외곽
604,기타도로,1,상행,1110015400,476,03,유형별,09,외곽
604,기타도로,1,상행,1240005700,477,03,유형별,09,외곽
604,기타도로,1,상행,1240006900,478,03,유형별,09,외곽
604,기타도로,1,상행,1240008700,479,03,유형별,09,외곽
604,기타도로,1,상행,1240009500,480,03,유형별,09,외곽
604,기타도로,1,상행,1240010500,481,03,유형별,09,외곽
604,기타도로,1,상행,1000021300,482,03,유형별,09,외곽
604,기타도로,1,상행,1000021500,483,03,유형별,09,외곽
604,기타도로,1,상행,1110009200,484,03,유형별,09,외곽
604,기타도로,1,상행,1110011400,485,03,유형별,09,외곽
604,기타도로,1,상행,1110011700,486,03,유형별,09,외곽
604,기타도로,1,상행,1130009700,487,03,유형별,09,외곽
604,기타도로,1,상행,1130011300,488,03,유형별,09,외곽
604,기타도로,1,상행,1130012900,489,03,유형별,09,외곽
604,기타도로,1,상행,1130013900,490,03,유형별,09,외곽
604,기타도로,1,상행,1240011300,491,03,유형별,09,외곽
604,기타도로,1,상행,1240011700,492,03,유형별,09,외곽
604,기타도로,1,상행,1240013100,493,03,유형별,09,외곽
604,기타도로,1,상행,1240013900,494,03,유형별,09,외곽
604,기타도로,1,상행,1040003000,495,03,유형별,09,외곽
604,기타도로,1,상행,1050008100,496,03,유형별,09,외곽
604,기타도로,1,상행,1050008300,497,03,유형별,09,외곽
604,기타도로,1,상행,1050008600,498,03,유형별,09,외곽
604,기타도로,1,상행,1240001800,499,03,유형별,09,외곽
604,기타도로,1,상행,1240002100,500,03,유형별,09,외곽
604,기타도로,1,상행,1240002500,501,03,유형별,09,외곽
604,기타도로,1,상행,2270009300,502,03,유형별,09,외곽
604,기타도로,1,상행,1240010700,503,03,유형별,09,외곽
604,기타도로,1,상행,1240013400,504,03,유형별,09,외곽
604,기타도로,1,상행,1230036600,505,03,유형별,09,외곽
604,기타도로,1,상행,1240009400,506,03,유형별,09,외곽
604,기타도로,1,상행,1000016600,507,03,유형별,09,외곽
604,기타도로,1,상행,1000017400,508,03,유형별,09,외곽
604,기타도로,1,상행,1020018500,509,03,유형별,09,외곽
604,기타도로,1,상행,1150018000,510,03,유형별,09,외곽
604,기타도로,1,상행,1150018200,511,03,유형별,09,외곽
604,기타도로,1,상행,1200000800,512,03,유형별,09,외곽
604,기타도로,1,상행,1200003400,513,03,유형별,09,외곽
604,기타도로,1,상행,1050013400,514,03,유형별,09,외곽
604,기타도로,1,상행,1070018600,515,03,유형별,09,외곽
604,기타도로,1,상행,1070018800,516,03,유형별,09,외곽
604,기타도로,1,상행,1070019800,517,03,유형별,09,외곽
604,기타도로,1,상행,1050004400,518,03,유형별,09,외곽
604,기타도로,1,상행,1050009600,519,03,유형별,09,외곽
604,기타도로,1,상행,1050004000,520,03,유형별,09,외곽
604,기타도로,1,상행,1050005000,521,03,유형별,09,외곽
604,기타도로,1,상행,1050009200,522,03,유형별,09,외곽
604,기타도로,1,상행,1050012200,523,03,유형별,09,외곽
604,기타도로,1,상행,1050014600,524,03,유형별,09,외곽
604,기타도로,1,상행,1005003300,525,03,유형별,09,외곽
604,기타도로,1,상행,1005003500,526,03,유형별,09,외곽
604,기타도로,1,상행,1070012300,527,03,유형별,09,외곽
604,기타도로,1,상행,1070013100,528,03,유형별,09,외곽
604,기타도로,1,상행,1070013300,529,03,유형별,09,외곽
604,기타도로,1,상행,1070014700,530,03,유형별,09,외곽
604,기타도로,1,상행,1070015200,531,03,유형별,09,외곽
604,기타도로,1,상행,1070016100,532,03,유형별,09,외곽
604,기타도로,1,상행,1050012400,533,03,유형별,09,외곽
604,기타도로,1,상행,1050014800,534,03,유형별,09,외곽
604,기타도로,1,상행,1050015400,535,03,유형별,09,외곽
604,기타도로,1,상행,1050015500,536,03,유형별,09,외곽
604,기타도로,1,상행,1050015800,537,03,유형별,09,외곽
604,기타도로,1,상행,1050016000,538,03,유형별,09,외곽
604,기타도로,1,상행,1200005200,539,03,유형별,09,외곽
604,기타도로,1,상행,1200007600,540,03,유형별,09,외곽
604,기타도로,1,상행,1240002800,541,03,유형별,09,외곽
604,기타도로,1,상행,1050017600,542,03,유형별,09,외곽
604,기타도로,1,상행,1070007600,543,03,유형별,09,외곽
604,기타도로,1,상행,1070010400,544,03,유형별,09,외곽
604,기타도로,1,상행,1070013800,545,03,유형별,09,외곽
604,기타도로,1,상행,1150013500,546,03,유형별,09,외곽
604,기타도로,1,상행,1150015700,547,03,유형별,09,외곽
604,기타도로,1,상행,1005001200,548,03,유형별,09,외곽
604,기타도로,1,상행,1100017900,549,03,유형별,09,외곽
604,기타도로,1,상행,1100020700,550,03,유형별,09,외곽
604,기타도로,1,상행,1100022500,551,03,유형별,09,외곽
604,기타도로,1,상행,1100024500,552,03,유형별,09,외곽
604,기타도로,1,상행,1100026300,553,03,유형별,09,외곽
604,기타도로,1,상행,1100027100,554,03,유형별,09,외곽
604,기타도로,1,상행,1100027300,555,03,유형별,09,외곽
604,기타도로,1,상행,1230008300,556,03,유형별,09,외곽
604,기타도로,1,상행,1230009900,557,03,유형별,09,외곽
604,기타도로,1,상행,1230011700,558,03,유형별,09,외곽
604,기타도로,1,상행,1230014900,559,03,유형별,09,외곽
604,기타도로,1,상행,1230017900,560,03,유형별,09,외곽
604,기타도로,1,상행,1230020900,561,03,유형별,09,외곽
604,기타도로,1,상행,1060014500,562,03,유형별,09,외곽
604,기타도로,1,상행,1060015700,563,03,유형별,09,외곽
604,기타도로,1,상행,1060016700,564,03,유형별,09,외곽
604,기타도로,1,상행,1060017700,565,03,유형별,09,외곽
604,기타도로,1,상행,1060018500,566,03,유형별,09,외곽
604,기타도로,1,상행,1060020100,567,03,유형별,09,외곽
604,기타도로,1,상행,3201501300,568,03,유형별,09,외곽
604,기타도로,1,상행,1060011200,569,03,유형별,09,외곽
604,기타도로,1,상행,1060013800,570,03,유형별,09,외곽
604,기타도로,1,상행,1060017600,571,03,유형별,09,외곽
604,기타도로,1,상행,1010003100,572,03,유형별,09,외곽
604,기타도로,1,상행,1140002500,573,03,유형별,09,외곽
604,기타도로,1,상행,1140006500,574,03,유형별,09,외곽
604,기타도로,1,상행,1005002500,575,03,유형별,09,외곽
604,기타도로,1,상행,1020002400,576,03,유형별,09,외곽
604,기타도로,1,상행,1020002500,577,03,유형별,09,외곽
604,기타도로,1,상행,1020003100,578,03,유형별,09,외곽
604,기타도로,1,상행,1020003900,579,03,유형별,09,외곽
604,기타도로,1,상행,1020004300,580,03,유형별,09,외곽
604,기타도로,1,상행,1020006500,581,03,유형별,09,외곽
604,기타도로,1,상행,1020002900,582,03,유형별,09,외곽
604,기타도로,1,상행,1020004700,583,03,유형별,09,외곽
604,기타도로,1,상행,1020010700,584,03,유형별,09,외곽
604,기타도로,1,상행,1020011100,585,03,유형별,09,외곽
604,기타도로,1,상행,1020011400,586,03,유형별,09,외곽
604,기타도로,1,상행,1020013500,587,03,유형별,09,외곽
604,기타도로,1,상행,1080003900,588,03,유형별,09,외곽
604,기타도로,1,상행,1080009500,589,03,유형별,09,외곽
604,기타도로,1,상행,1080011500,590,03,유형별,09,외곽
604,기타도로,1,상행,1070003700,591,03,유형별,09,외곽
604,기타도로,1,상행,1070004100,592,03,유형별,09,외곽
604,기타도로,1,상행,1070004300,593,03,유형별,09,외곽
604,기타도로,1,상행,1070003200,594,03,유형별,09,외곽
604,기타도로,1,상행,1150008400,595,03,유형별,09,외곽
604,기타도로,1,상행,1060018900,596,03,유형별,09,외곽
604,기타도로,1,상행,1060021100,597,03,유형별,09,외곽
604,기타도로,1,상행,1100009300,598,03,유형별,09,외곽
604,기타도로,1,상행,1100010500,599,03,유형별,09,외곽
604,기타도로,1,상행,1100011700,600,03,유형별,09,외곽
604,기타도로,1,상행,1100012700,601,03,유형별,09,외곽
604,기타도로,1,상행,1100014700,602,03,유형별,09,외곽
604,기타도로,1,상행,1100015800,603,03,유형별,09,외곽
604,기타도로,1,상행,1100017300,604,03,유형별,09,외곽
604,기타도로,1,상행,1100019300,605,03,유형별,09,외곽
604,기타도로,1,상행,1100020900,606,03,유형별,09,외곽
604,기타도로,1,상행,1100022900,607,03,유형별,09,외곽
604,기타도로,1,상행,1070005000,608,03,유형별,09,외곽
604,기타도로,1,상행,1070006000,609,03,유형별,09,외곽
604,기타도로,1,상행,1070002700,610,03,유형별,09,외곽
604,기타도로,1,상행,1220010800,611,03,유형별,09,외곽
604,기타도로,1,상행,1220014800,612,03,유형별,09,외곽
604,기타도로,1,상행,1220017800,613,03,유형별,09,외곽
604,기타도로,1,상행,1040005600,614,03,유형별,09,외곽
604,기타도로,1,상행,1040007200,615,03,유형별,09,외곽
604,기타도로,1,상행,1000018000,617,03,유형별,09,외곽
604,기타도로,1,상행,1000019600,618,03,유형별,09,외곽
604,기타도로,1,상행,1000020800,619,03,유형별,09,외곽
604,기타도로,1,상행,1130013700,620,03,유형별,09,외곽
604,기타도로,1,상행,1130015700,621,03,유형별,09,외곽
604,기타도로,1,상행,1130017900,622,03,유형별,09,외곽
604,기타도로,1,상행,1230023100,623,03,유형별,09,외곽
604,기타도로,1,상행,1230023600,624,03,유형별,09,외곽
604,기타도로,1,상행,1230024100,625,03,유형별,09,외곽
604,기타도로,1,상행,1230026000,626,03,유형별,09,외곽
604,기타도로,1,상행,1230027500,627,03,유형별,09,외곽
604,기타도로,1,상행,1210026200,628,03,유형별,09,외곽
604,기타도로,1,상행,1210027200,629,03,유형별,09,외곽
604,기타도로,1,상행,1210028200,630,03,유형별,09,외곽
604,기타도로,1,상행,1210029000,631,03,유형별,09,외곽
604,기타도로,1,상행,1210030200,632,03,유형별,09,외곽
604,기타도로,1,상행,1210030400,633,03,유형별,09,외곽
604,기타도로,1,상행,1020006700,634,03,유형별,09,외곽
604,기타도로,1,상행,1190002200,635,03,유형별,09,외곽
604,기타도로,1,상행,1190004600,636,03,유형별,09,외곽
604,기타도로,1,상행,1050004200,637,03,유형별,09,외곽
604,기타도로,1,상행,1050010400,638,03,유형별,09,외곽
604,기타도로,1,상행,1080001800,639,03,유형별,09,외곽
604,기타도로,1,상행,1100012400,640,03,유형별,09,외곽
604,기타도로,1,상행,1100013600,641,03,유형별,09,외곽
604,기타도로,1,상행,1100014000,642,03,유형별,09,외곽
604,기타도로,1,상행,1070009100,643,03,유형별,09,외곽
604,기타도로,1,상행,1160013200,644,03,유형별,09,외곽
604,기타도로,1,상행,1160015400,645,03,유형별,09,외곽
604,기타도로,1,상행,1130006100,646,03,유형별,09,외곽
604,기타도로,1,상행,1130014100,647,03,유형별,09,외곽
604,기타도로,1,상행,1130017500,648,03,유형별,09,외곽
604,기타도로,1,상행,1130019100,649,03,유형별,09,외곽
604,기타도로,1,상행,1130020100,650,03,유형별,09,외곽
604,기타도로,1,상행,1130020900,651,03,유형별,09,외곽
604,기타도로,1,상행,1130021900,652,03,유형별,09,외곽
604,기타도로,1,상행,1130023300,653,03,유형별,09,외곽
604,기타도로,1,상행,1130024500,654,03,유형별,09,외곽
604,기타도로,1,상행,1130025100,655,03,유형별,09,외곽
604,기타도로,1,상행,1130027300,656,03,유형별,09,외곽
604,기타도로,1,상행,1130017000,657,03,유형별,09,외곽
604,기타도로,1,상행,1130018600,658,03,유형별,09,외곽
604,기타도로,1,상행,1130020000,659,03,유형별,09,외곽
604,기타도로,1,상행,1130021800,660,03,유형별,09,외곽
604,기타도로,1,상행,1130022800,661,03,유형별,09,외곽
604,기타도로,1,상행,1130023600,662,03,유형별,09,외곽
604,기타도로,1,상행,1130024400,663,03,유형별,09,외곽
604,기타도로,1,상행,1130025600,664,03,유형별,09,외곽
604,기타도로,1,상행,1130026600,665,03,유형별,09,외곽
604,기타도로,1,상행,1130027800,666,03,유형별,09,외곽
604,기타도로,1,상행,1130028400,667,03,유형별,09,외곽
604,기타도로,1,상행,3201506000,668,03,유형별,09,외곽
604,기타도로,1,상행,3201507200,669,03,유형별,09,외곽
604,기타도로,1,상행,1230021400,670,03,유형별,09,외곽
604,기타도로,1,상행,1230024000,671,03,유형별,09,외곽
604,기타도로,1,상행,1230026200,672,03,유형별,09,외곽
604,기타도로,1,상행,1230027200,673,03,유형별,09,외곽
604,기타도로,1,상행,1230028200,674,03,유형별,09,외곽
604,기타도로,1,상행,1230029400,675,03,유형별,09,외곽
604,기타도로,1,상행,1200009600,676,03,유형별,09,외곽
604,기타도로,1,상행,1200009700,677,03,유형별,09,외곽
604,기타도로,1,상행,1110007800,678,03,유형별,09,외곽
604,기타도로,1,상행,1110008400,679,03,유형별,09,외곽
604,기타도로,1,상행,1110008600,680,03,유형별,09,외곽
604,기타도로,1,상행,1110008800,681,03,유형별,09,외곽
604,기타도로,1,상행,1110008900,682,03,유형별,09,외곽
604,기타도로,1,상행,1010014500,683,03,유형별,09,외곽
604,기타도로,1,상행,1110005600,684,03,유형별,09,외곽
604,기타도로,1,상행,1110006800,685,03,유형별,09,외곽
604,기타도로,1,상행,1110008000,686,03,유형별,09,외곽
604,기타도로,1,상행,1110009800,687,03,유형별,09,외곽
604,기타도로,1,상행,1120008800,688,03,유형별,09,외곽
604,기타도로,1,상행,1120012000,689,03,유형별,09,외곽
604,기타도로,1,상행,1120013000,690,03,유형별,09,외곽
604,기타도로,1,상행,1180019000,691,03,유형별,09,외곽
604,기타도로,1,상행,1180022400,692,03,유형별,09,외곽
604,기타도로,1,상행,1180026000,693,03,유형별,09,외곽
604,기타도로,1,상행,1180031200,694,03,유형별,09,외곽
604,기타도로,1,상행,1180033000,695,03,유형별,09,외곽
604,기타도로,1,상행,1140027400,696,03,유형별,09,외곽
604,기타도로,1,상행,1150007500,697,03,유형별,09,외곽
604,기타도로,1,상행,1150007900,698,03,유형별,09,외곽
604,기타도로,1,상행,1050016900,699,03,유형별,09,외곽
604,기타도로,1,상행,1050019500,700,03,유형별,09,외곽
604,기타도로,1,상행,1050020500,701,03,유형별,09,외곽
604,기타도로,1,상행,1050021500,702,03,유형별,09,외곽
604,기타도로,1,상행,1230025800,703,03,유형별,09,외곽
604,기타도로,1,상행,1230027400,704,03,유형별,09,외곽
604,기타도로,1,상행,1230029200,705,03,유형별,09,외곽
604,기타도로,1,상행,1230030800,706,03,유형별,09,외곽
604,기타도로,1,상행,1230032200,707,03,유형별,09,외곽
604,기타도로,1,상행,1230033300,708,03,유형별,09,외곽
604,기타도로,1,상행,1230035100,709,03,유형별,09,외곽
604,기타도로,1,상행,1230036100,710,03,유형별,09,외곽
604,기타도로,1,상행,1230036900,711,03,유형별,09,외곽
604,기타도로,1,상행,1240009800,712,03,유형별,09,외곽
604,기타도로,1,상행,1240011200,713,03,유형별,09,외곽
604,기타도로,1,상행,1240012600,714,03,유형별,09,외곽
604,기타도로,1,상행,1240015200,715,03,유형별,09,외곽
604,기타도로,1,상행,1240017000,716,03,유형별,09,외곽
604,기타도로,1,상행,1240018600,717,03,유형별,09,외곽
604,기타도로,1,상행,1240020400,718,03,유형별,09,외곽
604,기타도로,1,상행,1240026600,719,03,유형별,09,외곽
604,기타도로,1,상행,1240015500,720,03,유형별,09,외곽
604,기타도로,1,상행,1240018800,721,03,유형별,09,외곽
604,기타도로,1,상행,1130013200,722,03,유형별,09,외곽
604,기타도로,1,상행,1130014600,723,03,유형별,09,외곽
604,기타도로,1,상행,1130015400,724,03,유형별,09,외곽
604,기타도로,1,상행,1130017400,725,03,유형별,09,외곽
604,기타도로,1,상행,1030006400,726,03,유형별,09,외곽
604,기타도로,1,상행,1030008200,727,03,유형별,09,외곽
604,기타도로,1,상행,1030011800,728,03,유형별,09,외곽
604,기타도로,1,상행,1030013800,729,03,유형별,09,외곽
604,기타도로,1,상행,1030015200,730,03,유형별,09,외곽
604,기타도로,1,상행,1030016800,731,03,유형별,09,외곽
604,기타도로,1,상행,1030020200,732,03,유형별,09,외곽
604,기타도로,1,상행,1050008000,733,03,유형별,09,외곽
604,기타도로,1,상행,1050010600,734,03,유형별,09,외곽
604,기타도로,1,상행,1050012600,735,03,유형별,09,외곽
604,기타도로,1,상행,1050015000,736,03,유형별,09,외곽
604,기타도로,1,상행,1050016600,737,03,유형별,09,외곽
604,기타도로,1,상행,1030003800,738,03,유형별,09,외곽
604,기타도로,1,상행,1030004800,739,03,유형별,09,외곽
604,기타도로,1,상행,1030007400,740,03,유형별,09,외곽
604,기타도로,1,상행,1030011000,741,03,유형별,09,외곽
604,기타도로,1,상행,1040014800,742,03,유형별,09,외곽
604,기타도로,1,상행,1040016400,743,03,유형별,09,외곽
604,기타도로,1,상행,1040017000,744,03,유형별,09,외곽
604,기타도로,1,상행,1060003900,745,03,유형별,09,외곽
604,기타도로,1,상행,1060004600,746,03,유형별,09,외곽
604,기타도로,1,상행,1060005200,747,03,유형별,09,외곽
604,기타도로,1,상행,1060007300,748,03,유형별,09,외곽
604,기타도로,1,상행,1060008500,749,03,유형별,09,외곽
604,기타도로,1,상행,1060009900,750,03,유형별,09,외곽
604,기타도로,1,상행,1060011900,751,03,유형별,09,외곽
604,기타도로,1,상행,1060013900,752,03,유형별,09,외곽
604,기타도로,1,상행,1160004500,753,03,유형별,09,외곽
604,기타도로,1,상행,1210000400,754,03,유형별,09,외곽
604,기타도로,1,상행,1210008900,755,03,유형별,09,외곽
823,장지-가회선,2,하행,1210006300,14,02,기능별,11,주간선도로 기능별
823,장지-가회선,2,하행,1230000400,15,02,기능별,11,주간선도로 기능별
823,장지-가회선,2,하행,1230000100,16,02,기능별,11,주간선도로 기능별
823,장지-가회선,2,하행,1220030700,17,02,기능별,11,주간선도로 기능별
823,장지-가회선,2,하행,1220025100,19,02,기능별,11,주간선도로 기능별
823,장지-가회선,2,하행,1220021100,20,02,기능별,11,주간선도로 기능별
823,장지-가회선,2,하행,1220016300,21,02,기능별,11,주간선도로 기능별
823,장지-가회선,2,하행,1220011900,22,02,기능별,11,주간선도로 기능별
823,장지-가회선,2,하행,1220006000,23,02,기능별,11,주간선도로 기능별
823,장지-가회선,2,하행,1210030100,25,02,기능별,11,주간선도로 기능별
823,장지-가회선,2,하행,1210013700,26,02,기능별,11,주간선도로 기능별
823,장지-가회선,2,하행,1210011300,27,02,기능별,11,주간선도로 기능별
823,장지-가회선,2,하행,1210010300,28,02,기능별,11,주간선도로 기능별
823,장지-가회선,2,하행,1020013400,29,02,기능별,11,주간선도로 기능별
823,장지-가회선,2,하행,1210009500,30,02,기능별,11,주간선도로 기능별
824,장지-성수선,1,상행,1230003100,2,02,기능별,11,주간선도로 기능별
824,장지-성수선,1,상행,1230002500,4,02,기능별,11,주간선도로 기능별
824,장지-성수선,1,상행,1230004100,6,02,기능별,11,주간선도로 기능별
824,장지-성수선,1,상행,1040000900,7,02,기능별,11,주간선도로 기능별
824,장지-성수선,1,상행,1040000300,9,02,기능별,11,주간선도로 기능별
824,장지-성수선,1,상행,1230003700,10,02,기능별,11,주간선도로 기능별
824,장지-성수선,1,상행,1230001900,12,02,기능별,11,주간선도로 기능별
824,장지-성수선,1,상행,1230002700,16,02,기능별,11,주간선도로 기능별
824,장지-성수선,1,상행,1230001700,17,02,기능별,11,주간선도로 기능별
824,장지-성수선,1,상행,1230003300,18,02,기능별,11,주간선도로 기능별
824,장지-성수선,1,상행,1230001300,19,02,기능별,11,주간선도로 기능별
824,장지-성수선,1,상행,1230002100,20,02,기능별,11,주간선도로 기능별
824,장지-성수선,1,상행,1230004900,22,02,기능별,11,주간선도로 기능별
824,장지-성수선,2,하행,1040001000,3,02,기능별,11,주간선도로 기능별
824,장지-성수선,2,하행,1040000400,4,02,기능별,11,주간선도로 기능별
824,장지-성수선,2,하행,1230001800,8,02,기능별,11,주간선도로 기능별
824,장지-성수선,2,하행,1230001400,9,02,기능별,11,주간선도로 기능별
824,장지-성수선,2,하행,1230000600,10,02,기능별,11,주간선도로 기능별
824,장지-성수선,2,하행,1230005000,11,02,기능별,11,주간선도로 기능별
824,장지-성수선,2,하행,1230003800,13,02,기능별,11,주간선도로 기능별
824,장지-성수선,2,하행,1230003600,14,02,기능별,11,주간선도로 기능별
824,장지-성수선,2,하행,1230003400,15,02,기능별,11,주간선도로 기능별
824,장지-성수선,2,하행,1230003200,16,02,기능별,11,주간선도로 기능별
824,장지-성수선,2,하행,1230003000,17,02,기능별,11,주간선도로 기능별
824,장지-성수선,2,하행,1230002800,18,02,기능별,11,주간선도로 기능별
824,장지-성수선,2,하행,1230002200,20,02,기능별,11,주간선도로 기능별
824,장지-성수선,2,하행,1230002000,22,02,기능별,11,주간선도로 기능별
825,필동-도봉선,1,상행,1090007200,1,02,기능별,11,주간선도로 기능별
825,필동-도봉선,1,상행,1080009400,2,02,기능별,11,주간선도로 기능별
825,필동-도봉선,1,상행,1000019400,3,02,기능별,11,주간선도로 기능별
825,필동-도봉선,1,상행,1000017800,5,02,기능별,11,주간선도로 기능별
825,필동-도봉선,1,상행,1080008000,6,02,기능별,11,주간선도로 기능별
825,필동-도봉선,1,상행,1000015600,7,02,기능별,11,주간선도로 기능별
825,필동-도봉선,1,상행,1090001800,8,02,기능별,11,주간선도로 기능별
825,필동-도봉선,1,상행,1070012800,9,02,기능별,11,주간선도로 기능별
825,필동-도봉선,1,상행,1090000500,12,02,기능별,11,주간선도로 기능별
825,필동-도봉선,1,상행,1070008600,13,02,기능별,11,주간선도로 기능별
825,필동-도봉선,1,상행,1090000400,14,02,기능별,11,주간선도로 기능별
825,필동-도봉선,1,상행,1070007800,15,02,기능별,11,주간선도로 기능별
825,필동-도봉선,1,상행,1070006400,17,02,기능별,11,주간선도로 기능별
825,필동-도봉선,1,상행,1080011400,18,02,기능별,11,주간선도로 기능별
825,필동-도봉선,1,상행,1080002800,20,02,기능별,11,주간선도로 기능별
825,필동-도봉선,1,상행,1080010000,22,02,기능별,11,주간선도로 기능별
825,필동-도봉선,1,상행,1090011000,23,02,기능별,11,주간선도로 기능별
825,필동-도봉선,1,상행,1070011200,24,02,기능별,11,주간선도로 기능별
825,필동-도봉선,1,상행,1090009000,25,02,기능별,11,주간선도로 기능별
825,필동-도봉선,1,상행,1070018400,26,02,기능별,11,주간선도로 기능별
604,기타도로,1,상행,1150011600,756,03,유형별,09,외곽
604,기타도로,1,상행,1005001900,757,03,유형별,09,외곽
604,기타도로,1,상행,1020009100,758,03,유형별,09,외곽
604,기타도로,1,상행,1020010900,759,03,유형별,09,외곽
604,기타도로,1,상행,1020013000,760,03,유형별,09,외곽
604,기타도로,1,상행,1020015200,761,03,유형별,09,외곽
604,기타도로,1,상행,1070016600,762,03,유형별,09,외곽
604,기타도로,1,상행,1070021600,763,03,유형별,09,외곽
604,기타도로,1,상행,1070021800,764,03,유형별,09,외곽
604,기타도로,1,상행,1080001000,765,03,유형별,09,외곽
604,기타도로,1,상행,1080001200,766,03,유형별,09,외곽
604,기타도로,1,상행,1240027200,767,03,유형별,09,외곽
604,기타도로,1,상행,1120003300,768,03,유형별,09,외곽
604,기타도로,1,상행,1130017700,769,03,유형별,09,외곽
604,기타도로,1,상행,1120004800,770,03,유형별,09,외곽
604,기타도로,1,상행,1120005400,771,03,유형별,09,외곽
604,기타도로,1,상행,1120007200,772,03,유형별,09,외곽
604,기타도로,1,상행,1120010400,773,03,유형별,09,외곽
604,기타도로,1,상행,1120012200,774,03,유형별,09,외곽
604,기타도로,1,상행,1120013200,775,03,유형별,09,외곽
604,기타도로,1,상행,1130021300,776,03,유형별,09,외곽
604,기타도로,1,상행,1220000900,777,03,유형별,09,외곽
604,기타도로,1,상행,1220001100,778,03,유형별,09,외곽
604,기타도로,1,상행,1220001500,779,03,유형별,09,외곽
604,기타도로,1,상행,1220001900,780,03,유형별,09,외곽
604,기타도로,1,상행,1220002200,781,03,유형별,09,외곽
604,기타도로,1,상행,1220002700,782,03,유형별,09,외곽
604,기타도로,1,상행,1220003100,783,03,유형별,09,외곽
604,기타도로,1,상행,1220003300,784,03,유형별,09,외곽
604,기타도로,1,상행,1220004000,785,03,유형별,09,외곽
604,기타도로,1,상행,1220004200,786,03,유형별,09,외곽
604,기타도로,1,상행,1220004800,787,03,유형별,09,외곽
604,기타도로,1,상행,1220005200,788,03,유형별,09,외곽
604,기타도로,1,상행,1180016000,789,03,유형별,09,외곽
604,기타도로,1,상행,1180021400,790,03,유형별,09,외곽
604,기타도로,1,상행,1180024400,791,03,유형별,09,외곽
604,기타도로,1,상행,1180029000,792,03,유형별,09,외곽
604,기타도로,1,상행,1180032400,793,03,유형별,09,외곽
604,기타도로,1,상행,1180037200,794,03,유형별,09,외곽
604,기타도로,1,상행,1180018100,795,03,유형별,09,외곽
604,기타도로,1,상행,1180020500,796,03,유형별,09,외곽
604,기타도로,1,상행,1180023700,797,03,유형별,09,외곽
604,기타도로,1,상행,1180028100,798,03,유형별,09,외곽
604,기타도로,1,상행,1180032100,799,03,유형별,09,외곽
604,기타도로,1,상행,1230009500,800,03,유형별,09,외곽
604,기타도로,1,상행,1230010600,801,03,유형별,09,외곽
604,기타도로,1,상행,1230012000,802,03,유형별,09,외곽
604,기타도로,1,상행,1230014400,803,03,유형별,09,외곽
604,기타도로,1,상행,1230017000,804,03,유형별,09,외곽
604,기타도로,1,상행,1230018800,805,03,유형별,09,외곽
604,기타도로,1,상행,1230020000,806,03,유형별,09,외곽
604,기타도로,1,상행,1230022200,807,03,유형별,09,외곽
604,기타도로,1,상행,1230024400,808,03,유형별,09,외곽
604,기타도로,1,상행,1230026400,809,03,유형별,09,외곽
604,기타도로,1,상행,1230028000,810,03,유형별,09,외곽
604,기타도로,1,상행,1230029800,811,03,유형별,09,외곽
604,기타도로,1,상행,1160007900,812,03,유형별,09,외곽
604,기타도로,1,상행,1240019400,813,03,유형별,09,외곽
604,기타도로,1,상행,1240022000,814,03,유형별,09,외곽
604,기타도로,1,상행,1160004900,815,03,유형별,09,외곽
604,기타도로,1,상행,1160007500,816,03,유형별,09,외곽
604,기타도로,1,상행,1160009100,817,03,유형별,09,외곽
604,기타도로,1,상행,1160011500,818,03,유형별,09,외곽
604,기타도로,1,상행,3201508200,819,03,유형별,09,외곽
604,기타도로,1,상행,1070012500,820,03,유형별,09,외곽
604,기타도로,1,상행,1070015000,821,03,유형별,09,외곽
604,기타도로,1,상행,1080001600,822,03,유형별,09,외곽
604,기타도로,1,상행,1080003800,823,03,유형별,09,외곽
604,기타도로,1,상행,1080009200,824,03,유형별,09,외곽
604,기타도로,1,상행,1080002000,825,03,유형별,09,외곽
604,기타도로,1,상행,1080003100,826,03,유형별,09,외곽
604,기타도로,1,상행,1080004700,827,03,유형별,09,외곽
604,기타도로,1,상행,1230024600,828,03,유형별,09,외곽
604,기타도로,1,상행,1230025000,829,03,유형별,09,외곽
604,기타도로,1,상행,1230025100,830,03,유형별,09,외곽
604,기타도로,1,상행,1150016100,831,03,유형별,09,외곽
604,기타도로,1,상행,1150014000,832,03,유형별,09,외곽
604,기타도로,1,상행,1150012800,833,03,유형별,09,외곽
604,기타도로,1,상행,1180038400,834,03,유형별,09,외곽
604,기타도로,1,상행,1180040000,835,03,유형별,09,외곽
604,기타도로,1,상행,1180040400,836,03,유형별,09,외곽
604,기타도로,1,상행,1180041200,837,03,유형별,09,외곽
604,기타도로,1,상행,1180041700,838,03,유형별,09,외곽
604,기타도로,1,상행,1210006600,839,03,유형별,09,외곽
604,기타도로,1,상행,1210007800,840,03,유형별,09,외곽
604,기타도로,1,상행,1220006800,841,03,유형별,09,외곽
604,기타도로,1,상행,1220008400,842,03,유형별,09,외곽
604,기타도로,1,상행,1220011400,843,03,유형별,09,외곽
604,기타도로,1,상행,1220016000,844,03,유형별,09,외곽
604,기타도로,1,상행,1220021400,845,03,유형별,09,외곽
604,기타도로,1,상행,1220024600,846,03,유형별,09,외곽
604,기타도로,1,상행,1220027400,847,03,유형별,09,외곽
604,기타도로,1,상행,1220029800,848,03,유형별,09,외곽
604,기타도로,1,상행,1220033000,849,03,유형별,09,외곽
604,기타도로,1,상행,1220035200,850,03,유형별,09,외곽
604,기타도로,1,상행,1220036800,851,03,유형별,09,외곽
604,기타도로,1,상행,1220037200,852,03,유형별,09,외곽
604,기타도로,1,상행,1240019500,853,03,유형별,09,외곽
604,기타도로,1,상행,3201505100,854,03,유형별,09,외곽
604,기타도로,1,상행,3201505300,855,03,유형별,09,외곽
604,기타도로,1,상행,3201506300,856,03,유형별,09,외곽
604,기타도로,1,상행,1020007800,857,03,유형별,09,외곽
604,기타도로,1,상행,1180017600,858,03,유형별,09,외곽
604,기타도로,1,상행,1180017900,859,03,유형별,09,외곽
604,기타도로,1,상행,1180018600,860,03,유형별,09,외곽
604,기타도로,1,상행,1180020100,861,03,유형별,09,외곽
604,기타도로,1,상행,1180022100,862,03,유형별,09,외곽
604,기타도로,1,상행,1180024600,863,03,유형별,09,외곽
604,기타도로,1,상행,1180027600,864,03,유형별,09,외곽
604,기타도로,1,상행,1180030800,865,03,유형별,09,외곽
604,기타도로,1,상행,1180033400,866,03,유형별,09,외곽
604,기타도로,1,상행,1180025100,867,03,유형별,09,외곽
604,기타도로,1,상행,1180029300,868,03,유형별,09,외곽
604,기타도로,1,상행,1180035200,869,03,유형별,09,외곽
604,기타도로,1,상행,1180036200,870,03,유형별,09,외곽
604,기타도로,1,상행,1180037400,871,03,유형별,09,외곽
604,기타도로,1,상행,1180038100,872,03,유형별,09,외곽
604,기타도로,1,상행,1180038600,873,03,유형별,09,외곽
604,기타도로,1,상행,1110010800,874,03,유형별,09,외곽
604,기타도로,1,상행,1110011000,875,03,유형별,09,외곽
604,기타도로,1,상행,1110012800,876,03,유형별,09,외곽
604,기타도로,1,상행,1220019500,877,03,유형별,09,외곽
604,기타도로,1,상행,1220020700,878,03,유형별,09,외곽
604,기타도로,1,상행,1220022300,879,03,유형별,09,외곽
604,기타도로,1,상행,1220023900,880,03,유형별,09,외곽
604,기타도로,1,상행,1220025500,881,03,유형별,09,외곽
604,기타도로,1,상행,1220026500,882,03,유형별,09,외곽
604,기타도로,1,상행,1220027100,883,03,유형별,09,외곽
604,기타도로,1,상행,1130019300,884,03,유형별,09,외곽
604,기타도로,1,상행,1130021600,885,03,유형별,09,외곽
604,기타도로,1,상행,1110001200,886,03,유형별,09,외곽
604,기타도로,1,상행,1110001400,887,03,유형별,09,외곽
604,기타도로,1,상행,1110001600,888,03,유형별,09,외곽
604,기타도로,1,상행,1110014000,889,03,유형별,09,외곽
604,기타도로,1,상행,1110014600,890,03,유형별,09,외곽
604,기타도로,1,상행,1110015000,891,03,유형별,09,외곽
604,기타도로,1,상행,1110015600,892,03,유형별,09,외곽
604,기타도로,1,상행,1110015700,893,03,유형별,09,외곽
604,기타도로,1,상행,1240025200,894,03,유형별,09,외곽
604,기타도로,1,상행,1190002000,895,03,유형별,09,외곽
604,기타도로,1,상행,1190003000,896,03,유형별,09,외곽
604,기타도로,1,상행,1190004400,897,03,유형별,09,외곽
604,기타도로,1,상행,1200005400,898,03,유형별,09,외곽
604,기타도로,1,상행,1200008200,899,03,유형별,09,외곽
604,기타도로,1,상행,1200012400,900,03,유형별,09,외곽
604,기타도로,1,상행,1230009000,901,03,유형별,09,외곽
604,기타도로,1,상행,1180026300,902,03,유형별,09,외곽
604,기타도로,1,상행,1180027300,903,03,유형별,09,외곽
604,기타도로,1,상행,1180028700,904,03,유형별,09,외곽
604,기타도로,1,상행,1180029500,905,03,유형별,09,외곽
604,기타도로,1,상행,1060015500,906,03,유형별,09,외곽
604,기타도로,1,상행,1210000500,907,03,유형별,09,외곽
604,기타도로,1,상행,1210001000,908,03,유형별,09,외곽
604,기타도로,1,상행,1210001200,909,03,유형별,09,외곽
604,기타도로,1,상행,1210001800,910,03,유형별,09,외곽
604,기타도로,1,상행,1210002600,911,03,유형별,09,외곽
604,기타도로,1,상행,1210002800,912,03,유형별,09,외곽
604,기타도로,1,상행,1220000200,913,03,유형별,09,외곽
604,기타도로,1,상행,1220000400,914,03,유형별,09,외곽
604,기타도로,1,상행,1220000600,915,03,유형별,09,외곽
604,기타도로,1,상행,1220000800,916,03,유형별,09,외곽
604,기타도로,1,상행,1220012900,917,03,유형별,09,외곽
604,기타도로,1,상행,1220014500,918,03,유형별,09,외곽
604,기타도로,1,상행,1220017100,919,03,유형별,09,외곽
604,기타도로,1,상행,1220018900,920,03,유형별,09,외곽
604,기타도로,1,상행,1230011600,921,03,유형별,09,외곽
604,기타도로,1,상행,1230013400,922,03,유형별,09,외곽
604,기타도로,1,상행,1230016000,923,03,유형별,09,외곽
604,기타도로,1,상행,1230019800,924,03,유형별,09,외곽
604,기타도로,1,상행,1230023400,925,03,유형별,09,외곽
604,기타도로,1,상행,1230028800,926,03,유형별,09,외곽
604,기타도로,1,상행,1240006000,927,03,유형별,09,외곽
604,기타도로,1,상행,1240008200,928,03,유형별,09,외곽
604,기타도로,1,상행,1240010200,929,03,유형별,09,외곽
604,기타도로,1,상행,1240013000,930,03,유형별,09,외곽
604,기타도로,1,상행,1240016600,931,03,유형별,09,외곽
604,기타도로,1,상행,1240020200,932,03,유형별,09,외곽
604,기타도로,1,상행,1240022800,933,03,유형별,09,외곽
604,기타도로,1,상행,1240024800,934,03,유형별,09,외곽
604,기타도로,1,상행,1240023400,935,03,유형별,09,외곽
604,기타도로,1,상행,1240023700,936,03,유형별,09,외곽
604,기타도로,1,상행,1220017500,937,03,유형별,09,외곽
604,기타도로,1,상행,1240023200,938,03,유형별,09,외곽
604,기타도로,1,상행,1240025000,939,03,유형별,09,외곽
604,기타도로,1,상행,1240026800,940,03,유형별,09,외곽
604,기타도로,1,상행,1210010100,941,03,유형별,09,외곽
604,기타도로,1,상행,1210011500,942,03,유형별,09,외곽
604,기타도로,1,상행,1220007900,943,03,유형별,09,외곽
604,기타도로,1,상행,1220009900,944,03,유형별,09,외곽
604,기타도로,1,상행,1220011700,945,03,유형별,09,외곽
604,기타도로,1,상행,1220016900,946,03,유형별,09,외곽
604,기타도로,1,상행,1140000600,947,03,유형별,09,외곽
604,기타도로,1,상행,1150001600,948,03,유형별,09,외곽
604,기타도로,1,상행,1150002200,949,03,유형별,09,외곽
604,기타도로,1,상행,1150002600,950,03,유형별,09,외곽
604,기타도로,1,상행,1150002800,951,03,유형별,09,외곽
604,기타도로,1,상행,1150003000,952,03,유형별,09,외곽
604,기타도로,1,상행,1150003400,953,03,유형별,09,외곽
604,기타도로,1,상행,1150003500,954,03,유형별,09,외곽
604,기타도로,1,상행,1150003800,955,03,유형별,09,외곽
604,기타도로,1,상행,1150004000,956,03,유형별,09,외곽
604,기타도로,1,상행,1150020000,957,03,유형별,09,외곽
604,기타도로,1,상행,1150017300,958,03,유형별,09,외곽
604,기타도로,1,상행,1180009300,959,03,유형별,09,외곽
604,기타도로,1,상행,1180009500,960,03,유형별,09,외곽
604,기타도로,1,상행,1200003000,961,03,유형별,09,외곽
604,기타도로,1,상행,1070009600,962,03,유형별,09,외곽
604,기타도로,1,상행,1070012200,963,03,유형별,09,외곽
604,기타도로,1,상행,1240023900,964,03,유형별,09,외곽
604,기타도로,1,상행,1240026300,965,03,유형별,09,외곽
604,기타도로,1,상행,1240027300,966,03,유형별,09,외곽
604,기타도로,1,상행,1240028000,967,03,유형별,09,외곽
604,기타도로,1,상행,1240028100,968,03,유형별,09,외곽
604,기타도로,1,상행,1240028400,969,03,유형별,09,외곽
604,기타도로,1,상행,1240028500,970,03,유형별,09,외곽
604,기타도로,1,상행,1240025400,971,03,유형별,09,외곽
604,기타도로,1,상행,1240026000,972,03,유형별,09,외곽
604,기타도로,1,상행,1240027500,973,03,유형별,09,외곽
604,기타도로,1,상행,1030006800,974,03,유형별,09,외곽
604,기타도로,1,상행,1030007600,975,03,유형별,09,외곽
604,기타도로,1,상행,1030009200,976,03,유형별,09,외곽
604,기타도로,1,상행,1040002500,977,03,유형별,09,외곽
604,기타도로,1,상행,1040003900,978,03,유형별,09,외곽
604,기타도로,1,상행,1040008400,979,03,유형별,09,외곽
604,기타도로,1,상행,1040008700,980,03,유형별,09,외곽
604,기타도로,1,상행,1040009800,981,03,유형별,09,외곽
604,기타도로,1,상행,1040010100,982,03,유형별,09,외곽
604,기타도로,1,상행,1040010600,983,03,유형별,09,외곽
604,기타도로,1,상행,1040011100,984,03,유형별,09,외곽
604,기타도로,1,상행,1040011600,985,03,유형별,09,외곽
604,기타도로,1,상행,1040012200,986,03,유형별,09,외곽
604,기타도로,1,상행,1040010900,987,03,유형별,09,외곽
604,기타도로,1,상행,1070002200,988,03,유형별,09,외곽
604,기타도로,1,상행,1070002400,989,03,유형별,09,외곽
604,기타도로,1,상행,1070003400,990,03,유형별,09,외곽
604,기타도로,1,상행,1070005200,991,03,유형별,09,외곽
604,기타도로,1,상행,1240022400,992,03,유형별,09,외곽
604,기타도로,1,상행,1240024400,993,03,유형별,09,외곽
604,기타도로,1,상행,1140002300,994,03,유형별,09,외곽
604,기타도로,1,상행,1140005300,995,03,유형별,09,외곽
604,기타도로,1,상행,1140012500,996,03,유형별,09,외곽
604,기타도로,1,상행,1140016500,997,03,유형별,09,외곽
604,기타도로,1,상행,1140018900,998,03,유형별,09,외곽
604,기타도로,1,상행,1140022700,999,03,유형별,09,외곽
604,기타도로,1,상행,1140026700,1000,03,유형별,09,외곽
604,기타도로,1,상행,1140032500,1001,03,유형별,09,외곽
604,기타도로,1,상행,1140036900,1002,03,유형별,09,외곽
604,기타도로,1,상행,1140039100,1003,03,유형별,09,외곽
604,기타도로,1,상행,1140039900,1004,03,유형별,09,외곽
604,기타도로,1,상행,1140040100,1005,03,유형별,09,외곽
604,기타도로,1,상행,1150011400,1006,03,유형별,09,외곽
604,기타도로,1,상행,1160015700,1007,03,유형별,09,외곽
604,기타도로,1,상행,1160049100,1008,03,유형별,09,외곽
604,기타도로,1,상행,1160054500,1009,03,유형별,09,외곽
604,기타도로,1,상행,1170014600,1010,03,유형별,09,외곽
604,기타도로,1,상행,1170017000,1011,03,유형별,09,외곽
604,기타도로,1,상행,1170018900,1012,03,유형별,09,외곽
604,기타도로,1,상행,1170020600,1013,03,유형별,09,외곽
604,기타도로,1,상행,1170021100,1014,03,유형별,09,외곽
604,기타도로,1,상행,1220035000,1015,03,유형별,09,외곽
604,기타도로,1,상행,1220035900,1016,03,유형별,09,외곽
604,기타도로,1,상행,1220036000,1017,03,유형별,09,외곽
604,기타도로,1,상행,1220036300,1018,03,유형별,09,외곽
604,기타도로,1,상행,1050013500,1019,03,유형별,09,외곽
604,기타도로,1,상행,1050013700,1020,03,유형별,09,외곽
604,기타도로,1,상행,1050013900,1021,03,유형별,09,외곽
604,기타도로,1,상행,1050014200,1022,03,유형별,09,외곽
604,기타도로,1,상행,1090007300,1023,03,유형별,09,외곽
604,기타도로,1,상행,1090009100,1024,03,유형별,09,외곽
604,기타도로,1,상행,1090011100,1025,03,유형별,09,외곽
604,기타도로,1,상행,1090012100,1026,03,유형별,09,외곽
604,기타도로,1,상행,1180007100,1027,03,유형별,09,외곽
604,기타도로,1,상행,1180008300,1028,03,유형별,09,외곽
604,기타도로,1,상행,1180008900,1029,03,유형별,09,외곽
604,기타도로,1,상행,1180010700,1030,03,유형별,09,외곽
604,기타도로,1,상행,1180012700,1031,03,유형별,09,외곽
604,기타도로,1,상행,1180013900,1032,03,유형별,09,외곽
604,기타도로,1,상행,1180016300,1033,03,유형별,09,외곽
604,기타도로,1,상행,1060014700,1034,03,유형별,09,외곽
604,기타도로,1,상행,1060015900,1035,03,유형별,09,외곽
604,기타도로,1,상행,1060017300,1036,03,유형별,09,외곽
604,기타도로,1,상행,1060018300,1037,03,유형별,09,외곽
604,기타도로,1,상행,1060019900,1038,03,유형별,09,외곽
604,기타도로,1,상행,1060020500,1039,03,유형별,09,외곽
604,기타도로,1,상행,1060021300,1040,03,유형별,09,외곽
604,기타도로,1,상행,1060021500,1041,03,유형별,09,외곽
604,기타도로,1,상행,1200000500,1042,03,유형별,09,외곽
604,기타도로,1,상행,1200001300,1043,03,유형별,09,외곽
604,기타도로,1,상행,1200001700,1044,03,유형별,09,외곽
604,기타도로,1,상행,1200003500,1045,03,유형별,09,외곽
604,기타도로,1,상행,1200006300,1046,03,유형별,09,외곽
604,기타도로,1,상행,1200009900,1047,03,유형별,09,외곽
604,기타도로,1,상행,1140033400,1048,03,유형별,09,외곽
604,기타도로,1,상행,1140034800,1049,03,유형별,09,외곽
604,기타도로,1,상행,1150008900,1050,03,유형별,09,외곽
604,기타도로,1,상행,1150009100,1051,03,유형별,09,외곽
604,기타도로,1,상행,1140009500,1052,03,유형별,09,외곽
604,기타도로,1,상행,1140014300,1053,03,유형별,09,외곽
604,기타도로,1,상행,1140017300,1054,03,유형별,09,외곽
604,기타도로,1,상행,1140019600,1055,03,유형별,09,외곽
604,기타도로,1,상행,1210023200,1056,03,유형별,09,외곽
604,기타도로,1,상행,1210024200,1057,03,유형별,09,외곽
604,기타도로,1,상행,1210026000,1058,03,유형별,09,외곽
604,기타도로,1,상행,1210026400,1059,03,유형별,09,외곽
604,기타도로,1,상행,1210026800,1060,03,유형별,09,외곽
604,기타도로,1,상행,1210027000,1061,03,유형별,09,외곽
604,기타도로,1,상행,1210027600,1062,03,유형별,09,외곽
604,기타도로,1,상행,1200007700,1063,03,유형별,09,외곽
604,기타도로,1,상행,1200009100,1064,03,유형별,09,외곽
604,기타도로,1,상행,1200010700,1065,03,유형별,09,외곽
604,기타도로,1,상행,1200011100,1066,03,유형별,09,외곽
604,기타도로,1,상행,1140007400,1067,03,유형별,09,외곽
604,기타도로,1,상행,1140010400,1068,03,유형별,09,외곽
604,기타도로,1,상행,1140015000,1069,03,유형별,09,외곽
604,기타도로,1,상행,1140015600,1070,03,유형별,09,외곽
604,기타도로,1,상행,1140016200,1071,03,유형별,09,외곽
604,기타도로,1,상행,1050021200,1072,03,유형별,09,외곽
604,기타도로,1,상행,1140000800,1073,03,유형별,09,외곽
604,기타도로,1,상행,1140001900,1074,03,유형별,09,외곽
604,기타도로,1,상행,1140022500,1075,03,유형별,09,외곽
604,기타도로,1,상행,1230030000,1076,03,유형별,09,외곽
604,기타도로,1,상행,1230031000,1077,03,유형별,09,외곽
604,기타도로,1,상행,1230031400,1078,03,유형별,09,외곽
604,기타도로,1,상행,1240021000,1079,03,유형별,09,외곽
604,기타도로,1,상행,1240021200,1080,03,유형별,09,외곽
604,기타도로,1,상행,1240021300,1081,03,유형별,09,외곽
604,기타도로,1,상행,1240021500,1082,03,유형별,09,외곽
604,기타도로,1,상행,1240021700,1083,03,유형별,09,외곽
604,기타도로,1,상행,1240022100,1084,03,유형별,09,외곽
604,기타도로,1,상행,1240022900,1085,03,유형별,09,외곽
604,기타도로,1,상행,1240024100,1086,03,유형별,09,외곽
604,기타도로,1,상행,1230036500,1087,03,유형별,09,외곽
604,기타도로,1,상행,1240006800,1088,03,유형별,09,외곽
604,기타도로,1,상행,1230012600,1089,03,유형별,09,외곽
604,기타도로,1,상행,1030002900,1090,03,유형별,09,외곽
604,기타도로,1,상행,3201504300,1091,03,유형별,09,외곽
604,기타도로,1,상행,1070007400,1092,03,유형별,09,외곽
604,기타도로,1,상행,1070008100,1093,03,유형별,09,외곽
604,기타도로,1,상행,1070008800,1094,03,유형별,09,외곽
604,기타도로,1,상행,1030005400,1095,03,유형별,09,외곽
604,기타도로,1,상행,1030008600,1096,03,유형별,09,외곽
604,기타도로,1,상행,1030007100,1097,03,유형별,09,외곽
604,기타도로,1,상행,1030010500,1098,03,유형별,09,외곽
604,기타도로,1,상행,1230034100,1099,03,유형별,09,외곽
604,기타도로,1,상행,1240007200,1100,03,유형별,09,외곽
604,기타도로,1,상행,1240009000,1101,03,유형별,09,외곽
604,기타도로,1,상행,1240010000,1102,03,유형별,09,외곽
604,기타도로,1,상행,1240012000,1103,03,유형별,09,외곽
604,기타도로,1,상행,1130023900,1104,03,유형별,09,외곽
604,기타도로,1,상행,1130026700,1105,03,유형별,09,외곽
604,기타도로,1,상행,1130028100,1106,03,유형별,09,외곽
604,기타도로,1,상행,1130029300,1107,03,유형별,09,외곽
604,기타도로,1,상행,1130023100,1108,03,유형별,09,외곽
604,기타도로,1,상행,1130025400,1109,03,유형별,09,외곽
604,기타도로,1,상행,1000021000,1110,03,유형별,09,외곽
604,기타도로,1,상행,1120013600,1111,03,유형별,09,외곽
604,기타도로,1,상행,1120014000,1112,03,유형별,09,외곽
604,기타도로,1,상행,1020016500,1113,03,유형별,09,외곽
604,기타도로,1,상행,1020017200,1114,03,유형별,09,외곽
604,기타도로,1,상행,1020019100,1115,03,유형별,09,외곽
604,기타도로,1,상행,1020020500,1116,03,유형별,09,외곽
604,기타도로,1,상행,1020021900,1117,03,유형별,09,외곽
604,기타도로,1,상행,1020022700,1118,03,유형별,09,외곽
604,기타도로,1,상행,1010000500,1119,03,유형별,09,외곽
604,기타도로,1,상행,1020022600,1120,03,유형별,09,외곽
604,기타도로,1,상행,1010000700,1121,03,유형별,09,외곽
604,기타도로,1,상행,1010001200,1122,03,유형별,09,외곽
604,기타도로,1,상행,1070016900,1123,03,유형별,09,외곽
604,기타도로,1,상행,1070020300,1124,03,유형별,09,외곽
604,기타도로,1,상행,1080002200,1125,03,유형별,09,외곽
604,기타도로,1,상행,1080002400,1126,03,유형별,09,외곽
604,기타도로,1,상행,1080002600,1127,03,유형별,09,외곽
604,기타도로,1,상행,1080003300,1128,03,유형별,09,외곽
604,기타도로,1,상행,1230007600,1129,03,유형별,09,외곽
604,기타도로,1,상행,1230008200,1130,03,유형별,09,외곽
604,기타도로,1,상행,1230009800,1131,03,유형별,09,외곽
604,기타도로,1,상행,1230012800,1132,03,유형별,09,외곽
604,기타도로,1,상행,1230015200,1133,03,유형별,09,외곽
604,기타도로,1,상행,1230017400,1134,03,유형별,09,외곽
604,기타도로,1,상행,3201503300,1135,03,유형별,09,외곽
604,기타도로,1,상행,1230007400,1136,03,유형별,09,외곽
604,기타도로,1,상행,1230005600,1137,03,유형별,09,외곽
604,기타도로,1,상행,1060006300,1138,03,유형별,09,외곽
604,기타도로,1,상행,1230030400,1139,03,유형별,09,외곽
604,기타도로,1,상행,1230032300,1140,03,유형별,09,외곽
604,기타도로,1,상행,1100034200,1141,03,유형별,09,외곽
604,기타도로,1,상행,1100035200,1142,03,유형별,09,외곽
604,기타도로,1,상행,1100035400,1143,03,유형별,09,외곽
604,기타도로,1,상행,1100035600,1144,03,유형별,09,외곽
604,기타도로,1,상행,1110012900,1145,03,유형별,09,외곽
604,기타도로,1,상행,1110013300,1146,03,유형별,09,외곽
604,기타도로,1,상행,1210016400,1147,03,유형별,09,외곽
604,기타도로,1,상행,1210018600,1148,03,유형별,09,외곽
604,기타도로,1,상행,1210020800,1149,03,유형별,09,외곽
604,기타도로,1,상행,1210023000,1150,03,유형별,09,외곽
604,기타도로,1,상행,1050007800,1151,03,유형별,09,외곽
604,기타도로,1,상행,1050009000,1152,03,유형별,09,외곽
604,기타도로,1,상행,1050011800,1153,03,유형별,09,외곽
604,기타도로,1,상행,1050014400,1154,03,유형별,09,외곽
604,기타도로,1,상행,1060009100,1155,03,유형별,09,외곽
604,기타도로,1,상행,1060009400,1156,03,유형별,09,외곽
604,기타도로,1,상행,1060009800,1157,03,유형별,09,외곽
604,기타도로,1,상행,1060010200,1158,03,유형별,09,외곽
604,기타도로,1,상행,1060010400,1159,03,유형별,09,외곽
604,기타도로,1,상행,1210016300,1160,03,유형별,09,외곽
604,기타도로,1,상행,1210017300,1161,03,유형별,09,외곽
604,기타도로,1,상행,1210017900,1162,03,유형별,09,외곽
604,기타도로,1,상행,1210019700,1163,03,유형별,09,외곽
604,기타도로,1,상행,1210020300,1164,03,유형별,09,외곽
604,기타도로,1,상행,1210021100,1165,03,유형별,09,외곽
604,기타도로,1,상행,1210022300,1166,03,유형별,09,외곽
604,기타도로,1,상행,1210015100,1167,03,유형별,09,외곽
604,기타도로,1,상행,1210016700,1168,03,유형별,09,외곽
604,기타도로,1,상행,1210019500,1169,03,유형별,09,외곽
604,기타도로,1,상행,1210022500,1170,03,유형별,09,외곽
604,기타도로,1,상행,1210025300,1171,03,유형별,09,외곽
604,기타도로,1,상행,1100008300,1172,03,유형별,09,외곽
604,기타도로,1,상행,1070019900,1173,03,유형별,09,외곽
604,기타도로,1,상행,1230020100,1174,03,유형별,09,외곽
604,기타도로,1,상행,1230020400,1175,03,유형별,09,외곽
604,기타도로,1,상행,1230021700,1176,03,유형별,09,외곽
604,기타도로,1,상행,1230023800,1177,03,유형별,09,외곽
604,기타도로,1,상행,1230026900,1178,03,유형별,09,외곽
604,기타도로,1,상행,1220007400,1179,03,유형별,09,외곽
604,기타도로,1,상행,1220008600,1180,03,유형별,09,외곽
604,기타도로,1,상행,1220011000,1181,03,유형별,09,외곽
604,기타도로,1,상행,1220014000,1182,03,유형별,09,외곽
604,기타도로,1,상행,1220019200,1183,03,유형별,09,외곽
604,기타도로,1,상행,1220023100,1184,03,유형별,09,외곽
604,기타도로,1,상행,1220025800,1185,03,유형별,09,외곽
604,기타도로,1,상행,1220027600,1186,03,유형별,09,외곽
604,기타도로,1,상행,1220031000,1187,03,유형별,09,외곽
604,기타도로,1,상행,1220033400,1188,03,유형별,09,외곽
604,기타도로,1,상행,1220035400,1189,03,유형별,09,외곽
604,기타도로,1,상행,1220036400,1190,03,유형별,09,외곽
604,기타도로,1,상행,1180015900,1191,03,유형별,09,외곽
604,기타도로,1,상행,1180016900,1192,03,유형별,09,외곽
604,기타도로,1,상행,1180019500,1193,03,유형별,09,외곽
604,기타도로,1,상행,1180023500,1194,03,유형별,09,외곽
604,기타도로,1,상행,1180017300,1195,03,유형별,09,외곽
604,기타도로,1,상행,1180020900,1196,03,유형별,09,외곽
604,기타도로,1,상행,1180024100,1197,03,유형별,09,외곽
604,기타도로,1,상행,1180028500,1198,03,유형별,09,외곽
604,기타도로,1,상행,1005002400,1199,03,유형별,09,외곽
604,기타도로,1,상행,1100008700,1200,03,유형별,09,외곽
604,기타도로,1,상행,1100010200,1201,03,유형별,09,외곽
604,기타도로,1,상행,1100012100,1202,03,유형별,09,외곽
604,기타도로,1,상행,1100014300,1203,03,유형별,09,외곽
604,기타도로,1,상행,1100015900,1204,03,유형별,09,외곽
604,기타도로,1,상행,1100018300,1205,03,유형별,09,외곽
604,기타도로,1,상행,1100020100,1206,03,유형별,09,외곽
604,기타도로,1,상행,1100021500,1207,03,유형별,09,외곽
604,기타도로,1,상행,1000018900,1208,03,유형별,09,외곽
604,기타도로,1,상행,1230018200,1209,03,유형별,09,외곽
604,기타도로,1,상행,1230021600,1210,03,유형별,09,외곽
604,기타도로,1,상행,1230013100,1211,03,유형별,09,외곽
604,기타도로,1,상행,1230011300,1212,03,유형별,09,외곽
604,기타도로,1,상행,1100029800,1213,03,유형별,09,외곽
604,기타도로,1,상행,1100030200,1214,03,유형별,09,외곽
604,기타도로,1,상행,1100031000,1215,03,유형별,09,외곽
604,기타도로,1,상행,1100031400,1216,03,유형별,09,외곽
604,기타도로,1,상행,1100032600,1217,03,유형별,09,외곽
604,기타도로,1,상행,1100035000,1218,03,유형별,09,외곽
604,기타도로,1,상행,1190001500,1219,03,유형별,09,외곽
604,기타도로,1,상행,1190001700,1220,03,유형별,09,외곽
604,기타도로,1,상행,1190002400,1221,03,유형별,09,외곽
604,기타도로,1,상행,1190003100,1222,03,유형별,09,외곽
604,기타도로,1,상행,1190003300,1223,03,유형별,09,외곽
604,기타도로,1,상행,1200011500,1224,03,유형별,09,외곽
604,기타도로,1,상행,1060009600,1225,03,유형별,09,외곽
604,기타도로,1,상행,1060011400,1226,03,유형별,09,외곽
604,기타도로,1,상행,1060013400,1227,03,유형별,09,외곽
604,기타도로,1,상행,1060014400,1228,03,유형별,09,외곽
604,기타도로,1,상행,1230011000,1229,03,유형별,09,외곽
604,기타도로,1,상행,1230014000,1230,03,유형별,09,외곽
604,기타도로,1,상행,1240013600,1231,03,유형별,09,외곽
604,기타도로,1,상행,1240013800,1232,03,유형별,09,외곽
604,기타도로,1,상행,1240014200,1233,03,유형별,09,외곽
604,기타도로,1,상행,1240014600,1234,03,유형별,09,외곽
604,기타도로,1,상행,1240014700,1235,03,유형별,09,외곽
604,기타도로,1,상행,1240015000,1236,03,유형별,09,외곽
604,기타도로,1,상행,1240016200,1237,03,유형별,09,외곽
604,기타도로,1,상행,1240017600,1238,03,유형별,09,외곽
604,기타도로,1,상행,1240019000,1239,03,유형별,09,외곽
701,광진교,1,상행,1040011800,1,04,기타도로,07,한강교량
705,반포대교,1,상행,1210028800,2,04,기타도로,07,한강교량
706,방화대교,1,상행,2180142703,3,04,기타도로,07,한강교량
720,행주대교,1,상행,2180002102,4,04,기타도로,07,한강교량
716,천호대교,1,상행,1240001500,5,04,기타도로,07,한강교량
712,올림픽대교,1,상행,1230037000,6,04,기타도로,07,한강교량
709,성수대교,1,상행,1220037200,8,04,기타도로,07,한강교량
703,동호대교,1,상행,1220037000,9,04,기타도로,07,한강교량
711,영동대교,1,상행,1220005200,10,04,기타도로,07,한강교량
717,청담대교,1,상행,1220005000,11,04,기타도로,07,한강교량
719,한남대교,1,상행,1210030600,12,04,기타도로,07,한강교량
714,잠수교,1,상행,1210029200,13,04,기타도로,07,한강교량
718,한강대교,1,상행,1190007500,15,04,기타도로,07,한강교량
707,서강대교,1,상행,1180041000,16,04,기타도로,07,한강교량
713,원효대교,1,상행,1180031600,17,04,기타도로,07,한강교량
708,성산대교,1,상행,1180005400,18,04,기타도로,07,한강교량
710,양화대교,1,상행,1180003700,19,04,기타도로,07,한강교량
704,마포대교,1,상행,1180002500,20,04,기타도로,07,한강교량
706,방화대교,1,상행,1150005800,22,04,기타도로,07,한강교량
700,가양대교,1,상행,1130023700,23,04,기타도로,07,한강교량
705,반포대교,2,하행,1210028900,1,04,기타도로,07,한강교량
701,광진교,2,하행,1040011900,2,04,기타도로,07,한강교량
702,동작대교,2,하행,1210027900,3,04,기타도로,07,한강교량
718,한강대교,2,하행,1190007600,5,04,기타도로,07,한강교량
716,천호대교,2,하행,1240001600,6,04,기타도로,07,한강교량
707,서강대교,2,하행,1180041100,7,04,기타도로,07,한강교량
711,영동대교,2,하행,1220005300,8,04,기타도로,07,한강교량
713,원효대교,2,하행,1180031700,9,04,기타도로,07,한강교량
715,잠실대교,2,하행,1230005000,10,04,기타도로,07,한강교량
717,청담대교,2,하행,1220005100,12,04,기타도로,07,한강교량
710,양화대교,2,하행,1180003800,13,04,기타도로,07,한강교량
720,행주대교,2,하행,2180002201,14,04,기타도로,07,한강교량
704,마포대교,2,하행,1180002600,15,04,기타도로,07,한강교량
719,한남대교,2,하행,1210030700,16,04,기타도로,07,한강교량
720,행주대교,2,하행,1150007300,17,04,기타도로,07,한강교량
706,방화대교,2,하행,1150005900,19,04,기타도로,07,한강교량
714,잠수교,2,하행,1210029300,20,04,기타도로,07,한강교량
700,가양대교,2,하행,1130023800,21,04,기타도로,07,한강교량
712,올림픽대교,2,하행,1230037100,22,04,기타도로,07,한강교량
706,방화대교,2,하행,2180142803,23,04,기타도로,07,한강교량
800,가양-현저선,1,상행,1110003900,2,02,기능별,11,주간선도로 기능별
800,가양-현저선,1,상행,1110003300,3,02,기능별,11,주간선도로 기능별
800,가양-현저선,1,상행,1110002900,4,02,기능별,11,주간선도로 기능별
800,가양-현저선,1,상행,1120008500,9,02,기능별,11,주간선도로 기능별
800,가양-현저선,1,상행,1120006900,10,02,기능별,11,주간선도로 기능별
800,가양-현저선,1,상행,1120006400,11,02,기능별,11,주간선도로 기능별
800,가양-현저선,1,상행,1120005700,12,02,기능별,11,주간선도로 기능별
800,가양-현저선,1,상행,1120005500,13,02,기능별,11,주간선도로 기능별
800,가양-현저선,1,상행,1120005100,14,02,기능별,11,주간선도로 기능별
800,가양-현저선,1,상행,1120004500,16,02,기능별,11,주간선도로 기능별
800,가양-현저선,2,하행,1120007000,1,02,기능별,11,주간선도로 기능별
800,가양-현저선,2,하행,1120004300,2,02,기능별,11,주간선도로 기능별
800,가양-현저선,2,하행,1110003000,3,02,기능별,11,주간선도로 기능별
800,가양-현저선,2,하행,1120006300,4,02,기능별,11,주간선도로 기능별
800,가양-현저선,2,하행,1120005600,7,02,기능별,11,주간선도로 기능별
800,가양-현저선,2,하행,1120005200,9,02,기능별,11,주간선도로 기능별
800,가양-현저선,2,하행,1120008600,11,02,기능별,11,주간선도로 기능별
800,가양-현저선,2,하행,1120004600,13,02,기능별,11,주간선도로 기능별
800,가양-현저선,2,하행,1110003400,14,02,기능별,11,주간선도로 기능별
800,가양-현저선,2,하행,1110004000,15,02,기능별,11,주간선도로 기능별
801,갈현-적선선,1,상행,1000021500,1,02,기능별,11,주간선도로 기능별
801,갈현-적선선,1,상행,1110011700,4,02,기능별,11,주간선도로 기능별
801,갈현-적선선,1,상행,1000020700,5,02,기능별,11,주간선도로 기능별
801,갈현-적선선,1,상행,1000019500,7,02,기능별,11,주간선도로 기능별
801,갈현-적선선,1,상행,1110011400,8,02,기능별,11,주간선도로 기능별
801,갈현-적선선,2,하행,1000021400,1,02,기능별,11,주간선도로 기능별
801,갈현-적선선,2,하행,1000020800,2,02,기능별,11,주간선도로 기능별
801,갈현-적선선,2,하행,1000019600,3,02,기능별,11,주간선도로 기능별
801,갈현-적선선,2,하행,1110011800,9,02,기능별,11,주간선도로 기능별
801,갈현-적선선,2,하행,1110011300,10,02,기능별,11,주간선도로 기능별
802,공덕-봉래선,1,상행,1130009400,1,02,기능별,11,주간선도로 기능별
802,공덕-봉래선,1,상행,1020019600,2,02,기능별,11,주간선도로 기능별
802,공덕-봉래선,1,상행,1020022400,3,02,기능별,11,주간선도로 기능별
802,공덕-봉래선,2,하행,1020022300,1,02,기능별,11,주간선도로 기능별
802,공덕-봉래선,2,하행,1020019500,3,02,기능별,11,주간선도로 기능별
803,과해-삼성선,1,상행,1190007300,1,02,기능별,11,주간선도로 기능별
803,과해-삼성선,1,상행,1190007100,2,02,기능별,11,주간선도로 기능별
803,과해-삼성선,1,상행,1150000300,3,02,기능별,11,주간선도로 기능별
803,과해-삼성선,1,상행,1150000500,4,02,기능별,11,주간선도로 기능별
803,과해-삼성선,1,상행,1150000900,5,02,기능별,11,주간선도로 기능별
803,과해-삼성선,1,상행,1150001700,7,02,기능별,11,주간선도로 기능별
803,과해-삼성선,1,상행,1150001900,8,02,기능별,11,주간선도로 기능별
803,과해-삼성선,1,상행,1220028300,9,02,기능별,11,주간선도로 기능별
803,과해-삼성선,1,상행,1220029100,10,02,기능별,11,주간선도로 기능별
803,과해-삼성선,1,상행,1220030100,11,02,기능별,11,주간선도로 기능별
803,과해-삼성선,1,상행,1220030900,12,02,기능별,11,주간선도로 기능별
803,과해-삼성선,1,상행,1220031700,14,02,기능별,11,주간선도로 기능별
803,과해-삼성선,1,상행,1210022800,15,02,기능별,11,주간선도로 기능별
803,과해-삼성선,1,상행,1210023700,16,02,기능별,11,주간선도로 기능별
803,과해-삼성선,1,상행,1210024500,17,02,기능별,11,주간선도로 기능별
803,과해-삼성선,1,상행,1210024900,18,02,기능별,11,주간선도로 기능별
803,과해-삼성선,1,상행,1210025800,20,02,기능별,11,주간선도로 기능별
803,과해-삼성선,1,상행,1220027300,21,02,기능별,11,주간선도로 기능별
803,과해-삼성선,1,상행,1210022700,22,02,기능별,11,주간선도로 기능별
803,과해-삼성선,1,상행,1150013600,23,02,기능별,11,주간선도로 기능별
803,과해-삼성선,1,상행,1150014400,24,02,기능별,11,주간선도로 기능별
803,과해-삼성선,1,상행,1150014600,25,02,기능별,11,주간선도로 기능별
803,과해-삼성선,1,상행,1180003300,27,02,기능별,11,주간선도로 기능별
803,과해-삼성선,1,상행,1180003500,28,02,기능별,11,주간선도로 기능별
803,과해-삼성선,1,상행,1180004300,29,02,기능별,11,주간선도로 기능별
803,과해-삼성선,1,상행,1180004700,30,02,기능별,11,주간선도로 기능별
803,과해-삼성선,1,상행,1180025800,31,02,기능별,11,주간선도로 기능별
803,과해-삼성선,1,상행,1180034600,32,02,기능별,11,주간선도로 기능별
803,과해-삼성선,1,상행,1180040600,34,02,기능별,11,주간선도로 기능별
803,과해-삼성선,1,상행,1190002500,35,02,기능별,11,주간선도로 기능별
803,과해-삼성선,1,상행,1190003500,36,02,기능별,11,주간선도로 기능별
803,과해-삼성선,1,상행,1190004700,37,02,기능별,11,주간선도로 기능별
803,과해-삼성선,1,상행,1190006500,38,02,기능별,11,주간선도로 기능별
803,과해-삼성선,1,상행,1140000400,40,02,기능별,11,주간선도로 기능별
803,과해-삼성선,2,하행,1190007400,1,02,기능별,11,주간선도로 기능별
803,과해-삼성선,2,하행,1140000300,2,02,기능별,11,주간선도로 기능별
803,과해-삼성선,2,하행,1150000400,3,02,기능별,11,주간선도로 기능별
803,과해-삼성선,2,하행,1150000600,4,02,기능별,11,주간선도로 기능별
803,과해-삼성선,2,하행,1150001000,5,02,기능별,11,주간선도로 기능별
803,과해-삼성선,2,하행,1150001800,7,02,기능별,11,주간선도로 기능별
803,과해-삼성선,2,하행,1150002000,8,02,기능별,11,주간선도로 기능별
803,과해-삼성선,2,하행,1220028200,9,02,기능별,11,주간선도로 기능별
803,과해-삼성선,2,하행,1220029000,10,02,기능별,11,주간선도로 기능별
803,과해-삼성선,2,하행,1220030000,11,02,기능별,11,주간선도로 기능별
803,과해-삼성선,2,하행,1220030800,12,02,기능별,11,주간선도로 기능별
803,과해-삼성선,2,하행,1220031600,14,02,기능별,11,주간선도로 기능별
803,과해-삼성선,2,하행,1210022900,15,02,기능별,11,주간선도로 기능별
803,과해-삼성선,2,하행,1210023600,16,02,기능별,11,주간선도로 기능별
803,과해-삼성선,2,하행,1210024400,17,02,기능별,11,주간선도로 기능별
803,과해-삼성선,2,하행,1210024800,18,02,기능별,11,주간선도로 기능별
803,과해-삼성선,2,하행,1210025900,20,02,기능별,11,주간선도로 기능별
803,과해-삼성선,2,하행,1220027200,21,02,기능별,11,주간선도로 기능별
803,과해-삼성선,2,하행,1210022600,22,02,기능별,11,주간선도로 기능별
803,과해-삼성선,2,하행,1150013700,23,02,기능별,11,주간선도로 기능별
803,과해-삼성선,2,하행,1150014500,24,02,기능별,11,주간선도로 기능별
803,과해-삼성선,2,하행,1150014700,25,02,기능별,11,주간선도로 기능별
803,과해-삼성선,2,하행,1180003400,27,02,기능별,11,주간선도로 기능별
803,과해-삼성선,2,하행,1180003600,28,02,기능별,11,주간선도로 기능별
803,과해-삼성선,2,하행,1180004400,29,02,기능별,11,주간선도로 기능별
803,과해-삼성선,2,하행,1180004800,30,02,기능별,11,주간선도로 기능별
803,과해-삼성선,2,하행,1180025900,31,02,기능별,11,주간선도로 기능별
803,과해-삼성선,2,하행,1180034700,32,02,기능별,11,주간선도로 기능별
803,과해-삼성선,2,하행,1180040700,34,02,기능별,11,주간선도로 기능별
803,과해-삼성선,2,하행,1190002600,35,02,기능별,11,주간선도로 기능별
803,과해-삼성선,2,하행,1190003600,36,02,기능별,11,주간선도로 기능별
803,과해-삼성선,2,하행,1190004800,37,02,기능별,11,주간선도로 기능별
803,과해-삼성선,2,하행,1190006600,38,02,기능별,11,주간선도로 기능별
803,과해-삼성선,2,하행,1190007200,40,02,기능별,11,주간선도로 기능별
804,내곡-월곡선,1,상행,1220027500,1,02,기능별,11,주간선도로 기능별
804,내곡-월곡선,1,상행,1070010400,2,02,기능별,11,주간선도로 기능별
804,내곡-월곡선,1,상행,1070007600,3,02,기능별,11,주간선도로 기능별
804,내곡-월곡선,1,상행,1050017600,4,02,기능별,11,주간선도로 기능별
804,내곡-월곡선,1,상행,1050016600,5,02,기능별,11,주간선도로 기능별
804,내곡-월곡선,1,상행,1050012600,7,02,기능별,11,주간선도로 기능별
804,내곡-월곡선,1,상행,1050010600,8,02,기능별,11,주간선도로 기능별
804,내곡-월곡선,1,상행,1050008000,9,02,기능별,11,주간선도로 기능별
804,내곡-월곡선,1,상행,1030020200,10,02,기능별,11,주간선도로 기능별
804,내곡-월곡선,1,상행,1030016800,11,02,기능별,11,주간선도로 기능별
804,내곡-월곡선,1,상행,1030015200,12,02,기능별,11,주간선도로 기능별
804,내곡-월곡선,1,상행,1030011800,14,02,기능별,11,주간선도로 기능별
804,내곡-월곡선,1,상행,1030008200,15,02,기능별,11,주간선도로 기능별
804,내곡-월곡선,1,상행,1030006400,16,02,기능별,11,주간선도로 기능별
804,내곡-월곡선,1,상행,1210007900,17,02,기능별,11,주간선도로 기능별
804,내곡-월곡선,1,상행,1210006700,18,02,기능별,11,주간선도로 기능별
804,내곡-월곡선,1,상행,1220021500,20,02,기능별,11,주간선도로 기능별
804,내곡-월곡선,1,상행,1220016100,21,02,기능별,11,주간선도로 기능별
804,내곡-월곡선,1,상행,1220011500,22,02,기능별,11,주간선도로 기능별
804,내곡-월곡선,1,상행,1220008500,23,02,기능별,11,주간선도로 기능별
804,내곡-월곡선,1,상행,1220006900,24,02,기능별,11,주간선도로 기능별
804,내곡-월곡선,1,상행,1220037300,25,02,기능별,11,주간선도로 기능별
804,내곡-월곡선,1,상행,1220035300,27,02,기능별,11,주간선도로 기능별
804,내곡-월곡선,1,상행,1220033100,28,02,기능별,11,주간선도로 기능별
804,내곡-월곡선,1,상행,1220029900,29,02,기능별,11,주간선도로 기능별
804,내곡-월곡선,1,상행,1070013800,30,02,기능별,11,주간선도로 기능별
804,내곡-월곡선,2,하행,1050010500,1,02,기능별,11,주간선도로 기능별
804,내곡-월곡선,2,하행,1220027400,2,02,기능별,11,주간선도로 기능별
804,내곡-월곡선,2,하행,1210007800,4,02,기능별,11,주간선도로 기능별
804,내곡-월곡선,2,하행,1050007900,5,02,기능별,11,주간선도로 기능별
804,내곡-월곡선,2,하행,1210006600,6,02,기능별,11,주간선도로 기능별
804,내곡-월곡선,2,하행,1050016500,7,02,기능별,11,주간선도로 기능별
804,내곡-월곡선,2,하행,1220024600,8,02,기능별,11,주간선도로 기능별
804,내곡-월곡선,2,하행,1220021400,10,02,기능별,11,주간선도로 기능별
804,내곡-월곡선,2,하행,1070007500,11,02,기능별,11,주간선도로 기능별
804,내곡-월곡선,2,하행,1220016000,12,02,기능별,11,주간선도로 기능별
804,내곡-월곡선,2,하행,1030016700,13,02,기능별,11,주간선도로 기능별
804,내곡-월곡선,2,하행,1220011400,14,02,기능별,11,주간선도로 기능별
804,내곡-월곡선,2,하행,1050014900,15,02,기능별,11,주간선도로 기능별
804,내곡-월곡선,2,하행,1030015100,17,02,기능별,11,주간선도로 기능별
804,내곡-월곡선,2,하행,1220006800,18,02,기능별,11,주간선도로 기능별
804,내곡-월곡선,2,하행,1070010300,19,02,기능별,11,주간선도로 기능별
804,내곡-월곡선,2,하행,1220037200,20,02,기능별,11,주간선도로 기능별
804,내곡-월곡선,2,하행,1030013700,21,02,기능별,11,주간선도로 기능별
804,내곡-월곡선,2,하행,1220036800,22,02,기능별,11,주간선도로 기능별
804,내곡-월곡선,2,하행,1220035200,24,02,기능별,11,주간선도로 기능별
804,내곡-월곡선,2,하행,1030011700,25,02,기능별,11,주간선도로 기능별
804,내곡-월곡선,2,하행,1220033000,26,02,기능별,11,주간선도로 기능별
804,내곡-월곡선,2,하행,1050017500,27,02,기능별,11,주간선도로 기능별
804,내곡-월곡선,2,하행,1220029800,28,02,기능별,11,주간선도로 기능별
804,내곡-월곡선,2,하행,1030006300,30,02,기능별,11,주간선도로 기능별
805,도심순환도로,1,상행,1010017400,1,02,기능별,11,주간선도로 기능별
805,도심순환도로,1,상행,1010008200,2,02,기능별,11,주간선도로 기능별
805,도심순환도로,1,상행,1010007000,3,02,기능별,11,주간선도로 기능별
805,도심순환도로,1,상행,1010005600,4,02,기능별,11,주간선도로 기능별
805,도심순환도로,1,상행,1010004700,5,02,기능별,11,주간선도로 기능별
805,도심순환도로,1,상행,1010002600,7,02,기능별,11,주간선도로 기능별
805,도심순환도로,1,상행,1000013500,8,02,기능별,11,주간선도로 기능별
805,도심순환도로,1,상행,1000013400,9,02,기능별,11,주간선도로 기능별
805,도심순환도로,1,상행,1000012700,10,02,기능별,11,주간선도로 기능별
805,도심순환도로,1,상행,1000012500,11,02,기능별,11,주간선도로 기능별
805,도심순환도로,1,상행,1000012300,12,02,기능별,11,주간선도로 기능별
805,도심순환도로,1,상행,1000011800,15,02,기능별,11,주간선도로 기능별
805,도심순환도로,1,상행,1000011600,16,02,기능별,11,주간선도로 기능별
805,도심순환도로,1,상행,1000011300,17,02,기능별,11,주간선도로 기능별
805,도심순환도로,1,상행,1000007900,19,02,기능별,11,주간선도로 기능별
805,도심순환도로,1,상행,1000006200,20,02,기능별,11,주간선도로 기능별
805,도심순환도로,2,하행,1010006900,1,02,기능별,11,주간선도로 기능별
805,도심순환도로,2,하행,1010017300,2,02,기능별,11,주간선도로 기능별
805,도심순환도로,2,하행,1000012200,4,02,기능별,11,주간선도로 기능별
805,도심순환도로,2,하행,1010008100,5,02,기능별,11,주간선도로 기능별
805,도심순환도로,2,하행,1000012000,6,02,기능별,11,주간선도로 기능별
805,도심순환도로,2,하행,1010002500,7,02,기능별,11,주간선도로 기능별
805,도심순환도로,2,하행,1010005500,10,02,기능별,11,주간선도로 기능별
805,도심순환도로,2,하행,1000011500,11,02,기능별,11,주간선도로 기능별
604,기타도로,1,상행,1240015800,1240,03,유형별,09,외곽
604,기타도로,1,상행,1240016300,1241,03,유형별,09,외곽
604,기타도로,1,상행,1240016800,1242,03,유형별,09,외곽
604,기타도로,1,상행,1240020000,1243,03,유형별,09,외곽
604,기타도로,1,상행,1240022600,1244,03,유형별,09,외곽
604,기타도로,1,상행,1240025800,1245,03,유형별,09,외곽
604,기타도로,1,상행,1240020700,1246,03,유형별,09,외곽
604,기타도로,1,상행,3201502000,1247,03,유형별,09,외곽
604,기타도로,1,상행,3201503400,1248,03,유형별,09,외곽
604,기타도로,1,상행,1160015500,1249,03,유형별,09,외곽
604,기타도로,1,상행,1020008300,1250,03,유형별,09,외곽
604,기타도로,1,상행,1020010500,1251,03,유형별,09,외곽
604,기타도로,1,상행,1020012100,1252,03,유형별,09,외곽
604,기타도로,1,상행,1020014300,1253,03,유형별,09,외곽
604,기타도로,1,상행,1020014700,1254,03,유형별,09,외곽
604,기타도로,1,상행,1020016100,1255,03,유형별,09,외곽
604,기타도로,1,상행,1120008100,1256,03,유형별,09,외곽
604,기타도로,1,상행,1120008900,1257,03,유형별,09,외곽
604,기타도로,1,상행,1120009200,1258,03,유형별,09,외곽
604,기타도로,1,상행,1120010700,1259,03,유형별,09,외곽
604,기타도로,1,상행,1120011400,1260,03,유형별,09,외곽
604,기타도로,1,상행,1020003300,1261,03,유형별,09,외곽
604,기타도로,1,상행,1020003600,1262,03,유형별,09,외곽
604,기타도로,1,상행,1020004200,1263,03,유형별,09,외곽
604,기타도로,1,상행,1020007000,1264,03,유형별,09,외곽
604,기타도로,1,상행,1020011600,1265,03,유형별,09,외곽
604,기타도로,1,상행,1020005500,1266,03,유형별,09,외곽
604,기타도로,1,상행,1110009500,1267,03,유형별,09,외곽
604,기타도로,1,상행,1110009900,1268,03,유형별,09,외곽
604,기타도로,1,상행,1110011100,1269,03,유형별,09,외곽
604,기타도로,1,상행,1110012500,1270,03,유형별,09,외곽
604,기타도로,1,상행,1220012000,1271,03,유형별,09,외곽
604,기타도로,1,상행,1220013600,1272,03,유형별,09,외곽
604,기타도로,1,상행,1220015600,1273,03,유형별,09,외곽
604,기타도로,1,상행,1220017200,1274,03,유형별,09,외곽
604,기타도로,1,상행,1220018600,1275,03,유형별,09,외곽
604,기타도로,1,상행,1220020500,1276,03,유형별,09,외곽
604,기타도로,1,상행,1210022700,1277,03,유형별,09,외곽
604,기타도로,1,상행,1210022800,1278,03,유형별,09,외곽
604,기타도로,1,상행,1210023700,1279,03,유형별,09,외곽
604,기타도로,1,상행,1210024500,1280,03,유형별,09,외곽
604,기타도로,1,상행,1210024900,1281,03,유형별,09,외곽
604,기타도로,1,상행,1210025500,1282,03,유형별,09,외곽
604,기타도로,1,상행,1210025800,1283,03,유형별,09,외곽
604,기타도로,1,상행,1030013200,1284,03,유형별,09,외곽
604,기타도로,1,상행,1030013500,1285,03,유형별,09,외곽
604,기타도로,1,상행,1030016500,1286,03,유형별,09,외곽
604,기타도로,1,상행,1030018900,1287,03,유형별,09,외곽
604,기타도로,1,상행,1030020500,1288,03,유형별,09,외곽
604,기타도로,1,상행,1080010500,1289,03,유형별,09,외곽
604,기타도로,1,상행,1080010700,1290,03,유형별,09,외곽
604,기타도로,1,상행,1080010900,1291,03,유형별,09,외곽
604,기타도로,1,상행,1070004800,1292,03,유형별,09,외곽
604,기타도로,1,상행,1070005700,1293,03,유형별,09,외곽
604,기타도로,1,상행,1220009400,1294,03,유형별,09,외곽
604,기타도로,1,상행,1220012600,1295,03,유형별,09,외곽
604,기타도로,1,상행,1220015000,1296,03,유형별,09,외곽
604,기타도로,1,상행,1220018200,1297,03,유형별,09,외곽
604,기타도로,1,상행,1220021800,1298,03,유형별,09,외곽
604,기타도로,1,상행,1220024800,1299,03,유형별,09,외곽
604,기타도로,1,상행,1220026600,1300,03,유형별,09,외곽
604,기타도로,1,상행,1220029200,1301,03,유형별,09,외곽
604,기타도로,1,상행,1220031800,1302,03,유형별,09,외곽
604,기타도로,1,상행,1220034000,1303,03,유형별,09,외곽
604,기타도로,1,상행,1070013000,1304,03,유형별,09,외곽
604,기타도로,1,상행,1070017400,1305,03,유형별,09,외곽
604,기타도로,1,상행,1080003000,1306,03,유형별,09,외곽
604,기타도로,1,상행,1080004400,1307,03,유형별,09,외곽
604,기타도로,1,상행,1080005800,1308,03,유형별,09,외곽
604,기타도로,1,상행,1080008400,1309,03,유형별,09,외곽
604,기타도로,1,상행,1080010200,1310,03,유형별,09,외곽
604,기타도로,1,상행,1080012000,1311,03,유형별,09,외곽
604,기타도로,1,상행,1080013000,1312,03,유형별,09,외곽
604,기타도로,1,상행,1080013200,1313,03,유형별,09,외곽
604,기타도로,1,상행,1150004200,1314,03,유형별,09,외곽
604,기타도로,1,상행,1150005000,1315,03,유형별,09,외곽
604,기타도로,1,상행,1150006800,1316,03,유형별,09,외곽
604,기타도로,1,상행,1150007300,1317,03,유형별,09,외곽
604,기타도로,1,상행,1150016700,1318,03,유형별,09,외곽
604,기타도로,1,상행,1150019300,1319,03,유형별,09,외곽
604,기타도로,1,상행,2180002201,1320,03,유형별,09,외곽
604,기타도로,1,상행,1220024500,1321,03,유형별,09,외곽
604,기타도로,1,상행,1230016200,1322,03,유형별,09,외곽
604,기타도로,1,상행,1230019400,1323,03,유형별,09,외곽
604,기타도로,1,상행,1230022000,1324,03,유형별,09,외곽
604,기타도로,1,상행,1230015300,1325,03,유형별,09,외곽
604,기타도로,1,상행,1000014400,1326,03,유형별,09,외곽
604,기타도로,1,상행,1000016400,1327,03,유형별,09,외곽
604,기타도로,1,상행,1000018800,1328,03,유형별,09,외곽
604,기타도로,1,상행,1000020200,1329,03,유형별,09,외곽
604,기타도로,1,상행,1230014600,1330,03,유형별,09,외곽
604,기타도로,1,상행,1020009600,1331,03,유형별,09,외곽
604,기타도로,1,상행,1070015700,1332,03,유형별,09,외곽
604,기타도로,1,상행,1070020100,1333,03,유형별,09,외곽
604,기타도로,1,상행,1200011800,1334,03,유형별,09,외곽
604,기타도로,1,상행,1200012600,1335,03,유형별,09,외곽
604,기타도로,1,상행,1070001900,1336,03,유형별,09,외곽
604,기타도로,1,상행,1070002500,1337,03,유형별,09,외곽
604,기타도로,1,상행,1070004500,1338,03,유형별,09,외곽
604,기타도로,1,상행,1070005500,1339,03,유형별,09,외곽
604,기타도로,1,상행,1070006700,1340,03,유형별,09,외곽
604,기타도로,1,상행,1060010700,1341,03,유형별,09,외곽
604,기타도로,1,상행,1060011500,1342,03,유형별,09,외곽
604,기타도로,1,상행,1060012100,1343,03,유형별,09,외곽
604,기타도로,1,상행,1060012900,1344,03,유형별,09,외곽
604,기타도로,1,상행,1220027200,1345,03,유형별,09,외곽
604,기타도로,1,상행,1220028200,1346,03,유형별,09,외곽
604,기타도로,1,상행,1220029000,1347,03,유형별,09,외곽
604,기타도로,1,상행,1220030000,1348,03,유형별,09,외곽
604,기타도로,1,상행,1220030800,1349,03,유형별,09,외곽
604,기타도로,1,상행,1220031400,1350,03,유형별,09,외곽
604,기타도로,1,상행,1220031600,1351,03,유형별,09,외곽
604,기타도로,1,상행,1220037400,1352,03,유형별,09,외곽
604,기타도로,1,상행,1200004300,1353,03,유형별,09,외곽
604,기타도로,1,상행,1200005500,1354,03,유형별,09,외곽
604,기타도로,1,상행,1200006900,1355,03,유형별,09,외곽
604,기타도로,1,상행,1200010400,1356,03,유형별,09,외곽
604,기타도로,1,상행,1200010500,1357,03,유형별,09,외곽
604,기타도로,1,상행,1200011300,1358,03,유형별,09,외곽
604,기타도로,1,상행,1060015000,1359,03,유형별,09,외곽
604,기타도로,1,상행,1060015200,1360,03,유형별,09,외곽
604,기타도로,1,상행,1060015400,1361,03,유형별,09,외곽
604,기타도로,1,상행,1060016200,1362,03,유형별,09,외곽
604,기타도로,1,상행,1060017000,1363,03,유형별,09,외곽
604,기타도로,1,상행,1160008700,1364,03,유형별,09,외곽
604,기타도로,1,상행,1160009700,1365,03,유형별,09,외곽
604,기타도로,1,상행,1160009900,1366,03,유형별,09,외곽
604,기타도로,1,상행,1160010100,1367,03,유형별,09,외곽
604,기타도로,1,상행,1230014100,1368,03,유형별,09,외곽
604,기타도로,1,상행,1230016300,1369,03,유형별,09,외곽
604,기타도로,1,상행,1230019500,1370,03,유형별,09,외곽
604,기타도로,1,상행,1230024700,1371,03,유형별,09,외곽
604,기타도로,1,상행,1160011300,1372,03,유형별,09,외곽
604,기타도로,1,상행,3201504600,1373,03,유형별,09,외곽
604,기타도로,1,상행,3201506800,1374,03,유형별,09,외곽
604,기타도로,1,상행,1000016900,1375,03,유형별,09,외곽
604,기타도로,1,상행,1000021200,1376,03,유형별,09,외곽
604,기타도로,1,상행,1070010600,1377,03,유형별,09,외곽
604,기타도로,1,상행,1070010700,1378,03,유형별,09,외곽
604,기타도로,1,상행,1070011000,1379,03,유형별,09,외곽
604,기타도로,1,상행,1000014000,1380,03,유형별,09,외곽
604,기타도로,1,상행,1000018400,1381,03,유형별,09,외곽
604,기타도로,1,상행,1110016000,1382,03,유형별,09,외곽
604,기타도로,1,상행,1110016200,1383,03,유형별,09,외곽
604,기타도로,1,상행,1110013600,1384,03,유형별,09,외곽
604,기타도로,1,상행,1110014800,1385,03,유형별,09,외곽
604,기타도로,1,상행,3201507600,1386,03,유형별,09,외곽
604,기타도로,1,상행,1110002800,1387,03,유형별,09,외곽
604,기타도로,1,상행,1190000800,1388,03,유형별,09,외곽
604,기타도로,1,상행,1210014500,1389,03,유형별,09,외곽
604,기타도로,1,상행,1210017400,1390,03,유형별,09,외곽
604,기타도로,1,상행,1210019000,1391,03,유형별,09,외곽
604,기타도로,1,상행,1210020000,1392,03,유형별,09,외곽
604,기타도로,1,상행,1220007000,1393,03,유형별,09,외곽
604,기타도로,1,상행,1220008200,1394,03,유형별,09,외곽
604,기타도로,1,상행,1230007100,1395,03,유형별,09,외곽
604,기타도로,1,상행,1230007900,1396,03,유형별,09,외곽
604,기타도로,1,상행,1230010300,1397,03,유형별,09,외곽
604,기타도로,1,상행,1230012900,1398,03,유형별,09,외곽
604,기타도로,1,상행,1230015500,1399,03,유형별,09,외곽
604,기타도로,1,상행,1230006300,1400,03,유형별,09,외곽
604,기타도로,1,상행,1150001200,1401,03,유형별,09,외곽
604,기타도로,1,상행,1220005900,1402,03,유형별,09,외곽
604,기타도로,1,상행,1220006700,1403,03,유형별,09,외곽
604,기타도로,1,상행,1220013900,1404,03,유형별,09,외곽
604,기타도로,1,상행,1210011900,1405,03,유형별,09,외곽
604,기타도로,1,상행,1210015700,1406,03,유형별,09,외곽
604,기타도로,1,상행,1210018900,1407,03,유형별,09,외곽
604,기타도로,1,상행,1210021300,1408,03,유형별,09,외곽
604,기타도로,1,상행,1080013400,1409,03,유형별,09,외곽
604,기타도로,1,상행,1090009700,1410,03,유형별,09,외곽
604,기타도로,1,상행,1090010000,1411,03,유형별,09,외곽
604,기타도로,1,상행,1090010100,1412,03,유형별,09,외곽
604,기타도로,1,상행,1090010400,1413,03,유형별,09,외곽
604,기타도로,1,상행,1100032800,1414,03,유형별,09,외곽
604,기타도로,1,상행,1150020900,1418,03,유형별,09,외곽
604,기타도로,1,상행,1150008300,1419,03,유형별,09,외곽
604,기타도로,1,상행,1150020600,1420,03,유형별,09,외곽
604,기타도로,1,상행,1150015900,1421,03,유형별,09,외곽
604,기타도로,1,상행,1150017700,1422,03,유형별,09,외곽
604,기타도로,1,상행,1150019100,1423,03,유형별,09,외곽
604,기타도로,1,상행,1020012500,1424,03,유형별,09,외곽
604,기타도로,1,상행,1020013100,1425,03,유형별,09,외곽
604,기타도로,1,상행,1020013900,1426,03,유형별,09,외곽
604,기타도로,1,상행,1020015300,1427,03,유형별,09,외곽
604,기타도로,1,상행,1020015900,1428,03,유형별,09,외곽
604,기타도로,1,상행,1130008500,1429,03,유형별,09,외곽
604,기타도로,1,상행,1130010900,1430,03,유형별,09,외곽
604,기타도로,1,상행,1130012700,1431,03,유형별,09,외곽
604,기타도로,1,상행,1130014900,1432,03,유형별,09,외곽
604,기타도로,1,상행,1005009200,1433,03,유형별,09,외곽
604,기타도로,1,상행,1000020600,1434,03,유형별,09,외곽
604,기타도로,1,상행,1230016600,1435,03,유형별,09,외곽
604,기타도로,1,상행,1230017100,1436,03,유형별,09,외곽
604,기타도로,1,상행,1230019000,1437,03,유형별,09,외곽
604,기타도로,1,상행,1230020700,1438,03,유형별,09,외곽
604,기타도로,1,상행,1230022600,1439,03,유형별,09,외곽
604,기타도로,1,상행,1230026700,1440,03,유형별,09,외곽
604,기타도로,1,상행,1230027800,1441,03,유형별,09,외곽
604,기타도로,1,상행,1180024900,1442,03,유형별,09,외곽
604,기타도로,1,상행,1180034300,1443,03,유형별,09,외곽
604,기타도로,1,상행,1150007100,1444,03,유형별,09,외곽
604,기타도로,1,상행,1170003200,1445,03,유형별,09,외곽
604,기타도로,1,상행,1170003400,1446,03,유형별,09,외곽
604,기타도로,1,상행,1170003500,1447,03,유형별,09,외곽
604,기타도로,1,상행,1170003700,1448,03,유형별,09,외곽
604,기타도로,1,상행,1170004600,1449,03,유형별,09,외곽
604,기타도로,1,상행,1170006200,1450,03,유형별,09,외곽
604,기타도로,1,상행,1170007600,1451,03,유형별,09,외곽
604,기타도로,1,상행,1170009600,1452,03,유형별,09,외곽
604,기타도로,1,상행,3201504800,1453,03,유형별,09,외곽
604,기타도로,1,상행,3201508800,1454,03,유형별,09,외곽
604,기타도로,1,상행,3201509100,1455,03,유형별,09,외곽
604,기타도로,1,상행,1150009200,1456,03,유형별,09,외곽
604,기타도로,1,상행,1020006400,1457,03,유형별,09,외곽
604,기타도로,1,상행,1020007600,1458,03,유형별,09,외곽
604,기타도로,1,상행,1140018200,1459,03,유형별,09,외곽
604,기타도로,1,상행,1140024200,1460,03,유형별,09,외곽
604,기타도로,1,상행,1160017400,1461,03,유형별,09,외곽
604,기타도로,1,상행,1140006100,1462,03,유형별,09,외곽
604,기타도로,1,상행,1140007100,1463,03,유형별,09,외곽
604,기타도로,1,상행,1140007900,1464,03,유형별,09,외곽
604,기타도로,1,상행,1140008700,1465,03,유형별,09,외곽
604,기타도로,1,상행,1140009300,1466,03,유형별,09,외곽
604,기타도로,1,상행,1140009900,1467,03,유형별,09,외곽
604,기타도로,1,상행,1140010500,1468,03,유형별,09,외곽
604,기타도로,1,상행,1140011100,1469,03,유형별,09,외곽
604,기타도로,1,상행,1140012900,1470,03,유형별,09,외곽
604,기타도로,1,상행,1140015700,1471,03,유형별,09,외곽
604,기타도로,1,상행,1140018300,1472,03,유형별,09,외곽
604,기타도로,1,상행,1140020900,1473,03,유형별,09,외곽
604,기타도로,1,상행,1140021700,1474,03,유형별,09,외곽
604,기타도로,1,상행,1140023100,1475,03,유형별,09,외곽
604,기타도로,1,상행,1140023500,1476,03,유형별,09,외곽
604,기타도로,1,상행,1140024500,1477,03,유형별,09,외곽
604,기타도로,1,상행,1140025900,1478,03,유형별,09,외곽
604,기타도로,1,상행,1140027000,1479,03,유형별,09,외곽
604,기타도로,1,상행,1140027500,1480,03,유형별,09,외곽
604,기타도로,1,상행,1140027800,1481,03,유형별,09,외곽
604,기타도로,1,상행,1140028700,1482,03,유형별,09,외곽
604,기타도로,1,상행,1140030300,1483,03,유형별,09,외곽
604,기타도로,1,상행,1140031500,1484,03,유형별,09,외곽
604,기타도로,1,상행,1140032700,1485,03,유형별,09,외곽
604,기타도로,1,상행,1140034100,1486,03,유형별,09,외곽
604,기타도로,1,상행,1140035100,1487,03,유형별,09,외곽
604,기타도로,1,상행,1140035900,1488,03,유형별,09,외곽
604,기타도로,1,상행,1140036500,1489,03,유형별,09,외곽
604,기타도로,1,상행,1140037500,1490,03,유형별,09,외곽
604,기타도로,1,상행,1140030200,1491,03,유형별,09,외곽
604,기타도로,1,상행,1140033200,1492,03,유형별,09,외곽
604,기타도로,1,상행,1140035800,1493,03,유형별,09,외곽
604,기타도로,1,상행,1140037400,1494,03,유형별,09,외곽
604,기타도로,1,상행,1140038800,1495,03,유형별,09,외곽
604,기타도로,1,상행,1140039400,1496,03,유형별,09,외곽
604,기타도로,1,상행,1140039600,1497,03,유형별,09,외곽
604,기타도로,1,상행,1030018000,1498,03,유형별,09,외곽
604,기타도로,1,상행,1030019800,1499,03,유형별,09,외곽
604,기타도로,1,상행,1050006000,1500,03,유형별,09,외곽
604,기타도로,1,상행,1050010200,1501,03,유형별,09,외곽
604,기타도로,1,상행,1050012000,1502,03,유형별,09,외곽
604,기타도로,1,상행,1180018800,1503,03,유형별,09,외곽
604,기타도로,1,상행,1180019600,1504,03,유형별,09,외곽
604,기타도로,1,상행,1180021200,1505,03,유형별,09,외곽
604,기타도로,1,상행,1180021600,1506,03,유형별,09,외곽
604,기타도로,1,상행,1140026300,1507,03,유형별,09,외곽
604,기타도로,1,상행,1150008000,1508,03,유형별,09,외곽
604,기타도로,1,상행,1150008600,1509,03,유형별,09,외곽
604,기타도로,1,상행,1150009400,1510,03,유형별,09,외곽
604,기타도로,1,상행,1150009600,1511,03,유형별,09,외곽
604,기타도로,1,상행,1150010200,1512,03,유형별,09,외곽
604,기타도로,1,상행,1150011200,1513,03,유형별,09,외곽
604,기타도로,1,상행,1150012400,1514,03,유형별,09,외곽
604,기타도로,1,상행,1150014200,1515,03,유형별,09,외곽
604,기타도로,1,상행,1150017000,1516,03,유형별,09,외곽
604,기타도로,1,상행,1150018600,1517,03,유형별,09,외곽
604,기타도로,1,상행,1150019800,1518,03,유형별,09,외곽
604,기타도로,1,상행,1170008400,1519,03,유형별,09,외곽
604,기타도로,1,상행,1200002200,1520,03,유형별,09,외곽
604,기타도로,1,상행,1200002300,1521,03,유형별,09,외곽
604,기타도로,1,상행,1230006900,1522,03,유형별,09,외곽
604,기타도로,1,상행,1060013100,1523,03,유형별,09,외곽
604,기타도로,1,상행,1060007800,1524,03,유형별,09,외곽
604,기타도로,1,상행,1060008800,1525,03,유형별,09,외곽
604,기타도로,1,상행,1060010600,1526,03,유형별,09,외곽
604,기타도로,1,상행,1210012900,1527,03,유형별,09,외곽
604,기타도로,1,상행,1210016900,1528,03,유형별,09,외곽
604,기타도로,1,상행,1010008600,1529,03,유형별,09,외곽
604,기타도로,1,상행,1240007500,1530,03,유형별,09,외곽
604,기타도로,1,상행,1240008500,1531,03,유형별,09,외곽
604,기타도로,1,상행,1240010300,1532,03,유형별,09,외곽
604,기타도로,1,상행,1240012700,1533,03,유형별,09,외곽
604,기타도로,1,상행,1240015900,1534,03,유형별,09,외곽
604,기타도로,1,상행,1240019100,1535,03,유형별,09,외곽
604,기타도로,1,상행,1040007100,1536,03,유형별,09,외곽
604,기타도로,1,상행,1120006200,1537,03,유형별,09,외곽
604,기타도로,1,상행,1120008000,1538,03,유형별,09,외곽
604,기타도로,1,상행,1120009600,1539,03,유형별,09,외곽
604,기타도로,1,상행,1120011800,1540,03,유형별,09,외곽
604,기타도로,1,상행,1120012800,1541,03,유형별,09,외곽
604,기타도로,1,상행,1130021200,1542,03,유형별,09,외곽
604,기타도로,1,상행,1130022400,1543,03,유형별,09,외곽
604,기타도로,1,상행,1130022900,1544,03,유형별,09,외곽
604,기타도로,1,상행,1120007800,1545,03,유형별,09,외곽
604,기타도로,1,상행,1140001000,1546,03,유형별,09,외곽
604,기타도로,1,상행,1140001400,1547,03,유형별,09,외곽
604,기타도로,1,상행,1140003900,1548,03,유형별,09,외곽
604,기타도로,1,상행,1140004000,1549,03,유형별,09,외곽
604,기타도로,1,상행,1140004300,1550,03,유형별,09,외곽
604,기타도로,1,상행,1140004500,1551,03,유형별,09,외곽
604,기타도로,1,상행,1140004600,1552,03,유형별,09,외곽
604,기타도로,1,상행,1140005200,1553,03,유형별,09,외곽
604,기타도로,1,상행,1140005600,1554,03,유형별,09,외곽
604,기타도로,1,상행,1140006400,1555,03,유형별,09,외곽
604,기타도로,1,상행,1140007000,1556,03,유형별,09,외곽
604,기타도로,1,상행,1140007600,1557,03,유형별,09,외곽
604,기타도로,1,상행,1140008600,1558,03,유형별,09,외곽
604,기타도로,1,상행,1140009200,1559,03,유형별,09,외곽
604,기타도로,1,상행,1140011800,1560,03,유형별,09,외곽
604,기타도로,1,상행,1140013400,1561,03,유형별,09,외곽
604,기타도로,1,상행,1140015200,1562,03,유형별,09,외곽
604,기타도로,1,상행,1140017800,1563,03,유형별,09,외곽
604,기타도로,1,상행,1140019900,1564,03,유형별,09,외곽
604,기타도로,1,상행,1140020000,1565,03,유형별,09,외곽
604,기타도로,1,상행,1140020200,1566,03,유형별,09,외곽
604,기타도로,1,상행,1140020500,1567,03,유형별,09,외곽
604,기타도로,1,상행,1140021300,1568,03,유형별,09,외곽
604,기타도로,1,상행,1140022000,1569,03,유형별,09,외곽
604,기타도로,1,상행,1140022400,1570,03,유형별,09,외곽
604,기타도로,1,상행,1140024000,1571,03,유형별,09,외곽
604,기타도로,1,상행,1140025200,1572,03,유형별,09,외곽
604,기타도로,1,상행,1140025400,1573,03,유형별,09,외곽
604,기타도로,1,상행,1140026600,1574,03,유형별,09,외곽
604,기타도로,1,상행,1140028600,1575,03,유형별,09,외곽
604,기타도로,1,상행,1140030600,1576,03,유형별,09,외곽
604,기타도로,1,상행,1140032300,1577,03,유형별,09,외곽
604,기타도로,1,상행,1140033000,1578,03,유형별,09,외곽
604,기타도로,1,상행,1140033800,1579,03,유형별,09,외곽
604,기타도로,1,상행,1140034400,1580,03,유형별,09,외곽
604,기타도로,1,상행,1140034600,1581,03,유형별,09,외곽
604,기타도로,1,상행,1140035600,1582,03,유형별,09,외곽
604,기타도로,1,상행,1140036200,1583,03,유형별,09,외곽
604,기타도로,1,상행,1140001600,1584,03,유형별,09,외곽
604,기타도로,1,상행,1140003000,1585,03,유형별,09,외곽
604,기타도로,1,상행,1140010200,1586,03,유형별,09,외곽
604,기타도로,1,상행,3201509800,1587,03,유형별,09,외곽
604,기타도로,1,상행,3201510000,1588,03,유형별,09,외곽
604,기타도로,1,상행,1170007800,1589,03,유형별,09,외곽
604,기타도로,1,상행,1170010000,1590,03,유형별,09,외곽
604,기타도로,1,상행,1005009000,1591,03,유형별,09,외곽
604,기타도로,1,상행,1030003100,1592,03,유형별,09,외곽
604,기타도로,1,상행,1030004100,1593,03,유형별,09,외곽
1069,신림-노량진선,2,하행,1200003500,1,02,기능별,12,보조간선 기능별
1069,신림-노량진선,2,하행,1200012500,2,02,기능별,12,보조간선 기능별
1069,신림-노량진선,2,하행,1200006300,3,02,기능별,12,보조간선 기능별
1069,신림-노량진선,2,하행,1200001300,4,02,기능별,12,보조간선 기능별
1069,신림-노량진선,2,하행,1200001700,6,02,기능별,12,보조간선 기능별
1069,신림-노량진선,2,하행,1190004500,7,02,기능별,12,보조간선 기능별
1069,신림-노량진선,2,하행,1200000500,8,02,기능별,12,보조간선 기능별
1069,신림-노량진선,2,하행,1200009900,9,02,기능별,12,보조간선 기능별
1070,신림-봉천선,1,상행,1200009600,1,02,기능별,12,보조간선 기능별
1070,신림-봉천선,1,상행,1200009700,2,02,기능별,12,보조간선 기능별
1070,신림-봉천선,2,하행,1200009500,2,02,기능별,12,보조간선 기능별
1071,신사-청담선,1,상행,1220033700,1,02,기능별,12,보조간선 기능별
1071,신사-청담선,1,상행,1220034700,2,02,기능별,12,보조간선 기능별
1071,신사-청담선,1,상행,1220032700,3,02,기능별,12,보조간선 기능별
1071,신사-청담선,1,상행,1220034300,4,02,기능별,12,보조간선 기능별
1071,신사-청담선,1,상행,1220034900,5,02,기능별,12,보조간선 기능별
1071,신사-청담선,2,하행,1220034600,2,02,기능별,12,보조간선 기능별
1071,신사-청담선,2,하행,1220033600,3,02,기능별,12,보조간선 기능별
1071,신사-청담선,2,하행,1220032600,4,02,기능별,12,보조간선 기능별
1071,신사-청담선,2,하행,1220034200,5,02,기능별,12,보조간선 기능별
1072,신사-홍은선,1,상행,1120009700,1,02,기능별,12,보조간선 기능별
1072,신사-홍은선,1,상행,1120012500,2,02,기능별,12,보조간선 기능별
1072,신사-홍은선,1,상행,1110006500,4,02,기능별,12,보조간선 기능별
1072,신사-홍은선,1,상행,1110004700,5,02,기능별,12,보조간선 기능별
1072,신사-홍은선,1,상행,1120011500,6,02,기능별,12,보조간선 기능별
1072,신사-홍은선,1,상행,1120010100,7,02,기능별,12,보조간선 기능별
1072,신사-홍은선,2,하행,1120012600,1,02,기능별,12,보조간선 기능별
1072,신사-홍은선,2,하행,1110007400,2,02,기능별,12,보조간선 기능별
1072,신사-홍은선,2,하행,1110004800,4,02,기능별,12,보조간선 기능별
1072,신사-홍은선,2,하행,1120010200,5,02,기능별,12,보조간선 기능별
1072,신사-홍은선,2,하행,1110006600,6,02,기능별,12,보조간선 기능별
1072,신사-홍은선,2,하행,1120009800,7,02,기능별,12,보조간선 기능별
1073,신영-동선동선,1,상행,1070004700,1,02,기능별,12,보조간선 기능별
1073,신영-동선동선,1,상행,1070007300,2,02,기능별,12,보조간선 기능별
1073,신영-동선동선,1,상행,1070008200,4,02,기능별,12,보조간선 기능별
1073,신영-동선동선,1,상행,1070005800,5,02,기능별,12,보조간선 기능별
1073,신영-동선동선,2,하행,1070007400,1,02,기능별,12,보조간선 기능별
1073,신영-동선동선,2,하행,1070008800,2,02,기능별,12,보조간선 기능별
1073,신영-동선동선,2,하행,1070008100,3,02,기능별,12,보조간선 기능별
1073,신영-동선동선,2,하행,1070005700,4,02,기능별,12,보조간선 기능별
1074,신월-가양선,1,상행,1150010100,1,02,기능별,12,보조간선 기능별
1074,신월-가양선,1,상행,1140037900,2,02,기능별,12,보조간선 기능별
1074,신월-가양선,1,상행,1150016500,3,02,기능별,12,보조간선 기능별
1074,신월-가양선,1,상행,1150015100,4,02,기능별,12,보조간선 기능별
1074,신월-가양선,1,상행,1150013300,5,02,기능별,12,보조간선 기능별
1074,신월-가양선,1,상행,1150012300,6,02,기능별,12,보조간선 기능별
1074,신월-가양선,1,상행,1140038200,8,02,기능별,12,보조간선 기능별
1074,신월-가양선,2,하행,1140038000,1,02,기능별,12,보조간선 기능별
1074,신월-가양선,2,하행,1150013200,2,02,기능별,12,보조간선 기능별
1074,신월-가양선,2,하행,1150016400,3,02,기능별,12,보조간선 기능별
1074,신월-가양선,2,하행,1150012200,4,02,기능별,12,보조간선 기능별
1074,신월-가양선,2,하행,1140038100,5,02,기능별,12,보조간선 기능별
1074,신월-가양선,2,하행,1150015000,7,02,기능별,12,보조간선 기능별
1074,신월-가양선,2,하행,1150010000,8,02,기능별,12,보조간선 기능별
1075,신월-노량진선,1,상행,1140014600,1,02,기능별,12,보조간선 기능별
1075,신월-노량진선,1,상행,1180015000,2,02,기능별,12,보조간선 기능별
1075,신월-노량진선,1,상행,1180027800,3,02,기능별,12,보조간선 기능별
1075,신월-노량진선,1,상행,1180026800,4,02,기능별,12,보조간선 기능별
1075,신월-노량진선,1,상행,1180024200,6,02,기능별,12,보조간선 기능별
1075,신월-노량진선,1,상행,1180023200,7,02,기능별,12,보조간선 기능별
1075,신월-노량진선,1,상행,1180022200,8,02,기능별,12,보조간선 기능별
1075,신월-노량진선,1,상행,1180020600,9,02,기능별,12,보조간선 기능별
1075,신월-노량진선,1,상행,1180018400,10,02,기능별,12,보조간선 기능별
1075,신월-노량진선,1,상행,1190006400,11,02,기능별,12,보조간선 기능별
1075,신월-노량진선,1,상행,1190005800,13,02,기능별,12,보조간선 기능별
1075,신월-노량진선,1,상행,1190005100,14,02,기능별,12,보조간선 기능별
1075,신월-노량진선,1,상행,1140020300,15,02,기능별,12,보조간선 기능별
1075,신월-노량진선,1,상행,1140019700,16,02,기능별,12,보조간선 기능별
1075,신월-노량진선,1,상행,1140019400,17,02,기능별,12,보조간선 기능별
1075,신월-노량진선,1,상행,1140019100,18,02,기능별,12,보조간선 기능별
1075,신월-노량진선,1,상행,1140017900,20,02,기능별,12,보조간선 기능별
1075,신월-노량진선,1,상행,1140017000,21,02,기능별,12,보조간선 기능별
1075,신월-노량진선,2,하행,1190005900,1,02,기능별,12,보조간선 기능별
1075,신월-노량진선,2,하행,1140014500,2,02,기능별,12,보조간선 기능별
1075,신월-노량진선,2,하행,1190005700,3,02,기능별,12,보조간선 기능별
1075,신월-노량진선,2,하행,1190005200,4,02,기능별,12,보조간선 기능별
1075,신월-노량진선,2,하행,1140020400,6,02,기능별,12,보조간선 기능별
1075,신월-노량진선,2,하행,1180020700,7,02,기능별,12,보조간선 기능별
1075,신월-노량진선,2,하행,1140019800,8,02,기능별,12,보조간선 기능별
1075,신월-노량진선,2,하행,1180024300,9,02,기능별,12,보조간선 기능별
1075,신월-노량진선,2,하행,1180018500,10,02,기능별,12,보조간선 기능별
1075,신월-노량진선,2,하행,1140019300,11,02,기능별,12,보조간선 기능별
1075,신월-노량진선,2,하행,1180027900,13,02,기능별,12,보조간선 기능별
1075,신월-노량진선,2,하행,1140018600,14,02,기능별,12,보조간선 기능별
1075,신월-노량진선,2,하행,1180023300,15,02,기능별,12,보조간선 기능별
1075,신월-노량진선,2,하행,1140018000,16,02,기능별,12,보조간선 기능별
1075,신월-노량진선,2,하행,1190006300,17,02,기능별,12,보조간선 기능별
1075,신월-노량진선,2,하행,1180025300,18,02,기능별,12,보조간선 기능별
1075,신월-노량진선,2,하행,1180015100,20,02,기능별,12,보조간선 기능별
1075,신월-노량진선,2,하행,1180022300,21,02,기능별,12,보조간선 기능별
1076,신월-목동선,1,상행,1150007900,1,02,기능별,12,보조간선 기능별
1076,신월-목동선,1,상행,1140027400,2,02,기능별,12,보조간선 기능별
1076,신월-목동선,1,상행,1140033200,3,02,기능별,12,보조간선 기능별
1076,신월-목동선,1,상행,1140035800,4,02,기능별,12,보조간선 기능별
1076,신월-목동선,1,상행,1140038800,6,02,기능별,12,보조간선 기능별
1076,신월-목동선,1,상행,1140039400,7,02,기능별,12,보조간선 기능별
1076,신월-목동선,1,상행,1140039600,8,02,기능별,12,보조간선 기능별
1076,신월-목동선,1,상행,1150007500,9,02,기능별,12,보조간선 기능별
1076,신월-목동선,2,하행,1140033100,1,02,기능별,12,보조간선 기능별
1076,신월-목동선,2,하행,1150007800,2,02,기능별,12,보조간선 기능별
1076,신월-목동선,2,하행,1150007400,4,02,기능별,12,보조간선 기능별
1076,신월-목동선,2,하행,1140038700,5,02,기능별,12,보조간선 기능별
1076,신월-목동선,2,하행,1140037300,6,02,기능별,12,보조간선 기능별
1076,신월-목동선,2,하행,1140035700,7,02,기능별,12,보조간선 기능별
1076,신월-목동선,2,하행,1140027300,8,02,기능별,12,보조간선 기능별
1077,신월-화곡선,1,상행,1150009100,1,02,기능별,12,보조간선 기능별
1077,신월-화곡선,1,상행,1140034800,3,02,기능별,12,보조간선 기능별
1077,신월-화곡선,1,상행,1140033400,4,02,기능별,12,보조간선 기능별
1077,신월-화곡선,2,하행,1150008800,1,02,기능별,12,보조간선 기능별
1077,신월-화곡선,2,하행,1140034700,2,02,기능별,12,보조간선 기능별
1077,신월-화곡선,2,하행,1150009000,3,02,기능별,12,보조간선 기능별
1077,신월-화곡선,2,하행,1140033300,4,02,기능별,12,보조간선 기능별
1078,신정-목동선,1,상행,1140017400,2,02,기능별,12,보조간선 기능별
1078,신정-목동선,1,상행,1140014400,3,02,기능별,12,보조간선 기능별
1078,신정-목동선,2,하행,1140014300,1,02,기능별,12,보조간선 기능별
1078,신정-목동선,2,하행,1140017300,2,02,기능별,12,보조간선 기능별
1078,신정-목동선,2,하행,1140019600,3,02,기능별,12,보조간선 기능별
1079,신정이펜하우스-남부순환로,1,상행,1140007400,1,02,기능별,12,보조간선 기능별
1080,신천-거여선,1,상행,1230016900,1,02,기능별,12,보조간선 기능별
1080,신천-거여선,1,상행,1230026300,2,02,기능별,12,보조간선 기능별
1080,신천-거여선,1,상행,1230014300,3,02,기능별,12,보조간선 기능별
1080,신천-거여선,1,상행,1230011900,4,02,기능별,12,보조간선 기능별
1080,신천-거여선,1,상행,1230010500,5,02,기능별,12,보조간선 기능별
1080,신천-거여선,1,상행,1230009600,6,02,기능별,12,보조간선 기능별
1080,신천-거여선,1,상행,1230024300,8,02,기능별,12,보조간선 기능별
1080,신천-거여선,1,상행,1230022100,9,02,기능별,12,보조간선 기능별
1080,신천-거여선,1,상행,1230019900,10,02,기능별,12,보조간선 기능별
1080,신천-거여선,1,상행,1230018700,11,02,기능별,12,보조간선 기능별
1080,신천-거여선,2,하행,1230026400,1,02,기능별,12,보조간선 기능별
1080,신천-거여선,2,하행,1230014400,2,02,기능별,12,보조간선 기능별
1080,신천-거여선,2,하행,1230010600,4,02,기능별,12,보조간선 기능별
1080,신천-거여선,2,하행,1230022200,5,02,기능별,12,보조간선 기능별
1080,신천-거여선,2,하행,1230017000,6,02,기능별,12,보조간선 기능별
1080,신천-거여선,2,하행,1230020000,7,02,기능별,12,보조간선 기능별
1080,신천-거여선,2,하행,1230028000,8,02,기능별,12,보조간선 기능별
1080,신천-거여선,2,하행,1230018800,9,02,기능별,12,보조간선 기능별
1080,신천-거여선,2,하행,1230009500,11,02,기능별,12,보조간선 기능별
1081,신천동선,1,상행,1230030000,1,02,기능별,12,보조간선 기능별
1081,신천동선,1,상행,1230031000,2,02,기능별,12,보조간선 기능별
1081,신천동선,1,상행,1230031400,3,02,기능별,12,보조간선 기능별
1081,신천동선,2,하행,1230031300,1,02,기능별,12,보조간선 기능별
1081,신천동선,2,하행,1230029900,2,02,기능별,12,보조간선 기능별
1082,쌍문-도봉선,1,상행,1090009200,1,02,기능별,12,보조간선 기능별
1082,쌍문-도봉선,1,상행,1090011200,2,02,기능별,12,보조간선 기능별
1082,쌍문-도봉선,1,상행,1090012200,3,02,기능별,12,보조간선 기능별
1082,쌍문-도봉선,1,상행,1090007400,4,02,기능별,12,보조간선 기능별
1082,쌍문-도봉선,2,하행,1090012100,1,02,기능별,12,보조간선 기능별
1082,쌍문-도봉선,2,하행,1090009100,2,02,기능별,12,보조간선 기능별
1082,쌍문-도봉선,2,하행,1090007300,4,02,기능별,12,보조간선 기능별
1083,암사-강일선,1,상행,1240028200,1,02,기능별,12,보조간선 기능별
1083,암사-강일선,1,상행,1240028300,2,02,기능별,12,보조간선 기능별
1083,암사-강일선,1,상행,1240024000,3,02,기능별,12,보조간선 기능별
1083,암사-강일선,1,상행,1240027900,4,02,기능별,12,보조간선 기능별
1083,암사-강일선,1,상행,1240027400,5,02,기능별,12,보조간선 기능별
1083,암사-강일선,1,상행,1240028600,7,02,기능별,12,보조간선 기능별
1083,암사-강일선,2,하행,1240026300,1,02,기능별,12,보조간선 기능별
1083,암사-강일선,2,하행,1240028000,2,02,기능별,12,보조간선 기능별
1083,암사-강일선,2,하행,1240028100,3,02,기능별,12,보조간선 기능별
1083,암사-강일선,2,하행,1240023900,4,02,기능별,12,보조간선 기능별
1083,암사-강일선,2,하행,1240027300,5,02,기능별,12,보조간선 기능별
1083,암사-강일선,2,하행,1240028400,7,02,기능별,12,보조간선 기능별
1084,암사-상일선,1,상행,1240020900,1,02,기능별,12,보조간선 기능별
1084,암사-상일선,1,상행,1240021800,3,02,기능별,12,보조간선 기능별
1084,암사-상일선,1,상행,1240021600,4,02,기능별,12,보조간선 기능별
1084,암사-상일선,1,상행,1240022200,5,02,기능별,12,보조간선 기능별
1084,암사-상일선,1,상행,1240021100,6,02,기능별,12,보조간선 기능별
1084,암사-상일선,2,하행,1240021200,3,02,기능별,12,보조간선 기능별
1084,암사-상일선,2,하행,1240021500,4,02,기능별,12,보조간선 기능별
1084,암사-상일선,2,하행,1240021000,5,02,기능별,12,보조간선 기능별
1085,양평-상도선,1,상행,1190003100,1,02,기능별,12,보조간선 기능별
1085,양평-상도선,1,상행,1190002400,2,02,기능별,12,보조간선 기능별
1085,양평-상도선,1,상행,1180009200,7,02,기능별,12,보조간선 기능별
1085,양평-상도선,1,상행,1180009400,8,02,기능별,12,보조간선 기능별
1085,양평-상도선,1,상행,1180010400,9,02,기능별,12,보조간선 기능별
1085,양평-상도선,1,상행,1180013000,11,02,기능별,12,보조간선 기능별
1085,양평-상도선,1,상행,1180014400,12,02,기능별,12,보조간선 기능별
1085,양평-상도선,1,상행,1180015200,13,02,기능별,12,보조간선 기능별
1085,양평-상도선,1,상행,1180016600,14,02,기능별,12,보조간선 기능별
1085,양평-상도선,1,상행,1190001700,15,02,기능별,12,보조간선 기능별
1085,양평-상도선,1,상행,1190003300,16,02,기능별,12,보조간선 기능별
1085,양평-상도선,2,하행,1190003400,2,02,기능별,12,보조간선 기능별
1085,양평-상도선,2,하행,1180009300,7,02,기능별,12,보조간선 기능별
1085,양평-상도선,2,하행,1180010500,9,02,기능별,12,보조간선 기능별
1085,양평-상도선,2,하행,1180011700,10,02,기능별,12,보조간선 기능별
1085,양평-상도선,2,하행,1180013100,11,02,기능별,12,보조간선 기능별
1085,양평-상도선,2,하행,1180014500,12,02,기능별,12,보조간선 기능별
1085,양평-상도선,2,하행,1180015300,13,02,기능별,12,보조간선 기능별
1085,양평-상도선,2,하행,1180016700,14,02,기능별,12,보조간선 기능별
1085,양평-상도선,2,하행,1190002300,16,02,기능별,12,보조간선 기능별
1086,여의도선,1,상행,1180024700,1,02,기능별,12,보조간선 기능별
1086,여의도선,1,상행,1180025000,2,02,기능별,12,보조간선 기능별
1086,여의도선,1,상행,1180022000,3,02,기능별,12,보조간선 기능별
1086,여의도선,1,상행,1180017800,4,02,기능별,12,보조간선 기능별
1086,여의도선,1,상행,1180017700,5,02,기능별,12,보조간선 기능별
1086,여의도선,1,상행,1180035300,7,02,기능별,12,보조간선 기능별
1086,여의도선,1,상행,1180033500,8,02,기능별,12,보조간선 기능별
1086,여의도선,1,상행,1180030900,9,02,기능별,12,보조간선 기능별
1086,여의도선,1,상행,1180029200,10,02,기능별,12,보조간선 기능별
1086,여의도선,1,상행,1180038700,11,02,기능별,12,보조간선 기능별
1086,여의도선,1,상행,1180018700,12,02,기능별,12,보조간선 기능별
1086,여의도선,1,상행,1180038000,14,02,기능별,12,보조간선 기능별
1086,여의도선,1,상행,1180027700,15,02,기능별,12,보조간선 기능별
1086,여의도선,1,상행,1180037500,16,02,기능별,12,보조간선 기능별
1086,여의도선,2,하행,1180022100,1,02,기능별,12,보조간선 기능별
1086,여의도선,2,하행,1180020100,2,02,기능별,12,보조간선 기능별
1086,여의도선,2,하행,1180018600,3,02,기능별,12,보조간선 기능별
1086,여의도선,2,하행,1180038100,5,02,기능별,12,보조간선 기능별
1086,여의도선,2,하행,1180037400,6,02,기능별,12,보조간선 기능별
1086,여의도선,2,하행,1180017900,7,02,기능별,12,보조간선 기능별
1086,여의도선,2,하행,1180017600,8,02,기능별,12,보조간선 기능별
1086,여의도선,2,하행,1180036200,9,02,기능별,12,보조간선 기능별
1086,여의도선,2,하행,1180035200,10,02,기능별,12,보조간선 기능별
1086,여의도선,2,하행,1180030800,12,02,기능별,12,보조간선 기능별
1086,여의도선,2,하행,1180029300,13,02,기능별,12,보조간선 기능별
1086,여의도선,2,하행,1180027600,14,02,기능별,12,보조간선 기능별
1086,여의도선,2,하행,1180025100,15,02,기능별,12,보조간선 기능별
1086,여의도선,2,하행,1180024600,16,02,기능별,12,보조간선 기능별
1087,역촌-녹번선,1,상행,1110009500,1,02,기능별,12,보조간선 기능별
1087,역촌-녹번선,1,상행,1110009900,3,02,기능별,12,보조간선 기능별
1087,역촌-녹번선,2,하행,1110009000,1,02,기능별,12,보조간선 기능별
1087,역촌-녹번선,2,하행,1110010000,2,02,기능별,12,보조간선 기능별
1087,역촌-녹번선,2,하행,1110009600,3,02,기능별,12,보조간선 기능별
1089,영등포-당산선,1,상행,1180018100,2,02,기능별,12,보조간선 기능별
1089,영등포-당산선,1,상행,1180020500,3,02,기능별,12,보조간선 기능별
1089,영등포-당산선,1,상행,1180023700,4,02,기능별,12,보조간선 기능별
1089,영등포-당산선,1,상행,1180032100,5,02,기능별,12,보조간선 기능별
1089,영등포-당산선,1,상행,1180036700,6,02,기능별,12,보조간선 기능별
1089,영등포-당산선,2,하행,1180032000,1,02,기능별,12,보조간선 기능별
1089,영등포-당산선,2,하행,1180036600,3,02,기능별,12,보조간선 기능별
1089,영등포-당산선,2,하행,1180018000,4,02,기능별,12,보조간선 기능별
1089,영등포-당산선,2,하행,1180028000,5,02,기능별,12,보조간선 기능별
1089,영등포-당산선,2,하행,1180020400,6,02,기능별,12,보조간선 기능별
1090,오류-대림선,1,상행,1180006900,1,02,기능별,12,보조간선 기능별
1090,오류-대림선,1,상행,1160004000,2,02,기능별,12,보조간선 기능별
1090,오류-대림선,1,상행,1180006100,4,02,기능별,12,보조간선 기능별
1090,오류-대림선,1,상행,1160004900,5,02,기능별,12,보조간선 기능별
1090,오류-대림선,1,상행,1160009100,6,02,기능별,12,보조간선 기능별
1090,오류-대림선,1,상행,1160007500,7,02,기능별,12,보조간선 기능별
1090,오류-대림선,1,상행,1160006800,8,02,기능별,12,보조간선 기능별
1090,오류-대림선,1,상행,1160005600,9,02,기능별,12,보조간선 기능별
1090,오류-대림선,2,하행,1160011600,1,02,기능별,12,보조간선 기능별
1090,오류-대림선,2,하행,1180006000,2,02,기능별,12,보조간선 기능별
1090,오류-대림선,2,하행,1180006800,3,02,기능별,12,보조간선 기능별
1090,오류-대림선,2,하행,1160009200,4,02,기능별,12,보조간선 기능별
1090,오류-대림선,2,하행,1160007600,5,02,기능별,12,보조간선 기능별
1090,오류-대림선,2,하행,1160006700,6,02,기능별,12,보조간선 기능별
1090,오류-대림선,2,하행,1160005000,8,02,기능별,12,보조간선 기능별
1090,오류-대림선,2,하행,1160004700,9,02,기능별,12,보조간선 기능별
1090,오류-대림선,2,하행,1160003900,10,02,기능별,12,보조간선 기능별
1092,용두-면목선,1,상행,1060007100,1,02,기능별,12,보조간선 기능별
1092,용두-면목선,1,상행,1060006900,2,02,기능별,12,보조간선 기능별
1092,용두-면목선,1,상행,1050010900,3,02,기능별,12,보조간선 기능별
1092,용두-면목선,1,상행,1050007300,4,02,기능별,12,보조간선 기능별
1092,용두-면목선,1,상행,1050010700,6,02,기능별,12,보조간선 기능별
1092,용두-면목선,1,상행,1050006100,7,02,기능별,12,보조간선 기능별
1092,용두-면목선,1,상행,1050005700,8,02,기능별,12,보조간선 기능별
1092,용두-면목선,1,상행,1050006900,9,02,기능별,12,보조간선 기능별
1092,용두-면목선,1,상행,1050007100,10,02,기능별,12,보조간선 기능별
1092,용두-면목선,2,하행,1060007200,1,02,기능별,12,보조간선 기능별
1092,용두-면목선,2,하행,1050010800,3,02,기능별,12,보조간선 기능별
1092,용두-면목선,2,하행,1050007200,4,02,기능별,12,보조간선 기능별
1092,용두-면목선,2,하행,1050011000,5,02,기능별,12,보조간선 기능별
1092,용두-면목선,2,하행,1050008800,6,02,기능별,12,보조간선 기능별
1092,용두-면목선,2,하행,1050006200,7,02,기능별,12,보조간선 기능별
1092,용두-면목선,2,하행,1050007000,8,02,기능별,12,보조간선 기능별
1092,용두-면목선,2,하행,1050007400,10,02,기능별,12,보조간선 기능별
1094,용산-성수선,1,상행,1030008000,3,02,기능별,12,보조간선 기능별
1094,용산-성수선,1,상행,1030006600,4,02,기능별,12,보조간선 기능별
1094,용산-성수선,2,하행,1030006500,3,02,기능별,12,보조간선 기능별
1095,월계-도봉선,1,상행,1090008600,1,02,기능별,12,보조간선 기능별
1095,월계-도봉선,1,상행,1090009600,2,02,기능별,12,보조간선 기능별
1095,월계-도봉선,1,상행,1090011600,3,02,기능별,12,보조간선 기능별
1095,월계-도봉선,1,상행,1090013000,5,02,기능별,12,보조간선 기능별
1095,월계-도봉선,1,상행,1100008600,6,02,기능별,12,보조간선 기능별
1095,월계-도봉선,1,상행,1100011200,7,02,기능별,12,보조간선 기능별
1095,월계-도봉선,1,상행,1100014600,8,02,기능별,12,보조간선 기능별
1095,월계-도봉선,1,상행,1100018600,9,02,기능별,12,보조간선 기능별
1095,월계-도봉선,1,상행,1090004600,10,02,기능별,12,보조간선 기능별
1095,월계-도봉선,2,하행,1090008500,1,02,기능별,12,보조간선 기능별
1095,월계-도봉선,2,하행,1090006900,2,02,기능별,12,보조간선 기능별
1095,월계-도봉선,2,하행,1090011500,3,02,기능별,12,보조간선 기능별
1095,월계-도봉선,2,하행,1090012500,4,02,기능별,12,보조간선 기능별
1095,월계-도봉선,2,하행,1090012900,5,02,기능별,12,보조간선 기능별
1095,월계-도봉선,2,하행,1100008500,6,02,기능별,12,보조간선 기능별
1095,월계-도봉선,2,하행,1100014500,8,02,기능별,12,보조간선 기능별
1095,월계-도봉선,2,하행,1100018500,9,02,기능별,12,보조간선 기능별
1095,월계-도봉선,2,하행,1090009500,10,02,기능별,12,보조간선 기능별
1095,월계-도봉선,2,하행,1090004500,11,02,기능별,12,보조간선 기능별
1096,월곡선,1,상행,1070012600,1,02,기능별,12,보조간선 기능별
1096,월곡선,1,상행,1070014900,2,02,기능별,12,보조간선 기능별
1096,월곡선,2,하행,1070015000,2,02,기능별,12,보조간선 기능별
1097,의사당선,1,상행,1180028200,1,02,기능별,12,보조간선 기능별
1097,의사당선,1,상행,1180022400,2,02,기능별,12,보조간선 기능별
1097,의사당선,1,상행,1180019000,3,02,기능별,12,보조간선 기능별
1097,의사당선,1,상행,1180033000,4,02,기능별,12,보조간선 기능별
1097,의사당선,2,하행,1180022500,1,02,기능별,12,보조간선 기능별
1097,의사당선,2,하행,1180019100,3,02,기능별,12,보조간선 기능별
1097,의사당선,2,하행,1180028300,4,02,기능별,12,보조간선 기능별
1098,이문-신내선,1,상행,1050021000,1,02,기능별,12,보조간선 기능별
1098,이문-신내선,1,상행,1060017000,2,02,기능별,12,보조간선 기능별
1098,이문-신내선,1,상행,1060016200,3,02,기능별,12,보조간선 기능별
1098,이문-신내선,1,상행,1060015400,4,02,기능별,12,보조간선 기능별
1098,이문-신내선,1,상행,1060015000,6,02,기능별,12,보조간선 기능별
1098,이문-신내선,2,하행,1060015100,1,02,기능별,12,보조간선 기능별
1098,이문-신내선,2,하행,1050020900,2,02,기능별,12,보조간선 기능별
1098,이문-신내선,2,하행,1060015300,3,02,기능별,12,보조간선 기능별
1098,이문-신내선,2,하행,1060016900,4,02,기능별,12,보조간선 기능별
1098,이문-신내선,2,하행,1060016100,5,02,기능별,12,보조간선 기능별
1099,이수-청담선,1,상행,1210023300,1,02,기능별,12,보조간선 기능별
1099,이수-청담선,1,상행,1220033900,2,02,기능별,12,보조간선 기능별
1099,이수-청담선,1,상행,1220033300,3,02,기능별,12,보조간선 기능별
1099,이수-청담선,1,상행,1220032900,4,02,기능별,12,보조간선 기능별
1099,이수-청담선,1,상행,1220032100,5,02,기능별,12,보조간선 기능별
1099,이수-청담선,1,상행,1220031300,6,02,기능별,12,보조간선 기능별
1099,이수-청담선,1,상행,1210027700,8,02,기능별,12,보조간선 기능별
1099,이수-청담선,1,상행,1210027100,9,02,기능별,12,보조간선 기능별
1099,이수-청담선,1,상행,1210026900,10,02,기능별,12,보조간선 기능별
1099,이수-청담선,1,상행,1210026500,11,02,기능별,12,보조간선 기능별
1099,이수-청담선,1,상행,1210026100,12,02,기능별,12,보조간선 기능별
1099,이수-청담선,1,상행,1210024300,13,02,기능별,12,보조간선 기능별
1099,이수-청담선,2,하행,1210027600,2,02,기능별,12,보조간선 기능별
1099,이수-청담선,2,하행,1220031200,3,02,기능별,12,보조간선 기능별
1099,이수-청담선,2,하행,1220032000,4,02,기능별,12,보조간선 기능별
1099,이수-청담선,2,하행,1210027000,5,02,기능별,12,보조간선 기능별
1099,이수-청담선,2,하행,1220033200,6,02,기능별,12,보조간선 기능별
1099,이수-청담선,2,하행,1210024200,7,02,기능별,12,보조간선 기능별
1099,이수-청담선,2,하행,1210026400,9,02,기능별,12,보조간선 기능별
1099,이수-청담선,2,하행,1210023200,10,02,기능별,12,보조간선 기능별
1099,이수-청담선,2,하행,1210026000,11,02,기능별,12,보조간선 기능별
1099,이수-청담선,2,하행,1220030400,12,02,기능별,12,보조간선 기능별
1099,이수-청담선,2,하행,1210026800,13,02,기능별,12,보조간선 기능별
1100,일원-잠실선,1,상행,1230016200,1,02,기능별,12,보조간선 기능별
1100,일원-잠실선,1,상행,1230022000,3,02,기능별,12,보조간선 기능별
1100,일원-잠실선,1,상행,1220024500,4,02,기능별,12,보조간선 기능별
1100,일원-잠실선,2,하행,1230021900,1,02,기능별,12,보조간선 기능별
1100,일원-잠실선,2,하행,1230016100,2,02,기능별,12,보조간선 기능별
1100,일원-잠실선,2,하행,1230019300,3,02,기능별,12,보조간선 기능별
1100,일원-잠실선,2,하행,1220024400,4,02,기능별,12,보조간선 기능별
1101,잠실-방이선,1,상행,1230026800,2,02,기능별,12,보조간선 기능별
1101,잠실-방이선,1,상행,1230016500,3,02,기능별,12,보조간선 기능별
1101,잠실-방이선,1,상행,1230018900,4,02,기능별,12,보조간선 기능별
1101,잠실-방이선,1,상행,1230022500,5,02,기능별,12,보조간선 기능별
1101,잠실-방이선,1,상행,1230020800,6,02,기능별,12,보조간선 기능별
1101,잠실-방이선,1,상행,1230017200,7,02,기능별,12,보조간선 기능별
1101,잠실-방이선,2,하행,1230022600,2,02,기능별,12,보조간선 기능별
1101,잠실-방이선,2,하행,1230027800,3,02,기능별,12,보조간선 기능별
1101,잠실-방이선,2,하행,1230019000,4,02,기능별,12,보조간선 기능별
1101,잠실-방이선,2,하행,1230017100,5,02,기능별,12,보조간선 기능별
1101,잠실-방이선,2,하행,1230016600,6,02,기능별,12,보조간선 기능별
1101,잠실-방이선,2,하행,1230020700,7,02,기능별,12,보조간선 기능별
1102,잠실철교선,2,하행,1230035900,1,02,기능별,12,보조간선 기능별
1102,잠실철교선,2,하행,1040006900,2,02,기능별,12,보조간선 기능별
1103,장안-수유선,1,상행,1080005400,1,02,기능별,12,보조간선 기능별
1103,장안-수유선,1,상행,1070022000,2,02,기능별,12,보조간선 기능별
1103,장안-수유선,1,상행,1050020000,3,02,기능별,12,보조간선 기능별
1103,장안-수유선,1,상행,1070021000,4,02,기능별,12,보조간선 기능별
1103,장안-수유선,1,상행,1070019200,6,02,기능별,12,보조간선 기능별
1103,장안-수유선,1,상행,1080004600,7,02,기능별,12,보조간선 기능별
1103,장안-수유선,1,상행,1070017800,8,02,기능별,12,보조간선 기능별
1103,장안-수유선,1,상행,1030019400,9,02,기능별,12,보조간선 기능별
1103,장안-수유선,1,상행,1070016000,10,02,기능별,12,보조간선 기능별
1103,장안-수유선,1,상행,1050018200,11,02,기능별,12,보조간선 기능별
1103,장안-수유선,1,상행,1080012700,13,02,기능별,12,보조간선 기능별
1103,장안-수유선,1,상행,1080012600,14,02,기능별,12,보조간선 기능별
1103,장안-수유선,1,상행,1050013000,15,02,기능별,12,보조간선 기능별
1103,장안-수유선,1,상행,1080011200,16,02,기능별,12,보조간선 기능별
1103,장안-수유선,1,상행,1050020800,17,02,기능별,12,보조간선 기능별
1103,장안-수유선,1,상행,1080009800,18,02,기능별,12,보조간선 기능별
1103,장안-수유선,1,상행,1080006800,20,02,기능별,12,보조간선 기능별
1103,장안-수유선,1,상행,1070021400,21,02,기능별,12,보조간선 기능별
1103,장안-수유선,2,하행,1070021900,1,02,기능별,12,보조간선 기능별
1103,장안-수유선,2,하행,1070021300,2,02,기능별,12,보조간선 기능별
1103,장안-수유선,2,하행,1070020900,3,02,기능별,12,보조간선 기능별
1103,장안-수유선,2,하행,1070019100,4,02,기능별,12,보조간선 기능별
1103,장안-수유선,2,하행,1080012800,7,02,기능별,12,보조간선 기능별
1103,장안-수유선,2,하행,1080012500,8,02,기능별,12,보조간선 기능별
1103,장안-수유선,2,하행,1080011100,9,02,기능별,12,보조간선 기능별
1103,장안-수유선,2,하행,1080009700,10,02,기능별,12,보조간선 기능별
1103,장안-수유선,2,하행,1080005300,11,02,기능별,12,보조간선 기능별
1103,장안-수유선,2,하행,1030019300,13,02,기능별,12,보조간선 기능별
1103,장안-수유선,2,하행,1050021900,14,02,기능별,12,보조간선 기능별
1103,장안-수유선,2,하행,1050020700,15,02,기능별,12,보조간선 기능별
1103,장안-수유선,2,하행,1050019900,16,02,기능별,12,보조간선 기능별
1103,장안-수유선,2,하행,1050018100,17,02,기능별,12,보조간선 기능별
1103,장안-수유선,2,하행,1050016100,18,02,기능별,12,보조간선 기능별
1103,장안-수유선,2,하행,1050012900,19,02,기능별,12,보조간선 기능별
1103,장안-수유선,2,하행,1080004500,20,02,기능별,12,보조간선 기능별
1103,장안-수유선,2,하행,1080006700,21,02,기능별,12,보조간선 기능별
1104,장지-거여선,1,상행,1230009000,1,02,기능별,12,보조간선 기능별
1104,장지-거여선,2,하행,1230008900,1,02,기능별,12,보조간선 기능별
1105,저동-을지로선,1,상행,1010010800,1,02,기능별,12,보조간선 기능별
1105,저동-을지로선,1,상행,1010010500,3,02,기능별,12,보조간선 기능별
1105,저동-을지로선,1,상행,1010010200,4,02,기능별,12,보조간선 기능별
1105,저동-을지로선,1,상행,1010009700,5,02,기능별,12,보조간선 기능별
1105,저동-을지로선,2,하행,1010009400,1,02,기능별,12,보조간선 기능별
1105,저동-을지로선,2,하행,1010009800,2,02,기능별,12,보조간선 기능별
1105,저동-을지로선,2,하행,1010010100,3,02,기능별,12,보조간선 기능별
1105,저동-을지로선,2,하행,1010010700,5,02,기능별,12,보조간선 기능별
1106,적선-부암선,1,상행,1000015200,1,02,기능별,12,보조간선 기능별
1106,적선-부암선,2,하행,1000015100,1,02,기능별,12,보조간선 기능별
1107,정릉-번동선,1,상행,1080002100,1,02,기능별,12,보조간선 기능별
1107,정릉-번동선,1,상행,1080002500,2,02,기능별,12,보조간선 기능별
1107,정릉-번동선,1,상행,1080003200,3,02,기능별,12,보조간선 기능별
1107,정릉-번동선,1,상행,1080004800,5,02,기능별,12,보조간선 기능별
1107,정릉-번동선,1,상행,1070020400,6,02,기능별,12,보조간선 기능별
1107,정릉-번동선,1,상행,1070015800,7,02,기능별,12,보조간선 기능별
1107,정릉-번동선,1,상행,1080001900,8,02,기능별,12,보조간선 기능별
1107,정릉-번동선,2,하행,1080004700,1,02,기능별,12,보조간선 기능별
1107,정릉-번동선,2,하행,1080003100,2,02,기능별,12,보조간선 기능별
1107,정릉-번동선,2,하행,1080002400,4,02,기능별,12,보조간선 기능별
1107,정릉-번동선,2,하행,1080002200,5,02,기능별,12,보조간선 기능별
1107,정릉-번동선,2,하행,1080002000,6,02,기능별,12,보조간선 기능별
1107,정릉-번동선,2,하행,1070020300,7,02,기능별,12,보조간선 기능별
1107,정릉-번동선,2,하행,1070015700,8,02,기능별,12,보조간선 기능별
1108,종암-회기선,1,상행,1050018600,1,02,기능별,12,보조간선 기능별
1108,종암-회기선,1,상행,1050017900,3,02,기능별,12,보조간선 기능별
1108,종암-회기선,1,상행,1050018400,4,02,기능별,12,보조간선 기능별
1108,종암-회기선,2,하행,1050018300,1,02,기능별,12,보조간선 기능별
1108,종암-회기선,2,하행,1050018000,2,02,기능별,12,보조간선 기능별
1108,종암-회기선,2,하행,1050018500,3,02,기능별,12,보조간선 기능별
1108,종암-회기선,2,하행,1050018700,4,02,기능별,12,보조간선 기능별
1109,중곡-신내선,1,상행,1060006400,2,02,기능별,12,보조간선 기능별
1109,중곡-신내선,1,상행,1060012000,3,02,기능별,12,보조간선 기능별
1109,중곡-신내선,1,상행,1040014900,4,02,기능별,12,보조간선 기능별
1109,중곡-신내선,1,상행,1060010000,5,02,기능별,12,보조간선 기능별
1109,중곡-신내선,1,상행,1060007400,6,02,기능별,12,보조간선 기능별
1109,중곡-신내선,1,상행,1060008600,7,02,기능별,12,보조간선 기능별
1109,중곡-신내선,1,상행,1060005300,9,02,기능별,12,보조간선 기능별
1109,중곡-신내선,1,상행,1060004000,10,02,기능별,12,보조간선 기능별
1109,중곡-신내선,1,상행,1040017100,11,02,기능별,12,보조간선 기능별
1109,중곡-신내선,1,상행,1060004700,12,02,기능별,12,보조간선 기능별
1109,중곡-신내선,2,하행,1060004600,1,02,기능별,12,보조간선 기능별
1109,중곡-신내선,2,하행,1060005200,2,02,기능별,12,보조간선 기능별
1109,중곡-신내선,2,하행,1060013900,4,02,기능별,12,보조간선 기능별
1109,중곡-신내선,2,하행,1060011900,5,02,기능별,12,보조간선 기능별
1109,중곡-신내선,2,하행,1060009900,6,02,기능별,12,보조간선 기능별
1109,중곡-신내선,2,하행,1060008500,7,02,기능별,12,보조간선 기능별
1109,중곡-신내선,2,하행,1040017000,8,02,기능별,12,보조간선 기능별
1109,중곡-신내선,2,하행,1040016400,9,02,기능별,12,보조간선 기능별
1109,중곡-신내선,2,하행,1060007300,11,02,기능별,12,보조간선 기능별
1109,중곡-신내선,2,하행,1060006300,12,02,기능별,12,보조간선 기능별
1110,중학-성북선,1,상행,1000020200,1,02,기능별,12,보조간선 기능별
1110,중학-성북선,1,상행,1000018800,2,02,기능별,12,보조간선 기능별
1110,중학-성북선,1,상행,1000016400,3,02,기능별,12,보조간선 기능별
1110,중학-성북선,2,하행,1000018700,1,02,기능별,12,보조간선 기능별
1110,중학-성북선,2,하행,1000020100,3,02,기능별,12,보조간선 기능별
1111,증산-연희선,1,상행,1120008300,1,02,기능별,12,보조간선 기능별
1111,증산-연희선,1,상행,1120006500,2,02,기능별,12,보조간선 기능별
1111,증산-연희선,1,상행,1120011100,3,02,기능별,12,보조간선 기능별
1111,증산-연희선,1,상행,1120009900,4,02,기능별,12,보조간선 기능별
1111,증산-연희선,1,상행,1120012300,5,02,기능별,12,보조간선 기능별
1111,증산-연희선,2,하행,1120011200,2,02,기능별,12,보조간선 기능별
1111,증산-연희선,2,하행,1120010000,3,02,기능별,12,보조간선 기능별
1111,증산-연희선,2,하행,1120008400,4,02,기능별,12,보조간선 기능별
1111,증산-연희선,2,하행,1120006600,5,02,기능별,12,보조간선 기능별
1112,진관내-진관외선,1,상행,1110016200,1,02,기능별,12,보조간선 기능별
1112,진관내-진관외선,1,상행,1110016000,2,02,기능별,12,보조간선 기능별
1112,진관내-진관외선,2,하행,1110015900,2,02,기능별,12,보조간선 기능별
1113,창신-답십리선,1,상행,1050014500,1,02,기능별,12,보조간선 기능별
1113,창신-답십리선,1,상행,1050012100,2,02,기능별,12,보조간선 기능별
1113,창신-답십리선,1,상행,1070004400,3,02,기능별,12,보조간선 기능별
1113,창신-답십리선,1,상행,1070004200,4,02,기능별,12,보조간선 기능별
1113,창신-답십리선,1,상행,1070003800,5,02,기능별,12,보조간선 기능별
1113,창신-답십리선,1,상행,1050015400,7,02,기능별,12,보조간선 기능별
1113,창신-답십리선,1,상행,1000016800,8,02,기능별,12,보조간선 기능별
1113,창신-답십리선,1,상행,1000013000,9,02,기능별,12,보조간선 기능별
1113,창신-답십리선,1,상행,1050009100,10,02,기능별,12,보조간선 기능별
1113,창신-답십리선,1,상행,1050004900,11,02,기능별,12,보조간선 기능별
1113,창신-답십리선,1,상행,1050003900,12,02,기능별,12,보조간선 기능별
1113,창신-답십리선,1,상행,1050015800,14,02,기능별,12,보조간선 기능별
1113,창신-답십리선,1,상행,1050015500,15,02,기능별,12,보조간선 기능별
1113,창신-답십리선,2,하행,1050015600,1,02,기능별,12,보조간선 기능별
1113,창신-답십리선,2,하행,1050015700,2,02,기능별,12,보조간선 기능별
1113,창신-답십리선,2,하행,1050005000,3,02,기능별,12,보조간선 기능별
1113,창신-답십리선,2,하행,1050015300,4,02,기능별,12,보조간선 기능별
1113,창신-답십리선,2,하행,1050009200,6,02,기능별,12,보조간선 기능별
1113,창신-답십리선,2,하행,1000012900,7,02,기능별,12,보조간선 기능별
1113,창신-답십리선,2,하행,1050004000,8,02,기능별,12,보조간선 기능별
1113,창신-답십리선,2,하행,1050014600,9,02,기능별,12,보조간선 기능별
1113,창신-답십리선,2,하행,1050012200,10,02,기능별,12,보조간선 기능별
1113,창신-답십리선,2,하행,1000016700,11,02,기능별,12,보조간선 기능별
1113,창신-답십리선,2,하행,1070004100,13,02,기능별,12,보조간선 기능별
1113,창신-답십리선,2,하행,1070003500,14,02,기능별,12,보조간선 기능별
1113,창신-답십리선,2,하행,1050015900,15,02,기능별,12,보조간선 기능별
1115,충무-낙원선,1,상행,1010012900,1,02,기능별,12,보조간선 기능별
1115,충무-낙원선,2,하행,1010013000,1,02,기능별,12,보조간선 기능별
1116,팔판-효자선,1,상행,1000014300,1,02,기능별,12,보조간선 기능별
1116,팔판-효자선,1,상행,1000016500,2,02,기능별,12,보조간선 기능별
1116,팔판-효자선,1,상행,1000017100,3,02,기능별,12,보조간선 기능별
1116,팔판-효자선,1,상행,1000017300,4,02,기능별,12,보조간선 기능별
1116,팔판-효자선,2,하행,1000017200,2,02,기능별,12,보조간선 기능별
1116,팔판-효자선,2,하행,1000016600,3,02,기능별,12,보조간선 기능별
1116,팔판-효자선,2,하행,1000014400,4,02,기능별,12,보조간선 기능별
1117,필동-와룡선,1,상행,1000007200,1,02,기능별,12,보조간선 기능별
1117,필동-와룡선,1,상행,1010012200,2,02,기능별,12,보조간선 기능별
1117,필동-와룡선,1,상행,1010006600,3,02,기능별,12,보조간선 기능별
1117,필동-와룡선,1,상행,1010016800,5,02,기능별,12,보조간선 기능별
1117,필동-와룡선,1,상행,1000004600,6,02,기능별,12,보조간선 기능별
1117,필동-와룡선,2,하행,1000007100,1,02,기능별,12,보조간선 기능별
1117,필동-와룡선,2,하행,1000010700,2,02,기능별,12,보조간선 기능별
1118,하수-마포선,1,상행,1130010100,1,02,기능별,12,보조간선 기능별
1118,하수-마포선,1,상행,1130010600,2,02,기능별,12,보조간선 기능별
1118,하수-마포선,1,상행,1130009100,4,02,기능별,12,보조간선 기능별
1118,하수-마포선,1,상행,1130008100,5,02,기능별,12,보조간선 기능별
1118,하수-마포선,2,하행,1130008200,1,02,기능별,12,보조간선 기능별
1118,하수-마포선,2,하행,1130007800,2,02,기능별,12,보조간선 기능별
1118,하수-마포선,2,하행,1130009200,3,02,기능별,12,보조간선 기능별
1118,하수-마포선,2,하행,1130010200,4,02,기능별,12,보조간선 기능별
1120,한남-응봉선,1,상행,1030007000,1,02,기능별,12,보조간선 기능별
1120,한남-응봉선,1,상행,1020012400,2,02,기능별,12,보조간선 기능별
1120,한남-응봉선,1,상행,1030009700,3,02,기능별,12,보조간선 기능별
1120,한남-응봉선,1,상행,1030009000,4,02,기능별,12,보조간선 기능별
1120,한남-응봉선,1,상행,1030011200,5,02,기능별,12,보조간선 기능별
1120,한남-응봉선,2,하행,1030009800,2,02,기능별,12,보조간선 기능별
1120,한남-응봉선,2,하행,1030006900,3,02,기능별,12,보조간선 기능별
1120,한남-응봉선,2,하행,1020012300,4,02,기능별,12,보조간선 기능별
1120,한남-응봉선,2,하행,1030008900,5,02,기능별,12,보조간선 기능별
1121,한남-태평로선,1,상행,1010000500,1,02,기능별,12,보조간선 기능별
1121,한남-태평로선,1,상행,1020017200,2,02,기능별,12,보조간선 기능별
1121,한남-태평로선,1,상행,1020021900,4,02,기능별,12,보조간선 기능별
1121,한남-태평로선,1,상행,1020020500,5,02,기능별,12,보조간선 기능별
1121,한남-태평로선,1,상행,1020019100,6,02,기능별,12,보조간선 기능별
1121,한남-태평로선,1,상행,1020016500,7,02,기능별,12,보조간선 기능별
1121,한남-태평로선,1,상행,1010002300,8,02,기능별,12,보조간선 기능별
1121,한남-태평로선,2,하행,1020020600,1,02,기능별,12,보조간선 기능별
1121,한남-태평로선,2,하행,1020017100,3,02,기능별,12,보조간선 기능별
1121,한남-태평로선,2,하행,1020016600,4,02,기능별,12,보조간선 기능별
1121,한남-태평로선,2,하행,1020022000,5,02,기능별,12,보조간선 기능별
1121,한남-태평로선,2,하행,1010002400,6,02,기능별,12,보조간선 기능별
1121,한남-태평로선,2,하행,1020019200,7,02,기능별,12,보조간선 기능별
1121,한남-태평로선,2,하행,1010000600,8,02,기능별,12,보조간선 기능별
1122,홍익-용두선,1,상행,1050012000,2,02,기능별,12,보조간선 기능별
1122,홍익-용두선,1,상행,1030019800,3,02,기능별,12,보조간선 기능별
1122,홍익-용두선,1,상행,1050010200,4,02,기능별,12,보조간선 기능별
1122,홍익-용두선,1,상행,1030018000,5,02,기능별,12,보조간선 기능별
1122,홍익-용두선,2,하행,1030017900,1,02,기능별,12,보조간선 기능별
1122,홍익-용두선,2,하행,1050011900,2,02,기능별,12,보조간선 기능별
1122,홍익-용두선,2,하행,1030019700,4,02,기능별,12,보조간선 기능별
1122,홍익-용두선,2,하행,1050010100,5,02,기능별,12,보조간선 기능별
1123,회기-번동선,1,상행,1070015400,1,02,기능별,12,보조간선 기능별
1123,회기-번동선,1,상행,1050020600,2,02,기능별,12,보조간선 기능별
1123,회기-번동선,1,상행,1050019600,3,02,기능별,12,보조간선 기능별
1123,회기-번동선,1,상행,1050017000,4,02,기능별,12,보조간선 기능별
1123,회기-번동선,1,상행,1070019600,6,02,기능별,12,보조간선 기능별
1123,회기-번동선,1,상행,1070018000,7,02,기능별,12,보조간선 기능별
1123,회기-번동선,1,상행,1050021600,8,02,기능별,12,보조간선 기능별
1123,회기-번동선,2,하행,1050021500,1,02,기능별,12,보조간선 기능별
1123,회기-번동선,2,하행,1070020500,2,02,기능별,12,보조간선 기능별
1123,회기-번동선,2,하행,1050019500,3,02,기능별,12,보조간선 기능별
1123,회기-번동선,2,하행,1050020500,5,02,기능별,12,보조간선 기능별
1123,회기-번동선,2,하행,1070017900,6,02,기능별,12,보조간선 기능별
1123,회기-번동선,2,하행,1050016900,7,02,기능별,12,보조간선 기능별
1123,회기-번동선,2,하행,1070015300,8,02,기능별,12,보조간선 기능별
1124,휘경-면목선,1,상행,1060009100,1,02,기능별,12,보조간선 기능별
1124,휘경-면목선,1,상행,1060009800,2,02,기능별,12,보조간선 기능별
1124,휘경-면목선,1,상행,1060010200,4,02,기능별,12,보조간선 기능별
1124,휘경-면목선,1,상행,1050014400,5,02,기능별,12,보조간선 기능별
1124,휘경-면목선,1,상행,1060009400,6,02,기능별,12,보조간선 기능별
1124,휘경-면목선,2,하행,1060010100,1,02,기능별,12,보조간선 기능별
1124,휘경-면목선,2,하행,1060010300,2,02,기능별,12,보조간선 기능별
1124,휘경-면목선,2,하행,1060009700,3,02,기능별,12,보조간선 기능별
1124,휘경-면목선,2,하행,1060009300,5,02,기능별,12,보조간선 기능별
1124,휘경-면목선,2,하행,1060009200,6,02,기능별,12,보조간선 기능별
1125,흥인-면목선,1,상행,1030019600,1,02,기능별,12,보조간선 기능별
1125,흥인-면목선,1,상행,1030019100,2,02,기능별,12,보조간선 기능별
1125,흥인-면목선,1,상행,1050005200,3,02,기능별,12,보조간선 기능별
1125,흥인-면목선,1,상행,1050006400,4,02,기능별,12,보조간선 기능별
1125,흥인-면목선,1,상행,1050011200,6,02,기능별,12,보조간선 기능별
1125,흥인-면목선,1,상행,1050011400,7,02,기능별,12,보조간선 기능별
1125,흥인-면목선,1,상행,1010018500,8,02,기능별,12,보조간선 기능별
1125,흥인-면목선,1,상행,1050011600,9,02,기능별,12,보조간선 기능별
1125,흥인-면목선,1,상행,1050012800,10,02,기능별,12,보조간선 기능별
1125,흥인-면목선,1,상행,1060007900,11,02,기능별,12,보조간선 기능별
1125,흥인-면목선,1,상행,1060008300,13,02,기능별,12,보조간선 기능별
1125,흥인-면목선,1,상행,1030018100,14,02,기능별,12,보조간선 기능별
1125,흥인-면목선,1,상행,1030018600,15,02,기능별,12,보조간선 기능별
1125,흥인-면목선,1,상행,1030018700,16,02,기능별,12,보조간선 기능별
1125,흥인-면목선,1,상행,1030020000,17,02,기능별,12,보조간선 기능별
1125,흥인-면목선,2,하행,1030019500,1,02,기능별,12,보조간선 기능별
1125,흥인-면목선,2,하행,1050005100,3,02,기능별,12,보조간선 기능별
1125,흥인-면목선,2,하행,1050006300,4,02,기능별,12,보조간선 기능별
1125,흥인-면목선,2,하행,1050009700,5,02,기능별,12,보조간선 기능별
1125,흥인-면목선,2,하행,1050011100,6,02,기능별,12,보조간선 기능별
1125,흥인-면목선,2,하행,1050011300,7,02,기능별,12,보조간선 기능별
1125,흥인-면목선,2,하행,1010018600,8,02,기능별,12,보조간선 기능별
1125,흥인-면목선,2,하행,1050012700,10,02,기능별,12,보조간선 기능별
1125,흥인-면목선,2,하행,1060008000,11,02,기능별,12,보조간선 기능별
1125,흥인-면목선,2,하행,1060008200,12,02,기능별,12,보조간선 기능별
1125,흥인-면목선,2,하행,1060008400,13,02,기능별,12,보조간선 기능별
1125,흥인-면목선,2,하행,1030018200,14,02,기능별,12,보조간선 기능별
1125,흥인-면목선,2,하행,1030018500,15,02,기능별,12,보조간선 기능별
1125,흥인-면목선,2,하행,1030019200,17,02,기능별,12,보조간선 기능별
248,제1순환고속도로,2,하행,1670004600,8,04,기타도로,06,경기도로
248,제1순환고속도로,2,하행,1663026700,14,04,기타도로,06,경기도로
248,제1순환고속도로,2,하행,2240032501,20,04,기타도로,06,경기도로
267,성산로,2,하행,1120004900,2,01,기본도로,03,주간선도로
267,성산로,2,하행,1005003000,8,01,기본도로,03,주간선도로
304,신월로,1,상행,1140010400,2,01,기본도로,04,보조간선도로
304,신월로,2,하행,1140016100,3,01,기본도로,04,보조간선도로
306,신정로,1,상행,1140000800,2,01,기본도로,04,보조간선도로
1000,가리봉-독산선,1,상행,1170003500,1,02,기능별,12,보조간선 기능별
1000,가리봉-독산선,1,상행,1170003700,2,02,기능별,12,보조간선 기능별
1000,가리봉-독산선,1,상행,1170004000,3,02,기능별,12,보조간선 기능별
1000,가리봉-독산선,1,상행,1170003200,4,02,기능별,12,보조간선 기능별
1000,가리봉-독산선,2,하행,1170003900,1,02,기능별,12,보조간선 기능별
1000,가리봉-독산선,2,하행,1170003600,3,02,기능별,12,보조간선 기능별
1000,가리봉-독산선,2,하행,1170003100,4,02,기능별,12,보조간선 기능별
1001,가리봉-신길선,1,상행,1180010900,1,02,기능별,12,보조간선 기능별
1001,가리봉-신길선,1,상행,1180011200,2,02,기능별,12,보조간선 기능별
1001,가리봉-신길선,1,상행,1160010600,3,02,기능별,12,보조간선 기능별
1001,가리봉-신길선,1,상행,1180011900,4,02,기능별,12,보조간선 기능별
1001,가리봉-신길선,1,상행,1180009900,6,02,기능별,12,보조간선 기능별
1001,가리봉-신길선,1,상행,1160008400,7,02,기능별,12,보조간선 기능별
1001,가리봉-신길선,1,상행,1160011800,8,02,기능별,12,보조간선 기능별
1001,가리봉-신길선,1,상행,1160012600,9,02,기능별,12,보조간선 기능별
1001,가리봉-신길선,2,하행,1160006900,1,02,기능별,12,보조간선 기능별
1001,가리봉-신길선,2,하행,1160012500,2,02,기능별,12,보조간선 기능별
1001,가리봉-신길선,2,하행,1180009800,4,02,기능별,12,보조간선 기능별
1001,가리봉-신길선,2,하행,1180011300,5,02,기능별,12,보조간선 기능별
1001,가리봉-신길선,2,하행,1180011800,6,02,기능별,12,보조간선 기능별
1001,가리봉-신길선,2,하행,1160010500,7,02,기능별,12,보조간선 기능별
1001,가리봉-신길선,2,하행,1180010800,8,02,기능별,12,보조간선 기능별
1001,가리봉-신길선,2,하행,1160008300,9,02,기능별,12,보조간선 기능별
1002,갈월-동자동선,1,상행,1020020800,2,02,기능별,12,보조간선 기능별
1002,갈월-동자동선,1,상행,1020022200,3,02,기능별,12,보조간선 기능별
1002,갈월-동자동선,2,하행,1020020700,1,02,기능별,12,보조간선 기능별
1002,갈월-동자동선,2,하행,1020022100,2,02,기능별,12,보조간선 기능별
1002,갈월-동자동선,2,하행,1020018900,3,02,기능별,12,보조간선 기능별
1003,개봉선,1,상행,1160011400,1,02,기능별,12,보조간선 기능별
1004,고척-가양선,1,상행,1140020800,1,02,기능별,12,보조간선 기능별
1004,고척-가양선,1,상행,1140016000,2,02,기능별,12,보조간선 기능별
1004,고척-가양선,1,상행,1140012400,3,02,기능별,12,보조간선 기능별
1004,고척-가양선,1,상행,1140006600,4,02,기능별,12,보조간선 기능별
1004,고척-가양선,1,상행,1140002600,5,02,기능별,12,보조간선 기능별
1004,고척-가양선,1,상행,1160017200,6,02,기능별,12,보조간선 기능별
1004,고척-가양선,1,상행,1160014200,8,02,기능별,12,보조간선 기능별
1004,고척-가양선,1,상행,1150019900,9,02,기능별,12,보조간선 기능별
1004,고척-가양선,1,상행,1150018700,10,02,기능별,12,보조간선 기능별
1004,고척-가양선,1,상행,1150017100,11,02,기능별,12,보조간선 기능별
1004,고척-가양선,1,상행,1150014300,12,02,기능별,12,보조간선 기능별
1004,고척-가양선,1,상행,1150012500,13,02,기능별,12,보조간선 기능별
1004,고척-가양선,1,상행,1150010300,15,02,기능별,12,보조간선 기능별
1004,고척-가양선,1,상행,1150009700,16,02,기능별,12,보조간선 기능별
1004,고척-가양선,1,상행,1150009500,17,02,기능별,12,보조간선 기능별
1004,고척-가양선,1,상행,1140026400,18,02,기능별,12,보조간선 기능별
1004,고척-가양선,1,상행,1150008100,19,02,기능별,12,보조간선 기능별
1004,고척-가양선,1,상행,1150008700,20,02,기능별,12,보조간선 기능별
1004,고척-가양선,2,하행,1150008600,2,02,기능별,12,보조간선 기능별
1004,고척-가양선,2,하행,1150009400,3,02,기능별,12,보조간선 기능별
1004,고척-가양선,2,하행,1150009600,4,02,기능별,12,보조간선 기능별
1004,고척-가양선,2,하행,1150010200,5,02,기능별,12,보조간선 기능별
1004,고척-가양선,2,하행,1150011200,6,02,기능별,12,보조간선 기능별
1004,고척-가양선,2,하행,1150012400,7,02,기능별,12,보조간선 기능별
1004,고척-가양선,2,하행,1150017000,9,02,기능별,12,보조간선 기능별
1004,고척-가양선,2,하행,1150018600,10,02,기능별,12,보조간선 기능별
1004,고척-가양선,2,하행,1150019800,11,02,기능별,12,보조간선 기능별
1004,고척-가양선,2,하행,1160014100,12,02,기능별,12,보조간선 기능별
1004,고척-가양선,2,하행,1160016500,13,02,기능별,12,보조간선 기능별
1004,고척-가양선,2,하행,1160017100,14,02,기능별,12,보조간선 기능별
1004,고척-가양선,2,하행,1140006500,16,02,기능별,12,보조간선 기능별
1004,고척-가양선,2,하행,1140012300,17,02,기능별,12,보조간선 기능별
1004,고척-가양선,2,하행,1140015900,18,02,기능별,12,보조간선 기능별
1004,고척-가양선,2,하행,1140020700,19,02,기능별,12,보조간선 기능별
1004,고척-가양선,2,하행,1140026300,20,02,기능별,12,보조간선 기능별
1005,공릉-우이선,1,상행,1080013300,1,02,기능별,12,보조간선 기능별
1005,공릉-우이선,1,상행,1100032700,3,02,기능별,12,보조간선 기능별
1005,공릉-우이선,1,상행,1100032100,4,02,기능별,12,보조간선 기능별
1005,공릉-우이선,1,상행,1100031900,5,02,기능별,12,보조간선 기능별
1005,공릉-우이선,1,상행,1100031500,6,02,기능별,12,보조간선 기능별
1005,공릉-우이선,1,상행,1100030700,7,02,기능별,12,보조간선 기능별
1005,공릉-우이선,1,상행,1100030300,8,02,기능별,12,보조간선 기능별
1005,공릉-우이선,1,상행,1100027700,10,02,기능별,12,보조간선 기능별
1005,공릉-우이선,1,상행,1100026700,11,02,기능별,12,보조간선 기능별
1005,공릉-우이선,1,상행,1100025900,12,02,기능별,12,보조간선 기능별
1005,공릉-우이선,1,상행,1100021900,13,02,기능별,12,보조간선 기능별
1005,공릉-우이선,1,상행,1100019100,14,02,기능별,12,보조간선 기능별
1005,공릉-우이선,1,상행,1100016900,15,02,기능별,12,보조간선 기능별
1005,공릉-우이선,1,상행,1100009700,17,02,기능별,12,보조간선 기능별
1005,공릉-우이선,1,상행,1090010300,18,02,기능별,12,보조간선 기능별
1005,공릉-우이선,1,상행,1090010200,19,02,기능별,12,보조간선 기능별
1005,공릉-우이선,1,상행,1090009900,20,02,기능별,12,보조간선 기능별
1005,공릉-우이선,1,상행,1090009800,21,02,기능별,12,보조간선 기능별
1005,공릉-우이선,2,하행,1100024400,1,02,기능별,12,보조간선 기능별
1005,공릉-우이선,2,하행,1100022000,3,02,기능별,12,보조간선 기능별
1005,공릉-우이선,2,하행,1100031600,4,02,기능별,12,보조간선 기능별
1005,공릉-우이선,2,하행,1100019200,5,02,기능별,12,보조간선 기능별
1005,공릉-우이선,2,하행,1100029200,6,02,기능별,12,보조간선 기능별
1005,공릉-우이선,2,하행,1100017000,7,02,기능별,12,보조간선 기능별
1005,공릉-우이선,2,하행,1100032000,8,02,기능별,12,보조간선 기능별
1005,공릉-우이선,2,하행,1100027800,10,02,기능별,12,보조간선 기능별
1005,공릉-우이선,2,하행,1100009800,11,02,기능별,12,보조간선 기능별
1005,공릉-우이선,2,하행,1100030800,12,02,기능별,12,보조간선 기능별
1005,공릉-우이선,2,하행,1090010400,13,02,기능별,12,보조간선 기능별
1005,공릉-우이선,2,하행,1100026800,14,02,기능별,12,보조간선 기능별
1005,공릉-우이선,2,하행,1100032200,15,02,기능별,12,보조간선 기능별
1005,공릉-우이선,2,하행,1090010000,17,02,기능별,12,보조간선 기능별
1005,공릉-우이선,2,하행,1100026000,18,02,기능별,12,보조간선 기능별
1005,공릉-우이선,2,하행,1100030400,19,02,기능별,12,보조간선 기능별
1005,공릉-우이선,2,하행,1090009700,20,02,기능별,12,보조간선 기능별
1005,공릉-우이선,2,하행,1100032800,21,02,기능별,12,보조간선 기능별
1006,공항-내발산선,1,상행,1150001200,1,02,기능별,12,보조간선 기능별
1007,광명-시흥선,1,상행,1170001600,1,02,기능별,12,보조간선 기능별
1007,광명-시흥선,2,하행,1170001500,1,02,기능별,12,보조간선 기능별
1008,광장-상일선,1,상행,1240011500,1,02,기능별,12,보조간선 기능별
1008,광장-상일선,1,상행,1240017700,2,02,기능별,12,보조간선 기능별
1008,광장-상일선,1,상행,1040013200,3,02,기능별,12,보조간선 기능별
1008,광장-상일선,1,상행,1040011800,4,02,기능별,12,보조간선 기능별
1008,광장-상일선,1,상행,1240018200,6,02,기능별,12,보조간선 기능별
1008,광장-상일선,1,상행,1240018000,7,02,기능별,12,보조간선 기능별
1008,광장-상일선,1,상행,1240017400,8,02,기능별,12,보조간선 기능별
1008,광장-상일선,1,상행,1240017200,9,02,기능별,12,보조간선 기능별
1008,광장-상일선,1,상행,1240014400,10,02,기능별,12,보조간선 기능별
1008,광장-상일선,1,상행,1240012200,11,02,기능별,12,보조간선 기능별
1008,광장-상일선,2,하행,1040013300,2,02,기능별,12,보조간선 기능별
1008,광장-상일선,2,하행,1040011900,3,02,기능별,12,보조간선 기능별
1008,광장-상일선,2,하행,1240017300,4,02,기능별,12,보조간선 기능별
1008,광장-상일선,2,하행,1240018100,5,02,기능별,12,보조간선 기능별
1008,광장-상일선,2,하행,1240011600,6,02,기능별,12,보조간선 기능별
1008,광장-상일선,2,하행,1240018300,7,02,기능별,12,보조간선 기능별
1008,광장-상일선,2,하행,1240017900,9,02,기능별,12,보조간선 기능별
1008,광장-상일선,2,하행,1240012100,10,02,기능별,12,보조간선 기능별
1008,광장-상일선,2,하행,1240017100,11,02,기능별,12,보조간선 기능별
1009,구로-신길선,1,상행,1180013300,1,02,기능별,12,보조간선 기능별
1009,구로-신길선,1,상행,1160015200,2,02,기능별,12,보조간선 기능별
1009,구로-신길선,1,상행,1180012100,3,02,기능별,12,보조간선 기능별
1009,구로-신길선,1,상행,1180011500,5,02,기능별,12,보조간선 기능별
1009,구로-신길선,2,하행,1180011400,1,02,기능별,12,보조간선 기능별
1009,구로-신길선,2,하행,1160015100,2,02,기능별,12,보조간선 기능별
1009,구로-신길선,2,하행,1180013200,3,02,기능별,12,보조간선 기능별
1009,구로-신길선,2,하행,1180012000,4,02,기능별,12,보조간선 기능별
1009,구로-신길선,2,하행,1180014000,5,02,기능별,12,보조간선 기능별
1010,구로-염창선,1,상행,1140022800,2,02,기능별,12,보조간선 기능별
1010,구로-염창선,1,상행,1140019000,3,02,기능별,12,보조간선 기능별
1010,구로-염창선,1,상행,1140016600,4,02,기능별,12,보조간선 기능별
1010,구로-염창선,1,상행,1140012600,5,02,기능별,12,보조간선 기능별
1010,구로-염창선,1,상행,1140005400,6,02,기능별,12,보조간선 기능별
1010,구로-염창선,1,상행,1140002400,7,02,기능별,12,보조간선 기능별
1010,구로-염창선,1,상행,1150011500,9,02,기능별,12,보조간선 기능별
1010,구로-염창선,1,상행,1140040200,10,02,기능별,12,보조간선 기능별
1010,구로-염창선,1,상행,1140040000,11,02,기능별,12,보조간선 기능별
1010,구로-염창선,1,상행,1140039200,12,02,기능별,12,보조간선 기능별
1010,구로-염창선,1,상행,1140037000,13,02,기능별,12,보조간선 기능별
1010,구로-염창선,1,상행,1140026800,14,02,기능별,12,보조간선 기능별
1010,구로-염창선,2,하행,1160015700,2,02,기능별,12,보조간선 기능별
1010,구로-염창선,2,하행,1140026700,3,02,기능별,12,보조간선 기능별
1010,구로-염창선,2,하행,1150011400,4,02,기능별,12,보조간선 기능별
1010,구로-염창선,2,하행,1140012500,5,02,기능별,12,보조간선 기능별
1010,구로-염창선,2,하행,1140040100,6,02,기능별,12,보조간선 기능별
1010,구로-염창선,2,하행,1140032500,7,02,기능별,12,보조간선 기능별
1010,구로-염창선,2,하행,1140005300,9,02,기능별,12,보조간선 기능별
1010,구로-염창선,2,하행,1140039100,10,02,기능별,12,보조간선 기능별
1010,구로-염창선,2,하행,1140022700,11,02,기능별,12,보조간선 기능별
1010,구로-염창선,2,하행,1140036900,12,02,기능별,12,보조간선 기능별
1010,구로-염창선,2,하행,1140002300,13,02,기능별,12,보조간선 기능별
1010,구로-염창선,2,하행,1140018900,14,02,기능별,12,보조간선 기능별
1011,구의-광장선,1,상행,1040011700,2,02,기능별,12,보조간선 기능별
1011,구의-광장선,1,상행,1040002600,3,02,기능별,12,보조간선 기능별
1011,구의-광장선,1,상행,1040010700,4,02,기능별,12,보조간선 기능별
1011,구의-광장선,1,상행,1040004000,5,02,기능별,12,보조간선 기능별
1011,구의-광장선,1,상행,1040009900,6,02,기능별,12,보조간선 기능별
1011,구의-광장선,1,상행,1040012300,7,02,기능별,12,보조간선 기능별
1011,구의-광장선,2,하행,1040011600,2,02,기능별,12,보조간선 기능별
1011,구의-광장선,2,하행,1040010600,3,02,기능별,12,보조간선 기능별
1011,구의-광장선,2,하행,1040008400,4,02,기능별,12,보조간선 기능별
1011,구의-광장선,2,하행,1040003900,5,02,기능별,12,보조간선 기능별
1011,구의-광장선,2,하행,1040002500,6,02,기능별,12,보조간선 기능별
1011,구의-광장선,2,하행,1040009800,7,02,기능별,12,보조간선 기능별
1013,궁동-영등포선,1,상행,1180040000,1,02,기능별,12,보조간선 기능별
1013,궁동-영등포선,1,상행,1180034200,2,02,기능별,12,보조간선 기능별
1013,궁동-영등포선,1,상행,1140004600,3,02,기능별,12,보조간선 기능별
1013,궁동-영등포선,1,상행,1140004000,5,02,기능별,12,보조간선 기능별
1013,궁동-영등포선,1,상행,1180041700,6,02,기능별,12,보조간선 기능별
1013,궁동-영등포선,1,상행,1140002000,7,02,기능별,12,보조간선 기능별
1013,궁동-영등포선,1,상행,1180040400,8,02,기능별,12,보조간선 기능별
1013,궁동-영등포선,1,상행,1180024800,9,02,기능별,12,보조간선 기능별
1013,궁동-영등포선,1,상행,1140000700,10,02,기능별,12,보조간선 기능별
1013,궁동-영등포선,2,하행,1180024900,1,02,기능별,12,보조간선 기능별
1013,궁동-영등포선,2,하행,1180034300,2,02,기능별,12,보조간선 기능별
1013,궁동-영등포선,2,하행,1180038500,3,02,기능별,12,보조간선 기능별
1013,궁동-영등포선,2,하행,1180040100,4,02,기능별,12,보조간선 기능별
1013,궁동-영등포선,2,하행,1180040500,5,02,기능별,12,보조간선 기능별
1013,궁동-영등포선,2,하행,1180041300,6,02,기능별,12,보조간선 기능별
1013,궁동-영등포선,2,하행,1140000800,8,02,기능별,12,보조간선 기능별
1013,궁동-영등포선,2,하행,1140001900,9,02,기능별,12,보조간선 기능별
1013,궁동-영등포선,2,하행,1140003900,10,02,기능별,12,보조간선 기능별
1013,궁동-영등포선,2,하행,1140004500,11,02,기능별,12,보조간선 기능별
1013,궁동-영등포선,2,하행,1140006100,12,02,기능별,12,보조간선 기능별
1013,궁동-영등포선,2,하행,1140007100,13,02,기능별,12,보조간선 기능별
1013,궁동-영등포선,2,하행,1140008700,15,02,기능별,12,보조간선 기능별
1013,궁동-영등포선,2,하행,1140009300,16,02,기능별,12,보조간선 기능별
1013,궁동-영등포선,2,하행,1140009900,17,02,기능별,12,보조간선 기능별
1013,궁동-영등포선,2,하행,1140010500,18,02,기능별,12,보조간선 기능별
1013,궁동-영등포선,2,하행,1140011100,19,02,기능별,12,보조간선 기능별
1013,궁동-영등포선,2,하행,1140012900,20,02,기능별,12,보조간선 기능별
1013,궁동-영등포선,2,하행,1140018300,22,02,기능별,12,보조간선 기능별
1013,궁동-영등포선,2,하행,1140020900,23,02,기능별,12,보조간선 기능별
1013,궁동-영등포선,2,하행,1140023500,24,02,기능별,12,보조간선 기능별
1013,궁동-영등포선,2,하행,1140037500,25,02,기능별,12,보조간선 기능별
1013,궁동-영등포선,2,하행,1140036500,26,02,기능별,12,보조간선 기능별
1013,궁동-영등포선,2,하행,1140035900,27,02,기능별,12,보조간선 기능별
1013,궁동-영등포선,2,하행,1140034100,29,02,기능별,12,보조간선 기능별
1013,궁동-영등포선,2,하행,1140032700,30,02,기능별,12,보조간선 기능별
1013,궁동-영등포선,2,하행,1140031500,31,02,기능별,12,보조간선 기능별
1013,궁동-영등포선,2,하행,1140030300,32,02,기능별,12,보조간선 기능별
1013,궁동-영등포선,2,하행,1140028700,33,02,기능별,12,보조간선 기능별
1013,궁동-영등포선,2,하행,1140027000,34,02,기능별,12,보조간선 기능별
1013,궁동-영등포선,2,하행,1140027800,36,02,기능별,12,보조간선 기능별
1014,남산2호터널선,1,상행,1020021600,1,02,기능별,12,보조간선 기능별
1014,남산2호터널선,2,하행,1020021500,1,02,기능별,12,보조간선 기능별
1015,남창-남산선,1,상행,1010000700,1,02,기능별,12,보조간선 기능별
1015,남창-남산선,1,상행,1010001200,2,02,기능별,12,보조간선 기능별
1015,남창-남산선,2,하행,1010001100,1,02,기능별,12,보조간선 기능별
1016,노고산-창신선,1,상행,1130008500,1,02,기능별,12,보조간선 기능별
1016,노고산-창신선,1,상행,1130010900,2,02,기능별,12,보조간선 기능별
1016,노고산-창신선,1,상행,1130012700,3,02,기능별,12,보조간선 기능별
1016,노고산-창신선,1,상행,1130014900,4,02,기능별,12,보조간선 기능별
1016,노고산-창신선,1,상행,1010001800,5,02,기능별,12,보조간선 기능별
1016,노고산-창신선,1,상행,1010006800,6,02,기능별,12,보조간선 기능별
1016,노고산-창신선,1,상행,1010019200,8,02,기능별,12,보조간선 기능별
1016,노고산-창신선,1,상행,1020010800,9,02,기능별,12,보조간선 기능별
1016,노고산-창신선,1,상행,1020011200,10,02,기능별,12,보조간선 기능별
1016,노고산-창신선,1,상행,1020011300,11,02,기능별,12,보조간선 기능별
1016,노고산-창신선,1,상행,1020012500,12,02,기능별,12,보조간선 기능별
1016,노고산-창신선,1,상행,1020013100,13,02,기능별,12,보조간선 기능별
1016,노고산-창신선,1,상행,1020013900,15,02,기능별,12,보조간선 기능별
1016,노고산-창신선,1,상행,1020015300,16,02,기능별,12,보조간선 기능별
1016,노고산-창신선,1,상행,1020015900,17,02,기능별,12,보조간선 기능별
1016,노고산-창신선,1,상행,1020021400,19,02,기능별,12,보조간선 기능별
1016,노고산-창신선,2,하행,1020012600,1,02,기능별,12,보조간선 기능별
1016,노고산-창신선,2,하행,1020016000,4,02,기능별,12,보조간선 기능별
1016,노고산-창신선,2,하행,1020015400,5,02,기능별,12,보조간선 기능별
1016,노고산-창신선,2,하행,1020014000,6,02,기능별,12,보조간선 기능별
1016,노고산-창신선,2,하행,1020013500,7,02,기능별,12,보조간선 기능별
1016,노고산-창신선,2,하행,1020013200,8,02,기능별,12,보조간선 기능별
1028,마장-사근선,1,상행,1030013200,7,02,기능별,12,보조간선 기능별
1028,마장-사근선,2,하행,1030019000,1,02,기능별,12,보조간선 기능별
1028,마장-사근선,2,하행,1030016600,2,02,기능별,12,보조간선 기능별
1028,마장-사근선,2,하행,1030020600,3,02,기능별,12,보조간선 기능별
1028,마장-사근선,2,하행,1030014700,4,02,기능별,12,보조간선 기능별
1028,마장-사근선,2,하행,1030013100,6,02,기능별,12,보조간선 기능별
1028,마장-사근선,2,하행,1030016100,7,02,기능별,12,보조간선 기능별
1029,망우-공릉선,1,상행,1060014800,1,02,기능별,12,보조간선 기능별
1029,망우-공릉선,1,상행,1060021400,2,02,기능별,12,보조간선 기능별
1029,망우-공릉선,1,상행,1060020600,3,02,기능별,12,보조간선 기능별
1029,망우-공릉선,1,상행,1060020000,4,02,기능별,12,보조간선 기능별
1029,망우-공릉선,1,상행,1060017400,6,02,기능별,12,보조간선 기능별
1029,망우-공릉선,1,상행,1060016000,7,02,기능별,12,보조간선 기능별
1029,망우-공릉선,1,상행,1060021600,8,02,기능별,12,보조간선 기능별
1029,망우-공릉선,2,하행,1060021500,1,02,기능별,12,보조간선 기능별
1029,망우-공릉선,2,하행,1060018300,2,02,기능별,12,보조간선 기능별
1029,망우-공릉선,2,하행,1060020500,3,02,기능별,12,보조간선 기능별
1029,망우-공릉선,2,하행,1060021300,5,02,기능별,12,보조간선 기능별
1029,망우-공릉선,2,하행,1060015900,6,02,기능별,12,보조간선 기능별
1029,망우-공릉선,2,하행,1060019900,7,02,기능별,12,보조간선 기능별
1029,망우-공릉선,2,하행,1060014700,8,02,기능별,12,보조간선 기능별
1031,면목-상봉선,1,상행,1060009600,1,02,기능별,12,보조간선 기능별
1031,면목-상봉선,1,상행,1060011400,2,02,기능별,12,보조간선 기능별
1031,면목-상봉선,1,상행,1060010600,3,02,기능별,12,보조간선 기능별
1031,면목-상봉선,1,상행,1060013400,4,02,기능별,12,보조간선 기능별
1031,면목-상봉선,1,상행,1060007800,6,02,기능별,12,보조간선 기능별
1031,면목-상봉선,2,하행,1060011300,1,02,기능별,12,보조간선 기능별
1031,면목-상봉선,2,하행,1060009500,2,02,기능별,12,보조간선 기능별
1031,면목-상봉선,2,하행,1060013300,3,02,기능별,12,보조간선 기능별
1031,면목-상봉선,2,하행,1060008700,4,02,기능별,12,보조간선 기능별
1031,면목-상봉선,2,하행,1060010500,5,02,기능별,12,보조간선 기능별
1032,목동선,1,상행,1140004300,1,02,기능별,12,보조간선 기능별
1032,목동선,1,상행,1140036200,2,02,기능별,12,보조간선 기능별
1032,목동선,1,상행,1140005600,3,02,기능별,12,보조간선 기능별
1032,목동선,1,상행,1140006400,4,02,기능별,12,보조간선 기능별
1032,목동선,1,상행,1140007000,5,02,기능별,12,보조간선 기능별
1032,목동선,1,상행,1140007600,6,02,기능별,12,보조간선 기능별
1032,목동선,1,상행,1140009200,8,02,기능별,12,보조간선 기능별
1032,목동선,1,상행,1140011800,9,02,기능별,12,보조간선 기능별
1032,목동선,1,상행,1140013400,10,02,기능별,12,보조간선 기능별
1032,목동선,1,상행,1140015200,11,02,기능별,12,보조간선 기능별
1032,목동선,1,상행,1140017800,12,02,기능별,12,보조간선 기능별
1032,목동선,1,상행,1140020200,13,02,기능별,12,보조간선 기능별
1032,목동선,1,상행,1140021300,15,02,기능별,12,보조간선 기능별
1032,목동선,1,상행,1140022000,16,02,기능별,12,보조간선 기능별
1032,목동선,1,상행,1140025200,17,02,기능별,12,보조간선 기능별
1032,목동선,1,상행,1140028600,18,02,기능별,12,보조간선 기능별
1032,목동선,1,상행,1140030600,19,02,기능별,12,보조간선 기능별
1032,목동선,1,상행,1140032300,20,02,기능별,12,보조간선 기능별
1032,목동선,1,상행,1140033800,22,02,기능별,12,보조간선 기능별
1032,목동선,1,상행,1140034400,23,02,기능별,12,보조간선 기능별
1032,목동선,1,상행,1140034600,24,02,기능별,12,보조간선 기능별
1032,목동선,1,상행,1140035600,25,02,기능별,12,보조간선 기능별
1032,목동선,1,상행,1140005200,26,02,기능별,12,보조간선 기능별
1033,문래-당산선,1,상행,1180025700,1,02,기능별,12,보조간선 기능별
1033,문래-당산선,1,상행,1180017500,3,02,기능별,12,보조간선 기능별
1033,문래-당산선,1,상행,1180035100,4,02,기능별,12,보조간선 기능별
1033,문래-당산선,1,상행,1180021900,5,02,기능별,12,보조간선 기능별
1033,문래-당산선,1,상행,1180031100,6,02,기능별,12,보조간선 기능별
1033,문래-당산선,1,상행,1180040300,7,02,기능별,12,보조간선 기능별
1033,문래-당산선,2,하행,1180040200,1,02,기능별,12,보조간선 기능별
1033,문래-당산선,2,하행,1180035000,3,02,기능별,12,보조간선 기능별
1033,문래-당산선,2,하행,1180025600,4,02,기능별,12,보조간선 기능별
1033,문래-당산선,2,하행,1180021800,5,02,기능별,12,보조간선 기능별
1033,문래-당산선,2,하행,1180017400,6,02,기능별,12,보조간선 기능별
1033,문래-당산선,2,하행,1180031000,7,02,기능별,12,보조간선 기능별
1034,문래-신길선,1,상행,1180012400,1,02,기능별,12,보조간선 기능별
1034,문래-신길선,1,상행,1180011000,3,02,기능별,12,보조간선 기능별
1034,문래-신길선,1,상행,1180008600,4,02,기능별,12,보조간선 기능별
1034,문래-신길선,2,하행,1180011100,1,02,기능별,12,보조간선 기능별
1034,문래-신길선,2,하행,1180012500,2,02,기능별,12,보조간선 기능별
1034,문래-신길선,2,하행,1180008700,3,02,기능별,12,보조간선 기능별
1034,문래-신길선,2,하행,1180009700,4,02,기능별,12,보조간선 기능별
1035,문정-고덕선,1,상행,1240025600,2,02,기능별,12,보조간선 기능별
1035,문정-고덕선,1,상행,1240027800,3,02,기능별,12,보조간선 기능별
1016,노고산-창신선,2,하행,1020011100,10,02,기능별,12,보조간선 기능별
1016,노고산-창신선,2,하행,1020010700,11,02,기능별,12,보조간선 기능별
1016,노고산-창신선,2,하행,1010019100,12,02,기능별,12,보조간선 기능별
1016,노고산-창신선,2,하행,1010015900,13,02,기능별,12,보조간선 기능별
1016,노고산-창신선,2,하행,1010001700,15,02,기능별,12,보조간선 기능별
1016,노고산-창신선,2,하행,1130015000,16,02,기능별,12,보조간선 기능별
1016,노고산-창신선,2,하행,1130012800,17,02,기능별,12,보조간선 기능별
1016,노고산-창신선,2,하행,1130011000,18,02,기능별,12,보조간선 기능별
1016,노고산-창신선,2,하행,1130008600,19,02,기능별,12,보조간선 기능별
1017,노원역-당고개역선,1,상행,1100029800,1,02,기능별,12,보조간선 기능별
1017,노원역-당고개역선,1,상행,1100030200,3,02,기능별,12,보조간선 기능별
1017,노원역-당고개역선,1,상행,1100035000,4,02,기능별,12,보조간선 기능별
1017,노원역-당고개역선,1,상행,1100031000,5,02,기능별,12,보조간선 기능별
1017,노원역-당고개역선,1,상행,1100032600,6,02,기능별,12,보조간선 기능별
1017,노원역-당고개역선,2,하행,1100030100,1,02,기능별,12,보조간선 기능별
1017,노원역-당고개역선,2,하행,1100030900,2,02,기능별,12,보조간선 기능별
1017,노원역-당고개역선,2,하행,1100032500,4,02,기능별,12,보조간선 기능별
1017,노원역-당고개역선,2,하행,1100034900,5,02,기능별,12,보조간선 기능별
1017,노원역-당고개역선,2,하행,1100031300,6,02,기능별,12,보조간선 기능별
1018,노유-중곡선,1,상행,1040015300,1,02,기능별,12,보조간선 기능별
1018,노유-중곡선,1,상행,1040016700,2,02,기능별,12,보조간선 기능별
1018,노유-중곡선,1,상행,1040014300,3,02,기능별,12,보조간선 기능별
1018,노유-중곡선,1,상행,1040009100,5,02,기능별,12,보조간선 기능별
1018,노유-중곡선,1,상행,1040006300,6,02,기능별,12,보조간선 기능별
1018,노유-중곡선,2,하행,1040014200,1,02,기능별,12,보조간선 기능별
1018,노유-중곡선,2,하행,1040012000,2,02,기능별,12,보조간선 기능별
1018,노유-중곡선,2,하행,1040009000,3,02,기능별,12,보조간선 기능별
1018,노유-중곡선,2,하행,1040015200,4,02,기능별,12,보조간선 기능별
1018,노유-중곡선,2,하행,1040016600,6,02,기능별,12,보조간선 기능별
1019,답십리-전농선,1,상행,1050011800,1,02,기능별,12,보조간선 기능별
1019,답십리-전농선,1,상행,1050009000,2,02,기능별,12,보조간선 기능별
1019,답십리-전농선,1,상행,1050007800,3,02,기능별,12,보조간선 기능별
1019,답십리-전농선,2,하행,1050008900,1,02,기능별,12,보조간선 기능별
1019,답십리-전농선,2,하행,1050011700,2,02,기능별,12,보조간선 기능별
1020,대림-영등포선,1,상행,1180008300,1,02,기능별,12,보조간선 기능별
1020,대림-영등포선,1,상행,1180007100,2,02,기능별,12,보조간선 기능별
1020,대림-영등포선,1,상행,1180008900,3,02,기능별,12,보조간선 기능별
1020,대림-영등포선,1,상행,1180010700,4,02,기능별,12,보조간선 기능별
1020,대림-영등포선,1,상행,1180012700,5,02,기능별,12,보조간선 기능별
1020,대림-영등포선,1,상행,1180013900,6,02,기능별,12,보조간선 기능별
1020,대림-영등포선,2,하행,1180008200,1,02,기능별,12,보조간선 기능별
1020,대림-영등포선,2,하행,1180012600,2,02,기능별,12,보조간선 기능별
1020,대림-영등포선,2,하행,1180010600,3,02,기능별,12,보조간선 기능별
1020,대림-영등포선,2,하행,1180007000,4,02,기능별,12,보조간선 기능별
1020,대림-영등포선,2,하행,1180013800,5,02,기능별,12,보조간선 기능별
1020,대림-영등포선,2,하행,1180016200,6,02,기능별,12,보조간선 기능별
1021,도봉산입구선,1,상행,1090013200,1,02,기능별,12,보조간선 기능별
1021,도봉산입구선,2,하행,1090013100,1,02,기능별,12,보조간선 기능별
1022,도봉역선,1,상행,1100006100,1,02,기능별,12,보조간선 기능별
1022,도봉역선,1,상행,1090000100,2,02,기능별,12,보조간선 기능별
1022,도봉역선,1,상행,1100006300,3,02,기능별,12,보조간선 기능별
1022,도봉역선,2,하행,1100006200,1,02,기능별,12,보조간선 기능별
1022,도봉역선,2,하행,1090000200,3,02,기능별,12,보조간선 기능별
1023,독산-등촌선,1,상행,1160007200,1,02,기능별,12,보조간선 기능별
1023,독산-등촌선,1,상행,1160005400,2,02,기능별,12,보조간선 기능별
1023,독산-등촌선,1,상행,1160010800,3,02,기능별,12,보조간선 기능별
1023,독산-등촌선,1,상행,1160017400,4,02,기능별,12,보조간선 기능별
1023,독산-등촌선,1,상행,1160012400,5,02,기능별,12,보조간선 기능별
1023,독산-등촌선,1,상행,1140001600,7,02,기능별,12,보조간선 기능별
1023,독산-등촌선,1,상행,1160009000,8,02,기능별,12,보조간선 기능별
1023,독산-등촌선,1,상행,1160004600,9,02,기능별,12,보조간선 기능별
1023,독산-등촌선,1,상행,1150009900,10,02,기능별,12,보조간선 기능별
1023,독산-등촌선,1,상행,1150007700,11,02,기능별,12,보조간선 기능별
1023,독산-등촌선,1,상행,1140024200,12,02,기능별,12,보조간선 기능별
1023,독산-등촌선,1,상행,1140010200,14,02,기능별,12,보조간선 기능별
1023,독산-등촌선,1,상행,1140003000,15,02,기능별,12,보조간선 기능별
1023,독산-등촌선,1,상행,1160016000,16,02,기능별,12,보조간선 기능별
1023,독산-등촌선,1,상행,1170007200,17,02,기능별,12,보조간선 기능별
1023,독산-등촌선,2,하행,1140010100,1,02,기능별,12,보조간선 기능별
1023,독산-등촌선,2,하행,1140002900,2,02,기능별,12,보조간선 기능별
1023,독산-등촌선,2,하행,1170007100,4,02,기능별,12,보조간선 기능별
1023,독산-등촌선,2,하행,1160017300,5,02,기능별,12,보조간선 기능별
1023,독산-등촌선,2,하행,1160015900,6,02,기능별,12,보조간선 기능별
1023,독산-등촌선,2,하행,1160014700,7,02,기능별,12,보조간선 기능별
1023,독산-등촌선,2,하행,1160012300,8,02,기능별,12,보조간선 기능별
1023,독산-등촌선,2,하행,1160010700,9,02,기능별,12,보조간선 기능별
1023,독산-등촌선,2,하행,1160007100,11,02,기능별,12,보조간선 기능별
1023,독산-등촌선,2,하행,1160005300,12,02,기능별,12,보조간선 기능별
1023,독산-등촌선,2,하행,1160004500,13,02,기능별,12,보조간선 기능별
1023,독산-등촌선,2,하행,1150009800,14,02,기능별,12,보조간선 기능별
1023,독산-등촌선,2,하행,1150007600,15,02,기능별,12,보조간선 기능별
1023,독산-등촌선,2,하행,1140024100,16,02,기능별,12,보조간선 기능별
1024,독산-봉천선,1,상행,1200002300,1,02,기능별,12,보조간선 기능별
1024,독산-봉천선,1,상행,1170008400,2,02,기능별,12,보조간선 기능별
1024,독산-봉천선,1,상행,1200002200,3,02,기능별,12,보조간선 기능별
1024,독산-봉천선,1,상행,1200003000,4,02,기능별,12,보조간선 기능별
1024,독산-봉천선,2,하행,1170008300,1,02,기능별,12,보조간선 기능별
1024,독산-봉천선,2,하행,1200002100,2,02,기능별,12,보조간선 기능별
1024,독산-봉천선,2,하행,1200002900,4,02,기능별,12,보조간선 기능별
1025,돈암-창동선,1,상행,1080008400,1,02,기능별,12,보조간선 기능별
1025,돈암-창동선,1,상행,1080010200,2,02,기능별,12,보조간선 기능별
1025,돈암-창동선,1,상행,1080012000,3,02,기능별,12,보조간선 기능별
1025,돈암-창동선,1,상행,1080013000,4,02,기능별,12,보조간선 기능별
1025,돈암-창동선,1,상행,1090002700,5,02,기능별,12,보조간선 기능별
1025,돈암-창동선,1,상행,1090007700,7,02,기능별,12,보조간선 기능별
1025,돈암-창동선,1,상행,1090008100,8,02,기능별,12,보조간선 기능별
1025,돈암-창동선,1,상행,1090008300,9,02,기능별,12,보조간선 기능별
1025,돈암-창동선,1,상행,1090008800,10,02,기능별,12,보조간선 기능별
1025,돈암-창동선,1,상행,1070013000,11,02,기능별,12,보조간선 기능별
1025,돈암-창동선,1,상행,1070017400,12,02,기능별,12,보조간선 기능별
1025,돈암-창동선,1,상행,1080004400,14,02,기능별,12,보조간선 기능별
1025,돈암-창동선,1,상행,1080005800,15,02,기능별,12,보조간선 기능별
1025,돈암-창동선,2,하행,1080008300,1,02,기능별,12,보조간선 기능별
1025,돈암-창동선,2,하행,1080005700,2,02,기능별,12,보조간선 기능별
1025,돈암-창동선,2,하행,1080011900,3,02,기능별,12,보조간선 기능별
1025,돈암-창동선,2,하행,1080012900,4,02,기능별,12,보조간선 기능별
1025,돈암-창동선,2,하행,1090004800,6,02,기능별,12,보조간선 기능별
1025,돈암-창동선,2,하행,1090007800,7,02,기능별,12,보조간선 기능별
1025,돈암-창동선,2,하행,1090008200,8,02,기능별,12,보조간선 기능별
1025,돈암-창동선,2,하행,1090008400,9,02,기능별,12,보조간선 기능별
1025,돈암-창동선,2,하행,1090008700,10,02,기능별,12,보조간선 기능별
1025,돈암-창동선,2,하행,1070012900,11,02,기능별,12,보조간선 기능별
1025,돈암-창동선,2,하행,1080002900,13,02,기능별,12,보조간선 기능별
1025,돈암-창동선,2,하행,1080004300,14,02,기능별,12,보조간선 기능별
1025,돈암-창동선,2,하행,1080010100,15,02,기능별,12,보조간선 기능별
1026,동교-월곡선,1,상행,1120004800,1,02,기능별,12,보조간선 기능별
1026,동교-월곡선,1,상행,1070016100,2,02,기능별,12,보조간선 기능별
1026,동교-월곡선,1,상행,1070015200,3,02,기능별,12,보조간선 기능별
1026,동교-월곡선,1,상행,1070013300,5,02,기능별,12,보조간선 기능별
1026,동교-월곡선,1,상행,1070013100,6,02,기능별,12,보조간선 기능별
1026,동교-월곡선,1,상행,1070012300,7,02,기능별,12,보조간선 기능별
1026,동교-월곡선,1,상행,1005003500,8,02,기능별,12,보조간선 기능별
1026,동교-월곡선,1,상행,1005003300,9,02,기능별,12,보조간선 기능별
1026,동교-월곡선,1,상행,1000021800,10,02,기능별,12,보조간선 기능별
1026,동교-월곡선,1,상행,1120013200,14,02,기능별,12,보조간선 기능별
1026,동교-월곡선,1,상행,1120012200,15,02,기능별,12,보조간선 기능별
1026,동교-월곡선,1,상행,1120010400,16,02,기능별,12,보조간선 기능별
1026,동교-월곡선,1,상행,1120007200,17,02,기능별,12,보조간선 기능별
1026,동교-월곡선,2,하행,1070012400,1,02,기능별,12,보조간선 기능별
1026,동교-월곡선,2,하행,1120004700,2,02,기능별,12,보조간선 기능별
1026,동교-월곡선,2,하행,1070013400,3,02,기능별,12,보조간선 기능별
1026,동교-월곡선,2,하행,1005003600,5,02,기능별,12,보조간선 기능별
1026,동교-월곡선,2,하행,1120013100,8,02,기능별,12,보조간선 기능별
1026,동교-월곡선,2,하행,1005003400,9,02,기능별,12,보조간선 기능별
1026,동교-월곡선,2,하행,1120012100,10,02,기능별,12,보조간선 기능별
1026,동교-월곡선,2,하행,1070013200,11,02,기능별,12,보조간선 기능별
1026,동교-월곡선,2,하행,1120010300,12,02,기능별,12,보조간선 기능별
1026,동교-월곡선,2,하행,1070015100,13,02,기능별,12,보조간선 기능별
1026,동교-월곡선,2,하행,1000021700,15,02,기능별,12,보조간선 기능별
1026,동교-월곡선,2,하행,1120005300,16,02,기능별,12,보조간선 기능별
1026,동교-월곡선,2,하행,1070016200,17,02,기능별,12,보조간선 기능별
1027,동선-정릉선,1,상행,1070009600,1,02,기능별,12,보조간선 기능별
1027,동선-정릉선,1,상행,1070012200,2,02,기능별,12,보조간선 기능별
1028,마장-사근선,1,상행,1030020500,1,02,기능별,12,보조간선 기능별
1028,마장-사근선,1,상행,1030014800,2,02,기능별,12,보조간선 기능별
1028,마장-사근선,1,상행,1030018900,3,02,기능별,12,보조간선 기능별
1028,마장-사근선,1,상행,1030013500,4,02,기능별,12,보조간선 기능별
1028,마장-사근선,1,상행,1030016500,5,02,기능별,12,보조간선 기능별
1035,문정-고덕선,1,상행,1230005800,4,02,기능별,12,보조간선 기능별
1035,문정-고덕선,1,상행,1230006400,5,02,기능별,12,보조간선 기능별
1035,문정-고덕선,1,상행,1230007400,6,02,기능별,12,보조간선 기능별
1035,문정-고덕선,1,상행,1230008800,7,02,기능별,12,보조간선 기능별
1035,문정-고덕선,1,상행,1230010800,8,02,기능별,12,보조간선 기능별
1035,문정-고덕선,1,상행,1230014800,10,02,기능별,12,보조간선 기능별
1035,문정-고덕선,1,상행,1230018600,11,02,기능별,12,보조간선 기능별
1035,문정-고덕선,1,상행,1230025400,12,02,기능별,12,보조간선 기능별
1035,문정-고덕선,1,상행,1230031800,13,02,기능별,12,보조간선 기능별
1035,문정-고덕선,1,상행,1240005600,14,02,기능별,12,보조간선 기능별
1035,문정-고덕선,1,상행,1240008400,15,02,기능별,12,보조간선 기능별
1035,문정-고덕선,1,상행,1240012400,17,02,기능별,12,보조간선 기능별
1035,문정-고덕선,1,상행,1240015400,18,02,기능별,12,보조간선 기능별
1035,문정-고덕선,1,상행,1240019800,19,02,기능별,12,보조간선 기능별
1035,문정-고덕선,2,하행,1240023500,1,02,기능별,12,보조간선 기능별
1035,문정-고덕선,2,하행,1240019700,2,02,기능별,12,보조간선 기능별
1035,문정-고덕선,2,하행,1240027700,3,02,기능별,12,보조간선 기능별
1035,문정-고덕선,2,하행,1230006300,5,02,기능별,12,보조간선 기능별
1035,문정-고덕선,2,하행,1230007300,6,02,기능별,12,보조간선 기능별
1035,문정-고덕선,2,하행,1230010700,8,02,기능별,12,보조간선 기능별
1035,문정-고덕선,2,하행,1230012100,9,02,기능별,12,보조간선 기능별
1035,문정-고덕선,2,하행,1230014700,10,02,기능별,12,보조간선 기능별
1035,문정-고덕선,2,하행,1230025300,12,02,기능별,12,보조간선 기능별
1035,문정-고덕선,2,하행,1230031700,13,02,기능별,12,보조간선 기능별
1035,문정-고덕선,2,하행,1240005500,14,02,기능별,12,보조간선 기능별
1035,문정-고덕선,2,하행,1240008300,15,02,기능별,12,보조간선 기능별
1035,문정-고덕선,2,하행,1240010900,16,02,기능별,12,보조간선 기능별
1035,문정-고덕선,2,하행,1240012300,17,02,기능별,12,보조간선 기능별
1035,문정-고덕선,2,하행,1240025500,19,02,기능별,12,보조간선 기능별
1036,미아-상계선,1,상행,1100028200,1,02,기능별,12,보조간선 기능별
1036,미아-상계선,1,상행,1100024200,2,02,기능별,12,보조간선 기능별
1036,미아-상계선,1,상행,1100019800,3,02,기능별,12,보조간선 기능별
1036,미아-상계선,1,상행,1100017200,4,02,기능별,12,보조간선 기능별
1036,미아-상계선,1,상행,1100016800,5,02,기능별,12,보조간선 기능별
1036,미아-상계선,1,상행,1100015600,7,02,기능별,12,보조간선 기능별
1036,미아-상계선,1,상행,1100015000,8,02,기능별,12,보조간선 기능별
1036,미아-상계선,1,상행,1100014000,9,02,기능별,12,보조간선 기능별
1036,미아-상계선,1,상행,1100013600,10,02,기능별,12,보조간선 기능별
1036,미아-상계선,1,상행,1100012400,11,02,기능별,12,보조간선 기능별
1036,미아-상계선,1,상행,1080001800,12,02,기능별,12,보조간선 기능별
1036,미아-상계선,1,상행,1080001000,14,02,기능별,12,보조간선 기능별
1036,미아-상계선,1,상행,1070021800,15,02,기능별,12,보조간선 기능별
1036,미아-상계선,1,상행,1070021600,16,02,기능별,12,보조간선 기능별
1036,미아-상계선,1,상행,1070016600,17,02,기능별,12,보조간선 기능별
1036,미아-상계선,1,상행,1100033700,18,02,기능별,12,보조간선 기능별
1036,미아-상계선,1,상행,1100033600,19,02,기능별,12,보조간선 기능별
1036,미아-상계선,1,상행,1100033000,21,02,기능별,12,보조간선 기능별
1036,미아-상계선,1,상행,1100031200,22,02,기능별,12,보조간선 기능별
1036,미아-상계선,1,상행,1100030600,23,02,기능별,12,보조간선 기능별
1036,미아-상계선,1,상행,1100026200,24,02,기능별,12,보조간선 기능별
1036,미아-상계선,2,하행,1100024100,1,02,기능별,12,보조간선 기능별
1036,미아-상계선,2,하행,1100028100,2,02,기능별,12,보조간선 기능별
1036,미아-상계선,2,하행,1080000900,4,02,기능별,12,보조간선 기능별
1036,미아-상계선,2,하행,1100017100,5,02,기능별,12,보조간선 기능별
1036,미아-상계선,2,하행,1070021700,6,02,기능별,12,보조간선 기능별
1036,미아-상계선,2,하행,1100014900,7,02,기능별,12,보조간선 기능별
1036,미아-상계선,2,하행,1070021500,8,02,기능별,12,보조간선 기능별
1036,미아-상계선,2,하행,1100026100,9,02,기능별,12,보조간선 기능별
1036,미아-상계선,2,하행,1100033800,11,02,기능별,12,보조간선 기능별
1036,미아-상계선,2,하행,1100013900,12,02,기능별,12,보조간선 기능별
1036,미아-상계선,2,하행,1100016700,13,02,기능별,12,보조간선 기능별
1036,미아-상계선,2,하행,1100033500,14,02,기능별,12,보조간선 기능별
1036,미아-상계선,2,하행,1100033400,15,02,기능별,12,보조간선 기능별
1036,미아-상계선,2,하행,1100013500,16,02,기능별,12,보조간선 기능별
1036,미아-상계선,2,하행,1100032900,18,02,기능별,12,보조간선 기능별
1036,미아-상계선,2,하행,1100012300,19,02,기능별,12,보조간선 기능별
1036,미아-상계선,2,하행,1100031100,20,02,기능별,12,보조간선 기능별
1036,미아-상계선,2,하행,1100016300,21,02,기능별,12,보조간선 기능별
1036,미아-상계선,2,하행,1100030500,22,02,기능별,12,보조간선 기능별
1036,미아-상계선,2,하행,1080001700,23,02,기능별,12,보조간선 기능별
1037,미아-수유선,1,상행,1080004000,1,02,기능별,12,보조간선 기능별
1037,미아-수유선,1,상행,1080009600,2,02,기능별,12,보조간선 기능별
1037,미아-수유선,1,상행,1080011600,3,02,기능별,12,보조간선 기능별
1037,미아-수유선,2,하행,1080011500,1,02,기능별,12,보조간선 기능별
1037,미아-수유선,2,하행,1080003900,2,02,기능별,12,보조간선 기능별
1037,미아-수유선,2,하행,1080009500,3,02,기능별,12,보조간선 기능별
1038,방배-잠실선,1,상행,1220015500,2,02,기능별,12,보조간선 기능별
1038,방배-잠실선,1,상행,1230019200,3,02,기능별,12,보조간선 기능별
1038,방배-잠실선,1,상행,1220025700,4,02,기능별,12,보조간선 기능별
1038,방배-잠실선,1,상행,1220024300,5,02,기능별,12,보조간선 기능별
1038,방배-잠실선,1,상행,1220022600,6,02,기능별,12,보조간선 기능별
1038,방배-잠실선,1,상행,1220020900,7,02,기능별,12,보조간선 기능별
1038,방배-잠실선,1,상행,1220016700,9,02,기능별,12,보조간선 기능별
1038,방배-잠실선,1,상행,1210018300,10,02,기능별,12,보조간선 기능별
1038,방배-잠실선,1,상행,1210017100,11,02,기능별,12,보조간선 기능별
1038,방배-잠실선,1,상행,1210015900,12,02,기능별,12,보조간선 기능별
1038,방배-잠실선,1,상행,1210014900,13,02,기능별,12,보조간선 기능별
1038,방배-잠실선,1,상행,1210013900,14,02,기능별,12,보조간선 기능별
1038,방배-잠실선,2,하행,1220016600,1,02,기능별,12,보조간선 기능별
1038,방배-잠실선,2,하행,1210013000,2,02,기능별,12,보조간선 기능별
1038,방배-잠실선,2,하행,1220015400,3,02,기능별,12,보조간선 기능별
1038,방배-잠실선,2,하행,1220022500,4,02,기능별,12,보조간선 기능별
1038,방배-잠실선,2,하행,1210018200,5,02,기능별,12,보조간선 기능별
1038,방배-잠실선,2,하행,1230019100,6,02,기능별,12,보조간선 기능별
1038,방배-잠실선,2,하행,1220020800,8,02,기능별,12,보조간선 기능별
1038,방배-잠실선,2,하행,1210015800,9,02,기능별,12,보조간선 기능별
1038,방배-잠실선,2,하행,1220024200,10,02,기능별,12,보조간선 기능별
1038,방배-잠실선,2,하행,1210014800,11,02,기능별,12,보조간선 기능별
1038,방배-잠실선,2,하행,1220019000,12,02,기능별,12,보조간선 기능별
1038,방배-잠실선,2,하행,1210013800,13,02,기능별,12,보조간선 기능별
1038,방배-잠실선,2,하행,1210012200,15,02,기능별,12,보조간선 기능별
1039,방배선,1,상행,1210015700,1,02,기능별,12,보조간선 기능별
1039,방배선,1,상행,1210011900,2,02,기능별,12,보조간선 기능별
1039,방배선,1,상행,1210021300,3,02,기능별,12,보조간선 기능별
1039,방배선,1,상행,1210018900,4,02,기능별,12,보조간선 기능별
1039,방배선,2,하행,1210011800,1,02,기능별,12,보조간선 기능별
1039,방배선,2,하행,1210018800,3,02,기능별,12,보조간선 기능별
1039,방배선,2,하행,1210021200,4,02,기능별,12,보조간선 기능별
1040,방이-마천선,1,상행,1230021300,1,02,기능별,12,보조간선 기능별
1040,방이-마천선,1,상행,1230028100,2,02,기능별,12,보조간선 기능별
1040,방이-마천선,1,상행,1230023900,3,02,기능별,12,보조간선 기능별
1040,방이-마천선,1,상행,1230027100,4,02,기능별,12,보조간선 기능별
1040,방이-마천선,1,상행,1230029300,6,02,기능별,12,보조간선 기능별
1040,방이-마천선,2,하행,1230028200,1,02,기능별,12,보조간선 기능별
1040,방이-마천선,2,하행,1230027200,2,02,기능별,12,보조간선 기능별
1040,방이-마천선,2,하행,1230024000,3,02,기능별,12,보조간선 기능별
1040,방이-마천선,2,하행,1230021400,4,02,기능별,12,보조간선 기능별
1040,방이-마천선,2,하행,1230026200,5,02,기능별,12,보조간선 기능별
1041,방화-염창선,1,상행,1150002700,2,02,기능별,12,보조간선 기능별
1041,방화-염창선,1,상행,1150003700,3,02,기능별,12,보조간선 기능별
1041,방화-염창선,1,상행,1150003600,4,02,기능별,12,보조간선 기능별
1041,방화-염창선,1,상행,1150002100,5,02,기능별,12,보조간선 기능별
1041,방화-염창선,1,상행,1150002500,6,02,기능별,12,보조간선 기능별
1041,방화-염창선,1,상행,1150003300,7,02,기능별,12,보조간선 기능별
1041,방화-염창선,1,상행,1150002900,9,02,기능별,12,보조간선 기능별
1041,방화-염창선,1,상행,1140000500,10,02,기능별,12,보조간선 기능별
1041,방화-염창선,2,하행,1150003800,1,02,기능별,12,보조간선 기능별
1041,방화-염창선,2,하행,1150003500,2,02,기능별,12,보조간선 기능별
1041,방화-염창선,2,하행,1150003400,3,02,기능별,12,보조간선 기능별
1041,방화-염창선,2,하행,1150003000,4,02,기능별,12,보조간선 기능별
1041,방화-염창선,2,하행,1150002600,6,02,기능별,12,보조간선 기능별
1041,방화-염창선,2,하행,1150002200,7,02,기능별,12,보조간선 기능별
1041,방화-염창선,2,하행,1150001600,8,02,기능별,12,보조간선 기능별
1041,방화-염창선,2,하행,1150004000,9,02,기능별,12,보조간선 기능별
1041,방화-염창선,2,하행,1140000600,10,02,기능별,12,보조간선 기능별
1042,봉래-관훈선,1,상행,1010003600,1,02,기능별,12,보조간선 기능별
1042,봉래-관훈선,1,상행,1000006600,3,02,기능별,12,보조간선 기능별
1042,봉래-관훈선,1,상행,1010007200,4,02,기능별,12,보조간선 기능별
1042,봉래-관훈선,1,상행,1010017000,5,02,기능별,12,보조간선 기능별
1042,봉래-관훈선,1,상행,1010005200,6,02,기능별,12,보조간선 기능별
1042,봉래-관훈선,1,상행,1000004800,7,02,기능별,12,보조간선 기능별
1042,봉래-관훈선,1,상행,1010004000,8,02,기능별,12,보조간선 기능별
1042,봉래-관훈선,2,하행,1010016900,1,02,기능별,12,보조간선 기능별
1042,봉래-관훈선,2,하행,1010011300,2,02,기능별,12,보조간선 기능별
1042,봉래-관훈선,2,하행,1010007100,3,02,기능별,12,보조간선 기능별
1042,봉래-관훈선,2,하행,1010005100,4,02,기능별,12,보조간선 기능별
1042,봉래-관훈선,2,하행,1010003500,5,02,기능별,12,보조간선 기능별
1042,봉래-관훈선,2,하행,1000009100,6,02,기능별,12,보조간선 기능별
1042,봉래-관훈선,2,하행,1000004700,8,02,기능별,12,보조간선 기능별
1042,봉래-관훈선,2,하행,1010003900,9,02,기능별,12,보조간선 기능별
1043,봉우재선,1,상행,1060012200,1,02,기능별,12,보조간선 기능별
1043,봉우재선,1,상행,1060010800,2,02,기능별,12,보조간선 기능별
1043,봉우재선,1,상행,1060011600,3,02,기능별,12,보조간선 기능별
1043,봉우재선,1,상행,1060013000,4,02,기능별,12,보조간선 기능별
1043,봉우재선,2,하행,1060012900,2,02,기능별,12,보조간선 기능별
1043,봉우재선,2,하행,1060010700,3,02,기능별,12,보조간선 기능별
1043,봉우재선,2,하행,1060011500,4,02,기능별,12,보조간선 기능별
1044,봉천-상도선,1,상행,1200005400,1,02,기능별,12,보조간선 기능별
1044,봉천-상도선,1,상행,1200008200,2,02,기능별,12,보조간선 기능별
1044,봉천-상도선,1,상행,1200012400,3,02,기능별,12,보조간선 기능별
1044,봉천-상도선,2,하행,1200012300,1,02,기능별,12,보조간선 기능별
1044,봉천-상도선,2,하행,1200005300,2,02,기능별,12,보조간선 기능별
1044,봉천-상도선,2,하행,1200008100,3,02,기능별,12,보조간선 기능별
1044,봉천-상도선,2,하행,1190001900,4,02,기능별,12,보조간선 기능별
1045,북가좌-역촌선,1,상행,1110005600,1,02,기능별,12,보조간선 기능별
1045,북가좌-역촌선,1,상행,1110009800,2,02,기능별,12,보조간선 기능별
1045,북가좌-역촌선,1,상행,1110008000,4,02,기능별,12,보조간선 기능별
1045,북가좌-역촌선,1,상행,1120013000,5,02,기능별,12,보조간선 기능별
1045,북가좌-역촌선,1,상행,1110006800,6,02,기능별,12,보조간선 기능별
1045,북가좌-역촌선,1,상행,1120008800,7,02,기능별,12,보조간선 기능별
1045,북가좌-역촌선,2,하행,1120008700,1,02,기능별,12,보조간선 기능별
1045,북가좌-역촌선,2,하행,1110009700,2,02,기능별,12,보조간선 기능별
1045,북가좌-역촌선,2,하행,1110005500,4,02,기능별,12,보조간선 기능별
1045,북가좌-역촌선,2,하행,1120012900,5,02,기능별,12,보조간선 기능별
1045,북가좌-역촌선,2,하행,1120011900,6,02,기능별,12,보조간선 기능별
1045,북가좌-역촌선,2,하행,1110006700,7,02,기능별,12,보조간선 기능별
1046,사직-종암선,1,상행,1000017000,1,02,기능별,12,보조간선 기능별
1046,사직-종암선,1,상행,1000021100,2,02,기능별,12,보조간선 기능별
1046,사직-종암선,1,상행,1070010800,4,02,기능별,12,보조간선 기능별
1046,사직-종암선,1,상행,1070010900,5,02,기능별,12,보조간선 기능별
1046,사직-종암선,2,하행,1000016900,1,02,기능별,12,보조간선 기능별
1046,사직-종암선,2,하행,1000021200,2,02,기능별,12,보조간선 기능별
1046,사직-종암선,2,하행,1070011000,3,02,기능별,12,보조간선 기능별
1046,사직-종암선,2,하행,1070010700,4,02,기능별,12,보조간선 기능별
1048,상암-대흥선,1,상행,1130006100,1,02,기능별,12,보조간선 기능별
1048,상암-대흥선,1,상행,1130014800,2,02,기능별,12,보조간선 기능별
1048,상암-대흥선,1,상행,1130027300,3,02,기능별,12,보조간선 기능별
1048,상암-대흥선,1,상행,1130025100,4,02,기능별,12,보조간선 기능별
1048,상암-대흥선,1,상행,1130023300,6,02,기능별,12,보조간선 기능별
1048,상암-대흥선,1,상행,1130021900,7,02,기능별,12,보조간선 기능별
1048,상암-대흥선,1,상행,1130020900,8,02,기능별,12,보조간선 기능별
1048,상암-대흥선,1,상행,1130020100,9,02,기능별,12,보조간선 기능별
1048,상암-대흥선,1,상행,1130019100,10,02,기능별,12,보조간선 기능별
1048,상암-대흥선,1,상행,1130017500,11,02,기능별,12,보조간선 기능별
1048,상암-대흥선,1,상행,1130012500,13,02,기능별,12,보조간선 기능별
1048,상암-대흥선,1,상행,1130012300,14,02,기능별,12,보조간선 기능별
1048,상암-대흥선,1,상행,1130012100,15,02,기능별,12,보조간선 기능별
1048,상암-대흥선,1,상행,1130011900,16,02,기능별,12,보조간선 기능별
1048,상암-대흥선,1,상행,1130011800,17,02,기능별,12,보조간선 기능별
1048,상암-대흥선,1,상행,1130011500,18,02,기능별,12,보조간선 기능별
1048,상암-대흥선,2,하행,1130006200,2,02,기능별,12,보조간선 기능별
1048,상암-대흥선,2,하행,1130014700,3,02,기능별,12,보조간선 기능별
1048,상암-대흥선,2,하행,1130014200,4,02,기능별,12,보조간선 기능별
1048,상암-대흥선,2,하행,1130021000,5,02,기능별,12,보조간선 기능별
1048,상암-대흥선,2,하행,1130012600,6,02,기능별,12,보조간선 기능별
1048,상암-대흥선,2,하행,1130023400,7,02,기능별,12,보조간선 기능별
1048,상암-대흥선,2,하행,1130020200,9,02,기능별,12,보조간선 기능별
1048,상암-대흥선,2,하행,1130012200,10,02,기능별,12,보조간선 기능별
1048,상암-대흥선,2,하행,1130024600,11,02,기능별,12,보조간선 기능별
1048,상암-대흥선,2,하행,1130012000,12,02,기능별,12,보조간선 기능별
1048,상암-대흥선,2,하행,1130019200,13,02,기능별,12,보조간선 기능별
1048,상암-대흥선,2,하행,1130022000,14,02,기능별,12,보조간선 기능별
1048,상암-대흥선,2,하행,1130011600,16,02,기능별,12,보조간선 기능별
1048,상암-대흥선,2,하행,1130017600,17,02,기능별,12,보조간선 기능별
1048,상암-대흥선,2,하행,1130027400,18,02,기능별,12,보조간선 기능별
1049,상암-서교선,1,상행,1130015900,1,02,기능별,12,보조간선 기능별
1049,상암-서교선,1,상행,1130027700,2,02,기능별,12,보조간선 기능별
1049,상암-서교선,1,상행,1130026500,3,02,기능별,12,보조간선 기능별
1049,상암-서교선,1,상행,1130024300,5,02,기능별,12,보조간선 기능별
1049,상암-서교선,1,상행,1130023500,6,02,기능별,12,보조간선 기능별
1049,상암-서교선,1,상행,1130022700,7,02,기능별,12,보조간선 기능별
1049,상암-서교선,1,상행,1130021700,8,02,기능별,12,보조간선 기능별
1049,상암-서교선,1,상행,1130019900,9,02,기능별,12,보조간선 기능별
1049,상암-서교선,1,상행,1130018500,10,02,기능별,12,보조간선 기능별
1049,상암-서교선,1,상행,1130028300,12,02,기능별,12,보조간선 기능별
1049,상암-서교선,2,하행,1130026600,1,02,기능별,12,보조간선 기능별
1049,상암-서교선,2,하행,1130021800,2,02,기능별,12,보조간선 기능별
1049,상암-서교선,2,하행,1130024400,3,02,기능별,12,보조간선 기능별
1049,상암-서교선,2,하행,1130020000,4,02,기능별,12,보조간선 기능별
1049,상암-서교선,2,하행,1130027800,5,02,기능별,12,보조간선 기능별
1049,상암-서교선,2,하행,1130017000,8,02,기능별,12,보조간선 기능별
1049,상암-서교선,2,하행,1130025600,9,02,기능별,12,보조간선 기능별
1049,상암-서교선,2,하행,1130016000,10,02,기능별,12,보조간선 기능별
1049,상암-서교선,2,하행,1130022800,11,02,기능별,12,보조간선 기능별
1049,상암-서교선,2,하행,1130018600,12,02,기능별,12,보조간선 기능별
1050,상암-성산선,1,상행,1130023900,2,02,기능별,12,보조간선 기능별
1050,상암-성산선,1,상행,1130026700,3,02,기능별,12,보조간선 기능별
1050,상암-성산선,1,상행,1130029300,4,02,기능별,12,보조간선 기능별
1050,상암-성산선,2,하행,1130029400,1,02,기능별,12,보조간선 기능별
1050,상암-성산선,2,하행,1130024000,2,02,기능별,12,보조간선 기능별
1050,상암-성산선,2,하행,1130028200,4,02,기능별,12,보조간선 기능별
1051,상암선,1,상행,1130006400,1,02,기능별,12,보조간선 기능별
602,방사선도로,1,상행,1170004400,445,03,유형별,09,외곽
602,방사선도로,1,상행,1170005500,446,03,유형별,09,외곽
602,방사선도로,1,상행,1170005600,447,03,유형별,09,외곽
602,방사선도로,1,상행,1170007300,448,03,유형별,09,외곽
602,방사선도로,1,상행,1170007400,449,03,유형별,09,외곽
602,방사선도로,1,상행,1180000100,450,03,유형별,09,외곽
602,방사선도로,1,상행,1180000200,451,03,유형별,09,외곽
602,방사선도로,1,상행,1180000300,452,03,유형별,09,외곽
602,방사선도로,1,상행,1180000400,453,03,유형별,09,외곽
602,방사선도로,1,상행,1180000700,454,03,유형별,09,외곽
602,방사선도로,1,상행,1180000800,455,03,유형별,09,외곽
602,방사선도로,1,상행,1180000900,456,03,유형별,09,외곽
602,방사선도로,1,상행,1180001000,457,03,유형별,09,외곽
602,방사선도로,1,상행,1180001100,458,03,유형별,09,외곽
602,방사선도로,1,상행,1180001200,459,03,유형별,09,외곽
602,방사선도로,1,상행,1180001500,460,03,유형별,09,외곽
602,방사선도로,1,상행,1180001600,461,03,유형별,09,외곽
602,방사선도로,1,상행,1180001700,462,03,유형별,09,외곽
602,방사선도로,1,상행,1180001800,463,03,유형별,09,외곽
602,방사선도로,1,상행,1180001900,464,03,유형별,09,외곽
602,방사선도로,1,상행,1180002000,465,03,유형별,09,외곽
602,방사선도로,1,상행,1180002300,466,03,유형별,09,외곽
602,방사선도로,1,상행,1180002400,467,03,유형별,09,외곽
602,방사선도로,1,상행,1180002500,468,03,유형별,09,외곽
602,방사선도로,1,상행,1180002600,469,03,유형별,09,외곽
602,방사선도로,1,상행,1180003700,470,03,유형별,09,외곽
602,방사선도로,1,상행,1180003800,471,03,유형별,09,외곽
602,방사선도로,1,상행,1180004500,472,03,유형별,09,외곽
602,방사선도로,1,상행,1180004600,473,03,유형별,09,외곽
602,방사선도로,1,상행,1180004700,474,03,유형별,09,외곽
602,방사선도로,1,상행,1180004800,475,03,유형별,09,외곽
602,방사선도로,1,상행,1180005400,476,03,유형별,09,외곽
602,방사선도로,1,상행,1180005500,477,03,유형별,09,외곽
602,방사선도로,1,상행,1180005800,478,03,유형별,09,외곽
602,방사선도로,1,상행,1180005900,479,03,유형별,09,외곽
602,방사선도로,1,상행,1180006400,480,03,유형별,09,외곽
602,방사선도로,1,상행,1180006500,481,03,유형별,09,외곽
602,방사선도로,1,상행,1180007400,482,03,유형별,09,외곽
602,방사선도로,1,상행,1180007500,483,03,유형별,09,외곽
602,방사선도로,1,상행,1180007800,484,03,유형별,09,외곽
602,방사선도로,1,상행,1180007900,485,03,유형별,09,외곽
602,방사선도로,1,상행,1180010200,486,03,유형별,09,외곽
602,방사선도로,1,상행,1180010300,487,03,유형별,09,외곽
602,방사선도로,1,상행,1180012800,488,03,유형별,09,외곽
602,방사선도로,1,상행,1180012900,489,03,유형별,09,외곽
602,방사선도로,1,상행,1180015000,490,03,유형별,09,외곽
602,방사선도로,1,상행,1180015100,491,03,유형별,09,외곽
602,방사선도로,1,상행,1180018400,492,03,유형별,09,외곽
602,방사선도로,1,상행,1180018500,493,03,유형별,09,외곽
602,방사선도로,1,상행,1180019200,494,03,유형별,09,외곽
602,방사선도로,1,상행,1180019300,495,03,유형별,09,외곽
602,방사선도로,1,상행,1180020600,496,03,유형별,09,외곽
602,방사선도로,1,상행,1180020700,497,03,유형별,09,외곽
602,방사선도로,1,상행,1180022200,498,03,유형별,09,외곽
602,방사선도로,1,상행,1180022300,499,03,유형별,09,외곽
602,방사선도로,1,상행,1180023200,500,03,유형별,09,외곽
602,방사선도로,1,상행,1180023300,501,03,유형별,09,외곽
602,방사선도로,1,상행,1180023800,502,03,유형별,09,외곽
602,방사선도로,1,상행,1180023900,503,03,유형별,09,외곽
602,방사선도로,1,상행,1180024200,504,03,유형별,09,외곽
602,방사선도로,1,상행,1180024300,505,03,유형별,09,외곽
602,방사선도로,1,상행,1180025200,506,03,유형별,09,외곽
602,방사선도로,1,상행,1180025300,507,03,유형별,09,외곽
602,방사선도로,1,상행,1180026800,508,03,유형별,09,외곽
602,방사선도로,1,상행,1180026900,509,03,유형별,09,외곽
602,방사선도로,1,상행,1180027400,510,03,유형별,09,외곽
602,방사선도로,1,상행,1180027500,511,03,유형별,09,외곽
602,방사선도로,1,상행,1180027800,512,03,유형별,09,외곽
602,방사선도로,1,상행,1180027900,513,03,유형별,09,외곽
602,방사선도로,1,상행,1180029600,514,03,유형별,09,외곽
602,방사선도로,1,상행,1180029700,515,03,유형별,09,외곽
602,방사선도로,1,상행,1180030000,516,03,유형별,09,외곽
602,방사선도로,1,상행,1180030100,517,03,유형별,09,외곽
602,방사선도로,1,상행,1180030600,518,03,유형별,09,외곽
602,방사선도로,1,상행,1180030700,519,03,유형별,09,외곽
602,방사선도로,1,상행,1180031400,520,03,유형별,09,외곽
602,방사선도로,1,상행,1180031500,521,03,유형별,09,외곽
602,방사선도로,1,상행,1180031600,522,03,유형별,09,외곽
602,방사선도로,1,상행,1180031700,523,03,유형별,09,외곽
602,방사선도로,1,상행,1180031800,524,03,유형별,09,외곽
602,방사선도로,1,상행,1180031900,525,03,유형별,09,외곽
602,방사선도로,1,상행,1180032600,526,03,유형별,09,외곽
602,방사선도로,1,상행,1180032700,527,03,유형별,09,외곽
602,방사선도로,1,상행,1180033200,528,03,유형별,09,외곽
602,방사선도로,1,상행,1180033300,529,03,유형별,09,외곽
602,방사선도로,1,상행,1180034000,530,03,유형별,09,외곽
602,방사선도로,1,상행,1180034100,531,03,유형별,09,외곽
602,방사선도로,1,상행,1180035600,532,03,유형별,09,외곽
602,방사선도로,1,상행,1180035700,533,03,유형별,09,외곽
602,방사선도로,1,상행,1180036400,534,03,유형별,09,외곽
602,방사선도로,1,상행,1180036500,535,03,유형별,09,외곽
602,방사선도로,1,상행,1180037000,536,03,유형별,09,외곽
602,방사선도로,1,상행,1180037100,537,03,유형별,09,외곽
602,방사선도로,1,상행,1180037600,538,03,유형별,09,외곽
602,방사선도로,1,상행,1180037700,539,03,유형별,09,외곽
602,방사선도로,1,상행,1180039600,540,03,유형별,09,외곽
602,방사선도로,1,상행,1180039700,541,03,유형별,09,외곽
602,방사선도로,1,상행,1180040800,542,03,유형별,09,외곽
602,방사선도로,1,상행,1180040900,543,03,유형별,09,외곽
602,방사선도로,1,상행,1180041000,544,03,유형별,09,외곽
602,방사선도로,1,상행,1180041100,545,03,유형별,09,외곽
602,방사선도로,1,상행,1190001300,546,03,유형별,09,외곽
602,방사선도로,1,상행,1190001400,547,03,유형별,09,외곽
602,방사선도로,1,상행,1190005100,548,03,유형별,09,외곽
602,방사선도로,1,상행,1190005200,549,03,유형별,09,외곽
602,방사선도로,1,상행,1190005500,550,03,유형별,09,외곽
602,방사선도로,1,상행,1190005600,551,03,유형별,09,외곽
602,방사선도로,1,상행,1190005700,552,03,유형별,09,외곽
602,방사선도로,1,상행,1190005800,553,03,유형별,09,외곽
602,방사선도로,1,상행,1190005900,554,03,유형별,09,외곽
602,방사선도로,1,상행,1190006000,555,03,유형별,09,외곽
602,방사선도로,1,상행,1190006100,556,03,유형별,09,외곽
602,방사선도로,1,상행,1190006200,557,03,유형별,09,외곽
602,방사선도로,1,상행,1190006300,558,03,유형별,09,외곽
602,방사선도로,1,상행,1190006400,559,03,유형별,09,외곽
602,방사선도로,1,상행,1190006900,560,03,유형별,09,외곽
602,방사선도로,1,상행,1190007000,561,03,유형별,09,외곽
602,방사선도로,1,상행,1190007500,562,03,유형별,09,외곽
602,방사선도로,1,상행,1190007600,563,03,유형별,09,외곽
602,방사선도로,1,상행,1210006200,564,03,유형별,09,외곽
602,방사선도로,1,상행,1210006300,565,03,유형별,09,외곽
602,방사선도로,1,상행,1210007600,566,03,유형별,09,외곽
602,방사선도로,1,상행,1210007700,567,03,유형별,09,외곽
602,방사선도로,1,상행,1210008000,568,03,유형별,09,외곽
602,방사선도로,1,상행,1210008100,569,03,유형별,09,외곽
602,방사선도로,1,상행,1210008400,570,03,유형별,09,외곽
602,방사선도로,1,상행,1210008500,571,03,유형별,09,외곽
602,방사선도로,1,상행,1210009400,572,03,유형별,09,외곽
602,방사선도로,1,상행,1210009500,573,03,유형별,09,외곽
602,방사선도로,1,상행,1210010200,574,03,유형별,09,외곽
602,방사선도로,1,상행,1210010300,575,03,유형별,09,외곽
602,방사선도로,1,상행,1210011200,576,03,유형별,09,외곽
602,방사선도로,1,상행,1210011300,577,03,유형별,09,외곽
602,방사선도로,1,상행,1210013200,578,03,유형별,09,외곽
602,방사선도로,1,상행,1210013300,579,03,유형별,09,외곽
602,방사선도로,1,상행,1210013600,580,03,유형별,09,외곽
602,방사선도로,1,상행,1210013700,581,03,유형별,09,외곽
602,방사선도로,1,상행,1210014000,582,03,유형별,09,외곽
602,방사선도로,1,상행,1210014100,583,03,유형별,09,외곽
602,방사선도로,1,상행,1210016000,584,03,유형별,09,외곽
602,방사선도로,1,상행,1210016100,585,03,유형별,09,외곽
602,방사선도로,1,상행,1210017600,586,03,유형별,09,외곽
602,방사선도로,1,상행,1210017700,587,03,유형별,09,외곽
602,방사선도로,1,상행,1210018400,588,03,유형별,09,외곽
602,방사선도로,1,상행,1210018500,589,03,유형별,09,외곽
602,방사선도로,1,상행,1210021600,590,03,유형별,09,외곽
602,방사선도로,1,상행,1210021700,591,03,유형별,09,외곽
602,방사선도로,1,상행,1210021800,592,03,유형별,09,외곽
602,방사선도로,1,상행,1210021900,593,03,유형별,09,외곽
602,방사선도로,1,상행,1210024000,594,03,유형별,09,외곽
602,방사선도로,1,상행,1210024100,595,03,유형별,09,외곽
602,방사선도로,1,상행,1210025000,596,03,유형별,09,외곽
602,방사선도로,1,상행,1210025100,597,03,유형별,09,외곽
602,방사선도로,1,상행,1210026600,598,03,유형별,09,외곽
602,방사선도로,1,상행,1210026700,599,03,유형별,09,외곽
825,필동-도봉선,2,하행,1000017700,1,02,기능별,11,주간선도로 기능별
825,필동-도봉선,2,하행,1000019300,2,02,기능별,11,주간선도로 기능별
825,필동-도봉선,2,하행,1010007900,3,02,기능별,11,주간선도로 기능별
825,필동-도봉선,2,하행,1010012700,4,02,기능별,11,주간선도로 기능별
825,필동-도봉선,2,하행,1000015500,5,02,기능별,11,주간선도로 기능별
825,필동-도봉선,2,하행,1000005500,7,02,기능별,11,주간선도로 기능별
825,필동-도봉선,2,하행,1070009300,8,02,기능별,11,주간선도로 기능별
825,필동-도봉선,2,하행,1070008500,9,02,기능별,11,주간선도로 기능별
825,필동-도봉선,2,하행,1070007700,10,02,기능별,11,주간선도로 기능별
825,필동-도봉선,2,하행,1070006300,11,02,기능별,11,주간선도로 기능별
825,필동-도봉선,2,하행,1090012700,12,02,기능별,11,주간선도로 기능별
825,필동-도봉선,2,하행,1090010900,14,02,기능별,11,주간선도로 기능별
825,필동-도봉선,2,하행,1090008900,15,02,기능별,11,주간선도로 기능별
825,필동-도봉선,2,하행,1010017100,16,02,기능별,11,주간선도로 기능별
825,필동-도봉선,2,하행,1090003700,17,02,기능별,11,주간선도로 기능별
825,필동-도봉선,2,하행,1090001700,18,02,기능별,11,주간선도로 기능별
825,필동-도봉선,2,하행,1090000600,19,02,기능별,11,주간선도로 기능별
825,필동-도봉선,2,하행,1080011300,21,02,기능별,11,주간선도로 기능별
825,필동-도봉선,2,하행,1080009900,22,02,기능별,11,주간선도로 기능별
825,필동-도봉선,2,하행,1080009300,23,02,기능별,11,주간선도로 기능별
825,필동-도봉선,2,하행,1080007900,24,02,기능별,11,주간선도로 기능별
825,필동-도봉선,2,하행,1080005100,25,02,기능별,11,주간선도로 기능별
825,필동-도봉선,2,하행,1070018300,27,02,기능별,11,주간선도로 기능별
825,필동-도봉선,2,하행,1070013900,28,02,기능별,11,주간선도로 기능별
825,필동-도봉선,2,하행,1070012700,29,02,기능별,11,주간선도로 기능별
825,필동-도봉선,2,하행,1070011100,30,02,기능별,11,주간선도로 기능별
825,필동-도봉선,2,하행,1090007100,31,02,기능별,11,주간선도로 기능별
1064,수유-상계선,2,하행,1080007500,20,02,기능별,12,보조간선 기능별
1064,수유-상계선,2,하행,1080008900,22,02,기능별,12,보조간선 기능별
1064,수유-상계선,2,하행,1090000700,23,02,기능별,12,보조간선 기능별
1065,시흥-독산본선,1,상행,1170002800,1,02,기능별,12,보조간선 기능별
1065,시흥-독산본선,1,상행,1170006600,2,02,기능별,12,보조간선 기능별
1065,시흥-독산본선,1,상행,1170004800,3,02,기능별,12,보조간선 기능별
1065,시흥-독산본선,1,상행,1170009000,4,02,기능별,12,보조간선 기능별
1065,시흥-독산본선,2,하행,1170004700,1,02,기능별,12,보조간선 기능별
1065,시흥-독산본선,2,하행,1170008900,2,02,기능별,12,보조간선 기능별
1065,시흥-독산본선,2,하행,1170002700,3,02,기능별,12,보조간선 기능별
1065,시흥-독산본선,2,하행,1170001900,4,02,기능별,12,보조간선 기능별
1065,시흥-독산본선,2,하행,1170006500,5,02,기능별,12,보조간선 기능별
1066,시흥-신림선,1,상행,1010006200,1,02,기능별,12,보조간선 기능별
1066,시흥-신림선,1,상행,1030012800,3,02,기능별,12,보조간선 기능별
1066,시흥-신림선,1,상행,1030011400,4,02,기능별,12,보조간선 기능별
1066,시흥-신림선,1,상행,1030008400,5,02,기능별,12,보조간선 기능별
1066,시흥-신림선,1,상행,1170002600,6,02,기능별,12,보조간선 기능별
1066,시흥-신림선,1,상행,1170002300,7,02,기능별,12,보조간선 기능별
1066,시흥-신림선,1,상행,1170002100,8,02,기능별,12,보조간선 기능별
1066,시흥-신림선,2,하행,1170002500,1,02,기능별,12,보조간선 기능별
1066,시흥-신림선,2,하행,1030011300,2,02,기능별,12,보조간선 기능별
1066,시흥-신림선,2,하행,1030012700,3,02,기능별,12,보조간선 기능별
1066,시흥-신림선,2,하행,1170002200,4,02,기능별,12,보조간선 기능별
1066,시흥-신림선,2,하행,1030008300,5,02,기능별,12,보조간선 기능별
1066,시흥-신림선,2,하행,1170000800,6,02,기능별,12,보조간선 기능별
1066,시흥-신림선,2,하행,1030014900,8,02,기능별,12,보조간선 기능별
1066,시흥-신림선,2,하행,1170002400,9,02,기능별,12,보조간선 기능별
1067,시흥선,1,상행,1170001800,1,02,기능별,12,보조간선 기능별
1067,시흥선,2,하행,1170001700,1,02,기능별,12,보조간선 기능별
1068,신대방-신림선,1,상행,1200003200,1,02,기능별,12,보조간선 기능별
1068,신대방-신림선,1,상행,1200009400,2,02,기능별,12,보조간선 기능별
1068,신대방-신림선,1,상행,1200010200,4,02,기능별,12,보조간선 기능별
1068,신대방-신림선,1,상행,1200006200,5,02,기능별,12,보조간선 기능별
1068,신대방-신림선,2,하행,1200010100,1,02,기능별,12,보조간선 기능별
1068,신대방-신림선,2,하행,1200009300,2,02,기능별,12,보조간선 기능별
1068,신대방-신림선,2,하행,1200006100,3,02,기능별,12,보조간선 기능별
1068,신대방-신림선,2,하행,1200003100,4,02,기능별,12,보조간선 기능별
1069,신림-노량진선,1,상행,1200011800,1,02,기능별,12,보조간선 기능별
1069,신림-노량진선,1,상행,1200003600,2,02,기능별,12,보조간선 기능별
1069,신림-노량진선,1,상행,1200000600,3,02,기능별,12,보조간선 기능별
1069,신림-노량진선,1,상행,1200001400,4,02,기능별,12,보조간선 기능별
1069,신림-노량진선,1,상행,1200001800,5,02,기능별,12,보조간선 기능별
1069,신림-노량진선,1,상행,1200012600,6,02,기능별,12,보조간선 기능별
1069,신림-노량진선,1,상행,1200010000,8,02,기능별,12,보조간선 기능별
1069,신림-노량진선,1,상행,1190004600,9,02,기능별,12,보조간선 기능별
378,월계로,1,상행,1100013600,8,01,기본도로,04,보조간선도로
378,월계로,2,하행,1070021500,5,01,기본도로,04,보조간선도로
380,월드컵로,1,상행,1130027300,1,01,기본도로,04,보조간선도로
380,월드컵로,1,상행,1130020100,8,01,기본도로,04,보조간선도로
800,가양-현저선,1,상행,1120005000,15,02,기능별,11,주간선도로 기능별
800,가양-현저선,2,하행,1120005800,5,02,기능별,11,주간선도로 기능별
800,가양-현저선,2,하행,1120004900,12,02,기능별,11,주간선도로 기능별
801,갈현-적선선,1,상행,1000021300,3,02,기능별,11,주간선도로 기능별
801,갈현-적선선,1,상행,1000017900,9,02,기능별,11,주간선도로 기능별
801,갈현-적선선,2,하행,1000018000,4,02,기능별,11,주간선도로 기능별
801,갈현-적선선,2,하행,1000021600,11,02,기능별,11,주간선도로 기능별
802,공덕-봉래선,2,하행,1130009300,2,02,기능별,11,주간선도로 기능별
803,과해-삼성선,1,상행,1150001300,6,02,기능별,11,주간선도로 기능별
803,과해-삼성선,1,상행,1220031500,13,02,기능별,11,주간선도로 기능별
803,과해-삼성선,1,상행,1210025500,19,02,기능별,11,주간선도로 기능별
803,과해-삼성선,1,상행,1180039000,33,02,기능별,11,주간선도로 기능별
803,과해-삼성선,1,상행,1190006800,39,02,기능별,11,주간선도로 기능별
803,과해-삼성선,2,하행,1150001400,6,02,기능별,11,주간선도로 기능별
803,과해-삼성선,2,하행,1220031400,13,02,기능별,11,주간선도로 기능별
803,과해-삼성선,2,하행,1210025400,19,02,기능별,11,주간선도로 기능별
803,과해-삼성선,2,하행,1180039100,33,02,기능별,11,주간선도로 기능별
803,과해-삼성선,2,하행,1190006700,39,02,기능별,11,주간선도로 기능별
804,내곡-월곡선,1,상행,1050015000,6,02,기능별,11,주간선도로 기능별
804,내곡-월곡선,1,상행,1030013800,13,02,기능별,11,주간선도로 기능별
804,내곡-월곡선,1,상행,1220024700,19,02,기능별,11,주간선도로 기능별
804,내곡-월곡선,1,상행,1220036900,26,02,기능별,11,주간선도로 기능별
804,내곡-월곡선,2,하행,1070013700,3,02,기능별,11,주간선도로 기능별
804,내곡-월곡선,2,하행,1030020100,9,02,기능별,11,주간선도로 기능별
804,내곡-월곡선,2,하행,1220008400,16,02,기능별,11,주간선도로 기능별
804,내곡-월곡선,2,하행,1050012500,23,02,기능별,11,주간선도로 기능별
804,내곡-월곡선,2,하행,1030008100,29,02,기능별,11,주간선도로 기능별
805,도심순환도로,1,상행,1010004600,6,02,기능별,11,주간선도로 기능별
805,도심순환도로,1,상행,1000011900,14,02,기능별,11,주간선도로 기능별
805,도심순환도로,1,상행,1010012000,21,02,기능별,11,주간선도로 기능별
805,도심순환도로,2,하행,1000013600,8,02,기능별,11,주간선도로 기능별
601,도심권(남북간),2,하행,1010012200,59,03,유형별,08,도심권
601,도심권(남북간),2,하행,1010012400,60,03,유형별,08,도심권
601,도심권(남북간),2,하행,1010013600,61,03,유형별,08,도심권
601,도심권(남북간),2,하행,1010013800,62,03,유형별,08,도심권
601,도심권(남북간),2,하행,1010015400,63,03,유형별,08,도심권
601,도심권(남북간),2,하행,1010016600,64,03,유형별,08,도심권
601,도심권(남북간),2,하행,1010016800,65,03,유형별,08,도심권
601,도심권(남북간),2,하행,1010017000,66,03,유형별,08,도심권
601,도심권(남북간),2,하행,1010017400,67,03,유형별,08,도심권
601,도심권(남북간),2,하행,1010017600,68,03,유형별,08,도심권
601,도심권(남북간),2,하행,1010018200,69,03,유형별,08,도심권
601,도심권(남북간),2,하행,1000006200,70,03,유형별,08,도심권
601,도심권(남북간),2,하행,1010018400,70,03,유형별,08,도심권
601,도심권(남북간),2,하행,1000004000,72,03,유형별,08,도심권
601,도심권(남북간),2,하행,1000004600,73,03,유형별,08,도심권
601,도심권(남북간),2,하행,1000004800,74,03,유형별,08,도심권
601,도심권(남북간),2,하행,1000005000,75,03,유형별,08,도심권
601,도심권(남북간),2,하행,1000005200,76,03,유형별,08,도심권
601,도심권(남북간),2,하행,1000006000,77,03,유형별,08,도심권
601,도심권(남북간),2,하행,1000006600,78,03,유형별,08,도심권
601,도심권(남북간),2,하행,1000006800,79,03,유형별,08,도심권
601,도심권(남북간),2,하행,1000007000,80,03,유형별,08,도심권
601,도심권(남북간),2,하행,1000007200,81,03,유형별,08,도심권
601,도심권(남북간),2,하행,1000008400,82,03,유형별,08,도심권
601,도심권(남북간),2,하행,1000009000,83,03,유형별,08,도심권
601,도심권(남북간),2,하행,1000009200,84,03,유형별,08,도심권
601,도심권(남북간),2,하행,1000010400,85,03,유형별,08,도심권
601,도심권(남북간),2,하행,1000010800,86,03,유형별,08,도심권
601,도심권(남북간),2,하행,1010003000,87,03,유형별,08,도심권
601,도심권(남북간),2,하행,1010005000,88,03,유형별,08,도심권
601,도심권(남북간),2,하행,1010005200,89,03,유형별,08,도심권
601,도심권(남북간),2,하행,1010006000,90,03,유형별,08,도심권
601,도심권(남북간),2,하행,1010006600,91,03,유형별,08,도심권
601,도심권(남북간),2,하행,1010007800,92,03,유형별,08,도심권
601,도심권(남북간),2,하행,1000007600,93,03,유형별,08,도심권
601,도심권(남북간),2,하행,1000007400,94,03,유형별,08,도심권
601,도심권(남북간),2,하행,1000010600,95,03,유형별,08,도심권
601,도심권(남북간),2,하행,1010002400,96,03,유형별,08,도심권
601,도심권(남북간),2,하행,1010013000,97,03,유형별,08,도심권
601,도심권(남북간),2,하행,1000008600,98,03,유형별,08,도심권
601,도심권(남북간),2,하행,1000011100,99,03,유형별,08,도심권
601,도심권(남북간),2,하행,1000003500,100,03,유형별,08,도심권
601,도심권(남북간),2,하행,1010001900,101,03,유형별,08,도심권
601,도심권(남북간),2,하행,1010004300,102,03,유형별,08,도심권
601,도심권(남북간),2,하행,1010008900,103,03,유형별,08,도심권
602,방사선도로,1,상행,1005002900,1,03,유형별,09,외곽
602,방사선도로,1,상행,1005003000,2,03,유형별,09,외곽
602,방사선도로,1,상행,1010002100,3,03,유형별,09,외곽
602,방사선도로,1,상행,1010002200,4,03,유형별,09,외곽
602,방사선도로,1,상행,1010004100,5,03,유형별,09,외곽
602,방사선도로,1,상행,1010004200,6,03,유형별,09,외곽
602,방사선도로,1,상행,1010005700,7,03,유형별,09,외곽
602,방사선도로,1,상행,1010005800,8,03,유형별,09,외곽
602,방사선도로,1,상행,1010017900,9,03,유형별,09,외곽
602,방사선도로,1,상행,1010018000,10,03,유형별,09,외곽
602,방사선도로,1,상행,1010018500,11,03,유형별,09,외곽
602,방사선도로,1,상행,1010018600,12,03,유형별,09,외곽
602,방사선도로,1,상행,1010018700,13,03,유형별,09,외곽
602,방사선도로,1,상행,1010018800,14,03,유형별,09,외곽
602,방사선도로,1,상행,1020002700,15,03,유형별,09,외곽
602,방사선도로,1,상행,1020002800,16,03,유형별,09,외곽
602,방사선도로,1,상행,1020003700,17,03,유형별,09,외곽
602,방사선도로,1,상행,1020003800,18,03,유형별,09,외곽
602,방사선도로,1,상행,1020004900,19,03,유형별,09,외곽
602,방사선도로,1,상행,1020005000,20,03,유형별,09,외곽
602,방사선도로,1,상행,1020005900,21,03,유형별,09,외곽
602,방사선도로,1,상행,1020006000,22,03,유형별,09,외곽
602,방사선도로,1,상행,1020006100,23,03,유형별,09,외곽
602,방사선도로,1,상행,1020006200,24,03,유형별,09,외곽
602,방사선도로,1,상행,1020007100,25,03,유형별,09,외곽
602,방사선도로,1,상행,1020007200,26,03,유형별,09,외곽
602,방사선도로,1,상행,1020007300,27,03,유형별,09,외곽
602,방사선도로,1,상행,1020007400,28,03,유형별,09,외곽
602,방사선도로,1,상행,1020008500,29,03,유형별,09,외곽
602,방사선도로,1,상행,1020008600,30,03,유형별,09,외곽
602,방사선도로,1,상행,1020008900,31,03,유형별,09,외곽
602,방사선도로,1,상행,1020009000,32,03,유형별,09,외곽
602,방사선도로,1,상행,1020009300,33,03,유형별,09,외곽
602,방사선도로,1,상행,1020009400,34,03,유형별,09,외곽
602,방사선도로,1,상행,1020009700,35,03,유형별,09,외곽
602,방사선도로,1,상행,1020009800,36,03,유형별,09,외곽
602,방사선도로,1,상행,1020010300,37,03,유형별,09,외곽
602,방사선도로,1,상행,1020010400,38,03,유형별,09,외곽
466,태릉구리간고속화도로,2,하행,1060004900,6,04,기타도로,06,경기도로
468,테헤란로,1,상행,1220028800,2,01,기본도로,03,주간선도로
468,테헤란로,2,하행,1220023400,1,01,기본도로,03,주간선도로
468,테헤란로,2,하행,1220029500,8,01,기본도로,03,주간선도로
470,테헤란로115길,2,하행,1220032500,3,01,기본도로,04,보조간선도로
471,토정로,1,상행,3201510600,7,01,기본도로,04,보조간선도로
471,토정로,2,하행,1130009100,6,01,기본도로,04,보조간선도로
472,통일로,1,상행,1000003600,4,01,기본도로,03,주간선도로
472,통일로,1,상행,1110013200,11,01,기본도로,03,주간선도로
472,통일로,2,하행,1110002100,2,01,기본도로,03,주간선도로
472,통일로,2,하행,1110011500,8,01,기본도로,03,주간선도로
472,통일로,2,하행,1010004300,15,01,기본도로,03,주간선도로
473,퇴계로,1,상행,1010008200,6,01,기본도로,03,주간선도로
473,퇴계로,2,하행,1010010300,3,01,기본도로,03,주간선도로
474,평창문화로,1,상행,1000021700,1,01,기본도로,04,보조간선도로
475,풍성로,1,상행,1240009200,6,01,기본도로,05,기타도로
475,풍성로,2,하행,1240006500,5,01,기본도로,05,기타도로
479,학동로,1,상행,1220033800,1,01,기본도로,04,보조간선도로
479,학동로,2,하행,1220031300,2,01,기본도로,04,보조간선도로
480,한가람로,1,상행,1230029000,2,01,기본도로,05,기타도로
480,한가람로,2,하행,1230028900,4,01,기본도로,05,기타도로
481,한강대로,1,상행,1020007300,6,01,기본도로,03,주간선도로
481,한강대로,2,하행,1020017800,5,01,기본도로,03,주간선도로
483,한글비석로,1,상행,1100016400,3,01,기본도로,04,보조간선도로
483,한글비석로,1,상행,1100030600,10,01,기본도로,04,보조간선도로
483,한글비석로,2,하행,1100033400,1,01,기본도로,04,보조간선도로
483,한글비석로,2,하행,1100026100,8,01,기본도로,04,보조간선도로
483,한글비석로,2,하행,1100014900,15,01,기본도로,04,보조간선도로
484,한남대로,2,하행,1020008500,3,01,기본도로,03,주간선도로
485,한천로,1,상행,1050020800,7,01,기본도로,04,보조간선도로
485,한천로,1,상행,1070022000,14,01,기본도로,04,보조간선도로
485,한천로,1,상행,1080012600,20,01,기본도로,04,보조간선도로
485,한천로,2,하행,1070021900,7,01,기본도로,04,보조간선도로
485,한천로,2,하행,1050020700,14,01,기본도로,04,보조간선도로
485,한천로,2,하행,1030019300,20,01,기본도로,04,보조간선도로
487,한천로66길,2,하행,1070015500,2,01,기본도로,05,기타도로
488,해등로,2,하행,1090008100,1,01,기본도로,04,보조간선도로
490,허준로,1,상행,1150015500,2,01,기본도로,05,기타도로
602,방사선도로,1,상행,1020011900,39,03,유형별,09,외곽
602,방사선도로,1,상행,1020012000,40,03,유형별,09,외곽
602,방사선도로,1,상행,1020013300,41,03,유형별,09,외곽
602,방사선도로,1,상행,1020013400,42,03,유형별,09,외곽
602,방사선도로,1,상행,1020014100,43,03,유형별,09,외곽
602,방사선도로,1,상행,1020014200,44,03,유형별,09,외곽
602,방사선도로,1,상행,1020014500,45,03,유형별,09,외곽
602,방사선도로,1,상행,1020014600,46,03,유형별,09,외곽
602,방사선도로,1,상행,1020015700,47,03,유형별,09,외곽
602,방사선도로,1,상행,1020015800,48,03,유형별,09,외곽
602,방사선도로,1,상행,1020017300,49,03,유형별,09,외곽
602,방사선도로,1,상행,1020017400,50,03,유형별,09,외곽
602,방사선도로,1,상행,1020017700,51,03,유형별,09,외곽
602,방사선도로,1,상행,1020017800,52,03,유형별,09,외곽
602,방사선도로,1,상행,1020020900,53,03,유형별,09,외곽
602,방사선도로,1,상행,1020021000,54,03,유형별,09,외곽
602,방사선도로,1,상행,1020021100,55,03,유형별,09,외곽
602,방사선도로,1,상행,1020021200,56,03,유형별,09,외곽
602,방사선도로,1,상행,1020021700,57,03,유형별,09,외곽
602,방사선도로,1,상행,1020021800,58,03,유형별,09,외곽
602,방사선도로,1,상행,1020022900,59,03,유형별,09,외곽
602,방사선도로,1,상행,1020023000,60,03,유형별,09,외곽
602,방사선도로,1,상행,1030009900,61,03,유형별,09,외곽
602,방사선도로,1,상행,1030010000,62,03,유형별,09,외곽
602,방사선도로,1,상행,1030010100,63,03,유형별,09,외곽
602,방사선도로,1,상행,1030010200,64,03,유형별,09,외곽
602,방사선도로,1,상행,1030010700,65,03,유형별,09,외곽
602,방사선도로,1,상행,1030010800,66,03,유형별,09,외곽
602,방사선도로,1,상행,1030012100,67,03,유형별,09,외곽
602,방사선도로,1,상행,1030012200,68,03,유형별,09,외곽
602,방사선도로,1,상행,1030012500,69,03,유형별,09,외곽
602,방사선도로,1,상행,1030012600,70,03,유형별,09,외곽
602,방사선도로,1,상행,1030013900,71,03,유형별,09,외곽
602,방사선도로,1,상행,1030014000,72,03,유형별,09,외곽
602,방사선도로,1,상행,1030014300,73,03,유형별,09,외곽
602,방사선도로,1,상행,1030014400,74,03,유형별,09,외곽
602,방사선도로,1,상행,1030015300,75,03,유형별,09,외곽
602,방사선도로,1,상행,1030015400,76,03,유형별,09,외곽
602,방사선도로,1,상행,1030015900,77,03,유형별,09,외곽
602,방사선도로,1,상행,1030016000,78,03,유형별,09,외곽
602,방사선도로,1,상행,1030016300,79,03,유형별,09,외곽
602,방사선도로,1,상행,1030016400,80,03,유형별,09,외곽
602,방사선도로,1,상행,1030017100,81,03,유형별,09,외곽
602,방사선도로,1,상행,1030017200,82,03,유형별,09,외곽
602,방사선도로,1,상행,1030017500,83,03,유형별,09,외곽
602,방사선도로,1,상행,1030017600,84,03,유형별,09,외곽
602,방사선도로,1,상행,1030018100,85,03,유형별,09,외곽
602,방사선도로,1,상행,1030018200,86,03,유형별,09,외곽
602,방사선도로,1,상행,1030018500,87,03,유형별,09,외곽
602,방사선도로,1,상행,1030018600,88,03,유형별,09,외곽
602,방사선도로,1,상행,1030018700,89,03,유형별,09,외곽
602,방사선도로,1,상행,1030018800,90,03,유형별,09,외곽
602,방사선도로,1,상행,1030019100,91,03,유형별,09,외곽
602,방사선도로,1,상행,1030019200,92,03,유형별,09,외곽
602,방사선도로,1,상행,1030019500,93,03,유형별,09,외곽
602,방사선도로,1,상행,1030019600,94,03,유형별,09,외곽
602,방사선도로,1,상행,1030019900,95,03,유형별,09,외곽
602,방사선도로,1,상행,1030020000,96,03,유형별,09,외곽
602,방사선도로,1,상행,1040000300,97,03,유형별,09,외곽
602,방사선도로,1,상행,1040000400,98,03,유형별,09,외곽
602,방사선도로,1,상행,1040000900,99,03,유형별,09,외곽
602,방사선도로,1,상행,1040001000,100,03,유형별,09,외곽
602,방사선도로,1,상행,1040001700,101,03,유형별,09,외곽
602,방사선도로,1,상행,1040001800,102,03,유형별,09,외곽
602,방사선도로,1,상행,1040001900,103,03,유형별,09,외곽
602,방사선도로,1,상행,1040002000,104,03,유형별,09,외곽
602,방사선도로,1,상행,1040002300,105,03,유형별,09,외곽
602,방사선도로,1,상행,1040002400,106,03,유형별,09,외곽
819,온수-망우선,1,상행,1050001100,45,02,기능별,11,주간선도로 기능별
819,온수-망우선,1,상행,1050002900,52,02,기능별,11,주간선도로 기능별
602,방사선도로,1,상행,1040002700,107,03,유형별,09,외곽
602,방사선도로,1,상행,1040002800,108,03,유형별,09,외곽
602,방사선도로,1,상행,1040003100,109,03,유형별,09,외곽
602,방사선도로,1,상행,1040003200,110,03,유형별,09,외곽
602,방사선도로,1,상행,1040003300,111,03,유형별,09,외곽
602,방사선도로,1,상행,1040003400,112,03,유형별,09,외곽
602,방사선도로,1,상행,1040003700,113,03,유형별,09,외곽
602,방사선도로,1,상행,1040003800,114,03,유형별,09,외곽
602,방사선도로,1,상행,1040004300,115,03,유형별,09,외곽
602,방사선도로,1,상행,1040004400,116,03,유형별,09,외곽
602,방사선도로,1,상행,1040004700,117,03,유형별,09,외곽
602,방사선도로,1,상행,1040004800,118,03,유형별,09,외곽
602,방사선도로,1,상행,1040004900,119,03,유형별,09,외곽
602,방사선도로,1,상행,1040005000,120,03,유형별,09,외곽
602,방사선도로,1,상행,1040009400,121,03,유형별,09,외곽
602,방사선도로,1,상행,1040009500,122,03,유형별,09,외곽
602,방사선도로,1,상행,1040010400,123,03,유형별,09,외곽
602,방사선도로,1,상행,1040010500,124,03,유형별,09,외곽
602,방사선도로,1,상행,1040011400,125,03,유형별,09,외곽
602,방사선도로,1,상행,1040011500,126,03,유형별,09,외곽
602,방사선도로,1,상행,1040012600,127,03,유형별,09,외곽
602,방사선도로,1,상행,1040012700,128,03,유형별,09,외곽
602,방사선도로,1,상행,1040012800,129,03,유형별,09,외곽
602,방사선도로,1,상행,1040012900,130,03,유형별,09,외곽
602,방사선도로,1,상행,1040013000,131,03,유형별,09,외곽
602,방사선도로,1,상행,1040013100,132,03,유형별,09,외곽
602,방사선도로,1,상행,1040013400,133,03,유형별,09,외곽
602,방사선도로,1,상행,1040013500,134,03,유형별,09,외곽
602,방사선도로,1,상행,1040013600,135,03,유형별,09,외곽
602,방사선도로,1,상행,1040013700,136,03,유형별,09,외곽
602,방사선도로,1,상행,1040015400,137,03,유형별,09,외곽
602,방사선도로,1,상행,1040015500,138,03,유형별,09,외곽
602,방사선도로,1,상행,1050000400,139,03,유형별,09,외곽
602,방사선도로,1,상행,1050000500,140,03,유형별,09,외곽
602,방사선도로,1,상행,1050000600,141,03,유형별,09,외곽
602,방사선도로,1,상행,1050000700,142,03,유형별,09,외곽
602,방사선도로,1,상행,1050000800,143,03,유형별,09,외곽
602,방사선도로,1,상행,1050000900,144,03,유형별,09,외곽
602,방사선도로,1,상행,1050001000,145,03,유형별,09,외곽
602,방사선도로,1,상행,1050001100,146,03,유형별,09,외곽
602,방사선도로,1,상행,1050001200,147,03,유형별,09,외곽
602,방사선도로,1,상행,1050001300,148,03,유형별,09,외곽
602,방사선도로,1,상행,1050001400,149,03,유형별,09,외곽
602,방사선도로,1,상행,1050001500,150,03,유형별,09,외곽
602,방사선도로,1,상행,1050001600,151,03,유형별,09,외곽
602,방사선도로,1,상행,1050001700,152,03,유형별,09,외곽
602,방사선도로,1,상행,1050002000,153,03,유형별,09,외곽
602,방사선도로,1,상행,1050002100,154,03,유형별,09,외곽
602,방사선도로,1,상행,1050002400,155,03,유형별,09,외곽
602,방사선도로,1,상행,1050002500,156,03,유형별,09,외곽
602,방사선도로,1,상행,1050002600,157,03,유형별,09,외곽
602,방사선도로,1,상행,1050002700,158,03,유형별,09,외곽
602,방사선도로,1,상행,1050002800,159,03,유형별,09,외곽
602,방사선도로,1,상행,1050002900,160,03,유형별,09,외곽
602,방사선도로,1,상행,1050003000,161,03,유형별,09,외곽
602,방사선도로,1,상행,1050003100,162,03,유형별,09,외곽
602,방사선도로,1,상행,1050003700,163,03,유형별,09,외곽
602,방사선도로,1,상행,1050003800,164,03,유형별,09,외곽
602,방사선도로,1,상행,1050004500,165,03,유형별,09,외곽
602,방사선도로,1,상행,1050004600,166,03,유형별,09,외곽
602,방사선도로,1,상행,1050005100,167,03,유형별,09,외곽
602,방사선도로,1,상행,1050005200,168,03,유형별,09,외곽
602,방사선도로,1,상행,1050005300,169,03,유형별,09,외곽
602,방사선도로,1,상행,1050005400,170,03,유형별,09,외곽
602,방사선도로,1,상행,1050006300,171,03,유형별,09,외곽
602,방사선도로,1,상행,1050006400,172,03,유형별,09,외곽
602,방사선도로,1,상행,1050006500,173,03,유형별,09,외곽
602,방사선도로,1,상행,1050006600,174,03,유형별,09,외곽
602,방사선도로,1,상행,1050009700,175,03,유형별,09,외곽
602,방사선도로,1,상행,1050009800,176,03,유형별,09,외곽
602,방사선도로,1,상행,1050011100,177,03,유형별,09,외곽
602,방사선도로,1,상행,1050011200,178,03,유형별,09,외곽
602,방사선도로,1,상행,1050011300,179,03,유형별,09,외곽
602,방사선도로,1,상행,1050011400,180,03,유형별,09,외곽
602,방사선도로,1,상행,1050011500,181,03,유형별,09,외곽
602,방사선도로,1,상행,1050011600,182,03,유형별,09,외곽
602,방사선도로,1,상행,1050012700,183,03,유형별,09,외곽
602,방사선도로,1,상행,1050012800,184,03,유형별,09,외곽
602,방사선도로,1,상행,1060001100,185,03,유형별,09,외곽
602,방사선도로,1,상행,1060001200,186,03,유형별,09,외곽
602,방사선도로,1,상행,1060001300,187,03,유형별,09,외곽
602,방사선도로,1,상행,1060001400,188,03,유형별,09,외곽
602,방사선도로,1,상행,1060001700,189,03,유형별,09,외곽
602,방사선도로,1,상행,1060001800,190,03,유형별,09,외곽
602,방사선도로,1,상행,1060001900,191,03,유형별,09,외곽
602,방사선도로,1,상행,1060002000,192,03,유형별,09,외곽
602,방사선도로,1,상행,1060002100,193,03,유형별,09,외곽
602,방사선도로,1,상행,1060002200,194,03,유형별,09,외곽
602,방사선도로,1,상행,1060002500,195,03,유형별,09,외곽
602,방사선도로,1,상행,1060002600,196,03,유형별,09,외곽
602,방사선도로,1,상행,1060002700,197,03,유형별,09,외곽
602,방사선도로,1,상행,1060002800,198,03,유형별,09,외곽
602,방사선도로,1,상행,1060002900,199,03,유형별,09,외곽
602,방사선도로,1,상행,1060003000,200,03,유형별,09,외곽
602,방사선도로,1,상행,1060003100,201,03,유형별,09,외곽
602,방사선도로,1,상행,1060003200,202,03,유형별,09,외곽
602,방사선도로,1,상행,1060003300,203,03,유형별,09,외곽
602,방사선도로,1,상행,1060003400,204,03,유형별,09,외곽
602,방사선도로,1,상행,1060007900,205,03,유형별,09,외곽
602,방사선도로,1,상행,1060008000,206,03,유형별,09,외곽
602,방사선도로,1,상행,1060008100,207,03,유형별,09,외곽
602,방사선도로,1,상행,1060008200,208,03,유형별,09,외곽
602,방사선도로,1,상행,1060008300,209,03,유형별,09,외곽
602,방사선도로,1,상행,1060008400,210,03,유형별,09,외곽
602,방사선도로,1,상행,1070006300,211,03,유형별,09,외곽
602,방사선도로,1,상행,1070006400,212,03,유형별,09,외곽
602,방사선도로,1,상행,1070007700,213,03,유형별,09,외곽
602,방사선도로,1,상행,1070007800,214,03,유형별,09,외곽
602,방사선도로,1,상행,1070008500,215,03,유형별,09,외곽
602,방사선도로,1,상행,1070008600,216,03,유형별,09,외곽
602,방사선도로,1,상행,1070009300,217,03,유형별,09,외곽
602,방사선도로,1,상행,1070009400,218,03,유형별,09,외곽
602,방사선도로,1,상행,1070011100,219,03,유형별,09,외곽
602,방사선도로,1,상행,1070011200,220,03,유형별,09,외곽
602,방사선도로,1,상행,1070012700,221,03,유형별,09,외곽
602,방사선도로,1,상행,1070012800,222,03,유형별,09,외곽
602,방사선도로,1,상행,1070013900,223,03,유형별,09,외곽
602,방사선도로,1,상행,1070014000,224,03,유형별,09,외곽
602,방사선도로,1,상행,1070018300,225,03,유형별,09,외곽
602,방사선도로,1,상행,1070018400,226,03,유형별,09,외곽
602,방사선도로,1,상행,1080002700,227,03,유형별,09,외곽
602,방사선도로,1,상행,1080002800,228,03,유형별,09,외곽
602,방사선도로,1,상행,1080005100,229,03,유형별,09,외곽
602,방사선도로,1,상행,1080005200,230,03,유형별,09,외곽
602,방사선도로,1,상행,1080007900,231,03,유형별,09,외곽
602,방사선도로,1,상행,1080008000,232,03,유형별,09,외곽
602,방사선도로,1,상행,1080009300,233,03,유형별,09,외곽
602,방사선도로,1,상행,1080009400,234,03,유형별,09,외곽
602,방사선도로,1,상행,1080009900,235,03,유형별,09,외곽
602,방사선도로,1,상행,1080010000,236,03,유형별,09,외곽
602,방사선도로,1,상행,1080011300,237,03,유형별,09,외곽
602,방사선도로,1,상행,1080011400,238,03,유형별,09,외곽
602,방사선도로,1,상행,1090000300,239,03,유형별,09,외곽
602,방사선도로,1,상행,1090000400,240,03,유형별,09,외곽
602,방사선도로,1,상행,1090000500,241,03,유형별,09,외곽
602,방사선도로,1,상행,1090000600,242,03,유형별,09,외곽
602,방사선도로,1,상행,1090001700,243,03,유형별,09,외곽
602,방사선도로,1,상행,1090001800,244,03,유형별,09,외곽
602,방사선도로,1,상행,1090003700,245,03,유형별,09,외곽
602,방사선도로,1,상행,1090003800,246,03,유형별,09,외곽
602,방사선도로,1,상행,1090007100,247,03,유형별,09,외곽
602,방사선도로,1,상행,1090007200,248,03,유형별,09,외곽
602,방사선도로,1,상행,1090008900,249,03,유형별,09,외곽
602,방사선도로,1,상행,1090009000,250,03,유형별,09,외곽
602,방사선도로,1,상행,1090010900,251,03,유형별,09,외곽
602,방사선도로,1,상행,1090011000,252,03,유형별,09,외곽
602,방사선도로,1,상행,1090011900,253,03,유형별,09,외곽
602,방사선도로,1,상행,1090012000,254,03,유형별,09,외곽
602,방사선도로,1,상행,1090012700,255,03,유형별,09,외곽
602,방사선도로,1,상행,1090012800,256,03,유형별,09,외곽
602,방사선도로,1,상행,1110001700,257,03,유형별,09,외곽
602,방사선도로,1,상행,1110001800,258,03,유형별,09,외곽
602,방사선도로,1,상행,1110001900,259,03,유형별,09,외곽
602,방사선도로,1,상행,1110002000,260,03,유형별,09,외곽
602,방사선도로,1,상행,1110002100,261,03,유형별,09,외곽
602,방사선도로,1,상행,1110002200,262,03,유형별,09,외곽
602,방사선도로,1,상행,1110002300,263,03,유형별,09,외곽
602,방사선도로,1,상행,1110002400,264,03,유형별,09,외곽
602,방사선도로,1,상행,1110002900,265,03,유형별,09,외곽
602,방사선도로,1,상행,1110003000,266,03,유형별,09,외곽
602,방사선도로,1,상행,1110003300,267,03,유형별,09,외곽
602,방사선도로,1,상행,1110003400,268,03,유형별,09,외곽
602,방사선도로,1,상행,1110003900,269,03,유형별,09,외곽
602,방사선도로,1,상행,1110004000,270,03,유형별,09,외곽
602,방사선도로,1,상행,1110004900,271,03,유형별,09,외곽
602,방사선도로,1,상행,1110005000,272,03,유형별,09,외곽
602,방사선도로,1,상행,1110006100,273,03,유형별,09,외곽
602,방사선도로,1,상행,1110006200,274,03,유형별,09,외곽
602,방사선도로,1,상행,1110010100,275,03,유형별,09,외곽
602,방사선도로,1,상행,1110010200,276,03,유형별,09,외곽
602,방사선도로,1,상행,1110011500,277,03,유형별,09,외곽
602,방사선도로,1,상행,1110011600,278,03,유형별,09,외곽
602,방사선도로,1,상행,1110012100,279,03,유형별,09,외곽
602,방사선도로,1,상행,1110012200,280,03,유형별,09,외곽
602,방사선도로,1,상행,1110013100,281,03,유형별,09,외곽
602,방사선도로,1,상행,1110013200,282,03,유형별,09,외곽
602,방사선도로,1,상행,1110013700,283,03,유형별,09,외곽
602,방사선도로,1,상행,1110013800,284,03,유형별,09,외곽
602,방사선도로,1,상행,1120000100,285,03,유형별,09,외곽
602,방사선도로,1,상행,1120000200,286,03,유형별,09,외곽
602,방사선도로,1,상행,1120000300,287,03,유형별,09,외곽
602,방사선도로,1,상행,1120000400,288,03,유형별,09,외곽
602,방사선도로,1,상행,1120000500,289,03,유형별,09,외곽
602,방사선도로,1,상행,1120000600,290,03,유형별,09,외곽
602,방사선도로,1,상행,1120000700,291,03,유형별,09,외곽
602,방사선도로,1,상행,1120000800,292,03,유형별,09,외곽
602,방사선도로,1,상행,1120000900,293,03,유형별,09,외곽
602,방사선도로,1,상행,1120001000,294,03,유형별,09,외곽
602,방사선도로,1,상행,1120004100,295,03,유형별,09,외곽
602,방사선도로,1,상행,1120004200,296,03,유형별,09,외곽
602,방사선도로,1,상행,1120004300,297,03,유형별,09,외곽
602,방사선도로,1,상행,1120004400,298,03,유형별,09,외곽
602,방사선도로,1,상행,1120004500,299,03,유형별,09,외곽
602,방사선도로,1,상행,1120004600,300,03,유형별,09,외곽
602,방사선도로,1,상행,1120004900,301,03,유형별,09,외곽
602,방사선도로,1,상행,1120005000,302,03,유형별,09,외곽
602,방사선도로,1,상행,1120005100,303,03,유형별,09,외곽
602,방사선도로,1,상행,1120005200,304,03,유형별,09,외곽
602,방사선도로,1,상행,1120005500,305,03,유형별,09,외곽
602,방사선도로,1,상행,1120005600,306,03,유형별,09,외곽
602,방사선도로,1,상행,1120005700,307,03,유형별,09,외곽
602,방사선도로,1,상행,1120005800,308,03,유형별,09,외곽
602,방사선도로,1,상행,1120006300,309,03,유형별,09,외곽
602,방사선도로,1,상행,1120006400,310,03,유형별,09,외곽
602,방사선도로,1,상행,1120006900,311,03,유형별,09,외곽
602,방사선도로,1,상행,1120007000,312,03,유형별,09,외곽
602,방사선도로,1,상행,1120008500,313,03,유형별,09,외곽
602,방사선도로,1,상행,1120008600,314,03,유형별,09,외곽
602,방사선도로,1,상행,1120010500,315,03,유형별,09,외곽
602,방사선도로,1,상행,1120010600,316,03,유형별,09,외곽
602,방사선도로,1,상행,1120013300,317,03,유형별,09,외곽
602,방사선도로,1,상행,1120013400,318,03,유형별,09,외곽
602,방사선도로,1,상행,1120013700,319,03,유형별,09,외곽
602,방사선도로,1,상행,1120013800,320,03,유형별,09,외곽
602,방사선도로,1,상행,1130000100,321,03,유형별,09,외곽
602,방사선도로,1,상행,1130000200,322,03,유형별,09,외곽
602,방사선도로,1,상행,1130000500,323,03,유형별,09,외곽
602,방사선도로,1,상행,1130000600,324,03,유형별,09,외곽
602,방사선도로,1,상행,1130001500,325,03,유형별,09,외곽
602,방사선도로,1,상행,1130001600,326,03,유형별,09,외곽
602,방사선도로,1,상행,1130001700,327,03,유형별,09,외곽
602,방사선도로,1,상행,1130001800,328,03,유형별,09,외곽
602,방사선도로,1,상행,1130002100,329,03,유형별,09,외곽
602,방사선도로,1,상행,1130002200,330,03,유형별,09,외곽
602,방사선도로,1,상행,1130002500,331,03,유형별,09,외곽
602,방사선도로,1,상행,1130002600,332,03,유형별,09,외곽
602,방사선도로,1,상행,1130002700,333,03,유형별,09,외곽
602,방사선도로,1,상행,1130002800,334,03,유형별,09,외곽
602,방사선도로,1,상행,1130002900,335,03,유형별,09,외곽
602,방사선도로,1,상행,1130003000,336,03,유형별,09,외곽
602,방사선도로,1,상행,1130003100,337,03,유형별,09,외곽
602,방사선도로,1,상행,1130003200,338,03,유형별,09,외곽
602,방사선도로,1,상행,1130003500,339,03,유형별,09,외곽
602,방사선도로,1,상행,1130003600,340,03,유형별,09,외곽
602,방사선도로,1,상행,1130003700,341,03,유형별,09,외곽
602,방사선도로,1,상행,1130003800,342,03,유형별,09,외곽
602,방사선도로,1,상행,1130004100,343,03,유형별,09,외곽
602,방사선도로,1,상행,1130004200,344,03,유형별,09,외곽
602,방사선도로,1,상행,1130010300,345,03,유형별,09,외곽
602,방사선도로,1,상행,1130010400,346,03,유형별,09,외곽
602,방사선도로,1,상행,1130013500,347,03,유형별,09,외곽
602,방사선도로,1,상행,1130013600,348,03,유형별,09,외곽
602,방사선도로,1,상행,1130016100,349,03,유형별,09,외곽
602,방사선도로,1,상행,1130016200,350,03,유형별,09,외곽
602,방사선도로,1,상행,1130020500,351,03,유형별,09,외곽
602,방사선도로,1,상행,1130020600,352,03,유형별,09,외곽
602,방사선도로,1,상행,1130022100,353,03,유형별,09,외곽
602,방사선도로,1,상행,1130022200,354,03,유형별,09,외곽
602,방사선도로,1,상행,1140000300,355,03,유형별,09,외곽
602,방사선도로,1,상행,1140000400,356,03,유형별,09,외곽
602,방사선도로,1,상행,1140013700,357,03,유형별,09,외곽
602,방사선도로,1,상행,1140013800,358,03,유형별,09,외곽
602,방사선도로,1,상행,1140014500,359,03,유형별,09,외곽
602,방사선도로,1,상행,1140014600,360,03,유형별,09,외곽
602,방사선도로,1,상행,1140016900,361,03,유형별,09,외곽
602,방사선도로,1,상행,1140017000,362,03,유형별,09,외곽
602,방사선도로,1,상행,1140017900,363,03,유형별,09,외곽
602,방사선도로,1,상행,1140018000,364,03,유형별,09,외곽
602,방사선도로,1,상행,1140018500,365,03,유형별,09,외곽
602,방사선도로,1,상행,1140018600,366,03,유형별,09,외곽
602,방사선도로,1,상행,1140019100,367,03,유형별,09,외곽
602,방사선도로,1,상행,1140019200,368,03,유형별,09,외곽
602,방사선도로,1,상행,1140019300,369,03,유형별,09,외곽
602,방사선도로,1,상행,1140019400,370,03,유형별,09,외곽
602,방사선도로,1,상행,1140019700,371,03,유형별,09,외곽
602,방사선도로,1,상행,1140019800,372,03,유형별,09,외곽
602,방사선도로,1,상행,1140020300,373,03,유형별,09,외곽
602,방사선도로,1,상행,1140020400,374,03,유형별,09,외곽
602,방사선도로,1,상행,1140022100,375,03,유형별,09,외곽
602,방사선도로,1,상행,1140024900,376,03,유형별,09,외곽
602,방사선도로,1,상행,1140026100,377,03,유형별,09,외곽
602,방사선도로,1,상행,1140028100,378,03,유형별,09,외곽
602,방사선도로,1,상행,1140028400,379,03,유형별,09,외곽
602,방사선도로,1,상행,1140028900,380,03,유형별,09,외곽
602,방사선도로,1,상행,1140029300,381,03,유형별,09,외곽
602,방사선도로,1,상행,1140029400,382,03,유형별,09,외곽
602,방사선도로,1,상행,1140029500,383,03,유형별,09,외곽
602,방사선도로,1,상행,1140029600,384,03,유형별,09,외곽
602,방사선도로,1,상행,1140041000,385,03,유형별,09,외곽
602,방사선도로,1,상행,1140041200,386,03,유형별,09,외곽
602,방사선도로,1,상행,1140041400,387,03,유형별,09,외곽
602,방사선도로,1,상행,1150000300,388,03,유형별,09,외곽
602,방사선도로,1,상행,1150000400,389,03,유형별,09,외곽
602,방사선도로,1,상행,1150000500,390,03,유형별,09,외곽
602,방사선도로,1,상행,1150000600,391,03,유형별,09,외곽
602,방사선도로,1,상행,1150000900,392,03,유형별,09,외곽
602,방사선도로,1,상행,1150001000,393,03,유형별,09,외곽
602,방사선도로,1,상행,1150001300,394,03,유형별,09,외곽
602,방사선도로,1,상행,1150001400,395,03,유형별,09,외곽
602,방사선도로,1,상행,1150001700,396,03,유형별,09,외곽
602,방사선도로,1,상행,1150001800,397,03,유형별,09,외곽
602,방사선도로,1,상행,1150001900,398,03,유형별,09,외곽
602,방사선도로,1,상행,1150002000,399,03,유형별,09,외곽
602,방사선도로,1,상행,1150013600,400,03,유형별,09,외곽
602,방사선도로,1,상행,1150013700,401,03,유형별,09,외곽
602,방사선도로,1,상행,1150014400,402,03,유형별,09,외곽
602,방사선도로,1,상행,1150014500,403,03,유형별,09,외곽
602,방사선도로,1,상행,1150014600,404,03,유형별,09,외곽
602,방사선도로,1,상행,1150014700,405,03,유형별,09,외곽
602,방사선도로,1,상행,1150014800,406,03,유형별,09,외곽
602,방사선도로,1,상행,1150014900,407,03,유형별,09,외곽
602,방사선도로,1,상행,1160000100,408,03,유형별,09,외곽
602,방사선도로,1,상행,1160000200,409,03,유형별,09,외곽
602,방사선도로,1,상행,1160000300,410,03,유형별,09,외곽
602,방사선도로,1,상행,1160000400,411,03,유형별,09,외곽
602,방사선도로,1,상행,1160000500,412,03,유형별,09,외곽
602,방사선도로,1,상행,1160000600,413,03,유형별,09,외곽
602,방사선도로,1,상행,1160000700,414,03,유형별,09,외곽
602,방사선도로,1,상행,1160000800,415,03,유형별,09,외곽
602,방사선도로,1,상행,1160000900,416,03,유형별,09,외곽
602,방사선도로,1,상행,1160001000,417,03,유형별,09,외곽
602,방사선도로,1,상행,1160001300,418,03,유형별,09,외곽
602,방사선도로,1,상행,1160001400,419,03,유형별,09,외곽
602,방사선도로,1,상행,1160001500,420,03,유형별,09,외곽
602,방사선도로,1,상행,1160001600,421,03,유형별,09,외곽
602,방사선도로,1,상행,1160001700,422,03,유형별,09,외곽
602,방사선도로,1,상행,1160001800,423,03,유형별,09,외곽
602,방사선도로,1,상행,1160001900,424,03,유형별,09,외곽
602,방사선도로,1,상행,1160002000,425,03,유형별,09,외곽
602,방사선도로,1,상행,1160002100,426,03,유형별,09,외곽
602,방사선도로,1,상행,1160002200,427,03,유형별,09,외곽
602,방사선도로,1,상행,1160002300,428,03,유형별,09,외곽
602,방사선도로,1,상행,1160002400,429,03,유형별,09,외곽
602,방사선도로,1,상행,1160002700,430,03,유형별,09,외곽
602,방사선도로,1,상행,1160002800,431,03,유형별,09,외곽
602,방사선도로,1,상행,1160002900,432,03,유형별,09,외곽
602,방사선도로,1,상행,1160003000,433,03,유형별,09,외곽
602,방사선도로,1,상행,1160004300,434,03,유형별,09,외곽
602,방사선도로,1,상행,1160004400,435,03,유형별,09,외곽
602,방사선도로,1,상행,1160005700,436,03,유형별,09,외곽
602,방사선도로,1,상행,1160005800,437,03,유형별,09,외곽
602,방사선도로,1,상행,1170000100,438,03,유형별,09,외곽
602,방사선도로,1,상행,1170000200,439,03,유형별,09,외곽
602,방사선도로,1,상행,1170000500,440,03,유형별,09,외곽
602,방사선도로,1,상행,1170000600,441,03,유형별,09,외곽
602,방사선도로,1,상행,1170002900,442,03,유형별,09,외곽
602,방사선도로,1,상행,1170003000,443,03,유형별,09,외곽
602,방사선도로,1,상행,1170004300,444,03,유형별,09,외곽
805,도심순환도로,2,하행,1000011400,12,02,기능별,11,주간선도로 기능별
805,도심순환도로,2,하행,1000006100,19,02,기능별,11,주간선도로 기능별
806,방화-암사선,1,상행,1240008200,4,02,기능별,11,주간선도로 기능별
806,방화-암사선,1,상행,1230011600,11,02,기능별,11,주간선도로 기능별
806,방화-암사선,1,상행,1220010700,18,02,기능별,11,주간선도로 기능별
806,방화-암사선,1,상행,1220021300,24,02,기능별,11,주간선도로 기능별
806,방화-암사선,1,상행,1200004700,31,02,기능별,11,주간선도로 기능별
806,방화-암사선,1,상행,1210010800,38,02,기능별,11,주간선도로 기능별
806,방화-암사선,1,상행,1210015500,44,02,기능별,11,주간선도로 기능별
806,방화-암사선,1,상행,1160009500,51,02,기능별,11,주간선도로 기능별
806,방화-암사선,1,상행,1140003300,58,02,기능별,11,주간선도로 기능별
806,방화-암사선,1,상행,1140039700,64,02,기능별,11,주간선도로 기능별
806,방화-암사선,2,하행,1240016500,5,02,기능별,11,주간선도로 기능별
806,방화-암사선,2,하행,1230019700,12,02,기능별,11,주간선도로 기능별
806,방화-암사선,2,하행,1220014200,18,02,기능별,11,주간선도로 기능별
806,방화-암사선,2,하행,1220023600,25,02,기능별,11,주간선도로 기능별
806,방화-암사선,2,하행,1200007100,32,02,기능별,11,주간선도로 기능별
806,방화-암사선,2,하행,1210012400,38,02,기능별,11,주간선도로 기능별
806,방화-암사선,2,하행,1150016700,45,02,기능별,11,주간선도로 기능별
806,방화-암사선,2,하행,1160016200,52,02,기능별,11,주간선도로 기능별
806,방화-암사선,2,하행,1140017200,58,02,기능별,11,주간선도로 기능별
806,방화-암사선,2,하행,1150006800,65,02,기능별,11,주간선도로 기능별
807,봉래-세종로선,1,상행,1010003000,6,02,기능별,11,주간선도로 기능별
807,봉래-세종로선,2,하행,1000005100,5,02,기능별,11,주간선도로 기능별
808,사당-서빙고선,1,상행,1210017700,5,02,기능별,11,주간선도로 기능별
808,사당-서빙고선,2,하행,1210013200,2,02,기능별,11,주간선도로 기능별
808,사당-서빙고선,2,하행,1210024000,8,02,기능별,11,주간선도로 기능별
809,사당-암사선,1,상행,1210022300,5,02,기능별,11,주간선도로 기능별
809,사당-암사선,1,상행,1240017000,12,02,기능별,11,주간선도로 기능별
809,사당-암사선,1,상행,1220029500,18,02,기능별,11,주간선도로 기능별
809,사당-암사선,1,상행,1230030800,25,02,기능별,11,주간선도로 기능별
809,사당-암사선,1,상행,1220026100,32,02,기능별,11,주간선도로 기능별
809,사당-암사선,2,하행,1210020200,2,02,기능별,11,주간선도로 기능별
809,사당-암사선,2,하행,1240015100,9,02,기능별,11,주간선도로 기능별
809,사당-암사선,2,하행,1220029400,16,02,기능별,11,주간선도로 기능별
809,사당-암사선,2,하행,1230028300,22,02,기능별,11,주간선도로 기능별
809,사당-암사선,2,하행,1220023300,29,02,기능별,11,주간선도로 기능별
809,사당-암사선,2,하행,1210017200,36,02,기능별,11,주간선도로 기능별
810,서린-상일선,1,상행,1000003700,5,02,기능별,11,주간선도로 기능별
810,서린-상일선,1,상행,1240002500,12,02,기능별,11,주간선도로 기능별
810,서린-상일선,1,상행,1240001300,19,02,기능별,11,주간선도로 기능별
810,서린-상일선,1,상행,1040003000,26,02,기능별,11,주간선도로 기능별
810,서린-상일선,1,상행,1050004500,34,02,기능별,11,주간선도로 기능별
810,서린-상일선,2,하행,1000003100,2,02,기능별,11,주간선도로 기능별
810,서린-상일선,2,하행,1240001700,9,02,기능별,11,주간선도로 기능별
810,서린-상일선,2,하행,1240000700,15,02,기능별,11,주간선도로 기능별
810,서린-상일선,2,하행,1040002300,22,02,기능별,11,주간선도로 기능별
810,서린-상일선,2,하행,1040015500,29,02,기능별,11,주간선도로 기능별
810,서린-상일선,2,하행,1050007500,35,02,기능별,11,주간선도로 기능별
811,세곡-상계선,1,상행,1100000800,4,02,기능별,11,주간선도로 기능별
811,세곡-상계선,1,상행,1100002800,11,02,기능별,11,주간선도로 기능별
811,세곡-상계선,1,상행,1060000200,17,02,기능별,11,주간선도로 기능별
811,세곡-상계선,1,상행,1220002300,24,02,기능별,11,주간선도로 기능별
811,세곡-상계선,1,상행,1220005300,31,02,기능별,11,주간선도로 기능별
811,세곡-상계선,1,상행,1220001200,37,02,기능별,11,주간선도로 기능별
811,세곡-상계선,1,상행,1100005600,44,02,기능별,11,주간선도로 기능별
811,세곡-상계선,1,상행,1060003600,51,02,기능별,11,주간선도로 기능별
811,세곡-상계선,2,하행,1100000300,2,02,기능별,11,주간선도로 기능별
811,세곡-상계선,2,하행,1100002300,9,02,기능별,11,주간선도로 기능별
811,세곡-상계선,2,하행,1060000100,16,02,기능별,11,주간선도로 기능별
811,세곡-상계선,2,하행,1030001500,22,02,기능별,11,주간선도로 기능별
811,세곡-상계선,2,하행,1220004800,29,02,기능별,11,주간선도로 기능별
811,세곡-상계선,2,하행,1220001100,36,02,기능별,11,주간선도로 기능별
811,세곡-상계선,2,하행,1100004500,42,02,기능별,11,주간선도로 기능별
811,세곡-상계선,2,하행,1060002300,49,02,기능별,11,주간선도로 기능별
812,시흥-중림선,1,상행,1180007900,1,02,기능별,11,주간선도로 기능별
812,시흥-중림선,1,상행,1170003000,7,02,기능별,11,주간선도로 기능별
812,시흥-중림선,1,상행,1160005800,14,02,기능별,11,주간선도로 기능별
812,시흥-중림선,1,상행,1170005600,21,02,기능별,11,주간선도로 기능별
812,시흥-중림선,1,상행,1010002200,27,02,기능별,11,주간선도로 기능별
812,시흥-중림선,2,하행,1020009700,7,02,기능별,11,주간선도로 기능별
812,시흥-중림선,2,하행,1180007800,14,02,기능별,11,주간선도로 기능별
812,시흥-중림선,2,하행,1170004300,20,02,기능별,11,주간선도로 기능별
812,시흥-중림선,2,하행,1180010200,27,02,기능별,11,주간선도로 기능별
813,신림-진관내선,1,상행,1200000700,7,02,기능별,11,주간선도로 기능별
813,신림-진관내선,1,상행,1110001700,13,02,기능별,11,주간선도로 기능별
813,신림-진관내선,1,상행,1110013100,20,02,기능별,11,주간선도로 기능별
813,신림-진관내선,1,상행,1020014100,27,02,기능별,11,주간선도로 기능별
813,신림-진관내선,2,하행,1200000800,7,02,기능별,11,주간선도로 기능별
813,신림-진관내선,2,하행,1110002000,14,02,기능별,11,주간선도로 기능별
813,신림-진관내선,2,하행,1110013200,20,02,기능별,11,주간선도로 기능별
813,신림-진관내선,2,하행,1020014200,27,02,기능별,11,주간선도로 기능별
814,신설-공릉선,1,상행,1100007200,1,02,기능별,11,주간선도로 기능별
814,신설-공릉선,1,상행,1070009200,8,02,기능별,11,주간선도로 기능별
814,신설-공릉선,1,상행,1100008000,16,02,기능별,11,주간선도로 기능별
814,신설-공릉선,2,하행,1005004200,5,02,기능별,11,주간선도로 기능별
814,신설-공릉선,2,하행,1100007700,12,02,기능별,11,주간선도로 기능별
814,신설-공릉선,2,하행,1070002100,18,02,기능별,11,주간선도로 기능별
815,신월-신당선,1,상행,1130001600,7,02,기능별,11,주간선도로 기능별
815,신월-신당선,1,상행,1140028400,14,02,기능별,11,주간선도로 기능별
815,신월-신당선,1,상행,1120000200,20,02,기능별,11,주간선도로 기능별
815,신월-신당선,1,상행,1010014000,27,02,기능별,11,주간선도로 기능별
815,신월-신당선,1,상행,1010005800,34,02,기능별,11,주간선도로 기능별
815,신월-신당선,2,하행,1180040800,5,02,기능별,11,주간선도로 기능별
815,신월-신당선,2,하행,1130003600,12,02,기능별,11,주간선도로 기능별
815,신월-신당선,2,하행,1140029400,19,02,기능별,11,주간선도로 기능별
815,신월-신당선,2,하행,1010011200,25,02,기능별,11,주간선도로 기능별
815,신월-신당선,2,하행,1010015000,32,02,기능별,11,주간선도로 기능별
816,신정-봉천선,1,상행,1200011300,3,02,기능별,11,주간선도로 기능별
816,신정-봉천선,1,상행,1200010400,9,02,기능별,11,주간선도로 기능별
816,신정-봉천선,2,하행,1160014000,1,02,기능별,11,주간선도로 기능별
816,신정-봉천선,2,하행,1160016400,8,02,기능별,11,주간선도로 기능별
816,신정-봉천선,2,하행,1200005600,14,02,기능별,11,주간선도로 기능별
817,양재-혜화선,1,상행,1000016000,6,02,기능별,11,주간선도로 기능별
817,양재-혜화선,1,상행,1220026300,13,02,기능별,11,주간선도로 기능별
817,양재-혜화선,1,상행,1220007700,19,02,기능별,11,주간선도로 기능별
817,양재-혜화선,2,하행,1010008700,1,02,기능별,11,주간선도로 기능별
817,양재-혜화선,2,하행,1030008700,8,02,기능별,11,주간선도로 기능별
817,양재-혜화선,2,하행,1220032200,14,02,기능별,11,주간선도로 기능별
817,양재-혜화선,2,하행,1220007600,21,02,기능별,11,주간선도로 기능별
818,양평-노고산선,1,상행,1180030600,3,02,기능별,11,주간선도로 기능별
818,양평-노고산선,1,상행,1180036500,9,02,기능별,11,주간선도로 기능별
818,양평-노고산선,2,하행,1180033200,4,02,기능별,11,주간선도로 기능별
818,양평-노고산선,2,하행,1180034100,11,02,기능별,11,주간선도로 기능별
819,온수-망우선,1,상행,1180001000,5,02,기능별,11,주간선도로 기능별
819,온수-망우선,1,상행,1130000200,12,02,기능별,11,주간선도로 기능별
819,온수-망우선,1,상행,1160000600,19,02,기능별,11,주간선도로 기능별
819,온수-망우선,1,상행,1160001900,25,02,기능별,11,주간선도로 기능별
819,온수-망우선,1,상행,1060001200,32,02,기능별,11,주간선도로 기능별
819,온수-망우선,1,상행,1060003000,39,02,기능별,11,주간선도로 기능별
1051,상암선,1,상행,1130006800,2,02,기능별,12,보조간선 기능별
1051,상암선,1,상행,1130005300,3,02,기능별,12,보조간선 기능별
1051,상암선,2,하행,1130006300,1,02,기능별,12,보조간선 기능별
1051,상암선,2,하행,1130006700,2,02,기능별,12,보조간선 기능별
1052,상일-고덕선,1,상행,1240016800,1,02,기능별,12,보조간선 기능별
1052,상일-고덕선,1,상행,1240020000,2,02,기능별,12,보조간선 기능별
1052,상일-고덕선,1,상행,1240022600,3,02,기능별,12,보조간선 기능별
1052,상일-고덕선,1,상행,1240025800,4,02,기능별,12,보조간선 기능별
1052,상일-고덕선,2,하행,1240025700,1,02,기능별,12,보조간선 기능별
1052,상일-고덕선,2,하행,1240022500,2,02,기능별,12,보조간선 기능별
1052,상일-고덕선,2,하행,1240016700,4,02,기능별,12,보조간선 기능별
1053,상황-동소문선,1,상행,1010019400,2,02,기능별,12,보조간선 기능별
1053,상황-동소문선,1,상행,1010020200,3,02,기능별,12,보조간선 기능별
1053,상황-동소문선,1,상행,1010015600,7,02,기능별,12,보조간선 기능별
1053,상황-동소문선,2,하행,1010020100,1,02,기능별,12,보조간선 기능별
1053,상황-동소문선,2,하행,1010019300,2,02,기능별,12,보조간선 기능별
1053,상황-동소문선,2,하행,1010015500,8,02,기능별,12,보조간선 기능별
1054,서초-개포선,1,상행,1220012600,1,02,기능별,12,보조간선 기능별
1054,서초-개포선,1,상행,1220015000,2,02,기능별,12,보조간선 기능별
1054,서초-개포선,1,상행,1220018200,3,02,기능별,12,보조간선 기능별
1054,서초-개포선,1,상행,1220024800,5,02,기능별,12,보조간선 기능별
1054,서초-개포선,1,상행,1220026600,6,02,기능별,12,보조간선 기능별
1054,서초-개포선,1,상행,1220029200,7,02,기능별,12,보조간선 기능별
1054,서초-개포선,1,상행,1220031800,8,02,기능별,12,보조간선 기능별
1054,서초-개포선,1,상행,1220034000,9,02,기능별,12,보조간선 기능별
1054,서초-개포선,1,상행,1220035100,10,02,기능별,12,보조간선 기능별
1054,서초-개포선,1,상행,1220036100,12,02,기능별,12,보조간선 기능별
1054,서초-개포선,1,상행,1220036200,13,02,기능별,12,보조간선 기능별
1054,서초-개포선,1,상행,1210015100,14,02,기능별,12,보조간선 기능별
1054,서초-개포선,1,상행,1210016700,15,02,기능별,12,보조간선 기능별
1054,서초-개포선,1,상행,1210019500,16,02,기능별,12,보조간선 기능별
1054,서초-개포선,1,상행,1210022500,17,02,기능별,12,보조간선 기능별
1054,서초-개포선,1,상행,1210026300,19,02,기능별,12,보조간선 기능별
1054,서초-개포선,1,상행,1210027300,20,02,기능별,12,보조간선 기능별
1054,서초-개포선,1,상행,1210028300,21,02,기능별,12,보조간선 기능별
1054,서초-개포선,1,상행,1210029100,22,02,기능별,12,보조간선 기능별
1054,서초-개포선,1,상행,1210030300,23,02,기능별,12,보조간선 기능별
1054,서초-개포선,1,상행,1210030500,24,02,기능별,12,보조간선 기능별
1054,서초-개포선,2,하행,1220009500,1,02,기능별,12,보조간선 기능별
1054,서초-개포선,2,하행,1210030400,2,02,기능별,12,보조간선 기능별
1054,서초-개포선,2,하행,1220015100,3,02,기능별,12,보조간선 기능별
1054,서초-개포선,2,하행,1220018300,4,02,기능별,12,보조간선 기능별
1054,서초-개포선,2,하행,1220021900,5,02,기능별,12,보조간선 기능별
1054,서초-개포선,2,하행,1220024900,6,02,기능별,12,보조간선 기능별
1054,서초-개포선,2,하행,1220029300,8,02,기능별,12,보조간선 기능별
1054,서초-개포선,2,하행,1220031900,9,02,기능별,12,보조간선 기능별
1054,서초-개포선,2,하행,1220034100,10,02,기능별,12,보조간선 기능별
1054,서초-개포선,2,하행,1220035000,11,02,기능별,12,보조간선 기능별
1054,서초-개포선,2,하행,1220035900,12,02,기능별,12,보조간선 기능별
1054,서초-개포선,2,하행,1220036000,13,02,기능별,12,보조간선 기능별
1054,서초-개포선,2,하행,1210015000,15,02,기능별,12,보조간선 기능별
1054,서초-개포선,2,하행,1210016600,16,02,기능별,12,보조간선 기능별
1054,서초-개포선,2,하행,1210019400,17,02,기능별,12,보조간선 기능별
1054,서초-개포선,2,하행,1210022400,18,02,기능별,12,보조간선 기능별
1054,서초-개포선,2,하행,1210025200,19,02,기능별,12,보조간선 기능별
1054,서초-개포선,2,하행,1210026200,20,02,기능별,12,보조간선 기능별
1054,서초-개포선,2,하행,1210028200,22,02,기능별,12,보조간선 기능별
1054,서초-개포선,2,하행,1210029000,23,02,기능별,12,보조간선 기능별
1054,서초-개포선,2,하행,1210030200,24,02,기능별,12,보조간선 기능별
1054,서초-개포선,2,하행,1220012700,25,02,기능별,12,보조간선 기능별
1055,서초-청담선,1,상행,1220019500,1,02,기능별,12,보조간선 기능별
1055,서초-청담선,1,상행,1210019100,2,02,기능별,12,보조간선 기능별
1055,서초-청담선,1,상행,1220032500,4,02,기능별,12,보조간선 기능별
1055,서초-청담선,1,상행,1220030300,5,02,기능별,12,보조간선 기능별
1055,서초-청담선,1,상행,1220028700,6,02,기능별,12,보조간선 기능별
1055,서초-청담선,1,상행,1220027100,7,02,기능별,12,보조간선 기능별
1055,서초-청담선,1,상행,1220026500,8,02,기능별,12,보조간선 기능별
1055,서초-청담선,1,상행,1220025500,9,02,기능별,12,보조간선 기능별
1055,서초-청담선,1,상행,1220022300,11,02,기능별,12,보조간선 기능별
1055,서초-청담선,1,상행,1210020100,12,02,기능별,12,보조간선 기능별
1055,서초-청담선,1,상행,1220020700,13,02,기능별,12,보조간선 기능별
1055,서초-청담선,2,하행,1220026400,1,02,기능별,12,보조간선 기능별
1055,서초-청담선,2,하행,1210020000,2,02,기능별,12,보조간선 기능별
1055,서초-청담선,2,하행,1220025400,3,02,기능별,12,보조간선 기능별
1055,서초-청담선,2,하행,1220023800,5,02,기능별,12,보조간선 기능별
1055,서초-청담선,2,하행,1220019400,6,02,기능별,12,보조간선 기능별
1055,서초-청담선,2,하행,1220022200,7,02,기능별,12,보조간선 기능별
1055,서초-청담선,2,하행,1220027000,8,02,기능별,12,보조간선 기능별
1055,서초-청담선,2,하행,1220020600,9,02,기능별,12,보조간선 기능별
1055,서초-청담선,2,하행,1220032400,10,02,기능별,12,보조간선 기능별
1056,성산-진관외선,1,상행,1110014000,1,02,기능별,12,보조간선 기능별
1056,성산-진관외선,1,상행,1110001400,2,02,기능별,12,보조간선 기능별
1056,성산-진관외선,1,상행,1110001200,3,02,기능별,12,보조간선 기능별
1056,성산-진관외선,1,상행,1110001000,4,02,기능별,12,보조간선 기능별
1056,성산-진관외선,1,상행,1110000800,5,02,기능별,12,보조간선 기능별
1056,성산-진관외선,1,상행,1110000600,6,02,기능별,12,보조간선 기능별
1056,성산-진관외선,1,상행,1110000200,8,02,기능별,12,보조간선 기능별
1056,성산-진관외선,1,상행,1130007600,9,02,기능별,12,보조간선 기능별
1056,성산-진관외선,1,상행,1130007200,10,02,기능별,12,보조간선 기능별
1056,성산-진관외선,1,상행,1110015600,11,02,기능별,12,보조간선 기능별
1056,성산-진관외선,1,상행,1110015000,12,02,기능별,12,보조간선 기능별
1056,성산-진관외선,1,상행,1110014600,13,02,기능별,12,보조간선 기능별
1056,성산-진관외선,2,하행,1110000900,1,02,기능별,12,보조간선 기능별
1056,성산-진관외선,2,하행,1110000100,2,02,기능별,12,보조간선 기능별
1056,성산-진관외선,2,하행,1110001500,3,02,기능별,12,보조간선 기능별
1056,성산-진관외선,2,하행,1130007500,4,02,기능별,12,보조간선 기능별
1056,성산-진관외선,2,하행,1110000700,5,02,기능별,12,보조간선 기능별
1056,성산-진관외선,2,하행,1130007100,6,02,기능별,12,보조간선 기능별
1056,성산-진관외선,2,하행,1110015500,8,02,기능별,12,보조간선 기능별
1056,성산-진관외선,2,하행,1110000500,9,02,기능별,12,보조간선 기능별
1056,성산-진관외선,2,하행,1110014900,10,02,기능별,12,보조간선 기능별
1056,성산-진관외선,2,하행,1110001300,11,02,기능별,12,보조간선 기능별
1056,성산-진관외선,2,하행,1110014500,12,02,기능별,12,보조간선 기능별
1056,성산-진관외선,2,하행,1110000300,13,02,기능별,12,보조간선 기능별
1057,성산-홍제선,1,상행,1130022900,1,02,기능별,12,보조간선 기능별
1057,성산-홍제선,1,상행,1120012800,2,02,기능별,12,보조간선 기능별
1057,성산-홍제선,1,상행,1130022400,3,02,기능별,12,보조간선 기능별
1057,성산-홍제선,1,상행,1120011800,4,02,기능별,12,보조간선 기능별
1057,성산-홍제선,1,상행,1120006200,5,02,기능별,12,보조간선 기능별
1057,성산-홍제선,1,상행,1120009600,6,02,기능별,12,보조간선 기능별
1057,성산-홍제선,1,상행,1130021200,8,02,기능별,12,보조간선 기능별
1057,성산-홍제선,2,하행,1130021100,1,02,기능별,12,보조간선 기능별
1057,성산-홍제선,2,하행,1120012700,2,02,기능별,12,보조간선 기능별
1057,성산-홍제선,2,하행,1120011700,3,02,기능별,12,보조간선 기능별
1057,성산-홍제선,2,하행,1120009500,4,02,기능별,12,보조간선 기능별
1057,성산-홍제선,2,하행,1130022300,5,02,기능별,12,보조간선 기능별
1057,성산-홍제선,2,하행,1120006100,7,02,기능별,12,보조간선 기능별
1057,성산-홍제선,2,하행,1130023000,8,02,기능별,12,보조간선 기능별
1058,성수-자양선,1,상행,1030004900,1,02,기능별,12,보조간선 기능별
1058,성수-자양선,1,상행,1005009000,2,02,기능별,12,보조간선 기능별
1058,성수-자양선,1,상행,1030004300,3,02,기능별,12,보조간선 기능별
1058,성수-자양선,1,상행,1040006600,4,02,기능별,12,보조간선 기능별
1058,성수-자양선,1,상행,1040008000,6,02,기능별,12,보조간선 기능별
1058,성수-자양선,1,상행,1030003100,7,02,기능별,12,보조간선 기능별
1058,성수-자양선,1,상행,1040005800,8,02,기능별,12,보조간선 기능별
1058,성수-자양선,2,하행,1030004400,1,02,기능별,12,보조간선 기능별
1058,성수-자양선,2,하행,1030004200,2,02,기능별,12,보조간선 기능별
1058,성수-자양선,2,하행,1030003200,3,02,기능별,12,보조간선 기능별
1058,성수-자양선,2,하행,1040008100,5,02,기능별,12,보조간선 기능별
1058,성수-자양선,2,하행,1040006700,6,02,기능별,12,보조간선 기능별
1058,성수-자양선,2,하행,1030005000,7,02,기능별,12,보조간선 기능별
1058,성수-자양선,2,하행,1040005900,8,02,기능별,12,보조간선 기능별
1061,송정-상봉선,1,상행,1040016900,1,02,기능별,12,보조간선 기능별
1061,송정-상봉선,1,상행,1060012600,2,02,기능별,12,보조간선 기능별
1061,송정-상봉선,1,상행,1040014700,3,02,기능별,12,보조간선 기능별
1061,송정-상봉선,1,상행,1060011000,4,02,기능별,12,보조간선 기능별
1061,송정-상봉선,1,상행,1060013200,5,02,기능별,12,보조간선 기능별
1061,송정-상봉선,1,상행,1060009000,6,02,기능별,12,보조간선 기능별
1061,송정-상봉선,1,상행,1060007600,8,02,기능별,12,보조간선 기능별
1061,송정-상봉선,1,상행,1040015700,9,02,기능별,12,보조간선 기능별
1061,송정-상봉선,2,하행,1060013100,1,02,기능별,12,보조간선 기능별
1061,송정-상봉선,2,하행,1060012500,2,02,기능별,12,보조간선 기능별
1061,송정-상봉선,2,하행,1060010900,3,02,기능별,12,보조간선 기능별
1061,송정-상봉선,2,하행,1060008900,4,02,기능별,12,보조간선 기능별
1061,송정-상봉선,2,하행,1040015600,6,02,기능별,12,보조간선 기능별
1061,송정-상봉선,2,하행,1040014600,7,02,기능별,12,보조간선 기능별
1061,송정-상봉선,2,하행,1040014000,8,02,기능별,12,보조간선 기능별
1061,송정-상봉선,2,하행,1060007500,9,02,기능별,12,보조간선 기능별
1062,수서-오금선,1,상행,1230015000,1,02,기능별,12,보조간선 기능별
1062,수서-오금선,1,상행,1230008400,2,02,기능별,12,보조간선 기능별
1062,수서-오금선,1,상행,1230010000,4,02,기능별,12,보조간선 기능별
1062,수서-오금선,1,상행,1230021000,6,02,기능별,12,보조간선 기능별
1062,수서-오금선,1,상행,1230018000,7,02,기능별,12,보조간선 기능별
1062,수서-오금선,2,하행,1230009900,1,02,기능별,12,보조간선 기능별
1062,수서-오금선,2,하행,1230011700,4,02,기능별,12,보조간선 기능별
1062,수서-오금선,2,하행,1230020900,5,02,기능별,12,보조간선 기능별
1062,수서-오금선,2,하행,1230014900,6,02,기능별,12,보조간선 기능별
1062,수서-오금선,2,하행,1230017900,7,02,기능별,12,보조간선 기능별
1063,수유-상계7선,1,상행,1100029600,1,02,기능별,12,보조간선 기능별
1063,수유-상계7선,1,상행,1080012400,2,02,기능별,12,보조간선 기능별
1063,수유-상계7선,1,상행,1100028600,4,02,기능별,12,보조간선 기능별
1063,수유-상계7선,1,상행,1090006600,5,02,기능별,12,보조간선 기능별
1063,수유-상계7선,1,상행,1090006000,6,02,기능별,12,보조간선 기능별
1063,수유-상계7선,1,상행,1090005800,7,02,기능별,12,보조간선 기능별
1063,수유-상계7선,1,상행,1090005600,8,02,기능별,12,보조간선 기능별
1063,수유-상계7선,1,상행,1090005300,9,02,기능별,12,보조간선 기능별
1063,수유-상계7선,1,상행,1090004200,11,02,기능별,12,보조간선 기능별
1063,수유-상계7선,1,상행,1100028800,12,02,기능별,12,보조간선 기능별
1063,수유-상계7선,2,하행,1080012300,1,02,기능별,12,보조간선 기능별
1063,수유-상계7선,2,하행,1090005700,2,02,기능별,12,보조간선 기능별
1063,수유-상계7선,2,하행,1100028500,3,02,기능별,12,보조간선 기능별
1063,수유-상계7선,2,하행,1090005500,4,02,기능별,12,보조간선 기능별
1063,수유-상계7선,2,하행,1100029500,6,02,기능별,12,보조간선 기능별
1063,수유-상계7선,2,하행,1090006500,7,02,기능별,12,보조간선 기능별
1063,수유-상계7선,2,하행,1090005100,8,02,기능별,12,보조간선 기능별
1063,수유-상계7선,2,하행,1080010300,9,02,기능별,12,보조간선 기능별
1063,수유-상계7선,2,하행,1090004100,10,02,기능별,12,보조간선 기능별
1063,수유-상계7선,2,하행,1090005900,11,02,기능별,12,보조간선 기능별
1064,수유-상계선,1,상행,1090001200,1,02,기능별,12,보조간선 기능별
1064,수유-상계선,1,상행,1090000800,2,02,기능별,12,보조간선 기능별
1064,수유-상계선,1,상행,1100030000,3,02,기능별,12,보조간선 기능별
1064,수유-상계선,1,상행,1100031800,4,02,기능별,12,보조간선 기능별
1064,수유-상계선,1,상행,1100034400,5,02,기능별,12,보조간선 기능별
1064,수유-상계선,1,상행,1100035800,6,02,기능별,12,보조간선 기능별
1064,수유-상계선,1,상행,1090002400,8,02,기능별,12,보조간선 기능별
1064,수유-상계선,1,상행,1100022700,9,02,기능별,12,보조간선 기능별
1064,수유-상계선,1,상행,1100023200,10,02,기능별,12,보조간선 기능별
1064,수유-상계선,1,상행,1100023500,11,02,기능별,12,보조간선 기능별
1064,수유-상계선,1,상행,1100024000,12,02,기능별,12,보조간선 기능별
1064,수유-상계선,1,상행,1100025400,13,02,기능별,12,보조간선 기능별
1064,수유-상계선,1,상행,1100028400,15,02,기능별,12,보조간선 기능별
1064,수유-상계선,1,상행,1080006600,16,02,기능별,12,보조간선 기능별
1064,수유-상계선,1,상행,1080007000,17,02,기능별,12,보조간선 기능별
1064,수유-상계선,1,상행,1080007200,18,02,기능별,12,보조간선 기능별
1064,수유-상계선,1,상행,1080007400,19,02,기능별,12,보조간선 기능별
1064,수유-상계선,1,상행,1080007600,20,02,기능별,12,보조간선 기능별
1064,수유-상계선,1,상행,1080009000,22,02,기능별,12,보조간선 기능별
1064,수유-상계선,1,상행,1090002000,23,02,기능별,12,보조간선 기능별
1064,수유-상계선,2,하행,1090001100,1,02,기능별,12,보조간선 기능별
1064,수유-상계선,2,하행,1090001900,2,02,기능별,12,보조간선 기능별
1064,수유-상계선,2,하행,1100029900,3,02,기능별,12,보조간선 기능별
1064,수유-상계선,2,하행,1100031700,4,02,기능별,12,보조간선 기능별
1064,수유-상계선,2,하행,1100035700,6,02,기능별,12,보조간선 기능별
1064,수유-상계선,2,하행,1090002200,7,02,기능별,12,보조간선 기능별
1064,수유-상계선,2,하행,1090002300,8,02,기능별,12,보조간선 기능별
1064,수유-상계선,2,하행,1100022800,9,02,기능별,12,보조간선 기능별
1064,수유-상계선,2,하행,1100023100,10,02,기능별,12,보조간선 기능별
1064,수유-상계선,2,하행,1100023600,11,02,기능별,12,보조간선 기능별
1064,수유-상계선,2,하행,1100026900,14,02,기능별,12,보조간선 기능별
1064,수유-상계선,2,하행,1100028300,15,02,기능별,12,보조간선 기능별
1064,수유-상계선,2,하행,1080006500,16,02,기능별,12,보조간선 기능별
1064,수유-상계선,2,하행,1080006900,17,02,기능별,12,보조간선 기능별
1064,수유-상계선,2,하행,1080007100,18,02,기능별,12,보조간선 기능별
330,양재천로,2,하행,1220016800,1,01,기본도로,05,기타도로
330,양재천로,2,하행,1210010000,7,01,기본도로,05,기타도로
331,양천로,1,상행,1150003000,6,01,기본도로,04,보조간선도로
353,영동고속도로,2,하행,2300023502,38,04,기타도로,06,경기도로
354,영동대로,1,상행,1220004800,2,01,기본도로,03,주간선도로
354,영동대로,1,상행,1220002200,8,01,기본도로,03,주간선도로
21,개포로,1,상행,1220020500,1,01,기본도로,05,기타도로
21,개포로,1,상행,1220012000,6,01,기본도로,05,기타도로
21,개포로,2,하행,1220012100,3,01,기본도로,05,기타도로
22,개화동로,1,상행,1150016700,1,01,기본도로,03,주간선도로
22,개화동로,1,상행,1150007300,6,01,기본도로,03,주간선도로
22,개화동로,2,하행,1150004900,4,01,기본도로,03,주간선도로
42,공항대로,2,하행,1150013700,8,01,기본도로,03,주간선도로
43,공항대로41길,2,하행,1150015600,1,01,기본도로,05,기타도로
45,과천대로,2,하행,1210008000,1,01,기본도로,05,기타도로
46,관악로,2,하행,1200004900,2,01,기본도로,03,주간선도로
47,광나루로,1,상행,1004350800,3,01,기본도로,03,주간선도로
47,광나루로,1,상행,1040013600,8,01,기본도로,03,주간선도로
74,남부순환로,2,하행,1200002000,21,01,기본도로,03,주간선도로
74,남부순환로,2,하행,1200007900,26,01,기본도로,03,주간선도로
74,남부순환로,2,하행,1160003800,31,01,기본도로,03,주간선도로
74,남부순환로,2,하행,1140003400,37,01,기본도로,03,주간선도로
74,남부순환로,2,하행,1140036400,42,01,기본도로,03,주간선도로
75,남부순환로72길,2,하행,1140013700,1,01,기본도로,05,기타도로
100,덕릉로,1,상행,1100030000,20,01,기본도로,04,보조간선도로
100,덕릉로,2,하행,1100031700,3,01,기본도로,04,보조간선도로
100,덕릉로,2,하행,1100023100,9,01,기본도로,04,보조간선도로
100,덕릉로,2,하행,1090001900,14,01,기본도로,04,보조간선도로
100,덕릉로,2,하행,1080007300,20,01,기본도로,04,보조간선도로
125,동소문로,2,하행,1070011100,3,01,기본도로,03,주간선도로
126,동소문로20길,2,하행,1070007200,1,01,기본도로,05,기타도로
127,동일로,1,상행,1040005400,6,01,기본도로,03,주간선도로
151,망우로,2,하행,1050003000,4,01,기본도로,03,주간선도로
151,망우로,2,하행,1060002600,10,01,기본도로,03,주간선도로
152,망우로21길,1,상행,1050017400,1,01,기본도로,05,기타도로
182,백범로,1,상행,1020013100,8,01,기본도로,04,보조간선도로
182,백범로,2,하행,1020016000,5,01,기본도로,04,보조간선도로
183,백범로90길,2,하행,1005009300,1,01,기본도로,05,기타도로
218,삼양로,1,상행,1080013200,10,01,기본도로,04,보조간선도로
218,삼양로,2,하행,1080005700,6,01,기본도로,04,보조간선도로
219,삼일대로,1,상행,1000006900,2,01,기본도로,03,주간선도로
515,중부내륙고속도로,2,하행,2810042501,1,04,기타도로,06,경기도로
515,중부내륙고속도로,2,하행,2370182300,7,04,기타도로,06,경기도로
515,중부내륙고속도로,2,하행,2370187700,13,04,기타도로,06,경기도로
521,은평터널로,2,하행,3201505600,2,01,기본도로,05,기타도로
523,망우로36길,1,상행,3201501700,1,01,기본도로,05,기타도로
525,올림픽로43길,2,하행,3201501900,1,01,기본도로,05,기타도로
370,왕십리로,2,하행,1030016300,2,01,기본도로,03,주간선도로
370,왕십리로,2,하행,1030007300,8,01,기본도로,03,주간선도로
371,용마산로,1,상행,1060013900,4,01,기본도로,04,보조간선도로
397,인천국제공항고속도로,1,상행,1150005900,13,04,기타도로,06,경기도로
397,인천국제공항고속도로,2,하행,1670005301,5,04,기타도로,06,경기도로
397,인천국제공항고속도로,2,하행,1610005802,11,04,기타도로,06,경기도로
456,청파로,1,상행,1020009700,7,01,기본도로,03,주간선도로
456,청파로,2,하행,1010002200,6,01,기본도로,03,주간선도로
459,초원로,2,하행,1150018100,1,01,기본도로,05,기타도로
488,해등로,1,상행,1090008400,4,01,기본도로,04,보조간선도로
488,해등로,2,하행,1090007700,4,01,기본도로,04,보조간선도로
490,허준로,1,상행,1150017500,4,01,기본도로,05,기타도로
810,서린-상일선,1,상행,1040002800,25,02,기능별,11,주간선도로 기능별
810,서린-상일선,1,상행,1040004900,31,02,기능별,11,주간선도로 기능별
810,서린-상일선,1,상행,1050005600,36,02,기능별,11,주간선도로 기능별
814,신설-공릉선,1,상행,1070011800,7,02,기능별,11,주간선도로 기능별
814,신설-공릉선,1,상행,1100013000,13,02,기능별,11,주간선도로 기능별
814,신설-공릉선,1,상행,1100007600,18,02,기능별,11,주간선도로 기능별
819,온수-망우선,2,하행,1050001600,20,02,기능별,11,주간선도로 기능별
819,온수-망우선,2,하행,1060001100,26,02,기능별,11,주간선도로 기능별
819,온수-망우선,2,하행,1060002500,31,02,기능별,11,주간선도로 기능별
825,필동-도봉선,1,상행,1080005200,10,02,기능별,11,주간선도로 기능별
825,필동-도봉선,1,상행,1070014000,16,02,기능별,11,주간선도로 기능별
825,필동-도봉선,1,상행,1090012000,21,02,기능별,11,주간선도로 기능별
805,도심순환도로,1,상행,1000012100,13,02,기능별,11,주간선도로 기능별
805,도심순환도로,1,상행,1000009600,18,02,기능별,11,주간선도로 기능별
805,도심순환도로,2,하행,1010004500,3,02,기능별,11,주간선도로 기능별
805,도심순환도로,2,하행,1000011700,9,02,기능별,11,주간선도로 기능별
1084,암사-상일선,1,상행,1240021400,2,02,기능별,12,보조간선 기능별
1084,암사-상일선,2,하행,1240021300,2,02,기능별,12,보조간선 기능별
1103,장안-수유선,2,하행,1070015900,6,02,기능별,12,보조간선 기능별
1103,장안-수유선,2,하행,1050009900,12,02,기능별,12,보조간선 기능별
1016,노고산-창신선,2,하행,1020021300,9,02,기능별,12,보조간선 기능별
1027,동선-정릉선,2,하행,1070009500,2,02,기능별,12,보조간선 기능별
1028,마장-사근선,1,상행,1030016200,6,02,기능별,12,보조간선 기능별
1049,상암-서교선,2,하행,1130023600,7,02,기능별,12,보조간선 기능별
1050,상암-성산선,1,상행,1130028100,1,02,기능별,12,보조간선 기능별
1064,수유-상계선,2,하행,1100025300,13,02,기능별,12,보조간선 기능별
1064,수유-상계선,2,하행,1080007300,19,02,기능별,12,보조간선 기능별
380,월드컵로,2,하행,1130019200,3,01,기본도로,04,보조간선도로
380,월드컵로,2,하행,1130025200,10,01,기본도로,04,보조간선도로
381,월드컵북로,1,상행,1130023600,6,01,기본도로,04,보조간선도로
381,월드컵북로,1,상행,3201507200,12,01,기본도로,04,보조간선도로
381,월드컵북로,2,하행,1130025500,6,01,기본도로,04,보조간선도로
381,월드컵북로,2,하행,1130016900,13,01,기본도로,04,보조간선도로
382,위례성대로,1,상행,1230029400,6,01,기본도로,04,보조간선도로
383,율곡로,1,상행,1000006200,1,01,기본도로,03,주간선도로
383,율곡로,2,하행,1000011500,1,01,기본도로,03,주간선도로
383,율곡로,2,하행,1000006100,7,01,기본도로,03,주간선도로
385,은평로,1,상행,1110008600,3,01,기본도로,04,보조간선도로
385,은평로,2,하행,1110007700,5,01,기본도로,04,보조간선도로
386,을지로,1,상행,1010015800,6,01,기본도로,03,주간선도로
386,을지로,2,하행,1010015000,3,01,기본도로,03,주간선도로
386,을지로,2,하행,1010012500,10,01,기본도로,03,주간선도로
388,응암로,1,상행,1110005600,4,01,기본도로,04,보조간선도로
388,응암로,2,하행,1110005500,4,01,기본도로,04,보조간선도로
389,의사당대로,1,상행,1180022400,4,01,기본도로,04,보조간선도로
389,의사당대로,2,하행,1180033100,5,01,기본도로,04,보조간선도로
390,이문로,2,하행,1050020600,3,01,기본도로,04,보조간선도로
391,이촌로,1,상행,1020002500,6,01,기본도로,05,기타도로
391,이촌로,2,하행,1020004400,5,01,기본도로,05,기타도로
394,이태원로,1,상행,1020011100,2,01,기본도로,04,보조간선도로
395,인수봉로,1,상행,1080011500,1,01,기본도로,04,보조간선도로
397,인천국제공항고속도로,1,상행,1610001400,1,04,기타도로,06,경기도로
397,인천국제공항고속도로,1,상행,1680008501,8,04,기타도로,06,경기도로
397,인천국제공항고속도로,2,하행,1150005800,2,04,기타도로,06,경기도로
397,인천국제공항고속도로,2,하행,1610006300,9,04,기타도로,06,경기도로
398,인촌로,1,상행,1070003700,3,01,기본도로,04,보조간선도로
400,인촌로7길,1,상행,1070006000,2,01,기본도로,05,기타도로
402,일원로,1,상행,1220010800,3,01,기본도로,05,기타도로
403,자양로,1,상행,1040003200,4,01,기본도로,03,주간선도로
404,자양번영로,1,상행,1040005600,2,01,기본도로,05,기타도로
405,자유로,1,상행,2180002502,5,01,기본도로,02,도시고속도로
405,자유로,1,상행,2180000302,12,01,기본도로,02,도시고속도로
405,자유로,2,하행,2180000101,2,01,기본도로,02,도시고속도로
405,자유로,2,하행,2180001403,9,01,기본도로,02,도시고속도로
405,자유로,2,하행,2180003302,16,01,기본도로,02,도시고속도로
407,잔다리로,2,하행,1130015800,2,01,기본도로,05,기타도로
409,잠실로,2,하행,1230025900,1,01,기본도로,05,기타도로
410,잠원로,1,상행,1210030200,2,01,기본도로,04,보조간선도로
410,잠원로,2,하행,1210028300,3,01,기본도로,04,보조간선도로
412,장승배기로,1,상행,1190004600,2,01,기본도로,04,보조간선도로
413,장안벚꽃로,2,하행,1050013300,1,01,기본도로,05,기타도로
414,장위로,2,하행,1070018500,2,01,기본도로,05,기타도로
415,장충단로,1,상행,1010017400,6,01,기본도로,03,주간선도로
415,장충단로,2,하행,1020020100,6,01,기본도로,03,주간선도로
417,전농로,1,상행,1050009200,3,01,기본도로,04,보조간선도로
417,전농로,2,하행,1050003900,5,01,기본도로,04,보조간선도로
419,정릉로,1,상행,1070013300,4,01,기본도로,04,보조간선도로
419,정릉로,2,하행,1070012400,3,01,기본도로,04,보조간선도로
420,정릉천동로,1,상행,1050014800,2,01,기본도로,05,기타도로
421,제2경인고속도로,1,상행,2130001100,4,04,기타도로,06,경기도로
421,제2경인고속도로,1,상행,2240018500,11,04,기타도로,06,경기도로
421,제2경인고속도로,1,상행,1630000500,18,04,기타도로,06,경기도로
421,제2경인고속도로,2,하행,1650004001,6,04,기타도로,06,경기도로
421,제2경인고속도로,2,하행,2130002400,13,04,기타도로,06,경기도로
422,제2중부고속도로,2,하행,2300038102,1,04,기타도로,06,경기도로
423,제3경인고속화도로,1,상행,2240145600,5,04,기타도로,06,경기도로
423,제3경인고속화도로,2,하행,2240147602,1,04,기타도로,06,경기도로
423,제3경인고속화도로,2,하행,2240149100,8,04,기타도로,06,경기도로
424,제기로,1,상행,1050016000,3,01,기본도로,04,보조간선도로
425,조원중앙로,1,상행,1200007600,2,01,기본도로,05,기타도로
427,종로,1,상행,1000001400,1,01,기본도로,03,주간선도로
427,종로,1,상행,1000002000,7,01,기본도로,03,주간선도로
427,종로,2,하행,1000001500,5,01,기본도로,03,주간선도로
428,종로1길,2,하행,1000011100,1,01,기본도로,05,기타도로
429,종암로,2,하행,1070013700,1,01,기본도로,03,주간선도로
431,중계로,1,상행,1100026300,3,01,기본도로,05,기타도로
431,중계로,2,하행,1100022600,3,01,기본도로,05,기타도로
432,중대로,1,상행,1230017900,2,01,기본도로,04,보조간선도로
432,중대로,2,하행,1230011800,3,01,기본도로,04,보조간선도로
434,중랑역로,1,상행,1060016700,4,01,기본도로,05,기타도로
434,중랑역로,2,하행,1060015800,3,01,기본도로,05,기타도로
435,중랑천로,1,상행,1060017600,3,01,기본도로,05,기타도로
437,중부고속도로,1,상행,2340035801,2,04,기타도로,06,경기도로
437,중부고속도로,1,상행,2300032801,8,04,기타도로,06,경기도로
437,중부고속도로,1,상행,2810030901,15,04,기타도로,06,경기도로
437,중부고속도로,2,하행,2300032900,7,04,기타도로,06,경기도로
437,중부고속도로,2,하행,2340035701,13,04,기타도로,06,경기도로
438,중앙로,1,상행,1160017100,6,01,기본도로,04,보조간선도로
438,중앙로,2,하행,1140006600,5,01,기본도로,04,보조간선도로
439,증가로,1,상행,1120010000,3,01,기본도로,04,보조간선도로
439,증가로,2,하행,1120006500,5,01,기본도로,04,보조간선도로
440,증산로,1,상행,1110000400,8,01,기본도로,04,보조간선도로
440,증산로,2,하행,1110000500,3,01,기본도로,04,보조간선도로
440,증산로,2,하행,1130005200,10,01,기본도로,04,보조간선도로
441,지봉로,2,하행,1000016800,3,01,기본도로,04,보조간선도로
444,진황도로,1,상행,1240008700,3,01,기본도로,05,기타도로
444,진황도로,2,하행,1240010600,5,01,기본도로,05,기타도로
445,진흥로,2,하행,1000021600,2,01,기본도로,03,주간선도로
446,창경궁로,1,상행,1000019400,4,01,기본도로,03,주간선도로
446,창경궁로,2,하행,1010012700,7,01,기본도로,03,주간선도로
448,창전로,2,하행,1130011400,2,01,기본도로,05,기타도로
449,천중로,1,상행,1240011300,4,01,기본도로,05,기타도로
450,천호대로,1,상행,1050008100,3,01,기본도로,03,주간선도로
450,천호대로,1,상행,1040015400,10,01,기본도로,03,주간선도로
450,천호대로,1,상행,1040003000,16,01,기본도로,03,주간선도로
450,천호대로,1,상행,1240000500,23,01,기본도로,03,주간선도로
450,천호대로,1,상행,2270009300,30,01,기본도로,03,주간선도로
450,천호대로,2,하행,1240001700,3,01,기본도로,03,주간선도로
450,천호대로,2,하행,1240000400,10,01,기본도로,03,주간선도로
450,천호대로,2,하행,1040002700,17,01,기본도로,03,주간선도로
450,천호대로,2,하행,1040015500,23,01,기본도로,03,주간선도로
450,천호대로,2,하행,1050008200,30,01,기본도로,03,주간선도로
453,천호옛길,1,상행,1240009400,2,01,기본도로,05,기타도로
454,청계천로,1,상행,1000002800,4,01,기본도로,03,주간선도로
454,청계천로,1,상행,1030020300,11,01,기본도로,03,주간선도로
454,청계천로,2,하행,1010019500,5,01,기본도로,03,주간선도로
454,청계천로,2,하행,1000003400,11,01,기본도로,03,주간선도로
456,청파로,1,상행,1010002100,2,01,기본도로,03,주간선도로
456,청파로,2,하행,1020014600,3,01,기본도로,03,주간선도로
459,초원로,1,상행,1150018200,1,01,기본도로,05,기타도로
462,충민로2길,1,상행,1230005700,1,01,기본도로,04,보조간선도로
464,칠패로,2,하행,1010004000,2,01,기본도로,04,보조간선도로
465,탄천동로,2,하행,1230006000,2,01,기본도로,05,기타도로
466,태릉구리간고속화도로,1,상행,1060006500,1,04,기타도로,06,경기도로
466,태릉구리간고속화도로,1,상행,2210006300,8,04,기타도로,06,경기도로
220,삼전로,1,상행,1230019400,3,01,기본도로,04,보조간선도로
221,삼전로1길,2,하행,1230015400,1,01,기본도로,05,기타도로
222,삼청로,2,하행,1000016300,3,01,기본도로,04,보조간선도로
223,삼학사로,2,하행,1230018100,2,01,기본도로,05,기타도로
226,상계로,1,상행,1100030200,2,01,기본도로,04,보조간선도로
226,상계로,2,하행,1100031300,3,01,기본도로,04,보조간선도로
227,상도로,1,상행,1190003300,3,01,기본도로,04,보조간선도로
227,상도로,2,하행,1190003400,4,01,기본도로,04,보조간선도로
228,상봉로,2,하행,1060011300,2,01,기본도로,04,보조간선도로
230,상암로,1,상행,1240014600,3,01,기본도로,04,보조간선도로
230,상암로,2,하행,1240018900,1,01,기본도로,04,보조간선도로
230,상암로,2,하행,1240014100,8,01,기본도로,04,보조간선도로
233,상일로,1,상행,1240016800,1,01,기본도로,04,보조간선도로
233,상일로,2,하행,1240016700,4,01,기본도로,04,보조간선도로
236,새말로20길,1,상행,1160015500,1,01,기본도로,05,기타도로
237,새문안로,2,하행,1010000200,1,01,기본도로,03,주간선도로
239,새창로,1,상행,1020016100,1,01,기본도로,05,기타도로
239,새창로,2,하행,1020010600,2,01,기본도로,05,기타도로
240,서강로,1,상행,1130013500,2,01,기본도로,05,기타도로
241,서부간선도로,1,상행,1170001400,3,01,기본도로,03,주간선도로
241,서부간선도로,1,상행,1180004000,10,01,기본도로,03,주간선도로
241,서부간선도로,2,하행,1160002500,6,01,기본도로,03,주간선도로
242,서빙고로,1,상행,1020003600,3,01,기본도로,03,주간선도로
242,서빙고로,2,하행,1020004100,3,01,기본도로,03,주간선도로
243,서빙고로51길,2,하행,1020005600,1,01,기본도로,05,기타도로
245,서오릉로,1,상행,1110013300,1,01,기본도로,04,보조간선도로
245,서오릉로,2,하행,1110010000,2,01,기본도로,04,보조간선도로
246,서운로,1,상행,1210020800,2,01,기본도로,05,기타도로
247,서울시립대로,1,상행,1050007800,1,01,기본도로,04,보조간선도로
248,제1순환고속도로,1,상행,2180124600,2,04,기타도로,06,경기도로
248,제1순환고속도로,1,상행,2180125000,8,04,기타도로,06,경기도로
248,제1순환고속도로,1,상행,2220045400,15,04,기타도로,06,경기도로
248,제1순환고속도로,1,상행,2210002200,22,04,기타도로,06,경기도로
248,제1순환고속도로,1,상행,2270007100,28,04,기타도로,06,경기도로
248,제1순환고속도로,1,상행,2050006301,35,04,기타도로,06,경기도로
248,제1순환고속도로,1,상행,2260008201,42,04,기타도로,06,경기도로
248,제1순환고속도로,1,상행,2240014502,48,04,기타도로,06,경기도로
248,제1순환고속도로,1,상행,1660000500,55,04,기타도로,06,경기도로
248,제1순환고속도로,1,상행,1670002500,62,04,기타도로,06,경기도로
248,제1순환고속도로,1,상행,2320002000,68,04,기타도로,06,경기도로
248,제1순환고속도로,2,하행,2180005800,3,04,기타도로,06,경기도로
248,제1순환고속도로,2,하행,1670002900,11,04,기타도로,06,경기도로
248,제1순환고속도로,2,하행,2100090400,18,04,기타도로,06,경기도로
248,제1순환고속도로,2,하행,2240014603,25,04,기타도로,06,경기도로
248,제1순환고속도로,2,하행,2260008301,32,04,기타도로,06,경기도로
248,제1순환고속도로,2,하행,2050006401,39,04,기타도로,06,경기도로
248,제1순환고속도로,2,하행,2270005900,45,04,기타도로,06,경기도로
248,제1순환고속도로,2,하행,2210002300,52,04,기타도로,06,경기도로
248,제1순환고속도로,2,하행,2220045500,59,04,기타도로,06,경기도로
248,제1순환고속도로,2,하행,2350025500,65,04,기타도로,06,경기도로
248,제1순환고속도로,2,하행,2180124700,72,04,기타도로,06,경기도로
249,서울춘천고속도로,1,상행,1005007700,7,04,기타도로,06,경기도로
249,서울춘천고속도로,1,상행,2390106400,13,04,기타도로,06,경기도로
249,서울춘천고속도로,2,하행,1005007800,7,04,기타도로,06,경기도로
250,서초대로,1,상행,1210016300,1,01,기본도로,03,주간선도로
250,서초대로,1,상행,1210022300,7,01,기본도로,03,주간선도로
250,서초대로,2,하행,1210016200,7,01,기본도로,03,주간선도로
251,서초중앙로,2,하행,1210022400,2,01,기본도로,04,보조간선도로
252,서해안고속도로,1,상행,2130000800,3,04,기타도로,06,경기도로
252,서해안고속도로,1,상행,2160018101,10,04,기타도로,06,경기도로
252,서해안고속도로,1,상행,2330053500,17,04,기타도로,06,경기도로
252,서해안고속도로,1,상행,2140027301,23,04,기타도로,06,경기도로
252,서해안고속도로,2,하행,2140027401,4,04,기타도로,06,경기도로
252,서해안고속도로,2,하행,2330060300,11,04,기타도로,06,경기도로
252,서해안고속도로,2,하행,2160018001,17,04,기타도로,06,경기도로
252,서해안고속도로,2,하행,2130000700,24,04,기타도로,06,경기도로
256,석촌호수로,1,상행,1230026900,1,01,기본도로,05,기타도로
256,석촌호수로,2,하행,1230020300,2,01,기본도로,05,기타도로
257,선릉로,1,상행,1220031000,4,01,기본도로,05,기타도로
257,선릉로,1,상행,1220008600,11,01,기본도로,05,기타도로
257,선릉로,2,하행,1220019300,5,01,기본도로,05,기타도로
257,선릉로,2,하행,1220036500,12,01,기본도로,05,기타도로
258,선유로,1,상행,1180037700,7,01,기본도로,03,주간선도로
258,선유로,2,하행,1180039600,3,01,기본도로,03,주간선도로
258,선유로,2,하행,1180015800,10,01,기본도로,03,주간선도로
259,선유서로,2,하행,1180020800,3,01,기본도로,05,기타도로
260,섬밭로,1,상행,1100014300,5,01,기본도로,05,기타도로
260,섬밭로,2,하행,1100012200,3,01,기본도로,05,기타도로
261,성균관로,1,상행,1000018900,1,01,기본도로,05,기타도로
262,성남대로,2,하행,2040005300,1,04,기타도로,06,경기도로
263,성내로,2,하행,1240006700,2,01,기본도로,05,기타도로
266,성북로,1,상행,1070007400,1,01,기본도로,04,보조간선도로
267,성산로,1,상행,1180004600,1,01,기본도로,03,주간선도로
267,성산로,1,상행,1120004500,8,01,기본도로,03,주간선도로
267,성산로,2,하행,1120005200,5,01,기본도로,03,주간선도로
268,성수이로,1,상행,1030005400,1,01,기본도로,05,기타도로
269,성수일로,2,하행,1030010600,2,01,기본도로,05,기타도로
270,성안로,2,하행,1240009900,2,01,기본도로,05,기타도로
271,성암로,1,상행,1130023900,4,01,기본도로,04,보조간선도로
272,성중길,1,상행,1130025400,2,01,기본도로,05,기타도로
273,세검정로,2,하행,1120013900,2,01,기본도로,03,주간선도로
274,세종대로,1,상행,1010005900,6,01,기본도로,03,주간선도로
274,세종대로,2,하행,1010018200,5,01,기본도로,03,주간선도로
278,소공로,1,상행,1010009500,2,01,기본도로,03,주간선도로
278,소공로,2,하행,1010009600,4,01,기본도로,03,주간선도로
279,소월로,1,상행,1020019100,5,01,기본도로,04,보조간선도로
279,소월로,2,하행,1020022000,5,01,기본도로,04,보조간선도로
282,소파로,1,상행,1010000700,1,01,기본도로,04,보조간선도로
283,솔샘로,1,상행,1080002600,3,01,기본도로,04,보조간선도로
283,솔샘로,2,하행,1080002100,5,01,기본도로,04,보조간선도로
286,송이로,1,상행,1230008200,4,01,기본도로,05,기타도로
286,송이로,2,하행,1230015100,2,01,기본도로,05,기타도로
287,송이로32길,2,하행,1230007300,1,01,기본도로,04,보조간선도로
288,송파대로,1,상행,1230002900,7,01,기본도로,03,주간선도로
288,송파대로,1,상행,1230001300,13,01,기본도로,03,주간선도로
288,송파대로,2,하행,1230002600,6,01,기본도로,03,주간선도로
288,송파대로,2,하행,1230004200,13,01,기본도로,03,주간선도로
291,수락산로,1,상행,1100034200,1,01,기본도로,05,기타도로
291,수락산로,2,하행,1100034100,4,01,기본도로,05,기타도로
293,수색로,1,상행,1110004000,7,01,기본도로,03,주간선도로
293,수색로,2,하행,1110003300,4,01,기본도로,03,주간선도로
294,수표로,2,하행,1010013000,1,01,기본도로,04,보조간선도로
295,시루봉로,2,하행,1090011200,3,01,기본도로,04,보조간선도로
296,시흥대로,1,상행,1170004400,5,01,기본도로,03,주간선도로
296,시흥대로,2,하행,1180006400,1,01,기본도로,03,주간선도로
296,시흥대로,2,하행,1170002900,8,01,기본도로,03,주간선도로
297,신길로,1,상행,1180008900,3,01,기본도로,04,보조간선도로
297,신길로,2,하행,1180012600,3,01,기본도로,04,보조간선도로
298,신내로,1,상행,1060020500,3,01,기본도로,04,보조간선도로
298,신내로,2,하행,1060014800,1,01,기본도로,04,보조간선도로
298,신내로,2,하행,1060021600,8,01,기본도로,04,보조간선도로
299,신림로,2,하행,1200000600,1,01,기본도로,04,보조간선도로
300,신목로,1,상행,1140019600,1,01,기본도로,04,보조간선도로
300,신목로,2,하행,1140019500,4,01,기본도로,04,보조간선도로
302,신반포로,1,상행,1210024200,6,01,기본도로,04,보조간선도로
302,신반포로,2,하행,1210026900,5,01,기본도로,04,보조간선도로
303,신사로,2,하행,1200007800,1,01,기본도로,05,기타도로
304,신월로,1,상행,1140015600,5,01,기본도로,04,보조간선도로
305,신이문로,2,하행,1050021100,1,01,기본도로,05,기타도로
308,올림픽로35길,1,상행,1230030000,1,01,기본도로,04,보조간선도로
309,신촌로,1,상행,1130002900,2,01,기본도로,03,주간선도로
309,신촌로,2,하행,1130003600,2,01,기본도로,03,주간선도로
311,신풍로,1,상행,1180009300,1,01,기본도로,04,보조간선도로
313,아리랑로,1,상행,1070012200,2,01,기본도로,04,보조간선도로
314,아리수로,1,상행,1240027300,5,01,기본도로,04,보조간선도로
314,아리수로,2,하행,1240028200,4,01,기본도로,04,보조간선도로
315,아리수로50길,2,하행,1240025300,2,01,기본도로,05,기타도로
317,아차산로,1,상행,1040010600,5,01,기본도로,04,보조간선도로
317,아차산로,1,상행,1030006800,11,01,기본도로,04,보조간선도로
317,아차산로,2,하행,1040010000,5,01,기본도로,04,보조간선도로
317,아차산로,2,하행,1040002600,12,01,기본도로,04,보조간선도로
319,안암로,1,상행,1070003400,3,01,기본도로,03,주간선도로
320,안양천로,1,상행,1140040100,2,01,기본도로,04,보조간선도로
320,안양천로,1,상행,1140018900,9,01,기본도로,04,보조간선도로
320,안양천로,1,상행,1160054500,15,01,기본도로,04,보조간선도로
320,안양천로,1,상행,2130035400,22,01,기본도로,04,보조간선도로
320,안양천로,1,상행,2130021800,29,01,기본도로,04,보조간선도로
320,안양천로,1,상행,1170018900,35,01,기본도로,04,보조간선도로
320,안양천로,2,하행,2130018300,5,01,기본도로,04,보조간선도로
320,안양천로,2,하행,2130027700,12,01,기본도로,04,보조간선도로
320,안양천로,2,하행,2130040700,18,01,기본도로,04,보조간선도로
320,안양천로,2,하행,1140002400,25,01,기본도로,04,보조간선도로
320,안양천로,2,하행,1140032600,32,01,기본도로,04,보조간선도로
321,압구정로,1,상행,1220035900,1,01,기본도로,04,보조간선도로
321,압구정로,2,하행,1220035800,4,01,기본도로,04,보조간선도로
322,약령시로,2,하행,1050014000,3,01,기본도로,05,기타도로
323,양녕로,1,상행,1190003000,5,01,기본도로,04,보조간선도로
323,양녕로,2,하행,1190002900,4,01,기본도로,04,보조간선도로
325,양산로(영등포),1,상행,1180026300,1,01,기본도로,05,기타도로
325,양산로(영등포),2,하행,1180027200,3,01,기본도로,05,기타도로
327,양재대로,1,상행,1210001800,4,01,기본도로,03,주간선도로
327,양재대로,1,상행,1220012900,11,01,기본도로,03,주간선도로
327,양재대로,1,상행,1230016000,17,01,기본도로,03,주간선도로
327,양재대로,1,상행,1240013000,24,01,기본도로,03,주간선도로
327,양재대로,2,하행,1240020100,3,01,기본도로,03,주간선도로
327,양재대로,2,하행,1230028700,9,01,기본도로,03,주간선도로
327,양재대로,2,하행,1220017000,16,01,기본도로,03,주간선도로
327,양재대로,2,하행,1210002700,23,01,기본도로,03,주간선도로
328,양재대로156길,1,상행,1240023700,1,01,기본도로,05,기타도로
330,양재천로,1,상행,1210011500,2,01,기본도로,05,기타도로
330,양재천로,2,하행,1220009800,4,01,기본도로,05,기타도로
331,양천로,1,상행,1150002600,4,01,기본도로,04,보조간선도로
331,양천로,2,하행,1150003600,1,01,기본도로,04,보조간선도로
331,양천로,2,하행,1150002700,6,01,기본도로,04,보조간선도로
333,양천로55길,1,상행,1150017300,1,01,기본도로,05,기타도로
336,양천로61길,1,상행,1150012800,1,01,기본도로,05,기타도로
337,양평로,2,하행,1180038500,1,01,기본도로,04,보조간선도로
338,양화로,2,하행,1130001600,1,01,기본도로,03,주간선도로
339,언주로,1,상행,1220035200,3,01,기본도로,03,주간선도로
339,언주로,1,상행,1220011400,10,01,기본도로,03,주간선도로
339,언주로,2,하행,1220006900,3,01,기본도로,03,주간선도로
339,언주로,2,하행,1220027500,9,01,기본도로,03,주간선도로
340,여의나루로,1,상행,3201505100,2,01,기본도로,05,기타도로
341,여의대로,1,상행,1180002400,3,01,기본도로,05,기타도로
342,여의대방로,1,상행,1180007500,1,01,기본도로,03,주간선도로
342,여의대방로,1,상행,1180019300,8,01,기본도로,03,주간선도로
342,여의대방로,2,하행,1180019200,4,01,기본도로,03,주간선도로
342,여의대방로,2,하행,1180007800,10,01,기본도로,03,주간선도로
343,여의동로,1,상행,1180017600,6,01,기본도로,04,보조간선도로
343,여의동로,2,하행,1180017700,4,01,기본도로,04,보조간선도로
344,여의서로,1,상행,1180025100,1,01,기본도로,04,보조간선도로
344,여의서로,2,하행,1180035300,1,01,기본도로,04,보조간선도로
345,역말로,1,상행,1110010800,1,01,기본도로,05,기타도로
346,역삼로,1,상행,1220019500,1,01,기본도로,04,보조간선도로
346,역삼로,2,하행,1220027000,1,01,기본도로,04,보조간선도로
347,연남로,1,상행,1130019300,1,01,기본도로,05,기타도로
348,연서로,1,상행,1110001600,3,01,기본도로,04,보조간선도로
348,연서로,2,하행,1110014500,3,01,기본도로,04,보조간선도로
350,연세로,1,상행,1120003300,1,01,기본도로,05,기타도로
351,연희로,1,상행,1120007200,3,01,기본도로,04,보조간선도로
351,연희로,2,하행,1120007100,4,01,기본도로,04,보조간선도로
353,영동고속도로,1,상행,2370016500,3,04,기타도로,06,경기도로
353,영동고속도로,1,상행,2300020401,9,04,기타도로,06,경기도로
353,영동고속도로,1,상행,2280043201,16,04,기타도로,06,경기도로
353,영동고속도로,1,상행,2030004700,23,04,기타도로,06,경기도로
353,영동고속도로,1,상행,2250003200,29,04,기타도로,06,경기도로
353,영동고속도로,1,상행,2170017200,36,04,기타도로,06,경기도로
353,영동고속도로,1,상행,1650004400,43,04,기타도로,06,경기도로
353,영동고속도로,2,하행,2170018201,6,04,기타도로,06,경기도로
353,영동고속도로,2,하행,2250001300,13,04,기타도로,06,경기도로
353,영동고속도로,2,하행,2030005301,20,04,기타도로,06,경기도로
353,영동고속도로,2,하행,2280054700,26,04,기타도로,06,경기도로
353,영동고속도로,2,하행,2300021201,33,04,기타도로,06,경기도로
353,영동고속도로,2,하행,2370016600,41,04,기타도로,06,경기도로
354,영동대로,1,상행,1220003100,6,01,기본도로,03,주간선도로
354,영동대로,2,하행,1220001600,3,01,기본도로,03,주간선도로
2,가락로,1,상행,1230016300,3,01,기본도로,05,기타도로
3,가로공원로,1,상행,1140033400,1,01,기본도로,04,보조간선도로
3,가로공원로,2,하행,1140034700,3,01,기본도로,04,보조간선도로
5,가마산로,1,상행,1180010800,3,01,기본도로,04,보조간선도로
5,가마산로,1,상행,1160006900,9,01,기본도로,04,보조간선도로
5,가마산로,2,하행,2130003800,2,01,기본도로,04,보조간선도로
5,가마산로,2,하행,1160011800,8,01,기본도로,04,보조간선도로
6,가산디지털1로,1,상행,1170010900,1,01,기본도로,05,기타도로
6,가산디지털1로,2,하행,1170004200,1,01,기본도로,05,기타도로
7,가산디지털2로,1,상행,1170005400,1,01,기본도로,05,기타도로
7,가산디지털2로,2,하행,1170010100,2,01,기본도로,05,기타도로
8,가산로,2,하행,1170007100,1,01,기본도로,04,보조간선도로
9,가양대로,2,하행,1130027000,1,01,기본도로,05,기타도로
10,가좌로,1,상행,1120011600,3,01,기본도로,04,보조간선도로
10,가좌로,2,하행,1110007300,2,01,기본도로,04,보조간선도로
10,가좌로,2,하행,1120009700,8,01,기본도로,04,보조간선도로
11,갈현로,2,하행,1110009300,3,01,기본도로,05,기타도로
12,강남대로,1,상행,1220011900,7,01,기본도로,03,주간선도로
12,강남대로,1,상행,1210030100,13,01,기본도로,03,주간선도로
12,강남대로,2,하행,1220030600,4,01,기본도로,03,주간선도로
12,강남대로,2,하행,1210011200,11,01,기본도로,03,주간선도로
13,강동대로,1,상행,1230035400,2,01,기본도로,03,주간선도로
13,강동대로,1,상행,1230032400,8,01,기본도로,03,주간선도로
13,강동대로,2,하행,1230034200,6,01,기본도로,03,주간선도로
14,강변북로,1,상행,2210044801,3,01,기본도로,02,도시고속도로
14,강변북로,1,상행,2210000500,9,01,기본도로,02,도시고속도로
14,강변북로,1,상행,1040000800,16,01,기본도로,02,도시고속도로
14,강변북로,1,상행,1020000900,22,01,기본도로,02,도시고속도로
14,강변북로,1,상행,1020001400,28,01,기본도로,02,도시고속도로
14,강변북로,1,상행,1130002400,35,01,기본도로,02,도시고속도로
14,강변북로,2,하행,1130005700,2,01,기본도로,02,도시고속도로
14,강변북로,2,하행,1130001300,8,01,기본도로,02,도시고속도로
14,강변북로,2,하행,1020000500,15,01,기본도로,02,도시고속도로
14,강변북로,2,하행,1030000900,21,01,기본도로,02,도시고속도로
14,강변북로,2,하행,1040000600,27,01,기본도로,02,도시고속도로
14,강변북로,2,하행,2210044400,34,01,기본도로,02,도시고속도로
14,강변북로,2,하행,2210044000,40,01,기본도로,02,도시고속도로
16,강변역로4길,1,상행,1040007100,1,01,기본도로,05,기타도로
17,강서로,1,상행,1150011200,6,01,기본도로,04,보조간선도로
17,강서로,1,상행,1140026300,12,01,기본도로,04,보조간선도로
17,강서로,2,하행,1150010300,6,01,기본도로,04,보조간선도로
18,강서로17길,1,상행,1150008300,1,01,기본도로,05,기타도로
20,개봉로,1,상행,3201504600,3,01,기본도로,04,보조간선도로
21,개포로,1,상행,1220015600,4,01,기본도로,05,기타도로
21,개포로,2,하행,1220015700,5,01,기본도로,05,기타도로
22,개화동로,1,상행,1150005000,4,01,기본도로,03,주간선도로
22,개화동로,2,하행,1150004100,5,01,기본도로,03,주간선도로
25,겸재로,1,상행,1060009400,3,01,기본도로,04,보조간선도로
25,겸재로,2,하행,1060009300,4,01,기본도로,04,보조간선도로
26,경부고속도로,1,상행,1210003900,4,01,기본도로,02,도시고속도로
26,경부고속도로,1,상행,2060010400,10,01,기본도로,02,도시고속도로
26,경부고속도로,1,상행,2280057600,17,01,기본도로,02,도시고속도로
26,경부고속도로,1,상행,2333346400,23,01,기본도로,02,도시고속도로
26,경부고속도로,1,상행,2140019701,29,01,기본도로,02,도시고속도로
26,경부고속도로,2,하행,2140019801,4,01,기본도로,02,도시고속도로
26,경부고속도로,2,하행,2330026003,10,01,기본도로,02,도시고속도로
26,경부고속도로,2,하행,2280057500,16,01,기본도로,02,도시고속도로
26,경부고속도로,2,하행,2060010300,23,01,기본도로,02,도시고속도로
26,경부고속도로,2,하행,1210004000,29,01,기본도로,02,도시고속도로
27,국회대로 지하차도,1,상행,1680004500,4,01,기본도로,02,도시고속도로
27,국회대로 지하차도,1,상행,2120002100,11,01,기본도로,02,도시고속도로
27,국회대로 지하차도,2,하행,1140029100,1,01,기본도로,02,도시고속도로
27,국회대로 지하차도,2,하행,2120002600,7,01,기본도로,02,도시고속도로
27,국회대로 지하차도,2,하행,1680002900,14,01,기본도로,02,도시고속도로
28,경인로,1,상행,1160000800,4,01,기본도로,03,주간선도로
28,경인로,1,상행,1160001900,10,01,기본도로,03,주간선도로
28,경인로,1,상행,1180001000,17,01,기본도로,03,주간선도로
28,경인로,2,하행,1180000700,4,01,기본도로,03,주간선도로
28,경인로,2,하행,1160002000,10,01,기본도로,03,주간선도로
28,경인로,2,하행,1160000500,17,01,기본도로,03,주간선도로
31,고덕로,1,상행,1240024100,1,01,기본도로,04,보조간선도로
31,고덕로,1,상행,1240021200,7,01,기본도로,04,보조간선도로
31,고덕로,2,하행,1240022200,6,01,기본도로,04,보조간선도로
32,고덕로55길,2,하행,1240022300,2,01,기본도로,05,기타도로
33,고덕로61길,2,하행,1240023100,3,01,기본도로,05,기타도로
36,고덕로80길,1,상행,1240019400,1,01,기본도로,05,기타도로
37,고산자로,1,상행,1030011800,3,01,기본도로,03,주간선도로
37,고산자로,1,상행,1050010600,9,01,기본도로,03,주간선도로
37,고산자로,2,하행,1050010500,4,01,기본도로,03,주간선도로
37,고산자로,2,하행,1030011700,10,01,기본도로,03,주간선도로
38,고척로,2,하행,1160013100,2,01,기본도로,05,기타도로
40,공릉로,1,상행,1100022900,1,01,기본도로,05,기타도로
40,공릉로,1,상행,1100012700,7,01,기본도로,05,기타도로
40,공릉로,2,하행,1060019000,1,01,기본도로,05,기타도로
40,공릉로,2,하행,1100015700,8,01,기본도로,05,기타도로
42,공항대로,1,상행,1150014400,2,01,기본도로,03,주간선도로
42,공항대로,1,상행,1150000500,8,01,기본도로,03,주간선도로
42,공항대로,2,하행,1150001400,5,01,기본도로,03,주간선도로
43,공항대로41길,1,상행,1150015700,2,01,기본도로,05,기타도로
46,관악로,1,상행,1200003400,2,01,기본도로,03,주간선도로
47,광나루로,1,상행,1030009600,2,01,기본도로,03,주간선도로
47,광나루로,1,상행,1040010400,14,01,기본도로,03,주간선도로
47,광나루로,2,하행,1040012900,5,01,기본도로,03,주간선도로
47,광나루로,2,하행,1030010800,11,01,기본도로,03,주간선도로
49,광운로,1,상행,1070021200,1,01,기본도로,05,기타도로
50,광평로,1,상행,1220013300,3,01,기본도로,03,주간선도로
51,구로동로,1,상행,1160009000,3,01,기본도로,04,보조간선도로
51,구로동로,2,하행,1160005300,5,01,기본도로,04,보조간선도로
52,구로중앙로,1,상행,1160016000,6,01,기본도로,04,보조간선도로
52,구로중앙로,2,하행,1160009300,6,01,기본도로,04,보조간선도로
55,구천면로,1,상행,1240014400,5,01,기본도로,04,보조간선도로
55,구천면로,1,상행,1240018400,11,01,기본도로,04,보조간선도로
55,구천면로,2,하행,1240018100,6,01,기본도로,04,보조간선도로
56,국제금융로,1,상행,1180023100,2,01,기본도로,05,기타도로
56,국제금융로,2,하행,1180019800,4,01,기본도로,05,기타도로
57,국회대로,1,상행,1140029300,6,01,기본도로,03,주간선도로
57,국회대로,1,상행,1180030100,13,01,기본도로,03,주간선도로
57,국회대로,2,하행,1180036400,2,01,기본도로,03,주간선도로
57,국회대로,2,하행,1180031900,8,01,기본도로,03,주간선도로
57,국회대로,2,하행,1140028100,15,01,기본도로,03,주간선도로
59,금낭화로,1,상행,1150017900,1,01,기본도로,05,기타도로
59,금낭화로,1,상행,1150022100,7,01,기본도로,05,기타도로
59,금낭화로,2,하행,1150017800,7,01,기본도로,05,기타도로
62,금하로,2,하행,1170002200,1,01,기본도로,04,보조간선도로
63,금호로,1,상행,1030015000,4,01,기본도로,04,보조간선도로
64,기아로,1,상행,1170001500,1,01,기본도로,04,보조간선도로
65,긴고랑로,2,하행,1040016200,1,01,기본도로,05,기타도로
66,김포대로,2,하행,1150005100,1,01,기본도로,05,기타도로
68,나루터로,2,하행,1210029500,2,01,기본도로,05,기타도로
70,난계로,1,상행,1010019400,4,01,기본도로,04,보조간선도로
70,난계로,2,하행,1030012900,5,01,기본도로,04,보조간선도로
71,난곡로,2,하행,1200006100,2,01,기본도로,04,보조간선도로
72,남대문로,1,상행,1010007100,3,01,기본도로,04,보조간선도로
73,남대문로7길,1,상행,1010009100,1,01,기본도로,05,기타도로
74,남부순환로,1,상행,1140023300,6,01,기본도로,03,주간선도로
74,남부순환로,1,상행,1160010900,12,01,기본도로,03,주간선도로
74,남부순환로,1,상행,1200005800,18,01,기본도로,03,주간선도로
74,남부순환로,1,상행,1200001900,25,01,기본도로,03,주간선도로
74,남부순환로,1,상행,1210013500,31,01,기본도로,03,주간선도로
74,남부순환로,1,상행,1220010700,37,01,기본도로,03,주간선도로
74,남부순환로,1,상행,1220022000,44,01,기본도로,03,주간선도로
74,남부순환로,2,하행,1220021200,5,01,기본도로,03,주간선도로
74,남부순환로,2,하행,1210015400,11,01,기본도로,03,주간선도로
74,남부순환로,2,하행,1210009900,18,01,기본도로,03,주간선도로
74,남부순환로,2,하행,1200006000,25,01,기본도로,03,주간선도로
74,남부순환로,2,하행,1160009600,33,01,기본도로,03,주간선도로
74,남부순환로,2,하행,1140030800,41,01,기본도로,03,주간선도로
80,노들로,1,상행,1180004700,1,01,기본도로,03,주간선도로
80,노들로,1,상행,1180034600,7,01,기본도로,03,주간선도로
80,노들로,2,하행,1190007400,2,01,기본도로,03,주간선도로
80,노들로,2,하행,1180040700,8,01,기본도로,03,주간선도로
81,노량진로,1,상행,1190006300,2,01,기본도로,04,보조간선도로
82,노량진로23길,1,상행,1190005400,1,01,기본도로,05,기타도로
83,노원로,1,상행,1100022000,5,01,기본도로,04,보조간선도로
83,노원로,1,상행,1100030400,11,01,기본도로,04,보조간선도로
83,노원로,2,하행,1100031500,3,01,기본도로,04,보조간선도로
83,노원로,2,하행,1100025900,9,01,기본도로,04,보조간선도로
83,노원로,2,하행,1100009700,15,01,기본도로,04,보조간선도로
85,노해로,1,상행,1090005900,5,01,기본도로,04,보조간선도로
85,노해로,1,상행,1080012300,11,01,기본도로,04,보조간선도로
85,노해로,2,하행,1090005600,5,01,기본도로,04,보조간선도로
85,노해로,2,하행,1100029600,12,01,기본도로,04,보조간선도로
86,녹사평대로,1,상행,1020004900,6,01,기본도로,03,주간선도로
86,녹사평대로,2,하행,1020021200,6,01,기본도로,03,주간선도로
89,논현로,1,상행,1220034400,3,01,기본도로,03,주간선도로
89,논현로,1,상행,1220013400,9,01,기본도로,03,주간선도로
89,논현로,2,하행,1220006300,1,01,기본도로,03,주간선도로
89,논현로,2,하행,1220023000,8,01,기본도로,03,주간선도로
89,논현로,2,하행,1220037100,14,01,기본도로,03,주간선도로
90,능동로,1,상행,1040016700,6,01,기본도로,04,보조간선도로
91,다산로,1,상행,1010019100,1,01,기본도로,04,보조간선도로
91,다산로,2,하행,1010001800,2,01,기본도로,04,보조간선도로
92,답십리로,1,상행,1050005800,3,01,기본도로,04,보조간선도로
92,답십리로,1,상행,1050011000,10,01,기본도로,04,보조간선도로
92,답십리로,2,하행,1050006900,6,01,기본도로,04,보조간선도로
93,당산로,1,상행,1180021900,2,01,기본도로,04,보조간선도로
93,당산로,2,하행,1180038200,2,01,기본도로,04,보조간선도로
94,당산로54길,1,상행,1180036600,1,01,기본도로,04,보조간선도로
95,대림로,1,상행,1200010100,5,01,기본도로,04,보조간선도로
96,대방천길,2,하행,1180012400,1,01,기본도로,04,보조간선도로
97,대방천로,2,하행,1180012200,1,01,기본도로,04,보조간선도로
98,대학로,1,상행,1000016000,2,01,기본도로,03,주간선도로
99,대흥로,2,하행,1130007900,1,01,기본도로,04,보조간선도로
100,덕릉로,1,상행,1080007200,3,01,기본도로,04,보조간선도로
100,덕릉로,1,상행,1090002000,10,01,기본도로,04,보조간선도로
100,덕릉로,1,상행,1100024000,16,01,기본도로,04,보조간선도로
100,덕릉로,2,하행,1100035700,1,01,기본도로,04,보조간선도로
100,덕릉로,2,하행,1100022800,10,01,기본도로,04,보조간선도로
100,덕릉로,2,하행,1080008900,17,01,기본도로,04,보조간선도로
100,덕릉로,2,하행,1080006900,22,01,기본도로,04,보조간선도로
102,도곡로,1,상행,1220020900,4,01,기본도로,04,보조간선도로
102,도곡로,2,하행,1220024200,3,01,기본도로,04,보조간선도로
103,도곡로62길,1,상행,1230017500,1,01,기본도로,05,기타도로
104,도당로,2,하행,1090009300,3,01,기본도로,05,기타도로
105,도림로,1,상행,1180009000,7,01,기본도로,04,보조간선도로
105,도림로,2,하행,1160007400,1,01,기본도로,04,보조간선도로
105,도림로,2,하행,1180011700,8,01,기본도로,04,보조간선도로
106,도림천로,1,상행,1160011200,3,01,기본도로,03,주간선도로
106,도림천로,1,상행,1180017100,9,01,기본도로,03,주간선도로
106,도림천로,2,하행,1160011100,7,01,기본도로,03,주간선도로
107,도봉로,1,상행,1080009400,5,01,기본도로,03,주간선도로
107,도봉로,1,상행,1090009000,11,01,기본도로,03,주간선도로
107,도봉로,2,하행,1090000300,2,01,기본도로,03,주간선도로
107,도봉로,2,하행,1090001700,9,01,기본도로,03,주간선도로
107,도봉로,2,하행,1080002700,15,01,기본도로,03,주간선도로
110,도봉산길,2,하행,1090013100,1,01,기본도로,04,보조간선도로
111,도산대로,2,하행,1220033700,2,01,기본도로,04,보조간선도로
112,도신로,1,상행,1180012000,3,01,기본도로,04,보조간선도로
112,도신로,2,하행,1180014100,5,01,기본도로,04,보조간선도로
113,독막로,1,상행,1130012600,7,01,기본도로,04,보조간선도로
113,독막로,2,하행,1130010700,6,01,기본도로,04,보조간선도로
114,독산로,2,하행,1170002000,1,01,기본도로,04,보조간선도로
115,독서당로,1,상행,1030008900,3,01,기본도로,04,보조간선도로
115,독서당로,2,하행,1030009700,4,01,기본도로,04,보조간선도로
117,돌곶이로,1,상행,1070020500,1,01,기본도로,04,보조간선도로
117,돌곶이로,2,하행,1070020600,4,01,기본도로,04,보조간선도로
118,동교로,2,하행,1130014400,1,01,기본도로,05,기타도로
119,동남로,1,상행,1240023500,3,01,기본도로,04,보조간선도로
119,동남로,1,상행,1230031700,10,01,기본도로,04,보조간선도로
119,동남로,1,상행,1230009300,16,01,기본도로,04,보조간선도로
119,동남로,2,하행,1230012200,5,01,기본도로,04,보조간선도로
119,동남로,2,하행,1240011000,12,01,기본도로,04,보조간선도로
119,동남로,2,하행,1240027800,18,01,기본도로,04,보조간선도로
123,동남로82길,1,상행,1240026900,1,01,기본도로,05,기타도로
124,동부간선도로,1,상행,1060004100,6,01,기본도로,02,도시고속도로
124,동부간선도로,1,상행,1100003400,12,01,기본도로,02,도시고속도로
124,동부간선도로,2,하행,1100005300,2,01,기본도로,02,도시고속도로
124,동부간선도로,2,하행,1100001900,9,01,기본도로,02,도시고속도로
124,동부간선도로,2,하행,1030001800,13,01,기본도로,02,도시고속도로
125,동소문로,1,상행,1070011200,5,01,기본도로,03,주간선도로
125,동소문로,2,하행,1070007700,6,01,기본도로,03,주간선도로
127,동일로,1,상행,1030002200,4,01,기본도로,03,주간선도로
127,동일로,1,상행,1060001000,11,01,기본도로,03,주간선도로
127,동일로,1,상행,1060005100,18,01,기본도로,03,주간선도로
127,동일로,1,상행,1100001600,25,01,기본도로,03,주간선도로
127,동일로,1,상행,1100003600,31,01,기본도로,03,주간선도로
127,동일로,1,상행,1100006600,38,01,기본도로,03,주간선도로
127,동일로,2,하행,1100004500,6,01,기본도로,03,주간선도로
127,동일로,2,하행,1100002300,12,01,기본도로,03,주간선도로
127,동일로,2,하행,1100000300,19,01,기본도로,03,주간선도로
127,동일로,2,하행,1060003500,26,01,기본도로,03,주간선도로
127,동일로,2,하행,1060000300,32,01,기본도로,03,주간선도로
127,동일로,2,하행,1030000100,39,01,기본도로,03,주간선도로
131,동일로214길,1,상행,1100026600,1,01,기본도로,05,기타도로
133,동작대로,1,상행,1210013300,1,01,기본도로,03,주간선도로
133,동작대로,2,하행,1020002700,1,01,기본도로,03,주간선도로
134,동호로,1,상행,1000005900,1,01,기본도로,03,주간선도로
134,동호로,1,상행,1030012300,7,01,기본도로,03,주간선도로
134,동호로,2,하행,1010003800,5,01,기본도로,03,주간선도로
136,두텁바위로,1,상행,1020018900,1,01,기본도로,04,보조간선도로
138,디지털로,1,상행,1180006800,1,01,기본도로,04,보조간선도로
138,디지털로,1,상행,3201509800,8,01,기본도로,04,보조간선도로
138,디지털로,2,하행,3201509900,4,01,기본도로,04,보조간선도로
138,디지털로,2,하행,1180006100,10,01,기본도로,04,보조간선도로
141,뚝섬로,1,상행,1030008000,2,01,기본도로,04,보조간선도로
141,뚝섬로,1,상행,1040006600,9,01,기본도로,04,보조간선도로
141,뚝섬로,2,하행,1040008100,4,01,기본도로,04,보조간선도로
141,뚝섬로,2,하행,1030006500,11,01,기본도로,04,보조간선도로
142,마들로,1,상행,1090008600,7,01,기본도로,04,보조간선도로
142,마들로,2,하행,1090012500,2,01,기본도로,04,보조간선도로
142,마들로,2,하행,1100014500,9,01,기본도로,04,보조간선도로
143,마른내로,1,상행,1010010700,5,01,기본도로,04,보조간선도로
144,마방로,1,상행,1210010700,1,01,기본도로,05,기타도로
145,마장로,1,상행,1030019200,6,01,기본도로,04,보조간선도로
145,마장로,2,하행,1030019100,4,01,기본도로,04,보조간선도로
146,마장로1길,1,상행,1010018900,1,01,기본도로,05,기타도로
148,마천로,1,상행,1230011200,2,01,기본도로,05,기타도로
148,마천로,2,하행,1230015700,3,01,기본도로,05,기타도로
149,마포대로,1,상행,1130001100,3,01,기본도로,03,주간선도로
149,마포대로,2,하행,1130002800,5,01,기본도로,03,주간선도로
151,망우로,1,상행,2210003500,1,01,기본도로,03,주간선도로
151,망우로,1,상행,1060002100,7,01,기본도로,03,주간선도로
151,망우로,1,상행,1050002600,14,01,기본도로,03,주간선도로
151,망우로,2,하행,1060001800,7,01,기본도로,03,주간선도로
151,망우로,2,하행,1060003200,14,01,기본도로,03,주간선도로
153,망원로,1,상행,1130018100,4,01,기본도로,05,기타도로
154,매봉산로,1,상행,1130027100,1,01,기본도로,05,기타도로
155,면목로,1,상행,1060012500,2,01,기본도로,04,보조간선도로
155,면목로,1,상행,1040014600,8,01,기본도로,04,보조간선도로
155,면목로,2,하행,1060012600,7,01,기본도로,04,보조간선도로
156,면목천로,2,하행,1060007700,3,01,기본도로,04,보조간선도로
159,명일로,1,상행,1240019100,1,01,기본도로,05,기타도로
159,명일로,2,하행,1240008600,2,01,기본도로,05,기타도로
160,모래내로,1,상행,1130022900,3,01,기본도로,04,보조간선도로
160,모래내로,2,하행,1120012700,1,01,기본도로,04,보조간선도로
160,모래내로,2,하행,1130021100,8,01,기본도로,04,보조간선도로
163,목동동로,1,상행,1140004500,1,01,기본도로,04,보조간선도로
163,목동동로,1,상행,1140005600,7,01,기본도로,04,보조간선도로
163,목동동로,1,상행,1140013400,14,01,기본도로,04,보조간선도로
163,목동동로,1,상행,1140026600,21,01,기본도로,04,보조간선도로
163,목동동로,1,상행,1140025200,27,01,기본도로,04,보조간선도로
163,목동동로,1,상행,1140034600,34,01,기본도로,04,보조간선도로
164,목동로,1,상행,1140018200,5,01,기본도로,04,보조간선도로
164,목동로,2,하행,1140001500,5,01,기본도로,04,보조간선도로
165,목동서로,1,상행,1140032700,6,01,기본도로,04,보조간선도로
165,목동서로,1,상행,1140023100,13,01,기본도로,04,보조간선도로
165,목동서로,1,상행,1140018300,19,01,기본도로,04,보조간선도로
165,목동서로,1,상행,1140008700,26,01,기본도로,04,보조간선도로
166,목동중앙로,1,상행,1140037400,4,01,기본도로,04,보조간선도로
166,목동중앙로,2,하행,1140037300,3,01,기본도로,04,보조간선도로
167,무교로,1,상행,1000006800,4,01,기본도로,05,기타도로
168,무학로,2,하행,1050011900,1,01,기본도로,04,보조간선도로
169,문래로,1,상행,1180021200,2,01,기본도로,05,기타도로
170,문성로,1,상행,1170008400,1,01,기본도로,04,보조간선도로
171,문정로,1,상행,1230012900,2,01,기본도로,05,기타도로
171,문정로,2,하행,1230007200,2,01,기본도로,05,기타도로
173,반포대로,1,상행,1210014100,1,01,기본도로,03,주간선도로
173,반포대로,2,하행,1210028800,1,01,기본도로,03,주간선도로
173,반포대로,2,하행,1210014000,7,01,기본도로,03,주간선도로
175,밤고개로,2,하행,1220006600,2,01,기본도로,03,주간선도로
176,방배로,2,하행,1210018800,2,01,기본도로,04,보조간선도로
177,방학로,1,상행,1090010100,4,01,기본도로,04,보조간선도로
177,방학로,2,하행,1090009900,5,01,기본도로,04,보조간선도로
181,방화동로,1,상행,1150017700,2,01,기본도로,05,기타도로
182,백범로,1,상행,1130010900,3,01,기본도로,04,보조간선도로
182,백범로,2,하행,1020013200,2,01,기본도로,04,보조간선도로
182,백범로,2,하행,1130015000,9,01,기본도로,04,보조간선도로
185,백제고분로,1,상행,1230017100,3,01,기본도로,04,보조간선도로
185,백제고분로,2,하행,1230018900,3,01,기본도로,04,보조간선도로
186,버드나루로,2,하행,1180034200,1,01,기본도로,04,보조간선도로
188,범안로,1,상행,1170003700,3,01,기본도로,04,보조간선도로
189,벚꽃로,1,상행,3201504800,2,01,기본도로,05,기타도로
189,벚꽃로,2,하행,1170009500,2,01,기본도로,05,기타도로
190,보광로,1,상행,1020006400,1,01,기본도로,05,기타도로
191,보국문로,1,상행,1070015700,2,01,기본도로,04,보조간선도로
193,보문로,1,상행,1070006700,1,01,기본도로,03,주간선도로
193,보문로,2,하행,1070002600,2,01,기본도로,03,주간선도로
194,봉우재로,1,상행,1060010700,4,01,기본도로,04,보조간선도로
195,봉은사로,1,상행,1220030800,3,01,기본도로,03,주간선도로
195,봉은사로,2,하행,1220028300,2,01,기본도로,03,주간선도로
197,봉천로,1,상행,1200010400,1,01,기본도로,03,주간선도로
197,봉천로,2,하행,1200005600,2,01,기본도로,03,주간선도로
198,봉화산로,1,상행,1060015200,2,01,기본도로,04,보조간선도로
198,봉화산로,2,하행,1060015100,4,01,기본도로,04,보조간선도로
199,부일로,2,하행,1160009800,2,01,기본도로,05,기타도로
200,북부간선도로,2,하행,1060006700,1,01,기본도로,02,도시고속도로
201,북악산로,1,상행,1000016900,5,01,기본도로,04,보조간선도로
202,북촌로,1,상행,1000018400,2,01,기본도로,05,기타도로
203,북한산로,2,하행,1110015900,2,01,기본도로,04,보조간선도로
204,분당수서로,2,하행,1220001800,2,01,기본도로,02,도시고속도로
205,불광로,2,하행,1110014700,1,01,기본도로,05,기타도로
207,사가정로,1,상행,1050006400,2,01,기본도로,04,보조간선도로
207,사가정로,1,상행,1060008100,9,01,기본도로,04,보조간선도로
207,사가정로,2,하행,1050011300,6,01,기본도로,04,보조간선도로
208,사당로,1,상행,1190000800,2,01,기본도로,03,주간선도로
209,사임당로,2,하행,1210019100,2,01,기본도로,04,보조간선도로
210,사직로,1,상행,1000012200,6,01,기본도로,03,주간선도로
210,사직로,2,하행,1000007900,6,01,기본도로,03,주간선도로
212,사평대로,1,상행,1210022800,1,01,기본도로,03,주간선도로
212,사평대로,2,하행,1210025400,1,01,기본도로,03,주간선도로
212,사평대로,2,하행,1210022900,7,01,기본도로,03,주간선도로
213,살곶이길,2,하행,1030013600,2,01,기본도로,04,보조간선도로
214,삼각산로,2,하행,1080010600,1,01,기본도로,05,기타도로
216,삼선교로,1,상행,1070004800,2,01,기본도로,04,보조간선도로
217,삼성로,1,상행,1220024800,5,01,기본도로,04,보조간선도로
217,삼성로,2,하행,1220012700,2,01,기본도로,04,보조간선도로
217,삼성로,2,하행,1220029300,8,01,기본도로,04,보조간선도로
218,삼양로,1,상행,1080005800,5,01,기본도로,04,보조간선도로
218,삼양로,2,하행,1080011900,3,01,기본도로,04,보조간선도로
218,삼양로,2,하행,1070012900,10,01,기본도로,04,보조간선도로
219,삼일대로,1,상행,1010003300,7,01,기본도로,03,주간선도로
219,삼일대로,2,하행,1000004000,6,01,기본도로,03,주간선도로
491,헌릉로,2,하행,1230000400,2,01,기본도로,03,주간선도로
492,현충로,1,상행,1190003600,2,01,기본도로,03,주간선도로
493,혜화로,2,하행,1000019900,1,01,기본도로,05,기타도로
495,홍릉로,1,상행,1050015200,2,01,기본도로,05,기타도로
496,홍익로,2,하행,1130015900,1,01,기본도로,04,보조간선도로
499,화곡로,1,상행,1140037900,1,01,기본도로,04,보조간선도로
499,화곡로,1,상행,1150016500,8,01,기본도로,04,보조간선도로
499,화곡로,2,하행,1150012200,5,01,기본도로,04,보조간선도로
500,화랑로,1,상행,1070011800,3,01,기본도로,03,주간선도로
500,화랑로,1,상행,1100007400,10,01,기본도로,03,주간선도로
500,화랑로,1,상행,1100013000,16,01,기본도로,03,주간선도로
500,화랑로,2,하행,1100007300,7,01,기본도로,03,주간선도로
500,화랑로,2,하행,1005003800,14,01,기본도로,03,주간선도로
502,회기로,1,상행,1050018500,4,01,기본도로,04,보조간선도로
503,회기로5길,1,상행,1050020300,1,01,기본도로,05,기타도로
504,효령로,1,상행,1210013000,6,01,기본도로,04,보조간선도로
504,효령로,2,하행,1210015900,5,01,기본도로,04,보조간선도로
506,효창원로,1,상행,1020016700,1,01,기본도로,05,기타도로
506,효창원로,2,하행,1020016800,4,01,기본도로,05,기타도로
508,휘경로,1,상행,1050019700,2,01,기본도로,05,기타도로
510,수도권제2순환고속도로,1,상행,2230080700,3,04,기타도로,06,경기도로
510,수도권제2순환고속도로,1,상행,2333261500,10,04,기타도로,06,경기도로
510,수도권제2순환고속도로,2,하행,2230079100,6,04,기타도로,06,경기도로
511,평택음성고속도로,1,상행,2310237400,3,04,기타도로,06,경기도로
511,평택음성고속도로,1,상행,2310236300,10,04,기타도로,06,경기도로
511,평택음성고속도로,1,상행,2310028100,16,04,기타도로,06,경기도로
511,평택음성고속도로,2,하행,2140039200,2,04,기타도로,06,경기도로
511,평택음성고속도로,2,하행,2310029101,9,04,기타도로,06,경기도로
511,평택음성고속도로,2,하행,2310236800,15,04,기타도로,06,경기도로
512,오산-화성고속도로,1,상행,2230079800,1,04,기타도로,06,경기도로
513,인천대교고속도로,1,상행,1610049900,2,04,기타도로,06,경기도로
513,인천대교고속도로,1,상행,1640054800,8,04,기타도로,06,경기도로
513,인천대교고속도로,2,하행,1610051100,6,04,기타도로,06,경기도로
514,일반국도77호선,1,상행,1650000300,4,04,기타도로,06,경기도로
514,일반국도77호선,2,하행,1640000200,5,04,기타도로,06,경기도로
515,중부내륙고속도로,1,상행,2400219100,7,04,기타도로,06,경기도로
515,중부내륙고속도로,1,상행,2370188800,14,04,기타도로,06,경기도로
515,중부내륙고속도로,1,상행,2370187600,20,04,기타도로,06,경기도로
515,중부내륙고속도로,1,상행,2370182001,27,04,기타도로,06,경기도로
515,중부내륙고속도로,2,하행,2370184602,4,04,기타도로,06,경기도로
515,중부내륙고속도로,2,하행,2370187200,11,04,기타도로,06,경기도로
515,중부내륙고속도로,2,하행,2370189500,22,04,기타도로,06,경기도로
515,중부내륙고속도로,2,하행,2400219200,29,04,기타도로,06,경기도로
516,평택-시흥고속국도,1,상행,2333333100,4,04,기타도로,06,경기도로
516,평택-시흥고속국도,1,상행,2333336800,11,04,기타도로,06,경기도로
516,평택-시흥고속국도,1,상행,2333342400,18,04,기타도로,06,경기도로
516,평택-시흥고속국도,1,상행,2333342800,24,04,기타도로,06,경기도로
516,평택-시흥고속국도,1,상행,2333343500,31,04,기타도로,06,경기도로
516,평택-시흥고속국도,1,상행,2333344200,38,04,기타도로,06,경기도로
516,평택-시흥고속국도,1,상행,2333344800,44,04,기타도로,06,경기도로
516,평택-시흥고속국도,1,상행,2333345500,51,04,기타도로,06,경기도로
516,평택-시흥고속국도,1,상행,2333346200,58,04,기타도로,06,경기도로
516,평택-시흥고속국도,1,상행,2333328600,64,04,기타도로,06,경기도로
516,평택-시흥고속국도,1,상행,2333329300,71,04,기타도로,06,경기도로
516,평택-시흥고속국도,1,상행,2333332800,78,04,기타도로,06,경기도로
516,평택-시흥고속국도,1,상행,2333337300,84,04,기타도로,06,경기도로
516,평택-시흥고속국도,1,상행,2170210700,91,04,기타도로,06,경기도로
516,평택-시흥고속국도,1,상행,2240157900,98,04,기타도로,06,경기도로
516,평택-시흥고속국도,2,하행,2240157800,1,04,기타도로,06,경기도로
516,평택-시흥고속국도,2,하행,2170209900,8,04,기타도로,06,경기도로
516,평택-시흥고속국도,2,하행,2170207400,15,04,기타도로,06,경기도로
516,평택-시흥고속국도,2,하행,2333341700,21,04,기타도로,06,경기도로
516,평택-시흥고속국도,2,하행,2333341000,28,04,기타도로,06,경기도로
516,평택-시흥고속국도,2,하행,2333340300,35,04,기타도로,06,경기도로
516,평택-시흥고속국도,2,하행,2333339700,41,04,기타도로,06,경기도로
516,평택-시흥고속국도,2,하행,2333338900,48,04,기타도로,06,경기도로
516,평택-시흥고속국도,2,하행,2333338200,55,04,기타도로,06,경기도로
516,평택-시흥고속국도,2,하행,2333337600,61,04,기타도로,06,경기도로
516,평택-시흥고속국도,2,하행,2333335300,68,04,기타도로,06,경기도로
516,평택-시흥고속국도,2,하행,2333334600,75,04,기타도로,06,경기도로
516,평택-시흥고속국도,2,하행,2333333400,81,04,기타도로,06,경기도로
516,평택-시흥고속국도,2,하행,2333330700,88,04,기타도로,06,경기도로
516,평택-시흥고속국도,2,하행,2333336000,95,04,기타도로,06,경기도로
516,평택-시흥고속국도,2,하행,2140193000,101,04,기타도로,06,경기도로
517,평택-화성고속도로,1,상행,2140191000,5,04,기타도로,06,경기도로
517,평택-화성고속도로,2,하행,2333264300,2,04,기타도로,06,경기도로
517,평택-화성고속도로,2,하행,2140189800,9,04,기타도로,06,경기도로
518,바우뫼로,2,하행,3201503800,1,01,기본도로,05,기타도로
519,오정로,1,상행,2120006301,4,01,기본도로,05,기타도로
519,오정로,2,하행,2120006500,3,01,기본도로,05,기타도로
520,토성로,1,상행,3201502500,1,01,기본도로,05,기타도로
522,도당로13길,1,상행,3201500900,1,01,기본도로,05,기타도로
525,올림픽로43길,1,상행,3201503000,1,01,기본도로,05,기타도로
371,용마산로,1,상행,1040016400,10,01,기본도로,04,보조간선도로
371,용마산로,2,하행,1060010000,6,01,기본도로,04,보조간선도로
372,용인서울고속도로,1,상행,2030046600,2,04,기타도로,06,경기도로
354,영동대로,2,하행,1220004300,10,01,기본도로,03,주간선도로
355,영등포로,1,상행,1180022200,5,01,기본도로,04,보조간선도로
355,영등포로,2,하행,1180022300,4,01,기본도로,04,보조간선도로
356,영신로,1,상행,1180032400,2,01,기본도로,05,기타도로
356,영신로,2,하행,1180024500,3,01,기본도로,05,기타도로
357,영중로,1,상행,1180028100,4,01,기본도로,04,보조간선도로
357,영중로,2,하행,1180018000,5,01,기본도로,04,보조간선도로
358,오금로,1,상행,1230020000,7,01,기본도로,04,보조간선도로
358,오금로,2,하행,1230027900,2,01,기본도로,04,보조간선도로
358,오금로,2,하행,1230016900,8,01,기본도로,04,보조간선도로
360,오리로,1,상행,3201508200,1,01,기본도로,04,보조간선도로
360,오리로,2,하행,1160009200,3,01,기본도로,04,보조간선도로
361,오목로,1,상행,1140019200,4,01,기본도로,04,보조간선도로
361,오목로,2,하행,1140017000,2,01,기본도로,04,보조간선도로
361,오목로,2,하행,1180027800,9,01,기본도로,04,보조간선도로
362,오패산로,2,하행,1080009100,1,01,기본도로,04,보조간선도로
363,오현로,1,상행,1080002000,3,01,기본도로,04,보조간선도로
364,올림픽대로,1,상행,1240003100,4,01,기본도로,02,도시고속도로
364,올림픽대로,1,상행,1230004400,10,01,기본도로,02,도시고속도로
364,올림픽대로,1,상행,1210004900,17,01,기본도로,02,도시고속도로
364,올림픽대로,1,상행,1180005100,24,01,기본도로,02,도시고속도로
364,올림픽대로,1,상행,1150006600,30,01,기본도로,02,도시고속도로
364,올림픽대로,2,하행,1180005000,7,01,기본도로,02,도시고속도로
364,올림픽대로,2,하행,1210005000,14,01,기본도로,02,도시고속도로
364,올림픽대로,2,하행,1230004500,20,01,기본도로,02,도시고속도로
364,올림픽대로,2,하행,1240003200,27,01,기본도로,02,도시고속도로
365,올림픽로,1,상행,1230025000,3,01,기본도로,03,주간선도로
365,올림픽로,1,상행,1230033300,9,01,기본도로,03,주간선도로
365,올림픽로,1,상행,1240015200,16,01,기본도로,03,주간선도로
365,올림픽로,2,하행,1240018500,3,01,기본도로,03,주간선도로
365,올림픽로,2,하행,1230036800,9,01,기본도로,03,주간선도로
365,올림픽로,2,하행,1230028300,16,01,기본도로,03,주간선도로
366,올림픽로92길,2,하행,1240015600,1,01,기본도로,05,기타도로
368,와우산로,1,상행,1130017400,4,01,기본도로,05,기타도로
369,왕산로,1,상행,1050001400,3,01,기본도로,03,주간선도로
369,왕산로,2,하행,1050000900,2,01,기본도로,03,주간선도로
369,왕산로,2,하행,1050002100,8,01,기본도로,03,주간선도로
370,왕십리로,1,상행,1030014400,7,01,기본도로,03,주간선도로
370,왕십리로,2,하행,1030013900,5,01,기본도로,03,주간선도로
371,용마산로,1,상행,1060004600,2,01,기본도로,04,보조간선도로
372,용인서울고속도로,1,상행,2280216200,3,04,기타도로,06,경기도로
372,용인서울고속도로,1,상행,2060178700,10,04,기타도로,06,경기도로
372,용인서울고속도로,1,상행,1005005600,17,04,기타도로,06,경기도로
372,용인서울고속도로,2,하행,1005006500,1,04,기타도로,06,경기도로
372,용인서울고속도로,2,하행,1005005100,8,04,기타도로,06,경기도로
372,용인서울고속도로,2,하행,2060177100,15,04,기타도로,06,경기도로
372,용인서울고속도로,2,하행,2030046200,21,04,기타도로,06,경기도로
374,우면산로,2,하행,1210008800,1,01,기본도로,05,기타도로
376,우정국로,2,하행,1000009100,1,01,기본도로,04,보조간선도로
377,원효로,1,상행,1020013000,4,01,기본도로,03,주간선도로
378,월계로,1,상행,1070016600,1,01,기본도로,04,보조간선도로
1025,돈암-창동선,2,하행,1070017300,12,02,기능별,12,보조간선 기능별
1026,동교-월곡선,1,상행,1070014700,4,02,기능별,12,보조간선 기능별
1026,동교-월곡선,1,상행,1120005400,18,02,기능별,12,보조간선 기능별
1026,동교-월곡선,2,하행,1070014800,7,02,기능별,12,보조간선 기능별
1026,동교-월곡선,2,하행,1120007100,14,02,기능별,12,보조간선 기능별
1027,동선-정릉선,2,하행,1070012100,1,02,기능별,12,보조간선 기능별
1035,문정-고덕선,1,상행,1230012200,9,02,기능별,12,보조간선 기능별
1035,문정-고덕선,1,상행,1240011000,16,02,기능별,12,보조간선 기능별
1035,문정-고덕선,2,하행,1230005700,4,02,기능별,12,보조간선 기능별
1035,문정-고덕선,2,하행,1230018500,11,02,기능별,12,보조간선 기능별
1035,문정-고덕선,2,하행,1240015300,18,02,기능별,12,보조간선 기능별
1036,미아-상계선,1,상행,1100016400,6,02,기능별,12,보조간선 기능별
1036,미아-상계선,1,상행,1080001200,13,02,기능별,12,보조간선 기능별
1036,미아-상계선,1,상행,1100033300,20,02,기능별,12,보조간선 기능별
1036,미아-상계선,2,하행,1100015500,3,02,기능별,12,보조간선 기능별
1036,미아-상계선,2,하행,1070016500,10,02,기능별,12,보조간선 기능별
1036,미아-상계선,2,하행,1100019700,17,02,기능별,12,보조간선 기능별
1036,미아-상계선,2,하행,1080001100,24,02,기능별,12,보조간선 기능별
1038,방배-잠실선,1,상행,1210012300,1,02,기능별,12,보조간선 기능별
1038,방배-잠실선,1,상행,1220019100,8,02,기능별,12,보조간선 기능별
1038,방배-잠실선,1,상행,1210013100,15,02,기능별,12,보조간선 기능별
1038,방배-잠실선,2,하행,1210017000,7,02,기능별,12,보조간선 기능별
1038,방배-잠실선,2,하행,1220025600,14,02,기능별,12,보조간선 기능별
1039,방배선,2,하행,1210015600,2,02,기능별,12,보조간선 기능별
1040,방이-마천선,1,상행,1230026100,5,02,기능별,12,보조간선 기능별
1041,방화-염창선,1,상행,1150003900,1,02,기능별,12,보조간선 기능별
1041,방화-염창선,1,상행,1150001500,8,02,기능별,12,보조간선 기능별
1041,방화-염창선,2,하행,1150002800,5,02,기능별,12,보조간선 기능별
1042,봉래-관훈선,1,상행,1010011400,2,02,기능별,12,보조간선 기능별
1042,봉래-관훈선,1,상행,1000009200,9,02,기능별,12,보조간선 기능별
1042,봉래-관훈선,2,하행,1000006500,7,02,기능별,12,보조간선 기능별
1043,봉우재선,2,하행,1060012100,1,02,기능별,12,보조간선 기능별
1044,봉천-상도선,1,상행,1190002000,4,02,기능별,12,보조간선 기능별
1045,북가좌-역촌선,1,상행,1120012000,3,02,기능별,12,보조간선 기능별
1045,북가좌-역촌선,2,하행,1110007900,3,02,기능별,12,보조간선 기능별
1046,사직-종암선,1,상행,1070010500,3,02,기능별,12,보조간선 기능별
1046,사직-종암선,2,하행,1070010600,5,02,기능별,12,보조간선 기능별
1048,상암-대흥선,1,상행,1130024500,5,02,기능별,12,보조간선 기능별
1048,상암-대흥선,1,상행,1130014100,12,02,기능별,12,보조간선 기능별
1048,상암-대흥선,2,하행,1130025200,1,02,기능별,12,보조간선 기능별
1048,상암-대흥선,2,하행,1130012400,8,02,기능별,12,보조간선 기능별
1048,상암-대흥선,2,하행,1130011700,15,02,기능별,12,보조간선 기능별
1049,상암-서교선,1,상행,1130025500,4,02,기능별,12,보조간선 기능별
1049,상암-서교선,1,상행,1130016900,11,02,기능별,12,보조간선 기능별
1049,상암-서교선,2,하행,1130028400,6,02,기능별,12,보조간선 기능별
1050,상암-성산선,2,하행,1130026800,3,02,기능별,12,보조간선 기능별
1051,상암선,2,하행,1130005200,3,02,기능별,12,보조간선 기능별
1052,상일-고덕선,2,하행,1240019900,3,02,기능별,12,보조간선 기능별
1054,서초-개포선,1,상행,1220021800,4,02,기능별,12,보조간선 기능별
1054,서초-개포선,1,상행,1220035800,11,02,기능별,12,보조간선 기능별
1054,서초-개포선,1,상행,1210025300,18,02,기능별,12,보조간선 기능별
1054,서초-개포선,1,상행,1220009400,25,02,기능별,12,보조간선 기능별
1054,서초-개포선,2,하행,1220026700,7,02,기능별,12,보조간선 기능별
1054,서초-개포선,2,하행,1220036300,14,02,기능별,12,보조간선 기능별
1054,서초-개포선,2,하행,1210027200,21,02,기능별,12,보조간선 기능별
1055,서초-청담선,1,상행,1210017500,3,02,기능별,12,보조간선 기능별
1055,서초-청담선,1,상행,1220023900,10,02,기능별,12,보조간선 기능별
1055,서초-청담선,2,하행,1210017400,4,02,기능별,12,보조간선 기능별
1055,서초-청담선,2,하행,1210019000,11,02,기능별,12,보조간선 기능별
1056,성산-진관외선,1,상행,1110000400,7,02,기능별,12,보조간선 기능별
1056,성산-진관외선,1,상행,1110001600,14,02,기능별,12,보조간선 기능별
1056,성산-진관외선,2,하행,1110013900,7,02,기능별,12,보조간선 기능별
1056,성산-진관외선,2,하행,1110001100,14,02,기능별,12,보조간선 기능별
1057,성산-홍제선,1,상행,1120008000,7,02,기능별,12,보조간선 기능별
1057,성산-홍제선,2,하행,1120007900,6,02,기능별,12,보조간선 기능별
1058,성수-자양선,1,상행,1030004100,5,02,기능별,12,보조간선 기능별
1058,성수-자양선,2,하행,1005009100,4,02,기능별,12,보조간선 기능별
1061,송정-상봉선,1,상행,1040014100,7,02,기능별,12,보조간선 기능별
1061,송정-상봉선,2,하행,1040016800,5,02,기능별,12,보조간선 기능별
1062,수서-오금선,1,상행,1230011800,3,02,기능별,12,보조간선 기능별
1062,수서-오금선,2,하행,1230008300,3,02,기능별,12,보조간선 기능별
1063,수유-상계7선,1,상행,1080010400,3,02,기능별,12,보조간선 기능별
1063,수유-상계7선,1,상행,1090005200,10,02,기능별,12,보조간선 기능별
1063,수유-상계7선,2,하행,1090005400,5,02,기능별,12,보조간선 기능별
1063,수유-상계7선,2,하행,1100028700,12,02,기능별,12,보조간선 기능별
1064,수유-상계선,1,상행,1090002100,7,02,기능별,12,보조간선 기능별
1064,수유-상계선,1,상행,1100027000,14,02,기능별,12,보조간선 기능별
1064,수유-상계선,1,상행,1080008200,21,02,기능별,12,보조간선 기능별
1064,수유-상계선,2,하행,1100034300,5,02,기능별,12,보조간선 기능별
1064,수유-상계선,2,하행,1100023900,12,02,기능별,12,보조간선 기능별
79,내부순환로,1,상행,1130004900,2,01,기본도로,02,도시고속도로
79,내부순환로,1,상행,1130006600,3,01,기본도로,02,도시고속도로
79,내부순환로,1,상행,1120001400,4,01,기본도로,02,도시고속도로
79,내부순환로,1,상행,1120001800,5,01,기본도로,02,도시고속도로
79,내부순환로,1,상행,1120002200,6,01,기본도로,02,도시고속도로
79,내부순환로,1,상행,1120002400,7,01,기본도로,02,도시고속도로
79,내부순환로,1,상행,1000002600,8,01,기본도로,02,도시고속도로
79,내부순환로,1,상행,1070001300,9,01,기본도로,02,도시고속도로
79,내부순환로,1,상행,1070000300,10,01,기본도로,02,도시고속도로
79,내부순환로,1,상행,1070000500,11,01,기본도로,02,도시고속도로
79,내부순환로,1,상행,1050003200,12,01,기본도로,02,도시고속도로
79,내부순환로,1,상행,1050001800,13,01,기본도로,02,도시고속도로
79,내부순환로,1,상행,1030002700,14,01,기본도로,02,도시고속도로
79,내부순환로,1,상행,1030002400,15,01,기본도로,02,도시고속도로
536,강남순환로,1,상행,1179910010,1,01,기본도로,02,도시고속도로
536,강남순환로,1,상행,1179910020,2,01,기본도로,02,도시고속도로
536,강남순환로,1,상행,1179910030,3,01,기본도로,02,도시고속도로
536,강남순환로,1,상행,1209910040,4,01,기본도로,02,도시고속도로
536,강남순환로,1,상행,1209910050,5,01,기본도로,02,도시고속도로
536,강남순환로,1,상행,1209910060,6,01,기본도로,02,도시고속도로
536,강남순환로,1,상행,1209910070,7,01,기본도로,02,도시고속도로
536,강남순환로,1,상행,1209910080,8,01,기본도로,02,도시고속도로
536,강남순환로,1,상행,1219910090,9,01,기본도로,02,도시고속도로
536,강남순환로,1,상행,1219910100,10,01,기본도로,02,도시고속도로
536,강남순환로,1,상행,1219910110,11,01,기본도로,02,도시고속도로
536,강남순환로,2,하행,1219920010,1,01,기본도로,02,도시고속도로
536,강남순환로,2,하행,1219920020,2,01,기본도로,02,도시고속도로
536,강남순환로,2,하행,1219920030,3,01,기본도로,02,도시고속도로
536,강남순환로,2,하행,1209920040,4,01,기본도로,02,도시고속도로
536,강남순환로,2,하행,1209920050,5,01,기본도로,02,도시고속도로
536,강남순환로,2,하행,1209920060,6,01,기본도로,02,도시고속도로
536,강남순환로,2,하행,1209920070,7,01,기본도로,02,도시고속도로
536,강남순환로,2,하행,1209920080,8,01,기본도로,02,도시고속도로
536,강남순환로,2,하행,1179920090,9,01,기본도로,02,도시고속도로
536,강남순환로,2,하행,1179920100,10,01,기본도로,02,도시고속도로
536,강남순환로,2,하행,1179920110,11,01,기본도로,02,도시고속도로
999,기타,1,상행,1180027500,0,02,기능별,11,주간선도로 기능별
999,기타,1,상행,1130020600,0,02,기능별,11,주간선도로 기능별
999,기타,1,상행,1070001900,0,02,기능별,11,주간선도로 기능별
999,기타,1,상행,1020015200,0,02,기능별,11,주간선도로 기능별
999,기타,1,상행,1130022200,0,02,기능별,11,주간선도로 기능별
999,기타,1,상행,1020007000,0,02,기능별,11,주간선도로 기능별
999,기타,1,상행,1180032700,0,02,기능별,11,주간선도로 기능별
999,기타,1,상행,1230040500,0,02,기능별,11,주간선도로 기능별
999,기타,1,상행,1230034800,0,02,기능별,11,주간선도로 기능별
999,기타,1,상행,2180002201,0,02,기능별,11,주간선도로 기능별
999,기타,1,상행,1020011600,0,02,기능별,11,주간선도로 기능별
999,기타,1,상행,1110005000,0,02,기능별,11,주간선도로 기능별
450,천호대로,1,상행,2270009000,29,01,기본도로,03,주간선도로
450,천호대로,2,하행,2270009100,5,01,기본도로,03,주간선도로
531,용마터널,1,상행,1060021700,1,01,기본도로,04,보조간선도로
531,용마터널,2,하행,1060021800,1,01,기본도로,04,보조간선도로
532,구리암사대교,2,하행,1240028900,1,01,기본도로,04,보조간선도로
532,구리암사대교,1,상행,1240029000,1,01,기본도로,04,보조간선도로
999,기타,1,상행,1070006700,0,02,기능별,11,주간선도로 기능별
999,기타,1,상행,1005003700,0,02,기능별,11,주간선도로 기능별
609,서북생활권,1,상행,1120036100,261,11,권역별,25,서북생활권
609,서북생활권,2,하행,1120036200,257,11,권역별,25,서북생활권
999,기타,1,상행,2080006600,0,02,기능별,11,주간선도로 기능별
999,기타,1,상행,1020010900,0,02,기능별,11,주간선도로 기능별
608,서남생활권,1,상행,1150342400,646,11,권역별,24,서남생활권
608,서남생활권,2,하행,1150342300,576,11,권역별,24,서남생활권
999,기타,1,상행,1050008300,0,02,기능별,11,주간선도로 기능별
999,기타,1,상행,1180015900,0,02,기능별,11,주간선도로 기능별
608,서남생활권,1,상행,1150086600,647,11,권역별,24,서남생활권
608,서남생활권,2,하행,1150086700,577,11,권역별,24,서남생활권
999,기타,1,상행,2210003500,0,02,기능별,11,주간선도로 기능별
999,기타,1,상행,1120013600,0,02,기능별,11,주간선도로 기능별
608,서남생활권,1,상행,1150044500,648,11,권역별,24,서남생활권
608,서남생활권,2,하행,1150044600,578,11,권역별,24,서남생활권
999,기타,1,상행,1110009200,0,02,기능별,11,주간선도로 기능별
999,기타,1,상행,1180004600,0,02,기능별,11,주간선도로 기능별
606,동남생활권,1,상행,1220043900,580,11,권역별,22,동남생활권
606,동남생활권,2,하행,1220043800,583,11,권역별,22,동남생활권
999,기타,1,상행,1020005900,0,02,기능별,11,주간선도로 기능별
999,기타,1,상행,1030003800,0,02,기능별,11,주간선도로 기능별
999,기타,1,상행,1020020200,0,02,기능별,11,주간선도로 기능별
999,기타,1,상행,1030007800,0,02,기능별,11,주간선도로 기능별
999,기타,1,상행,1070005500,0,02,기능별,11,주간선도로 기능별
999,기타,1,상행,1020003700,0,02,기능별,11,주간선도로 기능별
999,기타,1,상행,1010000400,0,02,기능별,11,주간선도로 기능별
999,기타,1,상행,1180016900,0,02,기능별,11,주간선도로 기능별
999,기타,1,상행,1120014000,0,02,기능별,11,주간선도로 기능별
999,기타,1,상행,1190000800,0,02,기능별,11,주간선도로 기능별
999,기타,1,상행,1070011700,0,02,기능별,11,주간선도로 기능별
999,기타,1,상행,1050008600,0,02,기능별,11,주간선도로 기능별
606,동남생활권,1,상행,1230048500,581,11,권역별,22,동남생활권
606,동남생활권,2,하행,1230048400,584,11,권역별,22,동남생활권
999,기타,1,상행,1030004800,0,02,기능별,11,주간선도로 기능별
999,기타,1,상행,1030009600,0,02,기능별,11,주간선도로 기능별
999,기타,1,상행,1020009100,0,02,기능별,11,주간선도로 기능별
999,기타,1,상행,1180005500,0,02,기능별,11,주간선도로 기능별
999,기타,1,상행,1030007400,0,02,기능별,11,주간선도로 기능별
999,기타,1,상행,1070004500,0,02,기능별,11,주간선도로 기능별
999,기타,1,상행,1220013900,0,02,기능별,11,주간선도로 기능별
999,기타,1,상행,1020018200,0,02,기능별,11,주간선도로 기능별
608,서남생활권,1,상행,1150162701,582,11,권역별,24,서남생활권
608,서남생활권,1,상행,1150162500,583,11,권역별,24,서남생활권
608,서남생활권,1,상행,1150162300,584,11,권역별,24,서남생활권
608,서남생활권,1,상행,1150058900,585,11,권역별,24,서남생활권
608,서남생활권,2,하행,1150162801,585,11,권역별,24,서남생활권
608,서남생활권,2,하행,1150162600,586,11,권역별,24,서남생활권
608,서남생활권,2,하행,1150058800,587,11,권역별,24,서남생활권
608,서남생활권,2,하행,1150162400,588,11,권역별,24,서남생활권
533,암사대교와양재대로연결길,2,하행,1240028700,1,01,기본도로,04,보조간선도로
533,암사대교와양재대로연결길,1,상행,1240028800,1,01,기본도로,04,보조간선도로
547,위례중앙로,1,상행,1230221800,1,01,기본도로,05,기타도로
547,위례중앙로,1,상행,1230223000,2,01,기본도로,05,기타도로
547,위례중앙로,1,상행,1230223900,3,01,기본도로,05,기타도로
547,위례중앙로,1,상행,1230229500,4,01,기본도로,05,기타도로
547,위례중앙로,1,상행,2270208400,5,01,기본도로,05,기타도로
547,위례중앙로,2,하행,2270208300,1,01,기본도로,05,기타도로
547,위례중앙로,2,하행,1230229600,2,01,기본도로,05,기타도로
547,위례중앙로,2,하행,1230224000,3,01,기본도로,05,기타도로
547,위례중앙로,2,하행,1230223100,4,01,기본도로,05,기타도로
547,위례중앙로,2,하행,1230221700,5,01,기본도로,05,기타도로
548,위례순환로,1,상행,1230224500,4,01,기본도로,05,기타도로
548,위례순환로,1,상행,1230229900,3,01,기본도로,05,기타도로
548,위례순환로,1,상행,1230232900,2,01,기본도로,05,기타도로
548,위례순환로,1,상행,1230234200,1,01,기본도로,05,기타도로
548,위례순환로,2,하행,1230234300,4,01,기본도로,05,기타도로
548,위례순환로,2,하행,1230233000,3,01,기본도로,05,기타도로
548,위례순환로,2,하행,1230230000,2,01,기본도로,05,기타도로
548,위례순환로,2,하행,1230224600,1,01,기본도로,05,기타도로
999,기타,1,상행,1004350800,0,02,기능별,11,주간선도로 기능별
999,기타,1,상행,1000021000,0,02,기능별,11,주간선도로 기능별
999,기타,1,상행,1050008100,0,02,기능별,11,주간선도로 기능별
999,기타,1,상행,1130004200,0,02,기능별,11,주간선도로 기능별
999,기타,1,상행,1220013300,0,02,기능별,11,주간선도로 기능별
999,기타,1,상행,1180019500,0,02,기능별,11,주간선도로 기능별
999,기타,1,상행,1040001800,0,02,기능별,11,주간선도로 기능별
999,기타,1,상행,1005001900,0,02,기능별,11,주간선도로 기능별
999,기타,1,상행,1010001400,0,02,기능별,11,주간선도로 기능별
999,기타,1,상행,1010005400,0,02,기능별,11,주간선도로 기능별
999,기타,1,상행,1030011000,0,02,기능별,11,주간선도로 기능별
999,기타,1,상행,1070002500,0,02,기능별,11,주간선도로 기능별
999,기타,1,상행,1005002900,0,02,기능별,11,주간선도로 기능별
999,기타,1,상행,1180023500,0,02,기능별,11,주간선도로 기능별
999,기타,1,상행,1020003300,0,02,기능별,11,주간선도로 기능별
999,기타,1,상행,1020013000,0,02,기능별,11,주간선도로 기능별
999,기타,1,상행,1040003200,0,02,기능별,11,주간선도로 기능별
999,기타,1,상행,1230035200,0,02,기능별,11,주간선도로 기능별
999,기타,1,상행,1020004200,0,02,기능별,11,주간선도로 기능별
999,기타,1,상행,1110006200,0,02,기능별,11,주간선도로 기능별
999,기타,1,상행,1020007800,0,02,기능별,11,주간선도로 기능별
999,기타,1,상행,2270008500,0,02,기능별,11,주간선도로 기능별
999,기타,1,상행,2270009000,0,02,기능별,11,주간선도로 기능별
999,기타,1,상행,2270009300,0,02,기능별,11,주간선도로 기능별
999,기타,2,하행,2180002102,0,02,기능별,11,주간선도로 기능별
999,기타,2,하행,1190000700,0,02,기능별,11,주간선도로 기능별
999,기타,2,하행,1020011500,0,02,기능별,11,주간선도로 기능별
999,기타,2,하행,1230040400,0,02,기능별,11,주간선도로 기능별
999,기타,2,하행,1020018100,0,02,기능별,11,주간선도로 기능별
999,기타,2,하행,1000020900,0,02,기능별,11,주간선도로 기능별
999,기타,2,하행,1220013200,0,02,기능별,11,주간선도로 기능별
999,기타,2,하행,1110006100,0,02,기능별,11,주간선도로 기능별
999,기타,2,하행,1020007700,0,02,기능별,11,주간선도로 기능별
999,기타,2,하행,1220013800,0,02,기능별,11,주간선도로 기능별
999,기타,2,하행,1070002000,0,02,기능별,11,주간선도로 기능별
999,기타,2,하행,1020015100,0,02,기능별,11,주간선도로 기능별
999,기타,2,하행,1040003100,0,02,기능별,11,주간선도로 기능별
999,기타,2,하행,1110004900,0,02,기능별,11,주간선도로 기능별
999,기타,2,하행,1020006900,0,02,기능별,11,주간선도로 기능별
999,기타,2,하행,1120013900,0,02,기능별,11,주간선도로 기능별
999,기타,2,하행,1070002600,0,02,기능별,11,주간선도로 기능별
999,기타,2,하행,1040001700,0,02,기능별,11,주간선도로 기능별
999,기타,2,하행,1020012900,0,02,기능별,11,주간선도로 기능별
999,기타,2,하행,1010005300,0,02,기능별,11,주간선도로 기능별
999,기타,2,하행,1070004600,0,02,기능별,11,주간선도로 기능별
999,기타,2,하행,1020004100,0,02,기능별,11,주간선도로 기능별
999,기타,2,하행,1120013500,0,02,기능별,11,주간선도로 기능별
999,기타,2,하행,1005002000,0,02,기능별,11,주간선도로 기능별
999,기타,2,하행,1070005600,0,02,기능별,11,주간선도로 기능별
999,기타,2,하행,1020003400,0,02,기능별,11,주간선도로 기능별
999,기타,2,하행,2270009200,0,02,기능별,11,주간선도로 기능별
999,기타,2,하행,1230034900,0,02,기능별,11,주간선도로 기능별
999,기타,2,하행,1020009200,0,02,기능별,11,주간선도로 기능별
999,기타,2,하행,1010001300,0,02,기능별,11,주간선도로 기능별
999,기타,2,하행,1180032600,0,02,기능별,11,주간선도로 기능별
999,기타,2,하행,1070006800,0,02,기능별,11,주간선도로 기능별
999,기타,2,하행,1230035300,0,02,기능별,11,주간선도로 기능별
999,기타,2,하행,1020011000,0,02,기능별,11,주간선도로 기능별
999,기타,2,하행,1010000300,0,02,기능별,11,주간선도로 기능별
999,기타,2,하행,1110009100,0,02,기능별,11,주간선도로 기능별
999,기타,2,하행,2270009100,0,02,기능별,11,주간선도로 기능별
999,기타,2,하행,1180027400,0,02,기능별,11,주간선도로 기능별
999,기타,2,하행,1130022100,0,02,기능별,11,주간선도로 기능별
999,기타,2,하행,1020003800,0,02,기능별,11,주간선도로 기능별
999,기타,2,하행,2270008600,0,02,기능별,11,주간선도로 기능별
999,기타,2,하행,1020020100,0,02,기능별,11,주간선도로 기능별
999,기타,2,하행,1130020500,0,02,기능별,11,주간선도로 기능별
999,기타,2,하행,1180023400,0,02,기능별,11,주간선도로 기능별
999,기타,2,하행,1030010900,0,02,기능별,11,주간선도로 기능별
999,기타,2,하행,1020006000,0,02,기능별,11,주간선도로 기능별
999,기타,2,하행,1180019400,0,02,기능별,11,주간선도로 기능별
999,기타,2,하행,1030007300,0,02,기능별,11,주간선도로 기능별
999,기타,2,하행,1005003000,0,02,기능별,11,주간선도로 기능별
999,기타,2,하행,1180016800,0,02,기능별,11,주간선도로 기능별
999,기타,2,하행,1030004700,0,02,기능별,11,주간선도로 기능별
999,기타,2,하행,1130004100,0,02,기능별,11,주간선도로 기능별
999,기타,2,하행,1180005400,0,02,기능별,11,주간선도로 기능별
999,기타,2,하행,1180015800,0,02,기능별,11,주간선도로 기능별
999,기타,2,하행,1030003700,0,02,기능별,11,주간선도로 기능별
999,기타,2,하행,2080006500,0,02,기능별,11,주간선도로 기능별
999,기타,2,하행,1180004500,0,02,기능별,11,주간선도로 기능별
999,기타,2,하행,1004350700,0,02,기능별,11,주간선도로 기능별
999,기타,2,하행,1030009500,0,02,기능별,11,주간선도로 기능별
999,기타,2,하행,1005003800,0,02,기능별,11,주간선도로 기능별
999,기타,2,하행,1030007700,0,02,기능별,11,주간선도로 기능별
999,기타,2,하행,2210003600,0,02,기능별,11,주간선도로 기능별
999,기타,2,하행,1050008200,0,02,기능별,11,주간선도로 기능별
999,기타,2,하행,1050008500,0,02,기능별,11,주간선도로 기능별
999,기타,2,하행,1050008400,0,02,기능별,11,주간선도로 기능별
1999,기타,1,상행,1240024100,0,02,기능별,12,보조간선 기능별
1999,기타,1,상행,1070020100,0,02,기능별,12,보조간선 기능별
1999,기타,1,상행,1060021700,0,02,기능별,12,보조간선 기능별
1999,기타,1,상행,1240029000,0,02,기능별,12,보조간선 기능별
1999,기타,1,상행,1240028800,0,02,기능별,12,보조간선 기능별
1999,기타,1,상행,1150342400,0,02,기능별,12,보조간선 기능별
1999,기타,1,상행,1150044500,0,02,기능별,12,보조간선 기능별
1999,기타,1,상행,1150162701,0,02,기능별,12,보조간선 기능별
1999,기타,1,상행,3201508200,0,02,기능별,12,보조간선 기능별
1999,기타,1,상행,1140030200,0,02,기능별,12,보조간선 기능별
1999,기타,1,상행,1240013600,0,02,기능별,12,보조간선 기능별
1999,기타,1,상행,1110013300,0,02,기능별,12,보조간선 기능별
1999,기타,1,상행,1080012200,0,02,기능별,12,보조간선 기능별
1999,기타,1,상행,1050017100,0,02,기능별,12,보조간선 기능별
1999,기타,1,상행,1190002200,0,02,기능별,12,보조간선 기능별
1999,기타,1,상행,1110007800,0,02,기능별,12,보조간선 기능별
1999,기타,1,상행,1130009000,0,02,기능별,12,보조간선 기능별
1999,기타,1,상행,3201507800,0,02,기능별,12,보조간선 기능별
1999,기타,1,상행,1180010000,0,02,기능별,12,보조간선 기능별
1999,기타,1,상행,3201508400,0,02,기능별,12,보조간선 기능별
1999,기타,1,상행,1030013000,0,02,기능별,12,보조간선 기능별
1999,기타,1,상행,1160009400,0,02,기능별,12,보조간선 기능별
1999,기타,1,상행,1000020300,0,02,기능별,12,보조간선 기능별
1999,기타,1,상행,1170006000,0,02,기능별,12,보조간선 기능별
1999,기타,1,상행,1170003400,0,02,기능별,12,보조간선 기능별
1999,기타,1,상행,1180007600,0,02,기능별,12,보조간선 기능별
1999,기타,1,상행,1110012900,0,02,기능별,12,보조간선 기능별
1999,기타,1,상행,1180031200,0,02,기능별,12,보조간선 기능별
1999,기타,1,상행,1030015600,0,02,기능별,12,보조간선 기능별
1999,기타,1,상행,1110008400,0,02,기능별,12,보조간선 기능별
1999,기타,1,상행,1150162500,0,02,기능별,12,보조간선 기능별
1999,기타,1,상행,1140010400,0,02,기능별,12,보조간선 기능별
1999,기타,1,상행,1240022900,0,02,기능별,12,보조간선 기능별
1999,기타,1,상행,3201506800,0,02,기능별,12,보조간선 기능별
1999,기타,1,상행,1130010800,0,02,기능별,12,보조간선 기능별
1999,기타,1,상행,1240014200,0,02,기능별,12,보조간선 기능별
1999,기타,1,상행,1000019702,0,02,기능별,12,보조간선 기능별
1999,기타,1,상행,1160012000,0,02,기능별,12,보조간선 기능별
1999,기타,1,상행,1150162300,0,02,기능별,12,보조간선 기능별
1999,기타,1,상행,1000019701,0,02,기능별,12,보조간선 기능별
1999,기타,1,상행,1240022100,0,02,기능별,12,보조간선 기능별
1999,기타,1,상행,1160012800,0,02,기능별,12,보조간선 기능별
1999,기타,1,상행,1180006600,0,02,기능별,12,보조간선 기능별
1999,기타,1,상행,1130009900,0,02,기능별,12,보조간선 기능별
1999,기타,1,상행,1080001600,0,02,기능별,12,보조간선 기능별
1999,기타,1,상행,1180026000,0,02,기능별,12,보조간선 기능별
1999,기타,1,상행,1110008600,0,02,기능별,12,보조간선 기능별
1999,기타,1,상행,1240014600,0,02,기능별,12,보조간선 기능별
1999,기타,1,상행,3201504600,0,02,기능별,12,보조간선 기능별
1999,기타,1,상행,1140016200,0,02,기능별,12,보조간선 기능별
1999,기타,1,상행,1110012500,0,02,기능별,12,보조간선 기능별
1999,기타,1,상행,1150058900,0,02,기능별,12,보조간선 기능별
1999,기타,1,상행,1000018202,0,02,기능별,12,보조간선 기능별
1999,기타,1,상행,1160013800,0,02,기능별,12,보조간선 기능별
1999,기타,1,상행,1180006200,0,02,기능별,12,보조간선 기능별
1999,기타,1,상행,1130008000,0,02,기능별,12,보조간선 기능별
1999,기타,1,상행,1080003800,0,02,기능별,12,보조간선 기능별
1999,기타,1,상행,1110008800,0,02,기능별,12,보조간선 기능별
1999,기타,1,상행,1010019900,0,02,기능별,12,보조간선 기능별
1999,기타,1,상행,1140015000,0,02,기능별,12,보조간선 기능별
1999,기타,1,상행,1240015000,0,02,기능별,12,보조간선 기능별
1999,기타,1,상행,1110011100,0,02,기능별,12,보조간선 기능별
1999,기타,1,상행,1140009500,0,02,기능별,12,보조간선 기능별
1999,기타,1,상행,1000018201,0,02,기능별,12,보조간선 기능별
1999,기타,1,상행,1180012300,0,02,기능별,12,보조간선 기능별
1999,기타,1,상행,1080009200,0,02,기능별,12,보조간선 기능별
1999,기타,1,상행,1140015600,0,02,기능별,12,보조간선 기능별
1999,기타,1,상행,1190003000,0,02,기능별,12,보조간선 기능별
1999,기타,1,상행,1190001500,0,02,기능별,12,보조간선 기능별
1999,기타,1,상행,1240014700,0,02,기능별,12,보조간선 기능별
1999,기타,1,상행,1070016900,0,02,기능별,12,보조간선 기능별
1999,기타,1,상행,3201510200,0,02,기능별,12,보조간선 기능별
1999,기타,1,상행,1230029400,0,02,기능별,12,보조간선 기능별
1999,기타,1,상행,1190004400,0,02,기능별,12,보조간선 기능별
1999,기타,1,상행,1200011500,0,02,기능별,12,보조간선 기능별
1999,기타,1,상행,1240013800,0,02,기능별,12,보조간선 기능별
1999,기타,1,상행,1180009000,0,02,기능별,12,보조간선 기능별
1999,기타,1,상행,3201510600,0,02,기능별,12,보조간선 기능별
1999,기타,1,상행,1190005600,0,02,기능별,12,보조간선 기능별
1999,기타,1,상행,1240016200,0,02,기능별,12,보조간선 기능별
1999,기타,1,상행,3201509600,0,02,기능별,12,보조간선 기능별
1999,기타,1,상행,3201509800,0,02,기능별,12,보조간선 기능별
1999,기타,1,상행,1110007600,0,02,기능별,12,보조간선 기능별
1999,기타,1,상행,1180008400,0,02,기능별,12,보조간선 기능별
1999,기타,1,상행,3201505400,0,02,기능별,12,보조간선 기능별
1999,기타,1,상행,1040008700,0,02,기능별,12,보조간선 기능별
1999,기타,1,상행,1190007600,0,02,기능별,12,보조간선 기능별
1999,기타,1,상행,1240017600,0,02,기능별,12,보조간선 기능별
1999,기타,1,상행,1010017900,0,02,기능별,12,보조간선 기능별
1999,기타,1,상행,1180007200,0,02,기능별,12,보조간선 기능별
1999,기타,1,상행,1130023800,0,02,기능별,12,보조간선 기능별
1999,기타,1,상행,1040010100,0,02,기능별,12,보조간선 기능별
1999,기타,1,상행,1240019000,0,02,기능별,12,보조간선 기능별
1999,기타,1,상행,3201510000,0,02,기능별,12,보조간선 기능별
1999,기타,1,상행,1010018700,0,02,기능별,12,보조간선 기능별
1999,기타,1,상행,1160010300,0,02,기능별,12,보조간선 기능별
1999,기타,1,상행,1080013200,0,02,기능별,12,보조간선 기능별
1999,기타,1,상행,1040011100,0,02,기능별,12,보조간선 기능별
1999,기타,1,상행,2130005700,0,02,기능별,12,보조간선 기능별
1999,기타,1,상행,2130003902,0,02,기능별,12,보조간선 기능별
1999,기타,1,상행,1160008500,0,02,기능별,12,보조간선 기능별
1999,기타,1,상행,1030006800,0,02,기능별,12,보조간선 기능별
1999,기타,1,상행,2130005900,0,02,기능별,12,보조간선 기능별
1999,기타,1,상행,1040006500,0,02,기능별,12,보조간선 기능별
1999,기타,1,상행,1140025900,0,02,기능별,12,보조간선 기능별
1999,기타,1,상행,2130003901,0,02,기능별,12,보조간선 기능별
1999,기타,1,상행,2130003700,0,02,기능별,12,보조간선 기능별
1999,기타,1,상행,1160007300,0,02,기능별,12,보조간선 기능별
1999,기타,1,상행,1230029800,0,02,기능별,12,보조간선 기능별
1999,기타,1,상행,3201507200,0,02,기능별,12,보조간선 기능별
1999,기타,1,상행,1030007600,0,02,기능별,12,보조간선 기능별
1999,기타,1,상행,1140024500,0,02,기능별,12,보조간선 기능별
1999,기타,1,상행,1140023100,0,02,기능별,12,보조간선 기능별
1999,기타,1,상행,2130037300,0,02,기능별,12,보조간선 기능별
1999,기타,1,상행,3201506000,0,02,기능별,12,보조간선 기능별
1999,기타,1,상행,1030009200,0,02,기능별,12,보조간선 기능별
1999,기타,1,상행,1140021700,0,02,기능별,12,보조간선 기능별
1999,기타,1,상행,1160054500,0,02,기능별,12,보조간선 기능별
1999,기타,1,상행,1230009300,0,02,기능별,12,보조간선 기능별
1999,기타,1,상행,1160049100,0,02,기능별,12,보조간선 기능별
1999,기타,1,상행,1230007700,0,02,기능별,12,보조간선 기능별
1999,기타,1,상행,2130043200,0,02,기능별,12,보조간선 기능별
1999,기타,1,상행,1230006800,0,02,기능별,12,보조간선 기능별
1999,기타,1,상행,2130042200,0,02,기능별,12,보조간선 기능별
1999,기타,1,상행,1140022400,0,02,기능별,12,보조간선 기능별
1999,기타,1,상행,2130041800,0,02,기능별,12,보조간선 기능별
1999,기타,1,상행,1140024000,0,02,기능별,12,보조간선 기능별
1999,기타,1,상행,2130040600,0,02,기능별,12,보조간선 기능별
1999,기타,1,상행,1140025400,0,02,기능별,12,보조간선 기능별
1999,기타,1,상행,1140026600,0,02,기능별,12,보조간선 기능별
1999,기타,1,상행,2130037400,0,02,기능별,12,보조간선 기능별
1999,기타,1,상행,2130035400,0,02,기능별,12,보조간선 기능별
1999,기타,1,상행,2130032600,0,02,기능별,12,보조간선 기능별
1999,기타,1,상행,2130031200,0,02,기능별,12,보조간선 기능별
1999,기타,1,상행,1140019900,0,02,기능별,12,보조간선 기능별
1999,기타,1,상행,2130029600,0,02,기능별,12,보조간선 기능별
1999,기타,1,상행,1140020000,0,02,기능별,12,보조간선 기능별
1999,기타,1,상행,2130027600,0,02,기능별,12,보조간선 기능별
1999,기타,1,상행,2130025600,0,02,기능별,12,보조간선 기능별
1999,기타,1,상행,2130023000,0,02,기능별,12,보조간선 기능별
1999,기타,1,상행,2130021800,0,02,기능별,12,보조간선 기능별
1999,기타,1,상행,2130020800,0,02,기능별,12,보조간선 기능별
1999,기타,1,상행,1170021100,0,02,기능별,12,보조간선 기능별
1999,기타,1,상행,1170020600,0,02,기능별,12,보조간선 기능별
1999,기타,1,상행,2130018200,0,02,기능별,12,보조간선 기능별
1999,기타,1,상행,2130018000,0,02,기능별,12,보조간선 기능별
1999,기타,1,상행,1170018900,0,02,기능별,12,보조간선 기능별
1999,기타,1,상행,1170017000,0,02,기능별,12,보조간선 기능별
1999,기타,1,상행,1170014600,0,02,기능별,12,보조간선 기능별
1999,기타,2,하행,1140015500,0,02,기능별,12,보조간선 기능별
1999,기타,2,하행,1030009100,0,02,기능별,12,보조간선 기능별
1999,기타,2,하행,1170015500,0,02,기능별,12,보조간선 기능별
1999,기타,2,하행,1190007500,0,02,기능별,12,보조간선 기능별
1999,기타,2,하행,1200011600,0,02,기능별,12,보조간선 기능별
1999,기타,2,하행,1070017000,0,02,기능별,12,보조간선 기능별
1999,기타,2,하행,1140009600,0,02,기능별,12,보조간선 기능별
1999,기타,2,하행,2130005800,0,02,기능별,12,보조간선 기능별
1999,기타,2,하행,1040006400,0,02,기능별,12,보조간선 기능별
1999,기타,2,하행,1010018800,0,02,기능별,12,보조간선 기능별
1999,기타,2,하행,2130037200,0,02,기능별,12,보조간선 기능별
1999,기타,2,하행,1110007500,0,02,기능별,12,보조간선 기능별
1999,기타,2,하행,3201504700,0,02,기능별,12,보조간선 기능별
1999,기타,2,하행,1230006700,0,02,기능별,12,보조간선 기능별
1999,기타,2,하행,1230029700,0,02,기능별,12,보조간선 기능별
1999,기타,2,하행,3201506100,0,02,기능별,12,보조간선 기능별
1999,기타,2,하행,1010020000,0,02,기능별,12,보조간선 기능별
1999,기타,2,하행,3201505500,0,02,기능별,12,보조간선 기능별
1999,기타,2,하행,1080013100,0,02,기능별,12,보조간선 기능별
1999,기타,2,하행,1130023700,0,02,기능별,12,보조간선 기능별
1999,기타,2,하행,1240018900,0,02,기능별,12,보조간선 기능별
1999,기타,2,하행,1180012200,0,02,기능별,12,보조간선 기능별
1999,기타,2,하행,1130007900,0,02,기능별,12,보조간선 기능별
1999,기타,2,하행,1160007400,0,02,기능별,12,보조간선 기능별
1999,기타,2,하행,1080009100,0,02,기능별,12,보조간선 기능별
1999,기타,2,하행,1060021800,0,02,기능별,12,보조간선 기능별
1999,기타,2,하행,1240028900,0,02,기능별,12,보조간선 기능별
1999,기타,2,하행,1240028700,0,02,기능별,12,보조간선 기능별
1999,기타,2,하행,1150342300,0,02,기능별,12,보조간선 기능별
1999,기타,2,하행,1150044600,0,02,기능별,12,보조간선 기능별
1999,기타,2,하행,1150058800,0,02,기능별,12,보조간선 기능별
1999,기타,2,하행,1000018101,0,02,기능별,12,보조간선 기능별
1999,기타,2,하행,1140014900,0,02,기능별,12,보조간선 기능별
1999,기타,2,하행,1030007500,0,02,기능별,12,보조간선 기능별
1999,기타,2,하행,1170018300,0,02,기능별,12,보조간선 기능별
1999,기타,2,하행,1190005500,0,02,기능별,12,보조간선 기능별
1999,기타,2,하행,1190001600,0,02,기능별,12,보조간선 기능별
1999,기타,2,하행,1240017500,0,02,기능별,12,보조간선 기능별
1999,기타,2,하행,2130005600,0,02,기능별,12,보조간선 기능별
1999,기타,2,하행,1010018000,0,02,기능별,12,보조간선 기능별
1999,기타,2,하행,1070020200,0,02,기능별,12,보조간선 기능별
1999,기타,2,하행,1080012100,0,02,기능별,12,보조간선 기능별
1999,기타,2,하행,1170005900,0,02,기능별,12,보조간선 기능별
1999,기타,2,하행,3201506900,0,02,기능별,12,보조간선 기능별
1999,기타,2,하행,1180006300,0,02,기능별,12,보조간선 기능별
1999,기타,2,하행,1130010000,0,02,기능별,12,보조간선 기능별
1999,기타,2,하행,1160008600,0,02,기능별,12,보조간선 기능별
1999,기타,2,하행,1230007800,0,02,기능별,12,보조간선 기능별
1999,기타,2,하행,1080003700,0,02,기능별,12,보조간선 기능별
1999,기타,2,하행,3201507300,0,02,기능별,12,보조간선 기능별
1999,기타,2,하행,1110008700,0,02,기능별,12,보조간선 기능별
1999,기타,2,하행,1190002100,0,02,기능별,12,보조간선 기능별
1999,기타,2,하행,3201510700,0,02,기능별,12,보조간선 기능별
1999,기타,2,하행,2130003800,0,02,기능별,12,보조간선 기능별
1999,기타,2,하행,1150162400,0,02,기능별,12,보조간선 기능별
1999,기타,2,하행,1000018102,0,02,기능별,12,보조간선 기능별
1999,기타,2,하행,1030006700,0,02,기능별,12,보조간선 기능별
1999,기타,2,하행,1170019000,0,02,기능별,12,보조간선 기능별
1999,기타,2,하행,1190004300,0,02,기능별,12,보조간선 기능별
1999,기타,2,하행,1240016100,0,02,기능별,12,보조간선 기능별
1999,기타,2,하행,1110011200,0,02,기능별,12,보조간선 기능별
1999,기타,2,하행,3201510100,0,02,기능별,12,보조간선 기능별
1999,기타,2,하행,1170003300,0,02,기능별,12,보조간선 기능별
1999,기타,2,하행,2130004001,0,02,기능별,12,보조간선 기능별
1999,기타,2,하행,1160013700,0,02,기능별,12,보조간선 기능별
1999,기타,2,하행,1180006700,0,02,기능별,12,보조간선 기능별
1999,기타,2,하행,1160010400,0,02,기능별,12,보조간선 기능별
1999,기타,2,하행,1230009400,0,02,기능별,12,보조간선 기능별
1999,기타,2,하행,1080001500,0,02,기능별,12,보조간선 기능별
1999,기타,2,하행,1110008500,0,02,기능별,12,보조간선 기능별
1999,기타,2,하행,1180026100,0,02,기능별,12,보조간선 기능별
1999,기타,2,하행,3201510300,0,02,기능별,12,보조간선 기능별
1999,기타,2,하행,1140016100,0,02,기능별,12,보조간선 기능별
1999,기타,2,하행,1150162600,0,02,기능별,12,보조간선 기능별
1999,기타,2,하행,1000019801,0,02,기능별,12,보조간선 기능별
1999,기타,2,하행,1140010300,0,02,기능별,12,보조간선 기능별
1999,기타,2,하행,1040011000,0,02,기능별,12,보조간선 기능별
1999,기타,2,하행,2130018100,0,02,기능별,12,보조간선 기능별
1999,기타,2,하행,1240013700,0,02,기능별,12,보조간선 기능별
1999,기타,2,하행,1110012600,0,02,기능별,12,보조간선 기능별
1999,기타,2,하행,2130004002,0,02,기능별,12,보조간선 기능별
1999,기타,2,하행,1160012700,0,02,기능별,12,보조간선 기능별
1999,기타,2,하행,1030015500,0,02,기능별,12,보조간선 기능별
1999,기타,2,하행,1180007700,0,02,기능별,12,보조간선 기능별
1999,기타,2,하행,1180007300,0,02,기능별,12,보조간선 기능별
1999,기타,2,하행,1110008300,0,02,기능별,12,보조간선 기능별
1999,기타,2,하행,1180031300,0,02,기능별,12,보조간선 기능별
1999,기타,2,하행,1190002900,0,02,기능별,12,보조간선 기능별
1999,기타,2,하행,3201509900,0,02,기능별,12,보조간선 기능별
1999,기타,2,하행,1150162801,0,02,기능별,12,보조간선 기능별
1999,기타,2,하행,1000019802,0,02,기능별,12,보조간선 기능별
1999,기타,2,하행,1240014800,0,02,기능별,12,보조간선 기능별
1999,기타,2,하행,1110013000,0,02,기능별,12,보조간선 기능별
1999,기타,2,하행,3201509700,0,02,기능별,12,보조간선 기능별
1999,기타,2,하행,1160011900,0,02,기능별,12,보조간선 기능별
1999,기타,2,하행,3201508500,0,02,기능별,12,보조간선 기능별
1999,기타,2,하행,1180010100,0,02,기능별,12,보조간선 기능별
1999,기타,2,하행,3201507900,0,02,기능별,12,보조간선 기능별
1999,기타,2,하행,1180008500,0,02,기능별,12,보조간선 기능별
1999,기타,2,하행,3201508300,0,02,기능별,12,보조간선 기능별
1999,기타,2,하행,1050017200,0,02,기능별,12,보조간선 기능별
1999,기타,2,하행,1110007700,0,02,기능별,12,보조간선 기능별
1999,기타,2,하행,1040010000,0,02,기능별,12,보조간선 기능별
1999,기타,2,하행,2130018300,0,02,기능별,12,보조간선 기능별
1999,기타,2,하행,1030012900,0,02,기능별,12,보조간선 기능별
1999,기타,2,하행,1000020400,0,02,기능별,12,보조간선 기능별
1999,기타,2,하행,1040008600,0,02,기능별,12,보조간선 기능별
1999,기타,2,하행,1170020300,0,02,기능별,12,보조간선 기능별
1999,기타,2,하행,1240014900,0,02,기능별,12,보조간선 기능별
1999,기타,2,하행,1110013400,0,02,기능별,12,보조간선 기능별
1999,기타,2,하행,1140030100,0,02,기능별,12,보조간선 기능별
1999,기타,2,하행,1180009100,0,02,기능별,12,보조간선 기능별
1999,기타,2,하행,1160009300,0,02,기능별,12,보조간선 기능별
1999,기타,2,하행,1130010700,0,02,기능별,12,보조간선 기능별
1999,기타,2,하행,1170021200,0,02,기능별,12,보조간선 기능별
1999,기타,2,하행,1240014500,0,02,기능별,12,보조간선 기능별
1999,기타,2,하행,1240023000,0,02,기능별,12,보조간선 기능별
1999,기타,2,하행,1130008900,0,02,기능별,12,보조간선 기능별
1999,기타,2,하행,2130020900,0,02,기능별,12,보조간선 기능별
1999,기타,2,하행,1240024200,0,02,기능별,12,보조간선 기능별
1999,기타,2,하행,1240014100,0,02,기능별,12,보조간선 기능별
1999,기타,2,하행,2130021900,0,02,기능별,12,보조간선 기능별
1999,기타,2,하행,1240013500,0,02,기능별,12,보조간선 기능별
1999,기타,2,하행,2130023100,0,02,기능별,12,보조간선 기능별
1999,기타,2,하행,2130025700,0,02,기능별,12,보조간선 기능별
1999,기타,2,하행,2130027700,0,02,기능별,12,보조간선 기능별
1999,기타,2,하행,2130029700,0,02,기능별,12,보조간선 기능별
1999,기타,2,하행,2130031300,0,02,기능별,12,보조간선 기능별
1999,기타,2,하행,2130032700,0,02,기능별,12,보조간선 기능별
1999,기타,2,하행,2130035500,0,02,기능별,12,보조간선 기능별
1999,기타,2,하행,2130037500,0,02,기능별,12,보조간선 기능별
1999,기타,2,하행,2130040700,0,02,기능별,12,보조간선 기능별
1999,기타,2,하행,2130041900,0,02,기능별,12,보조간선 기능별
1999,기타,2,하행,2130042300,0,02,기능별,12,보조간선 기능별
1999,기타,2,하행,2130043300,0,02,기능별,12,보조간선 기능별
1999,기타,2,하행,1160049000,0,02,기능별,12,보조간선 기능별
1999,기타,2,하행,1160054400,0,02,기능별,12,보조간선 기능별
604,기타도로,1,상행,2270009000,0,03,유형별,09,외곽
604,기타도로,2,하행,2270009100,0,03,유형별,09,외곽
604,기타도로,2,하행,1230234300,0,03,유형별,09,외곽
604,기타도로,2,하행,1230233000,0,03,유형별,09,외곽
604,기타도로,2,하행,1230230000,0,03,유형별,09,외곽
604,기타도로,2,하행,1230224600,0,03,유형별,09,외곽
604,기타도로,1,상행,1230224500,0,03,유형별,09,외곽
604,기타도로,1,상행,1230229900,0,03,유형별,09,외곽
604,기타도로,1,상행,1230232900,0,03,유형별,09,외곽
604,기타도로,1,상행,1230234200,0,03,유형별,09,외곽
604,기타도로,1,상행,1230221800,0,03,유형별,09,외곽
604,기타도로,1,상행,1230223000,0,03,유형별,09,외곽
604,기타도로,1,상행,1230223900,0,03,유형별,09,외곽
604,기타도로,1,상행,1230229500,0,03,유형별,09,외곽
604,기타도로,1,상행,2270208400,0,03,유형별,09,외곽
604,기타도로,2,하행,2270208300,0,03,유형별,09,외곽
604,기타도로,2,하행,1230229600,0,03,유형별,09,외곽
604,기타도로,2,하행,1230224000,0,03,유형별,09,외곽
604,기타도로,2,하행,1230223100,0,03,유형별,09,외곽
604,기타도로,2,하행,1230221700,0,03,유형별,09,외곽
604,기타도로,2,하행,1230040400,0,03,유형별,09,외곽
604,기타도로,1,상행,1230040500,0,03,유형별,09,외곽
604,기타도로,1,상행,1230251600,0,03,유형별,09,외곽
604,기타도로,2,하행,1230251500,0,03,유형별,09,외곽
604,기타도로,1,상행,1060021700,0,03,유형별,09,외곽
604,기타도로,2,하행,1060021800,0,03,유형별,09,외곽
604,기타도로,2,하행,1240028700,0,03,유형별,09,외곽
604,기타도로,1,상행,1240028800,0,03,유형별,09,외곽
604,기타도로,2,하행,1240028900,0,03,유형별,09,외곽
604,기타도로,1,상행,1240029000,0,03,유형별,09,외곽
606,동남생활권,1,상행,1220015500,1,11,권역별,22,동남생활권
606,동남생활권,1,상행,1220016700,2,11,권역별,22,동남생활권
606,동남생활권,1,상행,1220019100,3,11,권역별,22,동남생활권
606,동남생활권,1,상행,1220020900,4,11,권역별,22,동남생활권
606,동남생활권,1,상행,1220022600,5,11,권역별,22,동남생활권
614,강남혼잡권역,2,하행,1220023200,194,13,혼잡권역,30,강남혼잡권역
614,강남혼잡권역,1,상행,1220023300,195,13,혼잡권역,30,강남혼잡권역
614,강남혼잡권역,2,하행,1220023400,196,13,혼잡권역,30,강남혼잡권역
614,강남혼잡권역,2,하행,1220023800,197,13,혼잡권역,30,강남혼잡권역
614,강남혼잡권역,1,상행,1220023900,198,13,혼잡권역,30,강남혼잡권역
614,강남혼잡권역,1,상행,1220024000,199,13,혼잡권역,30,강남혼잡권역
614,강남혼잡권역,2,하행,1220024100,200,13,혼잡권역,30,강남혼잡권역
614,강남혼잡권역,2,하행,1220024200,201,13,혼잡권역,30,강남혼잡권역
614,강남혼잡권역,1,상행,1220024300,202,13,혼잡권역,30,강남혼잡권역
614,강남혼잡권역,1,상행,1220024600,203,13,혼잡권역,30,강남혼잡권역
614,강남혼잡권역,2,하행,1220024700,204,13,혼잡권역,30,강남혼잡권역
614,강남혼잡권역,1,상행,1220024800,205,13,혼잡권역,30,강남혼잡권역
614,강남혼잡권역,2,하행,1220024900,206,13,혼잡권역,30,강남혼잡권역
614,강남혼잡권역,2,하행,1220025000,207,13,혼잡권역,30,강남혼잡권역
614,강남혼잡권역,1,상행,1220025100,208,13,혼잡권역,30,강남혼잡권역
614,강남혼잡권역,1,상행,1220025200,209,13,혼잡권역,30,강남혼잡권역
614,강남혼잡권역,2,하행,1220025300,210,13,혼잡권역,30,강남혼잡권역
614,강남혼잡권역,2,하행,1220025400,211,13,혼잡권역,30,강남혼잡권역
614,강남혼잡권역,1,상행,1220025500,212,13,혼잡권역,30,강남혼잡권역
614,강남혼잡권역,1,상행,1220025800,213,13,혼잡권역,30,강남혼잡권역
614,강남혼잡권역,2,하행,1220025900,214,13,혼잡권역,30,강남혼잡권역
614,강남혼잡권역,1,상행,1220026000,215,13,혼잡권역,30,강남혼잡권역
614,강남혼잡권역,2,하행,1220026100,216,13,혼잡권역,30,강남혼잡권역
614,강남혼잡권역,1,상행,1220026200,217,13,혼잡권역,30,강남혼잡권역
614,강남혼잡권역,2,하행,1220026300,218,13,혼잡권역,30,강남혼잡권역
614,강남혼잡권역,2,하행,1220026400,219,13,혼잡권역,30,강남혼잡권역
614,강남혼잡권역,1,상행,1220026500,220,13,혼잡권역,30,강남혼잡권역
614,강남혼잡권역,1,상행,1220026600,221,13,혼잡권역,30,강남혼잡권역
614,강남혼잡권역,2,하행,1220026700,222,13,혼잡권역,30,강남혼잡권역
614,강남혼잡권역,1,상행,1220026800,223,13,혼잡권역,30,강남혼잡권역
614,강남혼잡권역,2,하행,1220026900,224,13,혼잡권역,30,강남혼잡권역
614,강남혼잡권역,2,하행,1220027000,225,13,혼잡권역,30,강남혼잡권역
614,강남혼잡권역,1,상행,1220027100,226,13,혼잡권역,30,강남혼잡권역
614,강남혼잡권역,1,상행,1220027200,227,13,혼잡권역,30,강남혼잡권역
614,강남혼잡권역,2,하행,1220027300,228,13,혼잡권역,30,강남혼잡권역
614,강남혼잡권역,1,상행,1220027400,229,13,혼잡권역,30,강남혼잡권역
614,강남혼잡권역,2,하행,1220027500,230,13,혼잡권역,30,강남혼잡권역
614,강남혼잡권역,1,상행,1220027600,231,13,혼잡권역,30,강남혼잡권역
614,강남혼잡권역,2,하행,1220027700,232,13,혼잡권역,30,강남혼잡권역
614,강남혼잡권역,2,하행,1220027800,233,13,혼잡권역,30,강남혼잡권역
614,강남혼잡권역,1,상행,1220027900,234,13,혼잡권역,30,강남혼잡권역
614,강남혼잡권역,1,상행,1220028000,235,13,혼잡권역,30,강남혼잡권역
614,강남혼잡권역,2,하행,1220028100,236,13,혼잡권역,30,강남혼잡권역
614,강남혼잡권역,1,상행,1220028200,237,13,혼잡권역,30,강남혼잡권역
614,강남혼잡권역,2,하행,1220028300,238,13,혼잡권역,30,강남혼잡권역
614,강남혼잡권역,1,상행,1220028400,239,13,혼잡권역,30,강남혼잡권역
614,강남혼잡권역,2,하행,1220028500,240,13,혼잡권역,30,강남혼잡권역
614,강남혼잡권역,2,하행,1220028700,241,13,혼잡권역,30,강남혼잡권역
614,강남혼잡권역,1,상행,1220028800,242,13,혼잡권역,30,강남혼잡권역
614,강남혼잡권역,2,하행,1220028900,243,13,혼잡권역,30,강남혼잡권역
614,강남혼잡권역,1,상행,1220029000,244,13,혼잡권역,30,강남혼잡권역
614,강남혼잡권역,2,하행,1220029100,245,13,혼잡권역,30,강남혼잡권역
614,강남혼잡권역,1,상행,1220029200,246,13,혼잡권역,30,강남혼잡권역
614,강남혼잡권역,2,하행,1220029300,247,13,혼잡권역,30,강남혼잡권역
614,강남혼잡권역,1,상행,1220029400,248,13,혼잡권역,30,강남혼잡권역
614,강남혼잡권역,2,하행,1220029500,249,13,혼잡권역,30,강남혼잡권역
614,강남혼잡권역,1,상행,1220029600,250,13,혼잡권역,30,강남혼잡권역
614,강남혼잡권역,2,하행,1220029700,251,13,혼잡권역,30,강남혼잡권역
614,강남혼잡권역,1,상행,1220029800,252,13,혼잡권역,30,강남혼잡권역
614,강남혼잡권역,2,하행,1220029900,253,13,혼잡권역,30,강남혼잡권역
614,강남혼잡권역,1,상행,1220030000,254,13,혼잡권역,30,강남혼잡권역
614,강남혼잡권역,2,하행,1220030100,255,13,혼잡권역,30,강남혼잡권역
614,강남혼잡권역,2,하행,1220030300,256,13,혼잡권역,30,강남혼잡권역
614,강남혼잡권역,1,상행,1220030400,257,13,혼잡권역,30,강남혼잡권역
614,강남혼잡권역,2,하행,1220030500,258,13,혼잡권역,30,강남혼잡권역
614,강남혼잡권역,2,하행,1220030600,259,13,혼잡권역,30,강남혼잡권역
614,강남혼잡권역,1,상행,1220030700,260,13,혼잡권역,30,강남혼잡권역
606,동남생활권,1,상행,1220024300,6,11,권역별,22,동남생활권
606,동남생활권,1,상행,1220025700,7,11,권역별,22,동남생활권
606,동남생활권,1,상행,1230019200,8,11,권역별,22,동남생활권
606,동남생활권,1,상행,1230017500,9,11,권역별,22,동남생활권
606,동남생활권,1,상행,1220034800,10,11,권역별,22,동남생활권
606,동남생활권,1,상행,1220034600,11,11,권역별,22,동남생활권
606,동남생활권,1,상행,1220034200,12,11,권역별,22,동남생활권
606,동남생활권,1,상행,1220033600,13,11,권역별,22,동남생활권
606,동남생활권,1,상행,1220032600,14,11,권역별,22,동남생활권
606,동남생활권,1,상행,1240027700,15,11,권역별,22,동남생활권
606,동남생활권,1,상행,1240025500,16,11,권역별,22,동남생활권
606,동남생활권,1,상행,1240023500,17,11,권역별,22,동남생활권
606,동남생활권,1,상행,1240019700,18,11,권역별,22,동남생활권
606,동남생활권,1,상행,1240015300,19,11,권역별,22,동남생활권
606,동남생활권,1,상행,1240012300,20,11,권역별,22,동남생활권
606,동남생활권,1,상행,1240010900,21,11,권역별,22,동남생활권
606,동남생활권,1,상행,1240008300,22,11,권역별,22,동남생활권
606,동남생활권,1,상행,1240005500,23,11,권역별,22,동남생활권
606,동남생활권,1,상행,1230031700,24,11,권역별,22,동남생활권
606,동남생활권,1,상행,1230025300,25,11,권역별,22,동남생활권
606,동남생활권,1,상행,1230018500,26,11,권역별,22,동남생활권
606,동남생활권,1,상행,1230014700,27,11,권역별,22,동남생활권
606,동남생활권,1,상행,1230012100,28,11,권역별,22,동남생활권
606,동남생활권,1,상행,1230010700,29,11,권역별,22,동남생활권
606,동남생활권,1,상행,1230009300,30,11,권역별,22,동남생활권
606,동남생활권,1,상행,1230007700,31,11,권역별,22,동남생활권
606,동남생활권,1,상행,1230006800,32,11,권역별,22,동남생활권
606,동남생활권,1,상행,1210007700,33,11,권역별,22,동남생활권
606,동남생활권,1,상행,1210008500,34,11,권역별,22,동남생활권
606,동남생활권,1,상행,1210009500,35,11,권역별,22,동남생활권
606,동남생활권,1,상행,1210010300,36,11,권역별,22,동남생활권
606,동남생활권,1,상행,1210011300,37,11,권역별,22,동남생활권
606,동남생활권,1,상행,1210013700,38,11,권역별,22,동남생활권
606,동남생활권,1,상행,1220011900,39,11,권역별,22,동남생활권
606,동남생활권,1,상행,1220016300,40,11,권역별,22,동남생활권
606,동남생활권,1,상행,1220021100,41,11,권역별,22,동남생활권
606,동남생활권,1,상행,1220025100,42,11,권역별,22,동남생활권
606,동남생활권,1,상행,1220027900,43,11,권역별,22,동남생활권
606,동남생활권,1,상행,1220030700,44,11,권역별,22,동남생활권
606,동남생활권,1,상행,1210030100,45,11,권역별,22,동남생활권
606,동남생활권,1,상행,1210006300,46,11,권역별,22,동남생활권
606,동남생활권,1,상행,1210030700,47,11,권역별,22,동남생활권
606,동남생활권,1,상행,1230008700,48,11,권역별,22,동남생활권
606,동남생활권,1,상행,1240024600,49,11,권역별,22,동남생활권
606,동남생활권,1,상행,1240026200,50,11,권역별,22,동남생활권
606,동남생활권,1,상행,1240026900,51,11,권역별,22,동남생활권
606,동남생활권,1,상행,1230035400,52,11,권역별,22,동남생활권
606,동남생활권,1,상행,1230034600,53,11,권역별,22,동남생활권
606,동남생활권,1,상행,1230034300,54,11,권역별,22,동남생활권
606,동남생활권,1,상행,1230035200,55,11,권역별,22,동남생활권
606,동남생활권,1,상행,1230034800,56,11,권역별,22,동남생활권
606,동남생활권,1,상행,1230033800,57,11,권역별,22,동남생활권
606,동남생활권,1,상행,1230032400,58,11,권역별,22,동남생활권
606,동남생활권,1,상행,1230031100,59,11,권역별,22,동남생활권
606,동남생활권,1,상행,1210017700,60,11,권역별,22,동남생활권
606,동남생활권,1,상행,1210021700,61,11,권역별,22,동남생활권
606,동남생활권,1,상행,1210023500,62,11,권역별,22,동남생활권
606,동남생활권,1,상행,1210027900,63,11,권역별,22,동남생활권
606,동남생활권,1,상행,1210010700,64,11,권역별,22,동남생활권
606,동남생활권,1,상행,1230008600,65,11,권역별,22,동남생활권
606,동남생활권,1,상행,1230011200,66,11,권역별,22,동남생활권
606,동남생활권,1,상행,1230013800,67,11,권역별,22,동남생활권
606,동남생활권,1,상행,1230015800,68,11,권역별,22,동남생활권
606,동남생활권,1,상행,1230018400,69,11,권역별,22,동남생활권
606,동남생활권,1,상행,1230020600,70,11,권역별,22,동남생활권
606,동남생활권,1,상행,1210012900,71,11,권역별,22,동남생활권
606,동남생활권,1,상행,1210016900,72,11,권역별,22,동남생활권
606,동남생활권,1,상행,1240019100,73,11,권역별,22,동남생활권
606,동남생활권,1,상행,1240015900,74,11,권역별,22,동남생활권
606,동남생활권,1,상행,1240012700,75,11,권역별,22,동남생활권
606,동남생활권,1,상행,1240010300,76,11,권역별,22,동남생활권
606,동남생활권,1,상행,1240008500,77,11,권역별,22,동남생활권
606,동남생활권,1,상행,1240007500,78,11,권역별,22,동남생활권
606,동남생활권,1,상행,1230015500,79,11,권역별,22,동남생활권
606,동남생활권,1,상행,1230012900,80,11,권역별,22,동남생활권
606,동남생활권,1,상행,1230010300,81,11,권역별,22,동남생활권
606,동남생활권,1,상행,1230007900,82,11,권역별,22,동남생활권
606,동남생활권,1,상행,1230007100,83,11,권역별,22,동남생활권
606,동남생활권,1,상행,1230006900,84,11,권역별,22,동남생활권
606,동남생활권,1,상행,1230006300,85,11,권역별,22,동남생활권
606,동남생활권,1,상행,1210014100,86,11,권역별,22,동남생활권
606,동남생활권,1,상행,1210016100,87,11,권역별,22,동남생활권
606,동남생활권,1,상행,1210018500,88,11,권역별,22,동남생활권
606,동남생활권,1,상행,1210021900,89,11,권역별,22,동남생활권
606,동남생활권,1,상행,1210025100,90,11,권역별,22,동남생활권
606,동남생활권,1,상행,1210026700,91,11,권역별,22,동남생활권
606,동남생활권,1,상행,1210028900,92,11,권역별,22,동남생활권
606,동남생활권,1,상행,1220005900,93,11,권역별,22,동남생활권
606,동남생활권,1,상행,1220006700,94,11,권역별,22,동남생활권
606,동남생활권,1,상행,1220013900,95,11,권역별,22,동남생활권
606,동남생활권,1,상행,1210011900,96,11,권역별,22,동남생활권
606,동남생활권,1,상행,1210015700,97,11,권역별,22,동남생활권
606,동남생활권,1,상행,1210018900,98,11,권역별,22,동남생활권
606,동남생활권,1,상행,1210021300,99,11,권역별,22,동남생활권
606,동남생활권,1,상행,1230026700,100,11,권역별,22,동남생활권
606,동남생활권,1,상행,1230020700,101,11,권역별,22,동남생활권
606,동남생활권,1,상행,1230017100,102,11,권역별,22,동남생활권
606,동남생활권,1,상행,1230016600,103,11,권역별,22,동남생활권
606,동남생활권,1,상행,1230019000,104,11,권역별,22,동남생활권
606,동남생활권,1,상행,1230022600,105,11,권역별,22,동남생활권
606,동남생활권,1,상행,1230027800,106,11,권역별,22,동남생활권
606,동남생활권,1,상행,1220031600,107,11,권역별,22,동남생활권
606,동남생활권,1,상행,1220031400,108,11,권역별,22,동남생활권
606,동남생활권,1,상행,1220030800,109,11,권역별,22,동남생활권
606,동남생활권,1,상행,1220030000,110,11,권역별,22,동남생활권
606,동남생활권,1,상행,1220029000,111,11,권역별,22,동남생활권
606,동남생활권,1,상행,1220028200,112,11,권역별,22,동남생활권
606,동남생활권,1,상행,1220027200,113,11,권역별,22,동남생활권
606,동남생활권,1,상행,1220037400,114,11,권역별,22,동남생활권
606,동남생활권,1,상행,1230024700,115,11,권역별,22,동남생활권
606,동남생활권,1,상행,1230019500,116,11,권역별,22,동남생활권
606,동남생활권,1,상행,1230016300,117,11,권역별,22,동남생활권
606,동남생활권,1,상행,1230014100,118,11,권역별,22,동남생활권
606,동남생활권,1,상행,1220003800,119,11,권역별,22,동남생활권
606,동남생활권,1,상행,1220002500,120,11,권역별,22,동남생활권
606,동남생활권,1,상행,1220001700,121,11,권역별,22,동남생활권
606,동남생활권,1,상행,1230001500,122,11,권역별,22,동남생활권
606,동남생활권,1,상행,1210014500,123,11,권역별,22,동남생활권
606,동남생활권,1,상행,1210020000,124,11,권역별,22,동남생활권
606,동남생활권,1,상행,1210019000,125,11,권역별,22,동남생활권
606,동남생활권,1,상행,1210017400,126,11,권역별,22,동남생활권
606,동남생활권,1,상행,1220020500,127,11,권역별,22,동남생활권
606,동남생활권,1,상행,1220018600,128,11,권역별,22,동남생활권
606,동남생활권,1,상행,1220017200,129,11,권역별,22,동남생활권
606,동남생활권,1,상행,1220015600,130,11,권역별,22,동남생활권
606,동남생활권,1,상행,1220013600,131,11,권역별,22,동남생활권
606,동남생활권,1,상행,1220012000,132,11,권역별,22,동남생활권
606,동남생활권,1,상행,1220008200,133,11,권역별,22,동남생활권
606,동남생활권,1,상행,1220007000,134,11,권역별,22,동남생활권
606,동남생활권,1,상행,1210022800,135,11,권역별,22,동남생활권
606,동남생활권,1,상행,1210022700,136,11,권역별,22,동남생활권
606,동남생활권,1,상행,1210023700,137,11,권역별,22,동남생활권
606,동남생활권,1,상행,1210024900,138,11,권역별,22,동남생활권
606,동남생활권,1,상행,1210025800,139,11,권역별,22,동남생활권
606,동남생활권,1,상행,1210024500,140,11,권역별,22,동남생활권
606,동남생활권,1,상행,1210025500,141,11,권역별,22,동남생활권
606,동남생활권,1,상행,1220034000,142,11,권역별,22,동남생활권
606,동남생활권,1,상행,1220031800,143,11,권역별,22,동남생활권
606,동남생활권,1,상행,1220029200,144,11,권역별,22,동남생활권
606,동남생활권,1,상행,1220026600,145,11,권역별,22,동남생활권
606,동남생활권,1,상행,1220024800,146,11,권역별,22,동남생활권
606,동남생활권,1,상행,1220021800,147,11,권역별,22,동남생활권
606,동남생활권,1,상행,1220018200,148,11,권역별,22,동남생활권
606,동남생활권,1,상행,1220015000,149,11,권역별,22,동남생활권
606,동남생활권,1,상행,1220012600,150,11,권역별,22,동남생활권
606,동남생활권,1,상행,1220009400,151,11,권역별,22,동남생활권
606,동남생활권,1,상행,1220024500,152,11,권역별,22,동남생활권
606,동남생활권,1,상행,1230016200,153,11,권역별,22,동남생활권
606,동남생활권,1,상행,1230019400,154,11,권역별,22,동남생활권
606,동남생활권,1,상행,1230022000,155,11,권역별,22,동남생활권
606,동남생활권,1,상행,1230015300,156,11,권역별,22,동남생활권
606,동남생활권,1,상행,1230014600,157,11,권역별,22,동남생활권
606,동남생활권,1,상행,1230018200,158,11,권역별,22,동남생활권
606,동남생활권,1,상행,1230021600,159,11,권역별,22,동남생활권
606,동남생활권,1,상행,1230013100,160,11,권역별,22,동남생활권
606,동남생활권,1,상행,1230011300,161,11,권역별,22,동남생활권
606,동남생활권,1,상행,1230011000,162,11,권역별,22,동남생활권
606,동남생활권,1,상행,1230014000,163,11,권역별,22,동남생활권
606,동남생활권,1,상행,1240013600,164,11,권역별,22,동남생활권
606,동남생활권,1,상행,1240014200,165,11,권역별,22,동남생활권
606,동남생활권,1,상행,1240014600,166,11,권역별,22,동남생활권
606,동남생활권,1,상행,1240015000,167,11,권역별,22,동남생활권
606,동남생활권,1,상행,1240014700,168,11,권역별,22,동남생활권
606,동남생활권,1,상행,1240013800,169,11,권역별,22,동남생활권
606,동남생활권,1,상행,1240016200,170,11,권역별,22,동남생활권
606,동남생활권,1,상행,1240017600,171,11,권역별,22,동남생활권
606,동남생활권,1,상행,1240019000,172,11,권역별,22,동남생활권
606,동남생활권,1,상행,1240015800,173,11,권역별,22,동남생활권
606,동남생활권,1,상행,1240016300,174,11,권역별,22,동남생활권
606,동남생활권,1,상행,1240016800,175,11,권역별,22,동남생활권
606,동남생활권,1,상행,1240020000,176,11,권역별,22,동남생활권
606,동남생활권,1,상행,1240022600,177,11,권역별,22,동남생활권
606,동남생활권,1,상행,1240025800,178,11,권역별,22,동남생활권
606,동남생활권,1,상행,1240020700,179,11,권역별,22,동남생활권
606,동남생활권,1,상행,3201502000,180,11,권역별,22,동남생활권
606,동남생활권,1,상행,3201503400,181,11,권역별,22,동남생활권
606,동남생활권,1,상행,1210023000,182,11,권역별,22,동남생활권
606,동남생활권,1,상행,1210020800,183,11,권역별,22,동남생활권
606,동남생활권,1,상행,1210018600,184,11,권역별,22,동남생활권
606,동남생활권,1,상행,1210016400,185,11,권역별,22,동남생활권
606,동남생활권,1,상행,1210016300,186,11,권역별,22,동남생활권
606,동남생활권,1,상행,1210017300,187,11,권역별,22,동남생활권
606,동남생활권,1,상행,1210017900,188,11,권역별,22,동남생활권
606,동남생활권,1,상행,1210019700,189,11,권역별,22,동남생활권
606,동남생활권,1,상행,1210020300,190,11,권역별,22,동남생활권
606,동남생활권,1,상행,1210021100,191,11,권역별,22,동남생활권
606,동남생활권,1,상행,1210022300,192,11,권역별,22,동남생활권
606,동남생활권,1,상행,1210015100,193,11,권역별,22,동남생활권
606,동남생활권,1,상행,1210016700,194,11,권역별,22,동남생활권
606,동남생활권,1,상행,1210019500,195,11,권역별,22,동남생활권
606,동남생활권,1,상행,1210022500,196,11,권역별,22,동남생활권
606,동남생활권,1,상행,1210025300,197,11,권역별,22,동남생활권
606,동남생활권,1,상행,1230026900,198,11,권역별,22,동남생활권
606,동남생활권,1,상행,1230021700,199,11,권역별,22,동남생활권
606,동남생활권,1,상행,1230020100,200,11,권역별,22,동남생활권
606,동남생활권,1,상행,1230020400,201,11,권역별,22,동남생활권
606,동남생활권,1,상행,1230023800,202,11,권역별,22,동남생활권
606,동남생활권,1,상행,1220036400,203,11,권역별,22,동남생활권
606,동남생활권,1,상행,1220035400,204,11,권역별,22,동남생활권
606,동남생활권,1,상행,1220033400,205,11,권역별,22,동남생활권
606,동남생활권,1,상행,1220031000,206,11,권역별,22,동남생활권
606,동남생활권,1,상행,1220027600,207,11,권역별,22,동남생활권
606,동남생활권,1,상행,1220025800,208,11,권역별,22,동남생활권
606,동남생활권,1,상행,1220023100,209,11,권역별,22,동남생활권
606,동남생활권,1,상행,1220019200,210,11,권역별,22,동남생활권
606,동남생활권,1,상행,1220014000,211,11,권역별,22,동남생활권
606,동남생활권,1,상행,1220011000,212,11,권역별,22,동남생활권
606,동남생활권,1,상행,1220008600,213,11,권역별,22,동남생활권
606,동남생활권,1,상행,1220007400,214,11,권역별,22,동남생활권
606,동남생활권,1,상행,1210005100,215,11,권역별,22,동남생활권
606,동남생활권,1,상행,1210004700,216,11,권역별,22,동남생활권
606,동남생활권,1,상행,1210004100,217,11,권역별,22,동남생활권
606,동남생활권,1,상행,1210003900,218,11,권역별,22,동남생활권
606,동남생활권,1,상행,1210003000,219,11,권역별,22,동남생활권
606,동남생활권,1,상행,1210001900,220,11,권역별,22,동남생활권
606,동남생활권,1,상행,1210000800,221,11,권역별,22,동남생활권
606,동남생활권,1,상행,2040002902,222,11,권역별,22,동남생활권
606,동남생활권,1,상행,2060011401,223,11,권역별,22,동남생활권
606,동남생활권,1,상행,1240006800,224,11,권역별,22,동남생활권
606,동남생활권,1,상행,1230036500,225,11,권역별,22,동남생활권
606,동남생활권,1,상행,1230012600,226,11,권역별,22,동남생활권
606,동남생활권,1,상행,1230034100,227,11,권역별,22,동남생활권
606,동남생활권,1,상행,1240007200,228,11,권역별,22,동남생활권
606,동남생활권,1,상행,1240009000,229,11,권역별,22,동남생활권
606,동남생활권,1,상행,1240010000,230,11,권역별,22,동남생활권
606,동남생활권,1,상행,1240012000,231,11,권역별,22,동남생활권
606,동남생활권,1,상행,3201503300,232,11,권역별,22,동남생활권
606,동남생활권,1,상행,1230007600,233,11,권역별,22,동남생활권
606,동남생활권,1,상행,1230008200,234,11,권역별,22,동남생활권
606,동남생활권,1,상행,1230009800,235,11,권역별,22,동남생활권
606,동남생활권,1,상행,1230012800,236,11,권역별,22,동남생활권
606,동남생활권,1,상행,1230015200,237,11,권역별,22,동남생활권
606,동남생활권,1,상행,1230017400,238,11,권역별,22,동남생활권
606,동남생활권,1,상행,1230007400,239,11,권역별,22,동남생활권
606,동남생활권,1,상행,1230004100,240,11,권역별,22,동남생활권
606,동남생활권,1,상행,1230003700,241,11,권역별,22,동남생활권
606,동남생활권,1,상행,1230003500,242,11,권역별,22,동남생활권
606,동남생활권,1,상행,1230003300,243,11,권역별,22,동남생활권
606,동남생활권,1,상행,1230003100,244,11,권역별,22,동남생활권
606,동남생활권,1,상행,1230002900,245,11,권역별,22,동남생활권
606,동남생활권,1,상행,1230002700,246,11,권역별,22,동남생활권
606,동남생활권,1,상행,1230002500,247,11,권역별,22,동남생활권
606,동남생활권,1,상행,1230002100,248,11,권역별,22,동남생활권
606,동남생활권,1,상행,1230001900,249,11,권역별,22,동남생활권
606,동남생활권,1,상행,1230001700,250,11,권역별,22,동남생활권
606,동남생활권,1,상행,1230001300,251,11,권역별,22,동남생활권
606,동남생활권,1,상행,1230000500,252,11,권역별,22,동남생활권
606,동남생활권,1,상행,1230005600,253,11,권역별,22,동남생활권
606,동남생활권,1,상행,1230030400,254,11,권역별,22,동남생활권
606,동남생활권,1,상행,1230032300,255,11,권역별,22,동남생활권
606,동남생활권,1,상행,1210027600,256,11,권역별,22,동남생활권
606,동남생활권,1,상행,1210027000,257,11,권역별,22,동남생활권
606,동남생활권,1,상행,1210026800,258,11,권역별,22,동남생활권
606,동남생활권,1,상행,1210026400,259,11,권역별,22,동남생활권
606,동남생활권,1,상행,1210026000,260,11,권역별,22,동남생활권
606,동남생활권,1,상행,1210024200,261,11,권역별,22,동남생활권
606,동남생활권,1,상행,1210023200,262,11,권역별,22,동남생활권
606,동남생활권,1,상행,1230030000,263,11,권역별,22,동남생활권
606,동남생활권,1,상행,1230031000,264,11,권역별,22,동남생활권
606,동남생활권,1,상행,1230031400,265,11,권역별,22,동남생활권
606,동남생활권,1,상행,1240024100,266,11,권역별,22,동남생활권
606,동남생활권,1,상행,1240022900,267,11,권역별,22,동남생활권
606,동남생활권,1,상행,1240022100,268,11,권역별,22,동남생활권
606,동남생활권,1,상행,1240021500,269,11,권역별,22,동남생활권
606,동남생활권,1,상행,1240021300,270,11,권역별,22,동남생활권
606,동남생활권,1,상행,1240021000,271,11,권역별,22,동남생활권
606,동남생활권,1,상행,1240021200,272,11,권역별,22,동남생활권
606,동남생활권,1,상행,1240021700,273,11,권역별,22,동남생활권
606,동남생활권,1,상행,1240028500,274,11,권역별,22,동남생활권
606,동남생활권,1,상행,1240028000,275,11,권역별,22,동남생활권
606,동남생활권,1,상행,1240028400,276,11,권역별,22,동남생활권
606,동남생활권,1,상행,1240028100,277,11,권역별,22,동남생활권
606,동남생활권,1,상행,1240027300,278,11,권역별,22,동남생활권
606,동남생활권,1,상행,1240026300,279,11,권역별,22,동남생활권
606,동남생활권,1,상행,1240023900,280,11,권역별,22,동남생활권
606,동남생활권,1,상행,1240025400,281,11,권역별,22,동남생활권
606,동남생활권,1,상행,1240026000,282,11,권역별,22,동남생활권
606,동남생활권,1,상행,1240027500,283,11,권역별,22,동남생활권
606,동남생활권,1,상행,1240022400,284,11,권역별,22,동남생활권
606,동남생활권,1,상행,1240024400,285,11,권역별,22,동남생활권
606,동남생활권,1,상행,1220035900,286,11,권역별,22,동남생활권
606,동남생활권,1,상행,1220036300,287,11,권역별,22,동남생활권
606,동남생활권,1,상행,1220036000,288,11,권역별,22,동남생활권
606,동남생활권,1,상행,1220035000,289,11,권역별,22,동남생활권
606,동남생활권,1,상행,1230009000,290,11,권역별,22,동남생활권
606,동남생활권,1,상행,1210000500,291,11,권역별,22,동남생활권
606,동남생활권,1,상행,1210001000,292,11,권역별,22,동남생활권
606,동남생활권,1,상행,1210001200,293,11,권역별,22,동남생활권
606,동남생활권,1,상행,1210001800,294,11,권역별,22,동남생활권
606,동남생활권,1,상행,1210002600,295,11,권역별,22,동남생활권
606,동남생활권,1,상행,1210002800,296,11,권역별,22,동남생활권
606,동남생활권,1,상행,1220000200,297,11,권역별,22,동남생활권
606,동남생활권,1,상행,1220000400,298,11,권역별,22,동남생활권
606,동남생활권,1,상행,1220000600,299,11,권역별,22,동남생활권
606,동남생활권,1,상행,1220000800,300,11,권역별,22,동남생활권
606,동남생활권,1,상행,1220012900,301,11,권역별,22,동남생활권
606,동남생활권,1,상행,1220014500,302,11,권역별,22,동남생활권
606,동남생활권,1,상행,1220017100,303,11,권역별,22,동남생활권
606,동남생활권,1,상행,1220018900,304,11,권역별,22,동남생활권
606,동남생활권,1,상행,1230011600,305,11,권역별,22,동남생활권
606,동남생활권,1,상행,1230013400,306,11,권역별,22,동남생활권
606,동남생활권,1,상행,1230016000,307,11,권역별,22,동남생활권
606,동남생활권,1,상행,1230019800,308,11,권역별,22,동남생활권
606,동남생활권,1,상행,1230023400,309,11,권역별,22,동남생활권
606,동남생활권,1,상행,1230028800,310,11,권역별,22,동남생활권
606,동남생활권,1,상행,1240006000,311,11,권역별,22,동남생활권
606,동남생활권,1,상행,1240008200,312,11,권역별,22,동남생활권
606,동남생활권,1,상행,1240010200,313,11,권역별,22,동남생활권
606,동남생활권,1,상행,1240013000,314,11,권역별,22,동남생활권
606,동남생활권,1,상행,1240016600,315,11,권역별,22,동남생활권
606,동남생활권,1,상행,1240020200,316,11,권역별,22,동남생활권
606,동남생활권,1,상행,1240022800,317,11,권역별,22,동남생활권
606,동남생활권,1,상행,1240024800,318,11,권역별,22,동남생활권
606,동남생활권,1,상행,1240023700,319,11,권역별,22,동남생활권
606,동남생활권,1,상행,1240023400,320,11,권역별,22,동남생활권
606,동남생활권,1,상행,1220017500,321,11,권역별,22,동남생활권
606,동남생활권,1,상행,1240023200,322,11,권역별,22,동남생활권
606,동남생활권,1,상행,1240025000,323,11,권역별,22,동남생활권
606,동남생활권,1,상행,1240026800,324,11,권역별,22,동남생활권
606,동남생활권,1,상행,1210010100,325,11,권역별,22,동남생활권
606,동남생활권,1,상행,1210011500,326,11,권역별,22,동남생활권
606,동남생활권,1,상행,1220007900,327,11,권역별,22,동남생활권
606,동남생활권,1,상행,1220009900,328,11,권역별,22,동남생활권
606,동남생활권,1,상행,1220011700,329,11,권역별,22,동남생활권
606,동남생활권,1,상행,1220016900,330,11,권역별,22,동남생활권
606,동남생활권,1,상행,1220036800,331,11,권역별,22,동남생활권
606,동남생활권,1,상행,1220035200,332,11,권역별,22,동남생활권
606,동남생활권,1,상행,1220033000,333,11,권역별,22,동남생활권
606,동남생활권,1,상행,1220029800,334,11,권역별,22,동남생활권
606,동남생활권,1,상행,1220027400,335,11,권역별,22,동남생활권
606,동남생활권,1,상행,1220024600,336,11,권역별,22,동남생활권
606,동남생활권,1,상행,1220021400,337,11,권역별,22,동남생활권
606,동남생활권,1,상행,1220016000,338,11,권역별,22,동남생활권
606,동남생활권,1,상행,1220011400,339,11,권역별,22,동남생활권
606,동남생활권,1,상행,1220008400,340,11,권역별,22,동남생활권
606,동남생활권,1,상행,1220006800,341,11,권역별,22,동남생활권
606,동남생활권,1,상행,1210007800,342,11,권역별,22,동남생활권
606,동남생활권,1,상행,1210006600,343,11,권역별,22,동남생활권
606,동남생활권,1,상행,1240019500,344,11,권역별,22,동남생활권
606,동남생활권,1,상행,1220019500,345,11,권역별,22,동남생활권
606,동남생활권,1,상행,1220020700,346,11,권역별,22,동남생활권
606,동남생활권,1,상행,1220022300,347,11,권역별,22,동남생활권
606,동남생활권,1,상행,1220023900,348,11,권역별,22,동남생활권
606,동남생활권,1,상행,1220025500,349,11,권역별,22,동남생활권
606,동남생활권,1,상행,1220026500,350,11,권역별,22,동남생활권
606,동남생활권,1,상행,1220027100,351,11,권역별,22,동남생활권
606,동남생활권,1,상행,1240025200,352,11,권역별,22,동남생활권
606,동남생활권,1,상행,1240027200,353,11,권역별,22,동남생활권
606,동남생활권,1,상행,1220004800,354,11,권역별,22,동남생활권
606,동남생활권,1,상행,1220004200,355,11,권역별,22,동남생활권
606,동남생활권,1,상행,1220004000,356,11,권역별,22,동남생활권
606,동남생활권,1,상행,1220003300,357,11,권역별,22,동남생활권
606,동남생활권,1,상행,1220003100,358,11,권역별,22,동남생활권
606,동남생활권,1,상행,1220002700,359,11,권역별,22,동남생활권
606,동남생활권,1,상행,1220002200,360,11,권역별,22,동남생활권
606,동남생활권,1,상행,1220001900,361,11,권역별,22,동남생활권
606,동남생활권,1,상행,1220001500,362,11,권역별,22,동남생활권
606,동남생활권,1,상행,1220001100,363,11,권역별,22,동남생활권
606,동남생활권,1,상행,1220000900,364,11,권역별,22,동남생활권
606,동남생활권,1,상행,1230009500,365,11,권역별,22,동남생활권
606,동남생활권,1,상행,1230010600,366,11,권역별,22,동남생활권
606,동남생활권,1,상행,1230012000,367,11,권역별,22,동남생활권
606,동남생활권,1,상행,1230014400,368,11,권역별,22,동남생활권
606,동남생활권,1,상행,1230017000,369,11,권역별,22,동남생활권
606,동남생활권,1,상행,1230018800,370,11,권역별,22,동남생활권
606,동남생활권,1,상행,1230020000,371,11,권역별,22,동남생활권
606,동남생활권,1,상행,1230022200,372,11,권역별,22,동남생활권
606,동남생활권,1,상행,1230024400,373,11,권역별,22,동남생활권
606,동남생활권,1,상행,1230026400,374,11,권역별,22,동남생활권
606,동남생활권,1,상행,1230028000,375,11,권역별,22,동남생활권
606,동남생활권,1,상행,1230029800,376,11,권역별,22,동남생활권
606,동남생활권,1,상행,1240019400,377,11,권역별,22,동남생활권
606,동남생활권,1,상행,1240022000,378,11,권역별,22,동남생활권
606,동남생활권,1,상행,1240005300,379,11,권역별,22,동남생활권
606,동남생활권,1,상행,1240004900,380,11,권역별,22,동남생활권
606,동남생활권,1,상행,1240003800,381,11,권역별,22,동남생활권
606,동남생활권,1,상행,1240003100,382,11,권역별,22,동남생활권
606,동남생활권,1,상행,1240001900,383,11,권역별,22,동남생활권
606,동남생활권,1,상행,1230005300,384,11,권역별,22,동남생활권
606,동남생활권,1,상행,1230005100,385,11,권역별,22,동남생활권
606,동남생활권,1,상행,1230004700,386,11,권역별,22,동남생활권
606,동남생활권,1,상행,1230003900,387,11,권역별,22,동남생활권
606,동남생활권,1,상행,1230004400,388,11,권역별,22,동남생활권
606,동남생활권,1,상행,1230004600,389,11,권역별,22,동남생활권
606,동남생활권,1,상행,1220004500,390,11,권역별,22,동남생활권
606,동남생활권,1,상행,1220005500,391,11,권역별,22,동남생활권
606,동남생활권,1,상행,1220005600,392,11,권역별,22,동남생활권
606,동남생활권,1,상행,1210006400,393,11,권역별,22,동남생활권
606,동남생활권,1,상행,1210005300,394,11,권역별,22,동남생활권
606,동남생활권,1,상행,1210004900,395,11,권역별,22,동남생활권
606,동남생활권,1,상행,1210004500,396,11,권역별,22,동남생활권
606,동남생활권,1,상행,1210004400,397,11,권역별,22,동남생활권
606,동남생활권,1,상행,1230024600,398,11,권역별,22,동남생활권
606,동남생활권,1,상행,1230025100,399,11,권역별,22,동남생활권
606,동남생활권,1,상행,1230025000,400,11,권역별,22,동남생활권
606,동남생활권,1,상행,1230025800,401,11,권역별,22,동남생활권
606,동남생활권,1,상행,1230027400,402,11,권역별,22,동남생활권
606,동남생활권,1,상행,1230029200,403,11,권역별,22,동남생활권
606,동남생활권,1,상행,1230030800,404,11,권역별,22,동남생활권
606,동남생활권,1,상행,1230032200,405,11,권역별,22,동남생활권
606,동남생활권,1,상행,1230033300,406,11,권역별,22,동남생활권
606,동남생활권,1,상행,1230035100,407,11,권역별,22,동남생활권
606,동남생활권,1,상행,1230036100,408,11,권역별,22,동남생활권
606,동남생활권,1,상행,1230036900,409,11,권역별,22,동남생활권
606,동남생활권,1,상행,1240009800,410,11,권역별,22,동남생활권
606,동남생활권,1,상행,1240011200,411,11,권역별,22,동남생활권
606,동남생활권,1,상행,1240012600,412,11,권역별,22,동남생활권
606,동남생활권,1,상행,1240015200,413,11,권역별,22,동남생활권
606,동남생활권,1,상행,1240017000,414,11,권역별,22,동남생활권
606,동남생활권,1,상행,1240018600,415,11,권역별,22,동남생활권
606,동남생활권,1,상행,1240020400,416,11,권역별,22,동남생활권
606,동남생활권,1,상행,1240026600,417,11,권역별,22,동남생활권
606,동남생활권,1,상행,1240015500,418,11,권역별,22,동남생활권
606,동남생활권,1,상행,1240018800,419,11,권역별,22,동남생활권
606,동남생활권,1,상행,1210000400,420,11,권역별,22,동남생활권
606,동남생활권,1,상행,1210008900,421,11,권역별,22,동남생활권
606,동남생활권,1,상행,1230021400,422,11,권역별,22,동남생활권
606,동남생활권,1,상행,1230024000,423,11,권역별,22,동남생활권
606,동남생활권,1,상행,1230026200,424,11,권역별,22,동남생활권
606,동남생활권,1,상행,1230027200,425,11,권역별,22,동남생활권
606,동남생활권,1,상행,1230028200,426,11,권역별,22,동남생활권
606,동남생활권,1,상행,1230029400,427,11,권역별,22,동남생활권
606,동남생활권,1,상행,1220017800,428,11,권역별,22,동남생활권
606,동남생활권,1,상행,1220014800,429,11,권역별,22,동남생활권
606,동남생활권,1,상행,1220010800,430,11,권역별,22,동남생활권
606,동남생활권,1,상행,1230027500,431,11,권역별,22,동남생활권
606,동남생활권,1,상행,1230024100,432,11,권역별,22,동남생활권
606,동남생활권,1,상행,1230023100,433,11,권역별,22,동남생활권
606,동남생활권,1,상행,1230023600,434,11,권역별,22,동남생활권
606,동남생활권,1,상행,1230026000,435,11,권역별,22,동남생활권
606,동남생활권,1,상행,1210030400,436,11,권역별,22,동남생활권
606,동남생활권,1,상행,1210030200,437,11,권역별,22,동남생활권
606,동남생활권,1,상행,1210029000,438,11,권역별,22,동남생활권
606,동남생활권,1,상행,1210028200,439,11,권역별,22,동남생활권
606,동남생활권,1,상행,1210027200,440,11,권역별,22,동남생활권
606,동남생활권,1,상행,1210026200,441,11,권역별,22,동남생활권
606,동남생활권,1,상행,1240002800,442,11,권역별,22,동남생활권
606,동남생활권,1,상행,1230020900,443,11,권역별,22,동남생활권
606,동남생활권,1,상행,1230017900,444,11,권역별,22,동남생활권
606,동남생활권,1,상행,1230014900,445,11,권역별,22,동남생활권
606,동남생활권,1,상행,1230011700,446,11,권역별,22,동남생활권
606,동남생활권,1,상행,1230009900,447,11,권역별,22,동남생활권
606,동남생활권,1,상행,1230008300,448,11,권역별,22,동남생활권
606,동남생활권,1,상행,1240010500,449,11,권역별,22,동남생활권
606,동남생활권,1,상행,1240009500,450,11,권역별,22,동남생활권
606,동남생활권,1,상행,1240008700,451,11,권역별,22,동남생활권
606,동남생활권,1,상행,1240006900,452,11,권역별,22,동남생활권
606,동남생활권,1,상행,1240005700,453,11,권역별,22,동남생활권
606,동남생활권,1,상행,1240013900,454,11,권역별,22,동남생활권
606,동남생활권,1,상행,1240013100,455,11,권역별,22,동남생활권
606,동남생활권,1,상행,1240011700,456,11,권역별,22,동남생활권
606,동남생활권,1,상행,1240011300,457,11,권역별,22,동남생활권
606,동남생활권,1,상행,1210008100,458,11,권역별,22,동남생활권
606,동남생활권,1,상행,1240001300,459,11,권역별,22,동남생활권
606,동남생활권,1,상행,1240000900,460,11,권역별,22,동남생활권
606,동남생활권,1,상행,1240000500,461,11,권역별,22,동남생활권
819,온수-망우선,1,상행,1000001200,59,02,기능별,11,주간선도로 기능별
819,온수-망우선,1,상행,1000002400,65,02,기능별,11,주간선도로 기능별
819,온수-망우선,2,하행,1000001300,7,02,기능별,11,주간선도로 기능별
819,온수-망우선,2,하행,1050000400,14,02,기능별,11,주간선도로 기능별
819,온수-망우선,2,하행,1050002000,21,02,기능별,11,주간선도로 기능별
819,온수-망우선,2,하행,1060001900,29,02,기능별,11,주간선도로 기능별
819,온수-망우선,2,하행,1120000900,37,02,기능별,11,주간선도로 기능별
819,온수-망우선,2,하행,1160000300,44,02,기능별,11,주간선도로 기능별
819,온수-망우선,2,하행,1160001800,50,02,기능별,11,주간선도로 기능별
819,온수-망우선,2,하행,1180000300,57,02,기능별,11,주간선도로 기능별
820,우면-수서선,1,상행,1220012900,5,02,기능별,11,주간선도로 기능별
820,우면-수서선,1,상행,1220017100,12,02,기능별,11,주간선도로 기능별
820,우면-수서선,2,하행,1210000600,6,02,기능별,11,주간선도로 기능별
820,우면-수서선,2,하행,1220000100,12,02,기능별,11,주간선도로 기능별
821,우면-중학선,1,상행,1210014100,13,02,기능별,11,주간선도로 기능별
821,우면-중학선,1,상행,1210028900,19,02,기능별,11,주간선도로 기능별
821,우면-중학선,2,하행,1010009500,7,02,기능별,11,주간선도로 기능별
821,우면-중학선,2,하행,1210018400,20,02,기능별,11,주간선도로 기능별
822,을지-둔촌선,1,상행,1230034300,4,02,기능별,11,주간선도로 기능별
822,을지-둔촌선,1,상행,1030010700,10,02,기능별,11,주간선도로 기능별
822,을지-둔촌선,1,상행,1030017500,17,02,기능별,11,주간선도로 기능별
822,을지-둔촌선,1,상행,1040013400,24,02,기능별,11,주간선도로 기능별
822,을지-둔촌선,2,하행,1010013200,2,02,기능별,11,주간선도로 기능별
822,을지-둔촌선,2,하행,1030010200,9,02,기능별,11,주간선도로 기능별
822,을지-둔촌선,2,하행,1030016400,16,02,기능별,11,주간선도로 기능별
822,을지-둔촌선,2,하행,1040012900,22,02,기능별,11,주간선도로 기능별
823,장지-가회선,1,상행,1020013300,1,02,기능별,11,주간선도로 기능별
823,장지-가회선,1,상행,1210013600,8,02,기능별,11,주간선도로 기능별
823,장지-가회선,1,상행,1220027800,14,02,기능별,11,주간선도로 기능별
823,장지-가회선,1,상행,1210008400,21,02,기능별,11,주간선도로 기능별
823,장지-가회선,1,상행,1210009400,28,02,기능별,11,주간선도로 기능별
823,장지-가회선,2,하행,1010007800,4,02,기능별,11,주간선도로 기능별
823,장지-가회선,2,하행,1210007700,11,02,기능별,11,주간선도로 기능별
823,장지-가회선,2,하행,1220027900,18,02,기능별,11,주간선도로 기능별
823,장지-가회선,2,하행,1210030700,24,02,기능별,11,주간선도로 기능별
824,장지-성수선,1,상행,1230002900,8,02,기능별,11,주간선도로 기능별
824,장지-성수선,1,상행,1230003500,14,02,기능별,11,주간선도로 기능별
824,장지-성수선,1,상행,1230000500,21,02,기능별,11,주간선도로 기능별
824,장지-성수선,2,하행,1230004200,12,02,기능별,11,주간선도로 기능별
824,장지-성수선,2,하행,1230002600,19,02,기능별,11,주간선도로 기능별
825,필동-도봉선,1,상행,1090003800,4,02,기능별,11,주간선도로 기능별
825,필동-도봉선,1,상행,1070009400,11,02,기능별,11,주간선도로 기능별
825,필동-도봉선,1,상행,1090012800,19,02,기능별,11,주간선도로 기능별
600,도심권(동서간),1,상행,1000000200,1,03,유형별,08,도심권
600,도심권(동서간),1,상행,1000000600,2,03,유형별,08,도심권
600,도심권(동서간),1,상행,1000000800,3,03,유형별,08,도심권
600,도심권(동서간),1,상행,1000001000,4,03,유형별,08,도심권
600,도심권(동서간),1,상행,1000001200,5,03,유형별,08,도심권
600,도심권(동서간),1,상행,1010011100,5,03,유형별,08,도심권
600,도심권(동서간),1,상행,1000001400,7,03,유형별,08,도심권
600,도심권(동서간),1,상행,1000001600,8,03,유형별,08,도심권
600,도심권(동서간),1,상행,1000001800,9,03,유형별,08,도심권
600,도심권(동서간),1,상행,1000002000,10,03,유형별,08,도심권
600,도심권(동서간),1,상행,1000002800,11,03,유형별,08,도심권
600,도심권(동서간),1,상행,1000002900,12,03,유형별,08,도심권
600,도심권(동서간),1,상행,1000003200,13,03,유형별,08,도심권
600,도심권(동서간),1,상행,1000003300,14,03,유형별,08,도심권
600,도심권(동서간),1,상행,1000003700,15,03,유형별,08,도심권
600,도심권(동서간),1,상행,1000004400,16,03,유형별,08,도심권
600,도심권(동서간),1,상행,1000005400,17,03,유형별,08,도심권
600,도심권(동서간),1,상행,1000008000,18,03,유형별,08,도심권
600,도심권(동서간),1,상행,1000009500,19,03,유형별,08,도심권
600,도심권(동서간),1,상행,1000011400,20,03,유형별,08,도심권
600,도심권(동서간),1,상행,1000011500,21,03,유형별,08,도심권
600,도심권(동서간),1,상행,1000011700,22,03,유형별,08,도심권
600,도심권(동서간),1,상행,1000012000,23,03,유형별,08,도심권
600,도심권(동서간),1,상행,1000012200,24,03,유형별,08,도심권
600,도심권(동서간),1,상행,1000012400,25,03,유형별,08,도심권
600,도심권(동서간),1,상행,1000012600,26,03,유형별,08,도심권
600,도심권(동서간),1,상행,1000012800,27,03,유형별,08,도심권
600,도심권(동서간),1,상행,1000013300,28,03,유형별,08,도심권
600,도심권(동서간),1,상행,1000013600,29,03,유형별,08,도심권
600,도심권(동서간),1,상행,1010000200,30,03,유형별,08,도심권
600,도심권(동서간),1,상행,1010002600,31,03,유형별,08,도심권
600,도심권(동서간),1,상행,1010004600,32,03,유형별,08,도심권
600,도심권(동서간),1,상행,1010004700,33,03,유형별,08,도심권
600,도심권(동서간),1,상행,1010005600,34,03,유형별,08,도심권
600,도심권(동서간),1,상행,1010007000,35,03,유형별,08,도심권
600,도심권(동서간),1,상행,1010008200,36,03,유형별,08,도심권
600,도심권(동서간),1,상행,1010012600,37,03,유형별,08,도심권
600,도심권(동서간),1,상행,1010014000,38,03,유형별,08,도심권
600,도심권(동서간),1,상행,1010014200,39,03,유형별,08,도심권
600,도심권(동서간),1,상행,1010014400,40,03,유형별,08,도심권
600,도심권(동서간),1,상행,1010014800,41,03,유형별,08,도심권
600,도심권(동서간),1,상행,1010009100,41,03,유형별,08,도심권
600,도심권(동서간),1,상행,1010014900,43,03,유형별,08,도심권
600,도심권(동서간),1,상행,1010015800,44,03,유형별,08,도심권
600,도심권(동서간),1,상행,1010016200,45,03,유형별,08,도심권
600,도심권(동서간),1,상행,1000000300,46,03,유형별,08,도심권
600,도심권(동서간),1,상행,1010003900,47,03,유형별,08,도심권
600,도심권(동서간),1,상행,1010015100,48,03,유형별,08,도심권
600,도심권(동서간),1,상행,1010008400,49,03,유형별,08,도심권
600,도심권(동서간),1,상행,1010016400,50,03,유형별,08,도심권
600,도심권(동서간),1,상행,1000006300,51,03,유형별,08,도심권
600,도심권(동서간),1,상행,1010007300,52,03,유형별,08,도심권
600,도심권(동서간),1,상행,1000009400,53,03,유형별,08,도심권
600,도심권(동서간),1,상행,1000010000,54,03,유형별,08,도심권
600,도심권(동서간),1,상행,1000010100,55,03,유형별,08,도심권
600,도심권(동서간),1,상행,1010009400,56,03,유형별,08,도심권
600,도심권(동서간),1,상행,1010009800,57,03,유형별,08,도심권
600,도심권(동서간),1,상행,1010010100,58,03,유형별,08,도심권
600,도심권(동서간),1,상행,1010010600,59,03,유형별,08,도심권
600,도심권(동서간),1,상행,1010010700,60,03,유형별,08,도심권
600,도심권(동서간),1,상행,1010011000,61,03,유형별,08,도심권
600,도심권(동서간),2,하행,1000000100,62,03,유형별,08,도심권
600,도심권(동서간),2,하행,1000000400,63,03,유형별,08,도심권
600,도심권(동서간),2,하행,1000000500,64,03,유형별,08,도심권
600,도심권(동서간),2,하행,1000000700,65,03,유형별,08,도심권
600,도심권(동서간),2,하행,1000000900,66,03,유형별,08,도심권
600,도심권(동서간),2,하행,1010011200,67,03,유형별,08,도심권
600,도심권(동서간),2,하행,1000001100,67,03,유형별,08,도심권
600,도심권(동서간),2,하행,1000001300,69,03,유형별,08,도심권
600,도심권(동서간),2,하행,1000001500,70,03,유형별,08,도심권
600,도심권(동서간),2,하행,1000001700,71,03,유형별,08,도심권
600,도심권(동서간),2,하행,1000001900,72,03,유형별,08,도심권
600,도심권(동서간),2,하행,1000002700,73,03,유형별,08,도심권
600,도심권(동서간),2,하행,1000003000,74,03,유형별,08,도심권
600,도심권(동서간),2,하행,1000003100,75,03,유형별,08,도심권
600,도심권(동서간),2,하행,1000003400,76,03,유형별,08,도심권
600,도심권(동서간),2,하행,1000003800,77,03,유형별,08,도심권
600,도심권(동서간),2,하행,1000004300,78,03,유형별,08,도심권
600,도심권(동서간),2,하행,1000005300,79,03,유형별,08,도심권
600,도심권(동서간),2,하행,1000007900,80,03,유형별,08,도심권
600,도심권(동서간),2,하행,1000009600,81,03,유형별,08,도심권
600,도심권(동서간),2,하행,1000011300,82,03,유형별,08,도심권
715,잠실대교,1,상행,1230004900,7,04,기타도로,07,한강교량
702,동작대교,1,상행,1210027800,14,04,기타도로,07,한강교량
720,행주대교,1,상행,1150007200,21,04,기타도로,07,한강교량
703,동호대교,2,하행,1220037100,4,04,기타도로,07,한강교량
708,성산대교,2,하행,1180005500,11,04,기타도로,07,한강교량
709,성수대교,2,하행,1220037300,18,04,기타도로,07,한강교량
800,가양-현저선,1,상행,1120004400,1,02,기능별,11,주간선도로 기능별
600,도심권(동서간),2,하행,1000011600,83,03,유형별,08,도심권
600,도심권(동서간),2,하행,1000011800,84,03,유형별,08,도심권
600,도심권(동서간),2,하행,1000011900,85,03,유형별,08,도심권
600,도심권(동서간),2,하행,1000012100,86,03,유형별,08,도심권
600,도심권(동서간),2,하행,1000012300,87,03,유형별,08,도심권
600,도심권(동서간),2,하행,1000012500,88,03,유형별,08,도심권
600,도심권(동서간),2,하행,1000012700,89,03,유형별,08,도심권
600,도심권(동서간),2,하행,1000013400,90,03,유형별,08,도심권
600,도심권(동서간),2,하행,1000013500,91,03,유형별,08,도심권
600,도심권(동서간),2,하행,1010000100,92,03,유형별,08,도심권
600,도심권(동서간),2,하행,1010002500,93,03,유형별,08,도심권
600,도심권(동서간),2,하행,1010004500,94,03,유형별,08,도심권
600,도심권(동서간),2,하행,1010004800,95,03,유형별,08,도심권
600,도심권(동서간),2,하행,1010005500,96,03,유형별,08,도심권
600,도심권(동서간),2,하행,1010006900,97,03,유형별,08,도심권
600,도심권(동서간),2,하행,1010008100,98,03,유형별,08,도심권
600,도심권(동서간),2,하행,1010012500,99,03,유형별,08,도심권
600,도심권(동서간),2,하행,1010013900,100,03,유형별,08,도심권
600,도심권(동서간),2,하행,1010014100,101,03,유형별,08,도심권
600,도심권(동서간),2,하행,1010014300,102,03,유형별,08,도심권
600,도심권(동서간),2,하행,1010014700,103,03,유형별,08,도심권
600,도심권(동서간),2,하행,1010015000,104,03,유형별,08,도심권
600,도심권(동서간),2,하행,1010015700,105,03,유형별,08,도심권
600,도심권(동서간),2,하행,1010016100,106,03,유형별,08,도심권
600,도심권(동서간),2,하행,1010009300,107,03,유형별,08,도심권
600,도심권(동서간),2,하행,1010009700,108,03,유형별,08,도심권
600,도심권(동서간),2,하행,1010010200,109,03,유형별,08,도심권
600,도심권(동서간),2,하행,1010010500,110,03,유형별,08,도심권
600,도심권(동서간),2,하행,1010010800,111,03,유형별,08,도심권
600,도심권(동서간),2,하행,1000009300,112,03,유형별,08,도심권
600,도심권(동서간),2,하행,1000009900,113,03,유형별,08,도심권
600,도심권(동서간),2,하행,1000010200,114,03,유형별,08,도심권
600,도심권(동서간),2,하행,1010007400,115,03,유형별,08,도심권
600,도심권(동서간),2,하행,1000006400,116,03,유형별,08,도심권
600,도심권(동서간),2,하행,1010015200,117,03,유형별,08,도심권
600,도심권(동서간),2,하행,1010004000,118,03,유형별,08,도심권
600,도심권(동서간),2,하행,1010009200,119,03,유형별,08,도심권
601,도심권(남북간),1,상행,1010007700,1,03,유형별,08,도심권
601,도심권(남북간),1,상행,1010007900,2,03,유형별,08,도심권
601,도심권(남북간),1,상행,1010008700,3,03,유형별,08,도심권
601,도심권(남북간),1,상행,1010009500,4,03,유형별,08,도심권
601,도심권(남북간),1,상행,1010009900,5,03,유형별,08,도심권
601,도심권(남북간),1,상행,1010011300,6,03,유형별,08,도심권
601,도심권(남북간),1,상행,1010011900,7,03,유형별,08,도심권
601,도심권(남북간),1,상행,1010012300,8,03,유형별,08,도심권
601,도심권(남북간),1,상행,1010012700,9,03,유형별,08,도심권
601,도심권(남북간),1,상행,1010013500,10,03,유형별,08,도심권
601,도심권(남북간),1,상행,1010013700,11,03,유형별,08,도심권
601,도심권(남북간),1,상행,1010016500,12,03,유형별,08,도심권
601,도심권(남북간),1,상행,1010016900,13,03,유형별,08,도심권
601,도심권(남북간),1,상행,1010017100,14,03,유형별,08,도심권
601,도심권(남북간),1,상행,1010017300,15,03,유형별,08,도심권
601,도심권(남북간),1,상행,1010018100,16,03,유형별,08,도심권
601,도심권(남북간),1,상행,1010018300,17,03,유형별,08,도심권
601,도심권(남북간),1,상행,1000006100,18,03,유형별,08,도심권
601,도심권(남북간),1,상행,1000003900,19,03,유형별,08,도심권
601,도심권(남북간),1,상행,1000004700,20,03,유형별,08,도심권
601,도심권(남북간),1,상행,1000005100,21,03,유형별,08,도심권
601,도심권(남북간),1,상행,1000005500,22,03,유형별,08,도심권
601,도심권(남북간),1,상행,1000005900,23,03,유형별,08,도심권
601,도심권(남북간),1,상행,1000006500,24,03,유형별,08,도심권
601,도심권(남북간),1,상행,1000006700,25,03,유형별,08,도심권
601,도심권(남북간),1,상행,1000006900,26,03,유형별,08,도심권
601,도심권(남북간),1,상행,1000007100,27,03,유형별,08,도심권
601,도심권(남북간),1,상행,1000008300,28,03,유형별,08,도심권
601,도심권(남북간),1,상행,1000008700,29,03,유형별,08,도심권
601,도심권(남북간),1,상행,1000008900,30,03,유형별,08,도심권
601,도심권(남북간),1,상행,1000009100,31,03,유형별,08,도심권
601,도심권(남북간),1,상행,1000010300,32,03,유형별,08,도심권
601,도심권(남북간),1,상행,1000010700,33,03,유형별,08,도심권
601,도심권(남북간),1,상행,1010002900,34,03,유형별,08,도심권
601,도심권(남북간),1,상행,1010004900,35,03,유형별,08,도심권
601,도심권(남북간),1,상행,1010005100,36,03,유형별,08,도심권
601,도심권(남북간),1,상행,1010005900,37,03,유형별,08,도심권
601,도심권(남북간),1,상행,1010007100,38,03,유형별,08,도심권
601,도심권(남북간),1,상행,1010007500,39,03,유형별,08,도심권
601,도심권(남북간),1,상행,1000003600,40,03,유형별,08,도심권
601,도심권(남북간),1,상행,1010002000,41,03,유형별,08,도심권
601,도심권(남북간),1,상행,1010004400,42,03,유형별,08,도심권
601,도심권(남북간),1,상행,1010009000,43,03,유형별,08,도심권
601,도심권(남북간),1,상행,1000008500,44,03,유형별,08,도심권
601,도심권(남북간),1,상행,1000011200,45,03,유형별,08,도심권
601,도심권(남북간),1,상행,1000004200,46,03,유형별,08,도심권
601,도심권(남북간),1,상행,1010002300,47,03,유형별,08,도심권
601,도심권(남북간),1,상행,1010012900,48,03,유형별,08,도심권
601,도심권(남북간),1,상행,1000007300,49,03,유형별,08,도심권
601,도심권(남북간),1,상행,1000007500,50,03,유형별,08,도심권
601,도심권(남북간),1,상행,1010017800,51,03,유형별,08,도심권
601,도심권(남북간),2,하행,1010007600,52,03,유형별,08,도심권
601,도심권(남북간),2,하행,1010007200,53,03,유형별,08,도심권
601,도심권(남북간),2,하행,1010008800,54,03,유형별,08,도심권
601,도심권(남북간),2,하행,1010009600,55,03,유형별,08,도심권
601,도심권(남북간),2,하행,1010010000,56,03,유형별,08,도심권
601,도심권(남북간),2,하행,1010011400,57,03,유형별,08,도심권
601,도심권(남북간),2,하행,1010012000,58,03,유형별,08,도심권
79,내부순환로,2,하행,1030002500,1,01,기본도로,02,도시고속도로
79,내부순환로,2,하행,1030002800,2,01,기본도로,02,도시고속도로
79,내부순환로,2,하행,1050001900,3,01,기본도로,02,도시고속도로
79,내부순환로,2,하행,1050003300,4,01,기본도로,02,도시고속도로
79,내부순환로,2,하행,1070000600,5,01,기본도로,02,도시고속도로
79,내부순환로,2,하행,1070000400,6,01,기본도로,02,도시고속도로
79,내부순환로,2,하행,1070001400,7,01,기본도로,02,도시고속도로
79,내부순환로,2,하행,1000002500,8,01,기본도로,02,도시고속도로
79,내부순환로,2,하행,1120002300,9,01,기본도로,02,도시고속도로
79,내부순환로,2,하행,1120002100,10,01,기본도로,02,도시고속도로
79,내부순환로,2,하행,1120001700,11,01,기본도로,02,도시고속도로
79,내부순환로,2,하행,1120001300,12,01,기본도로,02,도시고속도로
79,내부순환로,2,하행,1130006500,13,01,기본도로,02,도시고속도로
79,내부순환로,2,하행,1130005400,14,01,기본도로,02,도시고속도로
825,필동-도봉선,2,하행,1000008700,6,02,기능별,11,주간선도로 기능별
825,필동-도봉선,2,하행,1090011900,13,02,기능별,11,주간선도로 기능별
825,필동-도봉선,2,하행,1090000300,20,02,기능별,11,주간선도로 기능별
825,필동-도봉선,2,하행,1080002700,26,02,기능별,11,주간선도로 기능별
1064,수유-상계선,2,하행,1080008100,21,02,기능별,12,보조간선 기능별
1065,시흥-독산본선,1,상행,1170002000,5,02,기능별,12,보조간선 기능별
1066,시흥-신림선,1,상행,1030015000,2,02,기능별,12,보조간선 기능별
1066,시흥-신림선,1,상행,1170000700,9,02,기능별,12,보조간선 기능별
1066,시흥-신림선,2,하행,1010006100,7,02,기능별,12,보조간선 기능별
1068,신대방-신림선,1,상행,1200001000,3,02,기능별,12,보조간선 기능별
1068,신대방-신림선,2,하행,1200000900,5,02,기능별,12,보조간선 기능별
1069,신림-노량진선,1,상행,1200006400,7,02,기능별,12,보조간선 기능별
1069,신림-노량진선,2,하행,1200011700,5,02,기능별,12,보조간선 기능별
1070,신림-봉천선,2,하행,1200009800,1,02,기능별,12,보조간선 기능별
1071,신사-청담선,2,하행,1220034800,1,02,기능별,12,보조간선 기능별
1072,신사-홍은선,1,상행,1110007300,3,02,기능별,12,보조간선 기능별
1072,신사-홍은선,2,하행,1120011600,3,02,기능별,12,보조간선 기능별
1073,신영-동선동선,1,상행,1070008700,3,02,기능별,12,보조간선 기능별
1073,신영-동선동선,2,하행,1070004800,5,02,기능별,12,보조간선 기능별
1074,신월-가양선,1,상행,1150011100,7,02,기능별,12,보조간선 기능별
1074,신월-가양선,2,하행,1150011000,6,02,기능별,12,보조간선 기능별
1075,신월-노량진선,1,상행,1180025200,5,02,기능별,12,보조간선 기능별
1075,신월-노량진선,1,상행,1190006000,12,02,기능별,12,보조간선 기능별
1075,신월-노량진선,1,상행,1140018500,19,02,기능별,12,보조간선 기능별
1075,신월-노량진선,2,하행,1180026900,5,02,기능별,12,보조간선 기능별
1075,신월-노량진선,2,하행,1140019200,12,02,기능별,12,보조간선 기능별
1075,신월-노량진선,2,하행,1140016900,19,02,기능별,12,보조간선 기능별
1076,신월-목동선,1,상행,1140037400,5,02,기능별,12,보조간선 기능별
1076,신월-목동선,2,하행,1140039500,3,02,기능별,12,보조간선 기능별
1077,신월-화곡선,1,상행,1150008900,2,02,기능별,12,보조간선 기능별
1078,신정-목동선,1,상행,1140019500,1,02,기능별,12,보조간선 기능별
1079,신정이펜하우스-남부순환로,2,하행,1140007300,1,02,기능별,12,보조간선 기능별
1080,신천-거여선,1,상행,1230027900,7,02,기능별,12,보조간선 기능별
1080,신천-거여선,2,하행,1230024400,3,02,기능별,12,보조간선 기능별
1080,신천-거여선,2,하행,1230012000,10,02,기능별,12,보조간선 기능별
1081,신천동선,2,하행,1230030900,3,02,기능별,12,보조간선 기능별
1082,쌍문-도봉선,2,하행,1090011100,3,02,기능별,12,보조간선 기능별
1083,암사-강일선,1,상행,1240026400,6,02,기능별,12,보조간선 기능별
1083,암사-강일선,2,하행,1240028500,6,02,기능별,12,보조간선 기능별
1084,암사-상일선,2,하행,1240021700,1,02,기능별,12,보조간선 기능별
1085,양평-상도선,1,상행,1180011600,10,02,기능별,12,보조간선 기능별
1085,양평-상도선,2,하행,1190003200,1,02,기능별,12,보조간선 기능별
1085,양평-상도선,2,하행,1180009500,8,02,기능별,12,보조간선 기능별
1085,양평-상도선,2,하행,1190001800,15,02,기능별,12,보조간선 기능별
1086,여의도선,1,상행,1180036300,6,02,기능별,12,보조간선 기능별
1086,여의도선,1,상행,1180020000,13,02,기능별,12,보조간선 기능별
1086,여의도선,2,하행,1180038600,4,02,기능별,12,보조간선 기능별
1086,여의도선,2,하행,1180033400,11,02,기능별,12,보조간선 기능별
1087,역촌-녹번선,1,상행,1110008900,2,02,기능별,12,보조간선 기능별
1089,영등포-당산선,1,상행,1180028100,1,02,기능별,12,보조간선 기능별
1089,영등포-당산선,2,하행,1180023600,2,02,기능별,12,보조간선 기능별
1090,오류-대림선,1,상행,1160004800,3,02,기능별,12,보조간선 기능별
1090,오류-대림선,1,상행,1160011500,10,02,기능별,12,보조간선 기능별
1090,오류-대림선,2,하행,1160005500,7,02,기능별,12,보조간선 기능별
1092,용두-면목선,1,상행,1050008700,5,02,기능별,12,보조간선 기능별
1092,용두-면목선,2,하행,1060007000,2,02,기능별,12,보조간선 기능별
1092,용두-면목선,2,하행,1050005800,9,02,기능별,12,보조간선 기능별
1094,용산-성수선,2,하행,1030007900,2,02,기능별,12,보조간선 기능별
1095,월계-도봉선,1,상행,1090012600,4,02,기능별,12,보조간선 기능별
1095,월계-도봉선,1,상행,1090007000,11,02,기능별,12,보조간선 기능별
1095,월계-도봉선,2,하행,1100011100,7,02,기능별,12,보조간선 기능별
1096,월곡선,2,하행,1070012500,1,02,기능별,12,보조간선 기능별
1097,의사당선,2,하행,1180033100,2,02,기능별,12,보조간선 기능별
1098,이문-신내선,1,상행,1060015200,5,02,기능별,12,보조간선 기능별
1098,이문-신내선,2,하행,1060014900,6,02,기능별,12,보조간선 기능별
1099,이수-청담선,1,상행,1220030500,7,02,기능별,12,보조간선 기능별
1099,이수-청담선,2,하행,1220032800,1,02,기능별,12,보조간선 기능별
1099,이수-청담선,2,하행,1220033800,8,02,기능별,12,보조간선 기능별
1100,일원-잠실선,1,상행,1230019400,2,02,기능별,12,보조간선 기능별
1101,잠실-방이선,1,상행,1230027700,1,02,기능별,12,보조간선 기능별
1101,잠실-방이선,2,하행,1230026700,1,02,기능별,12,보조간선 기능별
1102,잠실철교선,1,상행,1040006800,1,02,기능별,12,보조간선 기능별
1103,장안-수유선,1,상행,1050010000,5,02,기능별,12,보조간선 기능별
1103,장안-수유선,1,상행,1050022000,12,02,기능별,12,보조간선 기능별
1103,장안-수유선,1,상행,1050016200,19,02,기능별,12,보조간선 기능별
1103,장안-수유선,2,하행,1070017700,5,02,기능별,12,보조간선 기능별
1105,저동-을지로선,1,상행,1010009300,2,02,기능별,12,보조간선 기능별
1105,저동-을지로선,2,하행,1010010600,4,02,기능별,12,보조간선 기능별
1107,정릉-번동선,1,상행,1080002300,4,02,기능별,12,보조간선 기능별
1107,정릉-번동선,2,하행,1080002600,3,02,기능별,12,보조간선 기능별
1108,종암-회기선,1,상행,1050018800,2,02,기능별,12,보조간선 기능별
1109,중곡-신내선,1,상행,1060014000,1,02,기능별,12,보조간선 기능별
1109,중곡-신내선,1,상행,1040016500,8,02,기능별,12,보조간선 기능별
1109,중곡-신내선,2,하행,1060003900,3,02,기능별,12,보조간선 기능별
1109,중곡-신내선,2,하행,1040014800,10,02,기능별,12,보조간선 기능별
1110,중학-성북선,2,하행,1000016300,2,02,기능별,12,보조간선 기능별
1111,증산-연희선,2,하행,1120012400,1,02,기능별,12,보조간선 기능별
1112,진관내-진관외선,2,하행,1110016100,1,02,기능별,12,보조간선 기능별
1113,창신-답십리선,1,상행,1070003600,6,02,기능별,12,보조간선 기능별
1113,창신-답십리선,1,상행,1050016000,13,02,기능별,12,보조간선 기능별
1113,창신-답십리선,2,하행,1070003700,5,02,기능별,12,보조간선 기능별
1113,창신-답십리선,2,하행,1070004300,12,02,기능별,12,보조간선 기능별
1116,팔판-효자선,2,하행,1000017400,1,02,기능별,12,보조간선 기능별
1117,필동-와룡선,1,상행,1000010800,4,02,기능별,12,보조간선 기능별
1118,하수-마포선,1,상행,1130007700,3,02,기능별,12,보조간선 기능별
1118,하수-마포선,2,하행,1130010500,5,02,기능별,12,보조간선 기능별
1120,한남-응봉선,2,하행,1030011100,1,02,기능별,12,보조간선 기능별
1121,한남-태평로선,1,상행,1020022700,3,02,기능별,12,보조간선 기능별
1121,한남-태평로선,2,하행,1020022800,2,02,기능별,12,보조간선 기능별
1122,홍익-용두선,1,상행,1050006000,1,02,기능별,12,보조간선 기능별
1122,홍익-용두선,2,하행,1050005900,3,02,기능별,12,보조간선 기능별
1123,회기-번동선,1,상행,1070020600,5,02,기능별,12,보조간선 기능별
1123,회기-번동선,2,하행,1070019500,4,02,기능별,12,보조간선 기능별
1124,휘경-면목선,1,상행,1060010400,3,02,기능별,12,보조간선 기능별
1124,휘경-면목선,2,하행,1050014300,4,02,기능별,12,보조간선 기능별
1125,흥인-면목선,1,상행,1050009800,5,02,기능별,12,보조간선 기능별
1125,흥인-면목선,1,상행,1060008100,12,02,기능별,12,보조간선 기능별
1125,흥인-면목선,2,하행,1030019900,2,02,기능별,12,보조간선 기능별
1125,흥인-면목선,2,하행,1050011500,9,02,기능별,12,보조간선 기능별
1125,흥인-면목선,2,하행,1030018800,16,02,기능별,12,보조간선 기능별
268,성수이로,2,하행,1030008500,1,01,기본도로,05,기타도로
1000,가리봉-독산선,2,하행,1170003800,2,02,기능별,12,보조간선 기능별
1001,가리봉-신길선,1,상행,1160007000,5,02,기능별,12,보조간선 기능별
1001,가리봉-신길선,2,하행,1160011700,3,02,기능별,12,보조간선 기능별
1002,갈월-동자동선,1,상행,1020019000,1,02,기능별,12,보조간선 기능별
1003,개봉선,2,하행,1160011300,1,02,기능별,12,보조간선 기능별
1004,고척-가양선,1,상행,1160016600,7,02,기능별,12,보조간선 기능별
1004,고척-가양선,1,상행,1150011300,14,02,기능별,12,보조간선 기능별
1004,고척-가양선,2,하행,1150008000,1,02,기능별,12,보조간선 기능별
1004,고척-가양선,2,하행,1150014200,8,02,기능별,12,보조간선 기능별
1004,고척-가양선,2,하행,1140002500,15,02,기능별,12,보조간선 기능별
1005,공릉-우이선,1,상행,1100024300,2,02,기능별,12,보조간선 기능별
1005,공릉-우이선,1,상행,1100029100,9,02,기능별,12,보조간선 기능별
1005,공릉-우이선,1,상행,1100013700,16,02,기능별,12,보조간선 기능별
1005,공릉-우이선,2,하행,1080013400,2,02,기능별,12,보조간선 기능별
1005,공릉-우이선,2,하행,1100013800,9,02,기능별,12,보조간선 기능별
1005,공릉-우이선,2,하행,1090010100,16,02,기능별,12,보조간선 기능별
1006,공항-내발산선,2,하행,1150001100,1,02,기능별,12,보조간선 기능별
1008,광장-상일선,1,상행,1240018400,5,02,기능별,12,보조간선 기능별
1008,광장-상일선,2,하행,1240017800,1,02,기능별,12,보조간선 기능별
1008,광장-상일선,2,하행,1240014300,8,02,기능별,12,보조간선 기능별
1009,구로-신길선,1,상행,1180014100,4,02,기능별,12,보조간선 기능별
1010,구로-염창선,1,상행,1140032600,1,02,기능별,12,보조간선 기능별
1010,구로-염창선,1,상행,1160015800,8,02,기능별,12,보조간선 기능별
1010,구로-염창선,2,하행,1140016500,1,02,기능별,12,보조간선 기능별
1010,구로-염창선,2,하행,1140039900,8,02,기능별,12,보조간선 기능별
1011,구의-광장선,1,상행,1040008500,1,02,기능별,12,보조간선 기능별
1011,구의-광장선,2,하행,1040012200,1,02,기능별,12,보조간선 기능별
1013,궁동-영등포선,1,상행,1180041200,4,02,기능별,12,보조간선 기능별
1013,궁동-영등포선,1,상행,1180038400,11,02,기능별,12,보조간선 기능별
1013,궁동-영등포선,2,하행,1180041600,7,02,기능별,12,보조간선 기능별
1013,궁동-영등포선,2,하행,1140007900,14,02,기능별,12,보조간선 기능별
1013,궁동-영등포선,2,하행,1140015700,21,02,기능별,12,보조간선 기능별
1013,궁동-영등포선,2,하행,1140035100,28,02,기능별,12,보조간선 기능별
1013,궁동-영등포선,2,하행,1140027500,35,02,기능별,12,보조간선 기능별
1015,남창-남산선,2,하행,1010000800,2,02,기능별,12,보조간선 기능별
1016,노고산-창신선,1,상행,1010016000,7,02,기능별,12,보조간선 기능별
1016,노고산-창신선,1,상행,1020013600,14,02,기능별,12,보조간선 기능별
1016,노고산-창신선,2,하행,1020011400,2,02,기능별,12,보조간선 기능별
1028,마장-사근선,2,하행,1030013600,5,02,기능별,12,보조간선 기능별
1029,망우-공릉선,1,상행,1060018400,5,02,기능별,12,보조간선 기능별
1029,망우-공릉선,2,하행,1060017300,4,02,기능별,12,보조간선 기능별
1031,면목-상봉선,1,상행,1060008800,5,02,기능별,12,보조간선 기능별
1031,면목-상봉선,2,하행,1060007700,6,02,기능별,12,보조간선 기능별
1032,목동선,1,상행,1140008600,7,02,기능별,12,보조간선 기능별
1032,목동선,1,상행,1140020500,14,02,기능별,12,보조간선 기능별
1032,목동선,1,상행,1140033000,21,02,기능별,12,보조간선 기능별
1033,문래-당산선,1,상행,1180038300,2,02,기능별,12,보조간선 기능별
1033,문래-당산선,2,하행,1180038200,2,02,기능별,12,보조간선 기능별
1034,문래-신길선,1,상행,1180009600,2,02,기능별,12,보조간선 기능별
1035,문정-고덕선,1,상행,1240023600,1,02,기능별,12,보조간선 기능별
1016,노고산-창신선,2,하행,1010006700,14,02,기능별,12,보조간선 기능별
1017,노원역-당고개역선,1,상행,1100031400,2,02,기능별,12,보조간선 기능별
1017,노원역-당고개역선,2,하행,1100029700,3,02,기능별,12,보조간선 기능별
1018,노유-중곡선,1,상행,1040012100,4,02,기능별,12,보조간선 기능별
1018,노유-중곡선,2,하행,1040006200,5,02,기능별,12,보조간선 기능별
1019,답십리-전농선,2,하행,1050007700,3,02,기능별,12,보조간선 기능별
1020,대림-영등포선,1,상행,1180016300,7,02,기능별,12,보조간선 기능별
1020,대림-영등포선,2,하행,1180008800,7,02,기능별,12,보조간선 기능별
1022,도봉역선,2,하행,1100006400,2,02,기능별,12,보조간선 기능별
1023,독산-등촌선,1,상행,1160014800,6,02,기능별,12,보조간선 기능별
1023,독산-등촌선,1,상행,1140018200,13,02,기능별,12,보조간선 기능별
1023,독산-등촌선,2,하행,1140001500,3,02,기능별,12,보조간선 기능별
1023,독산-등촌선,2,하행,1160008900,10,02,기능별,12,보조간선 기능별
1023,독산-등촌선,2,하행,1140018100,17,02,기능별,12,보조간선 기능별
1024,독산-봉천선,2,하행,1200002400,3,02,기능별,12,보조간선 기능별
1025,돈암-창동선,1,상행,1090004700,6,02,기능별,12,보조간선 기능별
1025,돈암-창동선,1,상행,1080003000,13,02,기능별,12,보조간선 기능별
1025,돈암-창동선,2,하행,1090002800,5,02,기능별,12,보조간선 기능별
606,동남생활권,2,하행,1230014200,113,11,권역별,22,동남생활권
606,동남생활권,2,하행,1230016400,114,11,권역별,22,동남생활권
606,동남생활권,2,하행,1230019600,115,11,권역별,22,동남생활권
606,동남생활권,2,하행,1230024800,116,11,권역별,22,동남생활권
606,동남생활권,2,하행,1230001600,117,11,권역별,22,동남생활권
606,동남생활권,2,하행,1220001800,118,11,권역별,22,동남생활권
606,동남생활권,2,하행,1220003000,119,11,권역별,22,동남생활권
606,동남생활권,2,하행,1220003900,120,11,권역별,22,동남생활권
606,동남생활권,2,하행,1220005100,121,11,권역별,22,동남생활권
606,동남생활권,2,하행,1210017500,122,11,권역별,22,동남생활권
606,동남생활권,2,하행,1210019100,123,11,권역별,22,동남생활권
606,동남생활권,2,하행,1210020100,124,11,권역별,22,동남생활권
606,동남생활권,2,하행,1220007100,125,11,권역별,22,동남생활권
606,동남생활권,2,하행,1220008300,126,11,권역별,22,동남생활권
606,동남생활권,2,하행,1220012100,127,11,권역별,22,동남생활권
606,동남생활권,2,하행,1220013700,128,11,권역별,22,동남생활권
606,동남생활권,2,하행,1220015700,129,11,권역별,22,동남생활권
606,동남생활권,2,하행,1220017300,130,11,권역별,22,동남생활권
606,동남생활권,2,하행,1220018700,131,11,권역별,22,동남생활권
606,동남생활권,2,하행,1220020400,132,11,권역별,22,동남생활권
606,동남생활권,2,하행,1210025400,133,11,권역별,22,동남생활권
606,동남생활권,2,하행,1210024400,134,11,권역별,22,동남생활권
606,동남생활권,2,하행,1210025900,135,11,권역별,22,동남생활권
606,동남생활권,2,하행,1210024800,136,11,권역별,22,동남생활권
606,동남생활권,2,하행,1210023600,137,11,권역별,22,동남생활권
606,동남생활권,2,하행,1210022600,138,11,권역별,22,동남생활권
606,동남생활권,2,하행,1210022900,139,11,권역별,22,동남생활권
606,동남생활권,2,하행,1220009500,140,11,권역별,22,동남생활권
606,동남생활권,2,하행,1220012700,141,11,권역별,22,동남생활권
606,동남생활권,2,하행,1220015100,142,11,권역별,22,동남생활권
606,동남생활권,2,하행,1220018300,143,11,권역별,22,동남생활권
606,동남생활권,2,하행,1220021900,144,11,권역별,22,동남생활권
606,동남생활권,2,하행,1220024900,145,11,권역별,22,동남생활권
606,동남생활권,2,하행,1220026700,146,11,권역별,22,동남생활권
606,동남생활권,2,하행,1220029300,147,11,권역별,22,동남생활권
606,동남생활권,2,하행,1220031900,148,11,권역별,22,동남생활권
606,동남생활권,2,하행,1220034100,149,11,권역별,22,동남생활권
606,동남생활권,2,하행,1230021900,150,11,권역별,22,동남생활권
606,동남생활권,2,하행,1230019300,151,11,권역별,22,동남생활권
606,동남생활권,2,하행,1230016100,152,11,권역별,22,동남생활권
606,동남생활권,2,하행,1220024400,153,11,권역별,22,동남생활권
606,동남생활권,2,하행,1230015400,154,11,권역별,22,동남생활권
606,동남생활권,2,하행,1230021500,155,11,권역별,22,동남생활권
606,동남생활권,2,하행,1230018100,156,11,권역별,22,동남생활권
606,동남생활권,2,하행,1230014500,157,11,권역별,22,동남생활권
606,동남생활권,2,하행,1230013200,158,11,권역별,22,동남생활권
606,동남생활권,2,하행,1230011400,159,11,권역별,22,동남생활권
606,동남생활권,2,하행,1230013900,160,11,권역별,22,동남생활권
606,동남생활권,2,하행,1230010900,161,11,권역별,22,동남생활권
606,동남생활권,2,하행,1240018900,162,11,권역별,22,동남생활권
606,동남생활권,2,하행,1240017500,163,11,권역별,22,동남생활권
606,동남생활권,2,하행,1240016100,164,11,권역별,22,동남생활권
606,동남생활권,2,하행,1240013700,165,11,권역별,22,동남생활권
606,동남생활권,2,하행,1240014800,166,11,권역별,22,동남생활권
606,동남생활권,2,하행,1240014900,167,11,권역별,22,동남생활권
606,동남생활권,2,하행,1240014500,168,11,권역별,22,동남생활권
606,동남생활권,2,하행,1240014100,169,11,권역별,22,동남생활권
606,동남생활권,2,하행,1240013500,170,11,권역별,22,동남생활권
606,동남생활권,2,하행,1240015700,171,11,권역별,22,동남생활권
606,동남생활권,2,하행,1240016400,172,11,권역별,22,동남생활권
606,동남생활권,2,하행,1240025700,173,11,권역별,22,동남생활권
606,동남생활권,2,하행,1240022500,174,11,권역별,22,동남생활권
606,동남생활권,2,하행,1240019900,175,11,권역별,22,동남생활권
606,동남생활권,2,하행,1240016700,176,11,권역별,22,동남생활권
606,동남생활권,2,하행,1240020800,177,11,권역별,22,동남생활권
606,동남생활권,2,하행,3201503500,178,11,권역별,22,동남생활권
606,동남생활권,2,하행,3201502100,179,11,권역별,22,동남생활권
606,동남생활권,2,하행,1210016500,180,11,권역별,22,동남생활권
606,동남생활권,2,하행,1210018700,181,11,권역별,22,동남생활권
606,동남생활권,2,하행,1210020900,182,11,권역별,22,동남생활권
606,동남생활권,2,하행,1210023100,183,11,권역별,22,동남생활권
606,동남생활권,2,하행,1210022200,184,11,권역별,22,동남생활권
606,동남생활권,2,하행,1210021000,185,11,권역별,22,동남생활권
606,동남생활권,2,하행,1210020200,186,11,권역별,22,동남생활권
606,동남생활권,2,하행,1210019600,187,11,권역별,22,동남생활권
606,동남생활권,2,하행,1210017800,188,11,권역별,22,동남생활권
606,동남생활권,2,하행,1210017200,189,11,권역별,22,동남생활권
606,동남생활권,2,하행,1210016200,190,11,권역별,22,동남생활권
606,동남생활권,2,하행,1210025200,191,11,권역별,22,동남생활권
606,동남생활권,2,하행,1210022400,192,11,권역별,22,동남생활권
606,동남생활권,2,하행,1210019400,193,11,권역별,22,동남생활권
606,동남생활권,2,하행,1210016600,194,11,권역별,22,동남생활권
606,동남생활권,2,하행,1210015000,195,11,권역별,22,동남생활권
606,동남생활권,2,하행,1230023700,196,11,권역별,22,동남생활권
606,동남생활권,2,하행,1230020300,197,11,권역별,22,동남생활권
606,동남생활권,2,하행,1230020200,198,11,권역별,22,동남생활권
606,동남생활권,2,하행,1230021800,199,11,권역별,22,동남생활권
606,동남생활권,2,하행,1230027000,200,11,권역별,22,동남생활권
606,동남생활권,2,하행,1220007500,201,11,권역별,22,동남생활권
606,동남생활권,2,하행,1220008700,202,11,권역별,22,동남생활권
606,동남생활권,2,하행,1220011100,203,11,권역별,22,동남생활권
606,동남생활권,2,하행,1220014100,204,11,권역별,22,동남생활권
606,동남생활권,2,하행,1220019300,205,11,권역별,22,동남생활권
606,동남생활권,2,하행,1220023200,206,11,권역별,22,동남생활권
606,동남생활권,2,하행,1220025900,207,11,권역별,22,동남생활권
606,동남생활권,2,하행,1220027700,208,11,권역별,22,동남생활권
606,동남생활권,2,하행,1220031100,209,11,권역별,22,동남생활권
606,동남생활권,2,하행,1220033500,210,11,권역별,22,동남생활권
606,동남생활권,2,하행,1220035500,211,11,권역별,22,동남생활권
606,동남생활권,2,하행,1220036500,212,11,권역별,22,동남생활권
606,동남생활권,2,하행,2060011501,213,11,권역별,22,동남생활권
606,동남생활권,2,하행,1210000701,214,11,권역별,22,동남생활권
606,동남생활권,2,하행,1210002000,215,11,권역별,22,동남생활권
606,동남생활권,2,하행,1210002900,216,11,권역별,22,동남생활권
606,동남생활권,2,하행,1210004000,217,11,권역별,22,동남생활권
606,동남생활권,2,하행,1210004200,218,11,권역별,22,동남생활권
606,동남생활권,2,하행,1210005200,219,11,권역별,22,동남생활권
606,동남생활권,2,하행,1230036400,220,11,권역별,22,동남생활권
606,동남생활권,2,하행,1240006700,221,11,권역별,22,동남생활권
606,동남생활권,2,하행,1230012500,222,11,권역별,22,동남생활권
606,동남생활권,2,하행,1240011900,223,11,권역별,22,동남생활권
606,동남생활권,2,하행,1240009900,224,11,권역별,22,동남생활권
606,동남생활권,2,하행,1240008900,225,11,권역별,22,동남생활권
606,동남생활권,2,하행,1240007100,226,11,권역별,22,동남생활권
606,동남생활권,2,하행,1230034000,227,11,권역별,22,동남생활권
606,동남생활권,2,하행,1230017300,228,11,권역별,22,동남생활권
606,동남생활권,2,하행,1230015100,229,11,권역별,22,동남생활권
606,동남생활권,2,하행,1230012700,230,11,권역별,22,동남생활권
606,동남생활권,2,하행,1230009700,231,11,권역별,22,동남생활권
606,동남생활권,2,하행,1230008100,232,11,권역별,22,동남생활권
606,동남생활권,2,하행,1230007500,233,11,권역별,22,동남생활권
606,동남생활권,2,하행,3201503200,234,11,권역별,22,동남생활권
606,동남생활권,2,하행,1230007300,235,11,권역별,22,동남생활권
606,동남생활권,2,하행,1230000600,236,11,권역별,22,동남생활권
606,동남생활권,2,하행,1230001400,237,11,권역별,22,동남생활권
606,동남생활권,2,하행,1230001800,238,11,권역별,22,동남생활권
606,동남생활권,2,하행,1230002000,239,11,권역별,22,동남생활권
606,동남생활권,2,하행,1230002200,240,11,권역별,22,동남생활권
606,동남생활권,2,하행,1230002600,241,11,권역별,22,동남생활권
606,동남생활권,2,하행,1230002800,242,11,권역별,22,동남생활권
606,동남생활권,2,하행,1230003000,243,11,권역별,22,동남생활권
606,동남생활권,2,하행,1230003200,244,11,권역별,22,동남생활권
606,동남생활권,2,하행,1230003400,245,11,권역별,22,동남생활권
606,동남생활권,2,하행,1230003600,246,11,권역별,22,동남생활권
606,동남생활권,2,하행,1230003800,247,11,권역별,22,동남생활권
606,동남생활권,2,하행,1230004200,248,11,권역별,22,동남생활권
606,동남생활권,2,하행,1230005000,249,11,권역별,22,동남생활권
606,동남생활권,2,하행,1230005500,250,11,권역별,22,동남생활권
606,동남생활권,2,하행,1210023300,251,11,권역별,22,동남생활권
606,동남생활권,2,하행,1210024300,252,11,권역별,22,동남생활권
606,동남생활권,2,하행,1210026100,253,11,권역별,22,동남생활권
606,동남생활권,2,하행,1210026500,254,11,권역별,22,동남생활권
606,동남생활권,2,하행,1210026900,255,11,권역별,22,동남생활권
606,동남생활권,2,하행,1210027100,256,11,권역별,22,동남생활권
606,동남생활권,2,하행,1210027700,257,11,권역별,22,동남생활권
606,동남생활권,2,하행,1230031300,258,11,권역별,22,동남생활권
606,동남생활권,2,하행,1230030900,259,11,권역별,22,동남생활권
606,동남생활권,2,하행,1230029900,260,11,권역별,22,동남생활권
606,동남생활권,2,하행,1240021800,261,11,권역별,22,동남생활권
606,동남생활권,2,하행,1240021100,262,11,권역별,22,동남생활권
606,동남생활권,2,하행,1240020900,263,11,권역별,22,동남생활권
606,동남생활권,2,하행,1240021400,264,11,권역별,22,동남생활권
606,동남생활권,2,하행,1240021600,265,11,권역별,22,동남생활권
606,동남생활권,2,하행,1240022200,266,11,권역별,22,동남생활권
606,동남생활권,2,하행,1240023000,267,11,권역별,22,동남생활권
606,동남생활권,2,하행,1240024200,268,11,권역별,22,동남생활권
606,동남생활권,2,하행,1240024000,269,11,권역별,22,동남생활권
606,동남생활권,2,하행,1240026400,270,11,권역별,22,동남생활권
606,동남생활권,2,하행,1240027400,271,11,권역별,22,동남생활권
606,동남생활권,2,하행,1240028200,272,11,권역별,22,동남생활권
606,동남생활권,2,하행,1240028300,273,11,권역별,22,동남생활권
606,동남생활권,2,하행,1240027900,274,11,권역별,22,동남생활권
606,동남생활권,2,하행,1240028600,275,11,권역별,22,동남생활권
606,동남생활권,2,하행,1240025900,276,11,권역별,22,동남생활권
606,동남생활권,2,하행,1240025300,277,11,권역별,22,동남생활권
606,동남생활권,2,하행,1240027600,278,11,권역별,22,동남생활권
606,동남생활권,2,하행,1240024300,279,11,권역별,22,동남생활권
606,동남생활권,2,하행,1240022300,280,11,권역별,22,동남생활권
606,동남생활권,2,하행,1220035100,281,11,권역별,22,동남생활권
606,동남생활권,2,하행,1220036100,282,11,권역별,22,동남생활권
606,동남생활권,2,하행,1220036200,283,11,권역별,22,동남생활권
606,동남생활권,2,하행,1220035800,284,11,권역별,22,동남생활권
606,동남생활권,2,하행,1230008900,285,11,권역별,22,동남생활권
606,동남생활권,2,하행,1240024700,286,11,권역별,22,동남생활권
606,동남생활권,2,하행,1240022700,287,11,권역별,22,동남생활권
606,동남생활권,2,하행,1240020100,288,11,권역별,22,동남생활권
606,동남생활권,2,하행,1240016500,289,11,권역별,22,동남생활권
606,동남생활권,2,하행,1240012900,290,11,권역별,22,동남생활권
606,동남생활권,2,하행,1240010100,291,11,권역별,22,동남생활권
606,동남생활권,2,하행,1240008100,292,11,권역별,22,동남생활권
606,동남생활권,2,하행,1240005900,293,11,권역별,22,동남생활권
606,동남생활권,2,하행,1230028700,294,11,권역별,22,동남생활권
606,동남생활권,2,하행,1230023300,295,11,권역별,22,동남생활권
606,동남생활권,2,하행,1230019700,296,11,권역별,22,동남생활권
606,동남생활권,2,하행,1230015900,297,11,권역별,22,동남생활권
606,동남생활권,2,하행,1230013300,298,11,권역별,22,동남생활권
606,동남생활권,2,하행,1230011500,299,11,권역별,22,동남생활권
606,동남생활권,2,하행,1220018800,300,11,권역별,22,동남생활권
606,동남생활권,2,하행,1220017000,301,11,권역별,22,동남생활권
606,동남생활권,2,하행,1220014400,302,11,권역별,22,동남생활권
606,동남생활권,2,하행,1220012800,303,11,권역별,22,동남생활권
606,동남생활권,2,하행,1220000700,304,11,권역별,22,동남생활권
606,동남생활권,2,하행,1220000500,305,11,권역별,22,동남생활권
606,동남생활권,2,하행,1220000300,306,11,권역별,22,동남생활권
606,동남생활권,2,하행,1220000100,307,11,권역별,22,동남생활권
606,동남생활권,2,하행,1210002700,308,11,권역별,22,동남생활권
606,동남생활권,2,하행,1210002500,309,11,권역별,22,동남생활권
606,동남생활권,2,하행,1210001700,310,11,권역별,22,동남생활권
606,동남생활권,2,하행,1210001100,311,11,권역별,22,동남생활권
606,동남생활권,2,하행,1210000900,312,11,권역별,22,동남생활권
606,동남생활권,2,하행,1210000600,313,11,권역별,22,동남생활권
606,동남생활권,2,하행,1240023300,314,11,권역별,22,동남생활권
606,동남생활권,2,하행,1240023800,315,11,권역별,22,동남생활권
606,동남생활권,2,하행,1220017400,316,11,권역별,22,동남생활권
606,동남생활권,2,하행,1240026700,317,11,권역별,22,동남생활권
606,동남생활권,2,하행,1240024900,318,11,권역별,22,동남생활권
606,동남생활권,2,하행,1240023100,319,11,권역별,22,동남생활권
606,동남생활권,2,하행,1220016800,320,11,권역별,22,동남생활권
606,동남생활권,2,하행,1220015200,321,11,권역별,22,동남생활권
606,동남생활권,2,하행,1220011600,322,11,권역별,22,동남생활권
606,동남생활권,2,하행,1220009800,323,11,권역별,22,동남생활권
606,동남생활권,2,하행,1220007800,324,11,권역별,22,동남생활권
606,동남생활권,2,하행,1210011400,325,11,권역별,22,동남생활권
606,동남생활권,2,하행,1210010000,326,11,권역별,22,동남생활권
606,동남생활권,2,하행,1210006700,327,11,권역별,22,동남생활권
606,동남생활권,2,하행,1210007900,328,11,권역별,22,동남생활권
606,동남생활권,2,하행,1220006900,329,11,권역별,22,동남생활권
606,동남생활권,2,하행,1220008500,330,11,권역별,22,동남생활권
606,동남생활권,2,하행,1220011500,331,11,권역별,22,동남생활권
606,동남생활권,2,하행,1220016100,332,11,권역별,22,동남생활권
606,동남생활권,2,하행,1220021500,333,11,권역별,22,동남생활권
606,동남생활권,2,하행,1220024700,334,11,권역별,22,동남생활권
606,동남생활권,2,하행,1220027500,335,11,권역별,22,동남생활권
606,동남생활권,2,하행,1220029900,336,11,권역별,22,동남생활권
606,동남생활권,2,하행,1220033100,337,11,권역별,22,동남생활권
606,동남생활권,2,하행,1220035300,338,11,권역별,22,동남생활권
606,동남생활권,2,하행,1220036900,339,11,권역별,22,동남생활권
606,동남생활권,2,하행,1220037300,340,11,권역별,22,동남생활권
606,동남생활권,2,하행,1240019600,341,11,권역별,22,동남생활권
606,동남생활권,2,하행,1220027000,342,11,권역별,22,동남생활권
606,동남생활권,2,하행,1220026400,343,11,권역별,22,동남생활권
606,동남생활권,2,하행,1220025400,344,11,권역별,22,동남생활권
606,동남생활권,2,하행,1220023800,345,11,권역별,22,동남생활권
606,동남생활권,2,하행,1220022200,346,11,권역별,22,동남생활권
606,동남생활권,2,하행,1220020600,347,11,권역별,22,동남생활권
606,동남생활권,2,하행,1220019400,348,11,권역별,22,동남생활권
606,동남생활권,2,하행,1240027100,349,11,권역별,22,동남생활권
606,동남생활권,2,하행,1240025100,350,11,권역별,22,동남생활권
606,동남생활권,2,하행,1220001000,351,11,권역별,22,동남생활권
606,동남생활권,2,하행,1220001200,352,11,권역별,22,동남생활권
606,동남생활권,2,하행,1220001600,353,11,권역별,22,동남생활권
606,동남생활권,2,하행,1220002000,354,11,권역별,22,동남생활권
606,동남생활권,2,하행,1220002300,355,11,권역별,22,동남생활권
606,동남생활권,2,하행,1220002800,356,11,권역별,22,동남생활권
606,동남생활권,2,하행,1220003200,357,11,권역별,22,동남생활권
606,동남생활권,2,하행,1220003400,358,11,권역별,22,동남생활권
606,동남생활권,2,하행,1220004100,359,11,권역별,22,동남생활권
606,동남생활권,2,하행,1220004300,360,11,권역별,22,동남생활권
606,동남생활권,2,하행,1220004900,361,11,권역별,22,동남생활권
606,동남생활권,2,하행,1220005300,362,11,권역별,22,동남생활권
606,동남생활권,2,하행,1230029700,363,11,권역별,22,동남생활권
606,동남생활권,2,하행,1230027900,364,11,권역별,22,동남생활권
606,동남생활권,2,하행,1230026300,365,11,권역별,22,동남생활권
606,동남생활권,2,하행,1230024300,366,11,권역별,22,동남생활권
606,동남생활권,2,하행,1230022100,367,11,권역별,22,동남생활권
606,동남생활권,2,하행,1230019900,368,11,권역별,22,동남생활권
606,동남생활권,2,하행,1230018700,369,11,권역별,22,동남생활권
606,동남생활권,2,하행,1230016900,370,11,권역별,22,동남생활권
606,동남생활권,2,하행,1230014300,371,11,권역별,22,동남생활권
606,동남생활권,2,하행,1230011900,372,11,권역별,22,동남생활권
606,동남생활권,2,하행,1230010500,373,11,권역별,22,동남생활권
606,동남생활권,2,하행,1230009600,374,11,권역별,22,동남생활권
606,동남생활권,2,하행,1240021900,375,11,권역별,22,동남생활권
606,동남생활권,2,하행,1240019300,376,11,권역별,22,동남생활권
606,동남생활권,2,하행,1210004600,377,11,권역별,22,동남생활권
606,동남생활권,2,하행,1210005000,378,11,권역별,22,동남생활권
606,동남생활권,2,하행,1210005400,379,11,권역별,22,동남생활권
606,동남생활권,2,하행,1210006500,380,11,권역별,22,동남생활권
606,동남생활권,2,하행,1220005700,381,11,권역별,22,동남생활권
606,동남생활권,2,하행,1220005400,382,11,권역별,22,동남생활권
606,동남생활권,2,하행,1220004400,383,11,권역별,22,동남생활권
606,동남생활권,2,하행,1230004500,384,11,권역별,22,동남생활권
606,동남생활권,2,하행,1230004300,385,11,권역별,22,동남생활권
606,동남생활권,2,하행,1230004000,386,11,권역별,22,동남생활권
606,동남생활권,2,하행,1230004800,387,11,권역별,22,동남생활권
606,동남생활권,2,하행,1230005200,388,11,권역별,22,동남생활권
606,동남생활권,2,하행,1230005400,389,11,권역별,22,동남생활권
606,동남생활권,2,하행,1240002000,390,11,권역별,22,동남생활권
606,동남생활권,2,하행,1240003200,391,11,권역별,22,동남생활권
606,동남생활권,2,하행,1240003400,392,11,권역별,22,동남생활권
606,동남생활권,2,하행,1240003700,393,11,권역별,22,동남생활권
606,동남생활권,2,하행,1240005000,394,11,권역별,22,동남생활권
606,동남생활권,2,하행,1240005400,395,11,권역별,22,동남생활권
606,동남생활권,2,하행,1240026500,396,11,권역별,22,동남생활권
606,동남생활권,2,하행,1240020300,397,11,권역별,22,동남생활권
606,동남생활권,2,하행,1240018500,398,11,권역별,22,동남생활권
606,동남생활권,2,하행,1240016900,399,11,권역별,22,동남생활권
606,동남생활권,2,하행,1240015100,400,11,권역별,22,동남생활권
606,동남생활권,2,하행,1240012500,401,11,권역별,22,동남생활권
606,동남생활권,2,하행,1240011100,402,11,권역별,22,동남생활권
606,동남생활권,2,하행,1240009700,403,11,권역별,22,동남생활권
606,동남생활권,2,하행,1230036800,404,11,권역별,22,동남생활권
606,동남생활권,2,하행,1230036000,405,11,권역별,22,동남생활권
606,동남생활권,2,하행,1230035000,406,11,권역별,22,동남생활권
606,동남생활권,2,하행,1230033200,407,11,권역별,22,동남생활권
606,동남생활권,2,하행,1230032100,408,11,권역별,22,동남생활권
606,동남생활권,2,하행,1230030700,409,11,권역별,22,동남생활권
606,동남생활권,2,하행,1230029100,410,11,권역별,22,동남생활권
606,동남생활권,2,하행,1230028300,411,11,권역별,22,동남생활권
606,동남생활권,2,하행,1230027300,412,11,권역별,22,동남생활권
606,동남생활권,2,하행,1230025700,413,11,권역별,22,동남생활권
606,동남생활권,2,하행,1230024900,414,11,권역별,22,동남생활권
606,동남생활권,2,하행,1230025200,415,11,권역별,22,동남생활권
606,동남생활권,2,하행,1230024500,416,11,권역별,22,동남생활권
606,동남생활권,2,하행,1240015600,417,11,권역별,22,동남생활권
606,동남생활권,2,하행,1240018700,418,11,권역별,22,동남생활권
606,동남생활권,2,하행,1210008800,419,11,권역별,22,동남생활권
606,동남생활권,2,하행,1210000300,420,11,권역별,22,동남생활권
606,동남생활권,2,하행,1230029300,421,11,권역별,22,동남생활권
606,동남생활권,2,하행,1230028100,422,11,권역별,22,동남생활권
606,동남생활권,2,하행,1230027100,423,11,권역별,22,동남생활권
606,동남생활권,2,하행,1230026100,424,11,권역별,22,동남생활권
606,동남생활권,2,하행,1230023900,425,11,권역별,22,동남생활권
606,동남생활권,2,하행,1230021300,426,11,권역별,22,동남생활권
606,동남생활권,2,하행,1220010900,427,11,권역별,22,동남생활권
606,동남생활권,2,하행,1220014900,428,11,권역별,22,동남생활권
606,동남생활권,2,하행,1220017900,429,11,권역별,22,동남생활권
606,동남생활권,2,하행,1230025900,430,11,권역별,22,동남생활권
606,동남생활권,2,하행,1230023500,431,11,권역별,22,동남생활권
606,동남생활권,2,하행,1230023200,432,11,권역별,22,동남생활권
606,동남생활권,2,하행,1230024200,433,11,권역별,22,동남생활권
606,동남생활권,2,하행,1230027600,434,11,권역별,22,동남생활권
606,동남생활권,2,하행,1210026300,435,11,권역별,22,동남생활권
606,동남생활권,2,하행,1210027300,436,11,권역별,22,동남생활권
606,동남생활권,2,하행,1210028300,437,11,권역별,22,동남생활권
606,동남생활권,2,하행,1210029100,438,11,권역별,22,동남생활권
606,동남생활권,2,하행,1210030300,439,11,권역별,22,동남생활권
606,동남생활권,2,하행,1210030500,440,11,권역별,22,동남생활권
606,동남생활권,2,하행,1240002700,441,11,권역별,22,동남생활권
606,동남생활권,2,하행,1230008400,442,11,권역별,22,동남생활권
606,동남생활권,2,하행,1230010000,443,11,권역별,22,동남생활권
606,동남생활권,2,하행,1230011800,444,11,권역별,22,동남생활권
606,동남생활권,2,하행,1230015000,445,11,권역별,22,동남생활권
606,동남생활권,2,하행,1230018000,446,11,권역별,22,동남생활권
606,동남생활권,2,하행,1230021000,447,11,권역별,22,동남생활권
606,동남생활권,2,하행,1240005800,448,11,권역별,22,동남생활권
606,동남생활권,2,하행,1240007000,449,11,권역별,22,동남생활권
606,동남생활권,2,하행,1240008800,450,11,권역별,22,동남생활권
606,동남생활권,2,하행,1240009600,451,11,권역별,22,동남생활권
606,동남생활권,2,하행,1240010600,452,11,권역별,22,동남생활권
606,동남생활권,2,하행,1240011400,453,11,권역별,22,동남생활권
606,동남생활권,2,하행,1240011800,454,11,권역별,22,동남생활권
606,동남생활권,2,하행,1240013200,455,11,권역별,22,동남생활권
606,동남생활권,2,하행,1240014000,456,11,권역별,22,동남생활권
606,동남생활권,2,하행,1240002600,457,11,권역별,22,동남생활권
606,동남생활권,2,하행,1240002200,458,11,권역별,22,동남생활권
606,동남생활권,2,하행,1240001700,459,11,권역별,22,동남생활권
606,동남생활권,2,하행,2270009200,460,11,권역별,22,동남생활권
606,동남생활권,2,하행,1240001100,462,11,권역별,22,동남생활권
606,동남생활권,2,하행,1240000700,463,11,권역별,22,동남생활권
606,동남생활권,2,하행,1240000100,464,11,권역별,22,동남생활권
606,동남생활권,2,하행,1240000400,465,11,권역별,22,동남생활권
606,동남생활권,2,하행,1240000600,466,11,권역별,22,동남생활권
606,동남생활권,2,하행,1240001000,467,11,권역별,22,동남생활권
606,동남생활권,2,하행,1240001400,468,11,권역별,22,동남생활권
606,동남생활권,2,하행,1240001600,469,11,권역별,22,동남생활권
606,동남생활권,2,하행,1240013300,470,11,권역별,22,동남생활권
606,동남생활권,2,하행,1240009300,471,11,권역별,22,동남생활권
606,동남생활권,2,하행,1230036700,472,11,권역별,22,동남생활권
606,동남생활권,2,하행,1230005800,473,11,권역별,22,동남생활권
606,동남생활권,2,하행,1230006000,474,11,권역별,22,동남생활권
606,동남생활권,2,하행,1230009200,475,11,권역별,22,동남생활권
606,동남생활권,2,하행,1230013500,476,11,권역별,22,동남생활권
606,동남생활권,2,하행,1230016800,477,11,권역별,22,동남생활권
606,동남생활권,2,하행,1230026600,478,11,권역별,22,동남생활권
606,동남생활권,2,하행,1230029600,479,11,권역별,22,동남생활권
606,동남생활권,2,하행,1210007400,480,11,권역별,22,동남생활권
606,동남생활권,2,하행,1220023400,481,11,권역별,22,동남생활권
606,동남생활권,2,하행,1220024100,482,11,권역별,22,동남생활권
606,동남생활권,2,하행,1220025300,483,11,권역별,22,동남생활권
606,동남생활권,2,하행,1220026100,484,11,권역별,22,동남생활권
606,동남생활권,2,하행,1220026900,485,11,권역별,22,동남생활권
606,동남생활권,2,하행,1220028100,486,11,권역별,22,동남생활권
606,동남생활권,2,하행,1220028900,487,11,권역별,22,동남생활권
606,동남생활권,2,하행,1220029500,488,11,권역별,22,동남생활권
606,동남생활권,2,하행,1220028500,489,11,권역별,22,동남생활권
606,동남생활권,2,하행,1220028700,490,11,권역별,22,동남생활권
606,동남생활권,2,하행,1220030300,491,11,권역별,22,동남생활권
606,동남생활권,2,하행,1220032500,492,11,권역별,22,동남생활권
606,동남생활권,2,하행,3201502300,493,11,권역별,22,동남생활권
606,동남생활권,2,하행,1240009100,494,11,권역별,22,동남생활권
606,동남생활권,2,하행,1240007900,495,11,권역별,22,동남생활권
606,동남생활권,2,하행,1240007700,496,11,권역별,22,동남생활권
606,동남생활권,2,하행,1240006500,497,11,권역별,22,동남생활권
606,동남생활권,2,하행,1240006300,498,11,권역별,22,동남생활권
606,동남생활권,2,하행,1240006100,499,11,권역별,22,동남생활권
606,동남생활권,2,하행,1220030500,500,11,권역별,22,동남생활권
606,동남생활권,2,하행,1220031300,501,11,권역별,22,동남생활권
606,동남생활권,2,하행,1220032100,502,11,권역별,22,동남생활권
606,동남생활권,2,하행,1220032900,503,11,권역별,22,동남생활권
606,동남생활권,2,하행,1220033300,504,11,권역별,22,동남생활권
606,동남생활권,2,하행,1220033900,505,11,권역별,22,동남생활권
606,동남생활권,2,하행,3201502600,506,11,권역별,22,동남생활권
606,동남생활권,2,하행,3201502800,507,11,권역별,22,동남생활권
606,동남생활권,2,하행,1230030500,508,11,권역별,22,동남생활권
606,동남생활권,2,하행,1230028900,509,11,권역별,22,동남생활권
606,동남생활권,2,하행,1230028600,510,11,권역별,22,동남생활권
606,동남생활권,2,하행,1230000400,511,11,권역별,22,동남생활권
606,동남생활권,2,하행,1230000100,512,11,권역별,22,동남생활권
606,동남생활권,2,하행,1220006000,513,11,권역별,22,동남생활권
606,동남생활권,2,하행,1210007000,514,11,권역별,22,동남생활권
606,동남생활권,2,하행,1210006900,515,11,권역별,22,동남생활권
606,동남생활권,2,하행,1220013200,516,11,권역별,22,동남생활권
606,동남생활권,2,하행,1220010000,517,11,권역별,22,동남생활권
606,동남생활권,2,하행,1220008100,518,11,권역별,22,동남생활권
606,동남생활권,2,하행,1210012300,519,11,권역별,22,동남생활권
606,동남생활권,2,하행,1210013100,520,11,권역별,22,동남생활권
606,동남생활권,2,하행,1210013900,521,11,권역별,22,동남생활권
606,동남생활권,2,하행,1210014900,522,11,권역별,22,동남생활권
606,동남생활권,2,하행,1210015900,523,11,권역별,22,동남생활권
606,동남생활권,2,하행,1210017100,524,11,권역별,22,동남생활권
606,동남생활권,2,하행,1210018300,525,11,권역별,22,동남생활권
606,동남생활권,2,하행,3201503800,526,11,권역별,22,동남생활권
606,동남생활권,2,하행,3201504000,527,11,권역별,22,동남생활권
606,동남생활권,2,하행,3201504400,528,11,권역별,22,동남생활권
606,동남생활권,2,하행,3201503600,529,11,권역별,22,동남생활권
606,동남생활권,2,하행,3201502400,530,11,권역별,22,동남생활권
606,동남생활권,2,하행,3201501900,531,11,권역별,22,동남생활권
606,동남생활권,2,하행,3201503100,532,11,권역별,22,동남생활권
606,동남생활권,2,하행,1219920010,535,11,권역별,22,동남생활권
606,동남생활권,2,하행,1219920020,536,11,권역별,22,동남생활권
606,동남생활권,2,하행,1219920030,537,11,권역별,22,동남생활권
606,동남생활권,2,하행,1240018300,538,11,권역별,22,동남생활권
606,동남생활권,2,하행,1240017900,539,11,권역별,22,동남생활권
606,동남생활권,2,하행,1240017300,540,11,권역별,22,동남생활권
606,동남생활권,2,하행,1240017100,541,11,권역별,22,동남생활권
606,동남생활권,2,하행,1240017800,542,11,권역별,22,동남생활권
606,동남생활권,2,하행,1240018100,543,11,권역별,22,동남생활권
606,동남생활권,2,하행,1240014300,544,11,권역별,22,동남생활권
606,동남생활권,2,하행,1240012100,545,11,권역별,22,동남생활권
606,동남생활권,2,하행,1240011600,546,11,권역별,22,동남생활권
606,동남생활권,2,하행,1040011900,547,11,권역별,22,동남생활권
606,동남생활권,2,하행,1210029600,548,11,권역별,22,동남생활권
606,동남생활권,2,하행,1210029500,549,11,권역별,22,동남생활권
606,동남생활권,2,하행,1220020300,550,11,권역별,22,동남생활권
606,동남생활권,2,하행,1220022100,551,11,권역별,22,동남생활권
606,동남생활권,2,하행,1220023600,552,11,권역별,22,동남생활권
606,동남생활권,2,하행,1220022700,553,11,권역별,22,동남생활권
606,동남생활권,2,하행,1220021200,554,11,권역별,22,동남생활권
606,동남생활권,2,하행,1220018400,555,11,권역별,22,동남생활권
606,동남생활권,2,하행,1220014200,556,11,권역별,22,동남생활권
606,동남생활권,2,하행,1220012400,557,11,권역별,22,동남생활권
606,동남생활권,2,하행,1220010600,558,11,권역별,22,동남생활권
606,동남생활권,2,하행,1220010200,559,11,권역별,22,동남생활권
606,동남생활권,2,하행,1210015400,560,11,권역별,22,동남생활권
606,동남생활권,2,하행,1210015300,561,11,권역별,22,동남생활권
606,동남생활권,2,하행,1210003800,562,11,권역별,22,동남생활권
606,동남생활권,2,하행,1210014200,563,11,권역별,22,동남생활권
606,동남생활권,2,하행,1210013400,564,11,권역별,22,동남생활권
606,동남생활권,2,하행,1210012400,565,11,권역별,22,동남생활권
606,동남생활권,2,하행,1210011000,566,11,권역별,22,동남생활권
607,동북생활권,1,상행,1070020100,215,11,권역별,23,동북생활권
607,동북생활권,1,상행,1070015700,216,11,권역별,23,동북생활권
607,동북생활권,1,상행,1070006700,217,11,권역별,23,동북생활권
607,동북생활권,1,상행,1070005500,218,11,권역별,23,동북생활권
607,동북생활권,1,상행,1070004500,219,11,권역별,23,동북생활권
607,동북생활권,1,상행,1070002500,220,11,권역별,23,동북생활권
607,동북생활권,1,상행,1070001900,221,11,권역별,23,동북생활권
607,동북생활권,1,상행,1060012900,222,11,권역별,23,동북생활권
607,동북생활권,1,상행,1060012100,223,11,권역별,23,동북생활권
607,동북생활권,1,상행,1060011500,224,11,권역별,23,동북생활권
607,동북생활권,1,상행,1060010700,225,11,권역별,23,동북생활권
607,동북생활권,1,상행,1060015000,226,11,권역별,23,동북생활권
607,동북생활권,1,상행,1060015200,227,11,권역별,23,동북생활권
607,동북생활권,1,상행,1060015400,228,11,권역별,23,동북생활권
607,동북생활권,1,상행,1060016200,229,11,권역별,23,동북생활권
607,동북생활권,1,상행,1060017000,230,11,권역별,23,동북생활권
607,동북생활권,1,상행,1070000200,231,11,권역별,23,동북생활권
607,동북생활권,1,상행,1070001600,232,11,권역별,23,동북생활권
607,동북생활권,1,상행,1060006800,233,11,권역별,23,동북생활권
607,동북생활권,1,상행,1070011000,234,11,권역별,23,동북생활권
607,동북생활권,1,상행,1070010700,235,11,권역별,23,동북생활권
607,동북생활권,1,상행,1070010600,236,11,권역별,23,동북생활권
607,동북생활권,1,상행,1000021200,237,11,권역별,23,동북생활권
607,동북생활권,1,상행,1220005000,238,11,권역별,23,동북생활권
607,동북생활권,1,상행,1050005200,239,11,권역별,23,동북생활권
607,동북생활권,1,상행,1050006400,240,11,권역별,23,동북생활권
607,동북생활권,1,상행,1050009800,241,11,권역별,23,동북생활권
607,동북생활권,1,상행,1050011200,242,11,권역별,23,동북생활권
607,동북생활권,1,상행,1050011400,243,11,권역별,23,동북생활권
607,동북생활권,1,상행,1050011600,244,11,권역별,23,동북생활권
607,동북생활권,1,상행,1050012800,245,11,권역별,23,동북생활권
607,동북생활권,1,상행,1060008300,246,11,권역별,23,동북생활권
607,동북생활권,1,상행,1060008100,247,11,권역별,23,동북생활권
607,동북생활권,1,상행,1060007900,248,11,권역별,23,동북생활권
607,동북생활권,1,상행,1030020500,249,11,권역별,23,동북생활권
607,동북생활권,1,상행,1030018900,250,11,권역별,23,동북생활권
607,동북생활권,1,상행,1030016500,251,11,권역별,23,동북생활권
607,동북생활권,1,상행,1030013500,252,11,권역별,23,동북생활권
607,동북생활권,1,상행,1030013200,253,11,권역별,23,동북생활권
607,동북생활권,1,상행,1080010900,254,11,권역별,23,동북생활권
607,동북생활권,1,상행,1080010700,255,11,권역별,23,동북생활권
607,동북생활권,1,상행,1080010500,256,11,권역별,23,동북생활권
607,동북생활권,1,상행,1070005700,257,11,권역별,23,동북생활권
607,동북생활권,1,상행,1070004800,258,11,권역별,23,동북생활권
607,동북생활권,1,상행,1070013000,259,11,권역별,23,동북생활권
607,동북생활권,1,상행,1070017400,260,11,권역별,23,동북생활권
607,동북생활권,1,상행,1080003000,261,11,권역별,23,동북생활권
607,동북생활권,1,상행,1080004400,262,11,권역별,23,동북생활권
607,동북생활권,1,상행,1080005800,263,11,권역별,23,동북생활권
607,동북생활권,1,상행,1080008400,264,11,권역별,23,동북생활권
607,동북생활권,1,상행,1080010200,265,11,권역별,23,동북생활권
607,동북생활권,1,상행,1080012000,266,11,권역별,23,동북생활권
607,동북생활권,1,상행,1080013000,267,11,권역별,23,동북생활권
607,동북생활권,1,상행,1080013200,268,11,권역별,23,동북생활권
607,동북생활권,1,상행,1100029800,269,11,권역별,23,동북생활권
607,동북생활권,1,상행,1100030200,270,11,권역별,23,동북생활권
607,동북생활권,1,상행,1100031000,271,11,권역별,23,동북생활권
607,동북생활권,1,상행,1100031400,272,11,권역별,23,동북생활권
607,동북생활권,1,상행,1100032600,273,11,권역별,23,동북생활권
607,동북생활권,1,상행,1100035000,274,11,권역별,23,동북생활권
607,동북생활권,1,상행,1060009600,275,11,권역별,23,동북생활권
607,동북생활권,1,상행,1060011400,276,11,권역별,23,동북생활권
607,동북생활권,1,상행,1060013400,277,11,권역별,23,동북생활권
607,동북생활권,1,상행,1060014400,278,11,권역별,23,동북생활권
607,동북생활권,1,상행,1050007800,279,11,권역별,23,동북생활권
607,동북생활권,1,상행,1050009000,280,11,권역별,23,동북생활권
607,동북생활권,1,상행,1050011800,281,11,권역별,23,동북생활권
607,동북생활권,1,상행,1050014400,282,11,권역별,23,동북생활권
607,동북생활권,1,상행,1060009100,283,11,권역별,23,동북생활권
607,동북생활권,1,상행,1060009400,284,11,권역별,23,동북생활권
607,동북생활권,1,상행,1060009800,285,11,권역별,23,동북생활권
607,동북생활권,1,상행,1060010200,286,11,권역별,23,동북생활권
607,동북생활권,1,상행,1060010400,287,11,권역별,23,동북생활권
607,동북생활권,1,상행,1100008300,288,11,권역별,23,동북생활권
607,동북생활권,1,상행,1070019900,289,11,권역별,23,동북생활권
607,동북생활권,1,상행,1100021500,290,11,권역별,23,동북생활권
607,동북생활권,1,상행,1100020100,291,11,권역별,23,동북생활권
607,동북생활권,1,상행,1100018300,292,11,권역별,23,동북생활권
607,동북생활권,1,상행,1100015900,293,11,권역별,23,동북생활권
607,동북생활권,1,상행,1100014300,294,11,권역별,23,동북생활권
607,동북생활권,1,상행,1005002400,295,11,권역별,23,동북생활권
607,동북생활권,1,상행,1100012100,296,11,권역별,23,동북생활권
607,동북생활권,1,상행,1100010200,297,11,권역별,23,동북생활권
607,동북생활권,1,상행,1100008700,298,11,권역별,23,동북생활권
607,동북생활권,1,상행,3201504300,299,11,권역별,23,동북생활권
607,동북생활권,1,상행,1030002900,300,11,권역별,23,동북생활권
607,동북생활권,1,상행,1070007400,301,11,권역별,23,동북생활권
607,동북생활권,1,상행,1070008100,302,11,권역별,23,동북생활권
607,동북생활권,1,상행,1070008800,303,11,권역별,23,동북생활권
607,동북생활권,1,상행,1030005400,304,11,권역별,23,동북생활권
607,동북생활권,1,상행,1030008600,305,11,권역별,23,동북생활권
607,동북생활권,1,상행,1030010500,306,11,권역별,23,동북생활권
607,동북생활권,1,상행,1030007100,307,11,권역별,23,동북생활권
607,동북생활권,1,상행,1080002200,308,11,권역별,23,동북생활권
607,동북생활권,1,상행,1080002400,309,11,권역별,23,동북생활권
607,동북생활권,1,상행,1080002600,310,11,권역별,23,동북생활권
607,동북생활권,1,상행,1070020300,311,11,권역별,23,동북생활권
607,동북생활권,1,상행,1070016900,312,11,권역별,23,동북생활권
607,동북생활권,1,상행,1080003300,313,11,권역별,23,동북생활권
607,동북생활권,1,상행,1230004900,314,11,권역별,23,동북생활권
607,동북생활권,1,상행,1060006300,315,11,권역별,23,동북생활권
607,동북생활권,1,상행,1100034200,316,11,권역별,23,동북생활권
607,동북생활권,1,상행,1100035200,317,11,권역별,23,동북생활권
607,동북생활권,1,상행,1100035400,318,11,권역별,23,동북생활권
607,동북생활권,1,상행,1100035600,319,11,권역별,23,동북생활권
607,동북생활권,1,상행,1090012100,320,11,권역별,23,동북생활권
607,동북생활권,1,상행,1090011100,321,11,권역별,23,동북생활권
607,동북생활권,1,상행,1090009100,322,11,권역별,23,동북생활권
607,동북생활권,1,상행,1090007300,323,11,권역별,23,동북생활권
607,동북생활권,1,상행,1060021500,324,11,권역별,23,동북생활권
607,동북생활권,1,상행,1060021300,325,11,권역별,23,동북생활권
607,동북생활권,1,상행,1060020500,326,11,권역별,23,동북생활권
607,동북생활권,1,상행,1060019900,327,11,권역별,23,동북생활권
607,동북생활권,1,상행,1060018300,328,11,권역별,23,동북생활권
607,동북생활권,1,상행,1060017300,329,11,권역별,23,동북생활권
607,동북생활권,1,상행,1060015900,330,11,권역별,23,동북생활권
607,동북생활권,1,상행,1060014700,331,11,권역별,23,동북생활권
607,동북생활권,1,상행,1050021200,332,11,권역별,23,동북생활권
607,동북생활권,1,상행,1070009600,333,11,권역별,23,동북생활권
607,동북생활권,1,상행,1070012200,334,11,권역별,23,동북생활권
607,동북생활권,1,상행,1040003900,335,11,권역별,23,동북생활권
607,동북생활권,1,상행,1040002500,336,11,권역별,23,동북생활권
607,동북생활권,1,상행,1040012200,337,11,권역별,23,동북생활권
607,동북생활권,1,상행,1040011600,338,11,권역별,23,동북생활권
607,동북생활권,1,상행,1040010600,339,11,권역별,23,동북생활권
607,동북생활권,1,상행,1040009800,340,11,권역별,23,동북생활권
607,동북생활권,1,상행,1040008400,341,11,권역별,23,동북생활권
607,동북생활권,1,상행,1040008700,342,11,권역별,23,동북생활권
607,동북생활권,1,상행,1040010100,343,11,권역별,23,동북생활권
607,동북생활권,1,상행,1040011100,344,11,권역별,23,동북생활권
607,동북생활권,1,상행,1030006800,345,11,권역별,23,동북생활권
607,동북생활권,1,상행,1030007600,346,11,권역별,23,동북생활권
607,동북생활권,1,상행,1030009200,347,11,권역별,23,동북생활권
607,동북생활권,1,상행,1040010900,348,11,권역별,23,동북생활권
607,동북생활권,1,상행,1070002200,349,11,권역별,23,동북생활권
607,동북생활권,1,상행,1070002400,350,11,권역별,23,동북생활권
607,동북생활권,1,상행,1070003400,351,11,권역별,23,동북생활권
607,동북생활권,1,상행,1070005200,352,11,권역별,23,동북생활권
607,동북생활권,1,상행,1050014200,353,11,권역별,23,동북생활권
607,동북생활권,1,상행,1050013900,354,11,권역별,23,동북생활권
607,동북생활권,1,상행,1050013700,355,11,권역별,23,동북생활권
607,동북생활권,1,상행,1050013500,356,11,권역별,23,동북생활권
607,동북생활권,1,상행,1060015500,357,11,권역별,23,동북생활권
607,동북생활권,1,상행,1220037200,358,11,권역별,23,동북생활권
607,동북생활권,1,상행,1220005200,359,11,권역별,23,동북생활권
607,동북생활권,1,상행,1070012500,360,11,권역별,23,동북생활권
607,동북생활권,1,상행,1070015000,361,11,권역별,23,동북생활권
607,동북생활권,1,상행,1080001600,362,11,권역별,23,동북생활권
607,동북생활권,1,상행,1080003800,363,11,권역별,23,동북생활권
607,동북생활권,1,상행,1080009200,364,11,권역별,23,동북생활권
607,동북생활권,1,상행,1080004700,365,11,권역별,23,동북생활권
607,동북생활권,1,상행,1080003100,366,11,권역별,23,동북생활권
607,동북생활권,1,상행,1080002000,367,11,권역별,23,동북생활권
607,동북생활권,1,상행,1050002000,368,11,권역별,23,동북생활권
607,동북생활권,1,상행,1050001600,369,11,권역별,23,동북생활권
607,동북생활권,1,상행,1050001400,370,11,권역별,23,동북생활권
607,동북생활권,1,상행,1050001200,371,11,권역별,23,동북생활권
607,동북생활권,1,상행,1050001000,372,11,권역별,23,동북생활권
607,동북생활권,1,상행,1050000600,373,11,권역별,23,동북생활권
607,동북생활권,1,상행,1050000800,374,11,권역별,23,동북생활권
607,동북생활권,1,상행,1050000400,375,11,권역별,23,동북생활권
607,동북생활권,1,상행,1030006400,376,11,권역별,23,동북생활권
607,동북생활권,1,상행,1030008200,377,11,권역별,23,동북생활권
607,동북생활권,1,상행,1030011800,378,11,권역별,23,동북생활권
607,동북생활권,1,상행,1030013800,379,11,권역별,23,동북생활권
607,동북생활권,1,상행,1030015200,380,11,권역별,23,동북생활권
607,동북생활권,1,상행,1030016800,381,11,권역별,23,동북생활권
607,동북생활권,1,상행,1030020200,382,11,권역별,23,동북생활권
607,동북생활권,1,상행,1050008000,383,11,권역별,23,동북생활권
607,동북생활권,1,상행,1050010600,384,11,권역별,23,동북생활권
607,동북생활권,1,상행,1050012600,385,11,권역별,23,동북생활권
607,동북생활권,1,상행,1050015000,386,11,권역별,23,동북생활권
607,동북생활권,1,상행,1050016600,387,11,권역별,23,동북생활권
607,동북생활권,1,상행,1030003800,388,11,권역별,23,동북생활권
607,동북생활권,1,상행,1030004800,389,11,권역별,23,동북생활권
607,동북생활권,1,상행,1030007400,390,11,권역별,23,동북생활권
607,동북생활권,1,상행,1030011000,391,11,권역별,23,동북생활권
607,동북생활권,1,상행,1030012600,392,11,권역별,23,동북생활권
607,동북생활권,1,상행,1030014000,393,11,권역별,23,동북생활권
607,동북생활권,1,상행,1030014400,394,11,권역별,23,동북생활권
607,동북생활권,1,상행,1030015400,395,11,권역별,23,동북생활권
607,동북생활권,1,상행,1030016400,396,11,권역별,23,동북생활권
607,동북생활권,1,상행,1030017600,397,11,권역별,23,동북생활권
607,동북생활권,1,상행,1060005200,398,11,권역별,23,동북생활권
607,동북생활권,1,상행,1060004600,399,11,권역별,23,동북생활권
607,동북생활권,1,상행,1060003900,400,11,권역별,23,동북생활권
607,동북생활권,1,상행,1060013900,401,11,권역별,23,동북생활권
607,동북생활권,1,상행,1060011900,402,11,권역별,23,동북생활권
607,동북생활권,1,상행,1060009900,403,11,권역별,23,동북생활권
607,동북생활권,1,상행,1060008500,404,11,권역별,23,동북생활권
607,동북생활권,1,상행,1060007300,405,11,권역별,23,동북생활권
607,동북생활권,1,상행,1040017000,406,11,권역별,23,동북생활권
607,동북생활권,1,상행,1040016400,407,11,권역별,23,동북생활권
607,동북생활권,1,상행,1040014800,408,11,권역별,23,동북생활권
607,동북생활권,1,상행,1070016600,409,11,권역별,23,동북생활권
607,동북생활권,1,상행,1080001000,410,11,권역별,23,동북생활권
607,동북생활권,1,상행,1080001200,411,11,권역별,23,동북생활권
607,동북생활권,1,상행,1080001800,412,11,권역별,23,동북생활권
607,동북생활권,1,상행,1070021600,413,11,권역별,23,동북생활권
607,동북생활권,1,상행,1070021800,414,11,권역별,23,동북생활권
607,동북생활권,1,상행,1100012400,415,11,권역별,23,동북생활권
607,동북생활권,1,상행,1100013600,416,11,권역별,23,동북생활권
607,동북생활권,1,상행,1100014000,417,11,권역별,23,동북생활권
607,동북생활권,1,상행,1070009100,418,11,권역별,23,동북생활권
607,동북생활권,1,상행,1050021500,419,11,권역별,23,동북생활권
607,동북생활권,1,상행,1050020500,420,11,권역별,23,동북생활권
607,동북생활권,1,상행,1050019500,421,11,권역별,23,동북생활권
607,동북생활권,1,상행,1050016900,422,11,권역별,23,동북생활권
607,동북생활권,1,상행,1080011500,423,11,권역별,23,동북생활권
607,동북생활권,1,상행,1080009500,424,11,권역별,23,동북생활권
607,동북생활권,1,상행,1080003900,425,11,권역별,23,동북생활권
607,동북생활권,1,상행,1070004300,426,11,권역별,23,동북생활권
607,동북생활권,1,상행,1070004100,427,11,권역별,23,동북생활권
607,동북생활권,1,상행,1070003700,428,11,권역별,23,동북생활권
607,동북생활권,1,상행,1070003200,429,11,권역별,23,동북생활권
607,동북생활권,1,상행,1100022900,430,11,권역별,23,동북생활권
607,동북생활권,1,상행,1100020900,431,11,권역별,23,동북생활권
607,동북생활권,1,상행,1100019300,432,11,권역별,23,동북생활권
607,동북생활권,1,상행,1100017300,433,11,권역별,23,동북생활권
607,동북생활권,1,상행,1100015800,434,11,권역별,23,동북생활권
607,동북생활권,1,상행,1100014700,435,11,권역별,23,동북생활권
607,동북생활권,1,상행,1100012700,436,11,권역별,23,동북생활권
607,동북생활권,1,상행,1100011700,437,11,권역별,23,동북생활권
607,동북생활권,1,상행,1100010500,438,11,권역별,23,동북생활권
607,동북생활권,1,상행,1100009300,439,11,권역별,23,동북생활권
607,동북생활권,1,상행,1060021100,440,11,권역별,23,동북생활권
607,동북생활권,1,상행,1060018900,441,11,권역별,23,동북생활권
607,동북생활권,1,상행,1070005000,442,11,권역별,23,동북생활권
607,동북생활권,1,상행,1070006000,443,11,권역별,23,동북생활권
607,동북생활권,1,상행,1070002700,444,11,권역별,23,동북생활권
607,동북생활권,1,상행,1040000400,445,11,권역별,23,동북생활권
607,동북생활권,1,상행,1040001000,446,11,권역별,23,동북생활권
607,동북생활권,1,상행,1040001800,447,11,권역별,23,동북생활권
607,동북생활권,1,상행,1040003200,448,11,권역별,23,동북생활권
607,동북생활권,1,상행,1040007200,449,11,권역별,23,동북생활권
607,동북생활권,1,상행,1040005600,450,11,권역별,23,동북생활권
607,동북생활권,1,상행,1050004200,451,11,권역별,23,동북생활권
607,동북생활권,1,상행,1050010400,452,11,권역별,23,동북생활권
607,동북생활권,1,상행,1050013400,453,11,권역별,23,동북생활권
607,동북생활권,1,상행,1070018800,454,11,권역별,23,동북생활권
607,동북생활권,1,상행,1070018600,455,11,권역별,23,동북생활권
607,동북생활권,1,상행,1070019800,456,11,권역별,23,동북생활권
607,동북생활권,1,상행,1050004400,457,11,권역별,23,동북생활권
607,동북생활권,1,상행,1050009600,458,11,권역별,23,동북생활권
607,동북생활권,1,상행,1050004000,459,11,권역별,23,동북생활권
607,동북생활권,1,상행,1050005000,460,11,권역별,23,동북생활권
607,동북생활권,1,상행,1050009200,461,11,권역별,23,동북생활권
607,동북생활권,1,상행,1050012200,462,11,권역별,23,동북생활권
607,동북생활권,1,상행,1050014600,463,11,권역별,23,동북생활권
607,동북생활권,1,상행,1070016100,464,11,권역별,23,동북생활권
607,동북생활권,1,상행,1070015200,465,11,권역별,23,동북생활권
607,동북생활권,1,상행,1070014700,466,11,권역별,23,동북생활권
607,동북생활권,1,상행,1070013300,467,11,권역별,23,동북생활권
607,동북생활권,1,상행,1070013100,468,11,권역별,23,동북생활권
607,동북생활권,1,상행,1070012300,469,11,권역별,23,동북생활권
607,동북생활권,1,상행,1005003300,470,11,권역별,23,동북생활권
607,동북생활권,1,상행,1005003500,471,11,권역별,23,동북생활권
607,동북생활권,1,상행,1050012400,472,11,권역별,23,동북생활권
607,동북생활권,1,상행,1050014800,473,11,권역별,23,동북생활권
607,동북생활권,1,상행,1050015400,474,11,권역별,23,동북생활권
607,동북생활권,1,상행,1050015800,475,11,권역별,23,동북생활권
607,동북생활권,1,상행,1050016000,476,11,권역별,23,동북생활권
607,동북생활권,1,상행,1050015500,477,11,권역별,23,동북생활권
607,동북생활권,1,상행,1050017600,478,11,권역별,23,동북생활권
607,동북생활권,1,상행,1070007600,479,11,권역별,23,동북생활권
607,동북생활권,1,상행,1070010400,480,11,권역별,23,동북생활권
607,동북생활권,1,상행,1070013800,481,11,권역별,23,동북생활권
607,동북생활권,1,상행,1005001200,482,11,권역별,23,동북생활권
607,동북생활권,1,상행,1100027300,483,11,권역별,23,동북생활권
607,동북생활권,1,상행,1100027100,484,11,권역별,23,동북생활권
607,동북생활권,1,상행,1100026300,485,11,권역별,23,동북생활권
607,동북생활권,1,상행,1100024500,486,11,권역별,23,동북생활권
607,동북생활권,1,상행,1100022500,487,11,권역별,23,동북생활권
607,동북생활권,1,상행,1100020700,488,11,권역별,23,동북생활권
607,동북생활권,1,상행,1100017900,489,11,권역별,23,동북생활권
607,동북생활권,1,상행,1060020100,490,11,권역별,23,동북생활권
607,동북생활권,1,상행,1060018500,491,11,권역별,23,동북생활권
607,동북생활권,1,상행,1060017700,492,11,권역별,23,동북생활권
607,동북생활권,1,상행,1060016700,493,11,권역별,23,동북생활권
607,동북생활권,1,상행,1060015700,494,11,권역별,23,동북생활권
607,동북생활권,1,상행,1060014500,495,11,권역별,23,동북생활권
607,동북생활권,1,상행,3201501300,496,11,권역별,23,동북생활권
607,동북생활권,1,상행,1060011200,497,11,권역별,23,동북생활권
607,동북생활권,1,상행,1060013800,498,11,권역별,23,동북생활권
607,동북생활권,1,상행,1060017600,499,11,권역별,23,동북생활권
607,동북생활권,1,상행,1070003500,500,11,권역별,23,동북생활권
607,동북생활권,1,상행,1000016700,501,11,권역별,23,동북생활권
607,동북생활권,1,상행,1050008600,502,11,권역별,23,동북생활권
607,동북생활권,1,상행,1050008100,503,11,권역별,23,동북생활권
607,동북생활권,1,상행,1050006500,504,11,권역별,23,동북생활권
607,동북생활권,1,상행,1050005300,505,11,권역별,23,동북생활권
607,동북생활권,1,상행,1050004500,506,11,권역별,23,동북생활권
607,동북생활권,1,상행,1030017100,507,11,권역별,23,동북생활권
607,동북생활권,1,상행,1030015900,508,11,권역별,23,동북생활권
607,동북생활권,1,상행,1050003700,509,11,권역별,23,동북생활권
607,동북생활권,1,상행,1040015400,510,11,권역별,23,동북생활권
607,동북생활권,1,상행,1040004900,511,11,권역별,23,동북생활권
607,동북생활권,1,상행,1040004700,512,11,권역별,23,동북생활권
607,동북생활권,1,상행,1040004300,513,11,권역별,23,동북생활권
607,동북생활권,1,상행,1040003700,514,11,권역별,23,동북생활권
607,동북생활권,1,상행,1040003400,515,11,권역별,23,동북생활권
607,동북생활권,1,상행,1040003000,516,11,권역별,23,동북생활권
607,동북생활권,1,상행,1040002800,517,11,권역별,23,동북생활권
607,동북생활권,1,상행,1040002400,518,11,권역별,23,동북생활권
607,동북생활권,1,상행,1040001900,519,11,권역별,23,동북생활권
607,동북생활권,1,상행,1240001500,520,11,권역별,23,동북생활권
607,동북생활권,1,상행,1030020300,521,11,권역별,23,동북생활권
607,동북생활권,1,상행,1050005600,522,11,권역별,23,동북생활권
607,동북생활권,1,상행,1050007600,523,11,권역별,23,동북생활권
607,동북생활권,1,상행,1030007800,524,11,권역별,23,동북생활권
607,동북생활권,1,상행,1030009600,525,11,권역별,23,동북생활권
607,동북생활권,1,상행,1004350800,526,11,권역별,23,동북생활권
607,동북생활권,1,상행,1030012100,527,11,권역별,23,동북생활권
607,동북생활권,1,상행,1030010700,528,11,권역별,23,동북생활권
607,동북생활권,1,상행,1030010100,529,11,권역별,23,동북생활권
607,동북생활권,1,상행,1030010000,530,11,권역별,23,동북생활권
607,동북생활권,1,상행,1040013600,531,11,권역별,23,동북생활권
607,동북생활권,1,상행,1040013400,532,11,권역별,23,동북생활권
607,동북생활권,1,상행,1040013000,533,11,권역별,23,동북생활권
607,동북생활권,1,상행,1040012800,534,11,권역별,23,동북생활권
607,동북생활권,1,상행,1040012600,535,11,권역별,23,동북생활권
607,동북생활권,1,상행,1040011400,536,11,권역별,23,동북생활권
607,동북생활권,1,상행,1040010400,537,11,권역별,23,동북생활권
607,동북생활권,1,상행,1040009400,538,11,권역별,23,동북생활권
607,동북생활권,1,상행,1000021700,539,11,권역별,23,동북생활권
607,동북생활권,1,상행,1040008900,540,11,권역별,23,동북생활권
607,동북생활권,1,상행,1100015000,541,11,권역별,23,동북생활권
607,동북생활권,1,상행,1100015600,542,11,권역별,23,동북생활권
607,동북생활권,1,상행,1100016400,543,11,권역별,23,동북생활권
607,동북생활권,1,상행,1100016800,544,11,권역별,23,동북생활권
607,동북생활권,1,상행,1100017200,545,11,권역별,23,동북생활권
607,동북생활권,1,상행,1100019800,546,11,권역별,23,동북생활권
607,동북생활권,1,상행,1100024200,547,11,권역별,23,동북생활권
607,동북생활권,1,상행,1100026200,548,11,권역별,23,동북생활권
607,동북생활권,1,상행,1100028200,549,11,권역별,23,동북생활권
607,동북생활권,1,상행,1100030600,550,11,권역별,23,동북생활권
607,동북생활권,1,상행,1100031200,551,11,권역별,23,동북생활권
607,동북생활권,1,상행,1100033000,552,11,권역별,23,동북생활권
607,동북생활권,1,상행,1100033600,553,11,권역별,23,동북생활권
607,동북생활권,1,상행,1100033700,554,11,권역별,23,동북생활권
607,동북생활권,1,상행,1100033300,555,11,권역별,23,동북생활권
607,동북생활권,1,상행,1030019400,556,11,권역별,23,동북생활권
607,동북생활권,1,상행,1050010000,557,11,권역별,23,동북생활권
607,동북생활권,1,상행,1050013000,558,11,권역별,23,동북생활권
607,동북생활권,1,상행,1050016200,559,11,권역별,23,동북생활권
607,동북생활권,1,상행,1050018200,560,11,권역별,23,동북생활권
607,동북생활권,1,상행,1050020000,561,11,권역별,23,동북생활권
607,동북생활권,1,상행,1050020800,562,11,권역별,23,동북생활권
607,동북생활권,1,상행,1050022000,563,11,권역별,23,동북생활권
607,동북생활권,1,상행,1070016000,564,11,권역별,23,동북생활권
607,동북생활권,1,상행,1070017800,565,11,권역별,23,동북생활권
607,동북생활권,1,상행,1070019200,566,11,권역별,23,동북생활권
607,동북생활권,1,상행,1070021000,567,11,권역별,23,동북생활권
607,동북생활권,1,상행,1070021400,568,11,권역별,23,동북생활권
607,동북생활권,1,상행,1070022000,569,11,권역별,23,동북생활권
607,동북생활권,1,상행,1080004600,570,11,권역별,23,동북생활권
607,동북생활권,1,상행,1080005400,571,11,권역별,23,동북생활권
607,동북생활권,1,상행,1080006800,572,11,권역별,23,동북생활권
607,동북생활권,1,상행,1080009800,573,11,권역별,23,동북생활권
607,동북생활권,1,상행,1080011200,574,11,권역별,23,동북생활권
607,동북생활권,1,상행,1080012600,575,11,권역별,23,동북생활권
607,동북생활권,1,상행,1050021000,576,11,권역별,23,동북생활권
607,동북생활권,1,상행,1050021800,577,11,권역별,23,동북생활권
607,동북생활권,1,상행,1070015600,578,11,권역별,23,동북생활권
607,동북생활권,1,상행,1070018200,579,11,권역별,23,동북생활권
607,동북생활권,1,상행,1090002800,580,11,권역별,23,동북생활권
607,동북생활권,1,상행,1090004800,581,11,권역별,23,동북생활권
607,동북생활권,1,상행,1090007800,582,11,권역별,23,동북생활권
607,동북생활권,1,상행,1090008400,583,11,권역별,23,동북생활권
607,동북생활권,1,상행,1090008700,584,11,권역별,23,동북생활권
607,동북생활권,1,상행,1090008200,585,11,권역별,23,동북생활권
607,동북생활권,1,상행,1070021200,586,11,권역별,23,동북생활권
607,동북생활권,1,상행,1100011000,587,11,권역별,23,동북생활권
607,동북생활권,1,상행,1050013200,588,11,권역별,23,동북생활권
607,동북생활권,1,상행,1050015200,589,11,권역별,23,동북생활권
607,동북생활권,1,상행,1050016800,590,11,권역별,23,동북생활권
607,동북생활권,1,상행,1080006400,591,11,권역별,23,동북생활권
607,동북생활권,1,상행,1005003700,592,11,권역별,23,동북생활권
607,동북생활권,1,상행,1070011700,593,11,권역별,23,동북생활권
607,동북생활권,1,상행,1070011800,594,11,권역별,23,동북생활권
607,동북생활권,1,상행,1005003900,595,11,권역별,23,동북생활권
607,동북생활권,1,상행,1005004100,596,11,권역별,23,동북생활권
607,동북생활권,1,상행,1005004300,597,11,권역별,23,동북생활권
607,동북생활권,1,상행,1070019000,598,11,권역별,23,동북생활권
607,동북생활권,1,상행,1005002700,599,11,권역별,23,동북생활권
607,동북생활권,1,상행,1100007200,600,11,권역별,23,동북생활권
607,동북생활권,1,상행,1100007400,601,11,권역별,23,동북생활권
607,동북생활권,1,상행,1100007600,602,11,권역별,23,동북생활권
607,동북생활권,1,상행,1100007800,603,11,권역별,23,동북생활권
607,동북생활권,1,상행,1100008000,604,11,권역별,23,동북생활권
607,동북생활권,1,상행,1100008200,605,11,권역별,23,동북생활권
607,동북생활권,1,상행,1100009200,606,11,권역별,23,동북생활권
607,동북생활권,1,상행,1100013000,607,11,권역별,23,동북생활권
607,동북생활권,1,상행,1050021400,608,11,권역별,23,동북생활권
607,동북생활권,1,상행,1050017100,609,11,권역별,23,동북생활권
607,동북생활권,1,상행,1050018000,610,11,권역별,23,동북생활권
607,동북생활권,1,상행,1050018700,611,11,권역별,23,동북생활권
607,동북생활권,1,상행,1050018500,612,11,권역별,23,동북생활권
607,동북생활권,1,상행,1050018300,613,11,권역별,23,동북생활권
607,동북생활권,1,상행,1050020300,614,11,권역별,23,동북생활권
607,동북생활권,1,상행,1050020100,615,11,권역별,23,동북생활권
607,동북생활권,1,상행,1050019700,616,11,권역별,23,동북생활권
607,동북생활권,1,상행,3201500900,617,11,권역별,23,동북생활권
607,동북생활권,1,상행,3201501100,618,11,권역별,23,동북생활권
607,동북생활권,1,상행,3201501700,619,11,권역별,23,동북생활권
607,동북생활권,1,상행,3201501500,620,11,권역별,23,동북생활권
607,동북생활권,1,상행,1040007600,621,11,권역별,23,동북생활권
607,동북생활권,1,상행,1040013200,623,11,권역별,23,동북생활권
607,동북생활권,1,상행,1040011800,624,11,권역별,23,동북생활권
607,동북생활권,1,상행,1040014000,625,11,권역별,23,동북생활권
607,동북생활권,1,상행,1030008400,626,11,권역별,23,동북생활권
607,동북생활권,1,상행,1030011400,627,11,권역별,23,동북생활권
607,동북생활권,1,상행,1030012800,628,11,권역별,23,동북생활권
607,동북생활권,1,상행,1030015000,629,11,권역별,23,동북생활권
607,동북생활권,1,상행,1040015000,630,11,권역별,23,동북생활권
607,동북생활권,1,상행,1040015900,631,11,권역별,23,동북생활권
607,동북생활권,1,상행,1040016100,632,11,권역별,23,동북생활권
607,동북생활권,1,상행,1040016300,633,11,권역별,23,동북생활권
607,동북생활권,1,상행,1030013000,634,11,권역별,23,동북생활권
607,동북생활권,1,상행,1030015600,635,11,권역별,23,동북생활권
607,동북생활권,1,상행,1010015600,636,11,권역별,23,동북생활권
607,동북생활권,1,상행,1010019400,637,11,권역별,23,동북생활권
607,동북생활권,1,상행,1010020200,638,11,권역별,23,동북생활권
607,동북생활권,1,상행,1070001300,639,11,권역별,23,동북생활권
607,동북생활권,1,상행,1070000300,640,11,권역별,23,동북생활권
607,동북생활권,1,상행,1070000500,641,11,권역별,23,동북생활권
607,동북생활권,1,상행,1050003200,642,11,권역별,23,동북생활권
607,동북생활권,1,상행,1050001800,643,11,권역별,23,동북생활권
607,동북생활권,1,상행,1030002700,644,11,권역별,23,동북생활권
607,동북생활권,1,상행,1030002400,645,11,권역별,23,동북생활권
607,동북생활권,1,상행,1100009800,646,11,권역별,23,동북생활권
607,동북생활권,1,상행,1100013800,647,11,권역별,23,동북생활권
607,동북생활권,1,상행,1100017000,648,11,권역별,23,동북생활권
607,동북생활권,1,상행,1100019200,649,11,권역별,23,동북생활권
607,동북생활권,1,상행,1100022000,650,11,권역별,23,동북생활권
607,동북생활권,1,상행,1100024400,651,11,권역별,23,동북생활권
607,동북생활권,1,상행,1100026000,652,11,권역별,23,동북생활권
607,동북생활권,1,상행,1100026800,653,11,권역별,23,동북생활권
607,동북생활권,1,상행,1100027800,654,11,권역별,23,동북생활권
607,동북생활권,1,상행,1100029200,655,11,권역별,23,동북생활권
607,동북생활권,1,상행,1100030400,656,11,권역별,23,동북생활권
607,동북생활권,1,상행,1100030800,657,11,권역별,23,동북생활권
607,동북생활권,1,상행,1100031600,658,11,권역별,23,동북생활권
607,동북생활권,1,상행,1100032000,659,11,권역별,23,동북생활권
607,동북생활권,1,상행,1100032200,660,11,권역별,23,동북생활권
607,동북생활권,1,상행,1100028900,661,11,권역별,23,동북생활권
607,동북생활권,1,상행,1100029500,662,11,권역별,23,동북생활권
607,동북생활권,1,상행,1100028700,663,11,권역별,23,동북생활권
607,동북생활권,1,상행,1100028500,664,11,권역별,23,동북생활권
607,동북생활권,1,상행,1090006500,665,11,권역별,23,동북생활권
607,동북생활권,1,상행,1090005900,666,11,권역별,23,동북생활권
607,동북생활권,1,상행,1090005400,667,11,권역별,23,동북생활권
607,동북생활권,1,상행,1090005700,668,11,권역별,23,동북생활권
607,동북생활권,1,상행,1090005500,669,11,권역별,23,동북생활권
607,동북생활권,1,상행,1090005100,670,11,권역별,23,동북생활권
607,동북생활권,1,상행,1090004100,671,11,권역별,23,동북생활권
607,동북생활권,1,상행,1080012300,672,11,권역별,23,동북생활권
607,동북생활권,1,상행,1080010300,673,11,권역별,23,동북생활권
607,동북생활권,1,상행,1220037000,674,11,권역별,23,동북생활권
607,동북생활권,1,상행,1040006300,675,11,권역별,23,동북생활권
607,동북생활권,1,상행,1040009100,676,11,권역별,23,동북생활권
607,동북생활권,1,상행,1040012100,677,11,권역별,23,동북생활권
607,동북생활권,1,상행,1040014300,678,11,권역별,23,동북생활권
607,동북생활권,1,상행,1040015300,679,11,권역별,23,동북생활권
607,동북생활권,1,상행,1040016700,680,11,권역별,23,동북생활권
607,동북생활권,1,상행,1060007000,681,11,권역별,23,동북생활권
607,동북생활권,1,상행,1060007200,682,11,권역별,23,동북생활권
607,동북생활권,1,상행,1050005800,683,11,권역별,23,동북생활권
607,동북생활권,1,상행,1050006200,684,11,권역별,23,동북생활권
607,동북생활권,1,상행,1050007000,685,11,권역별,23,동북생활권
607,동북생활권,1,상행,1050007200,686,11,권역별,23,동북생활권
607,동북생활권,1,상행,1050007400,687,11,권역별,23,동북생활권
607,동북생활권,1,상행,1050008800,688,11,권역별,23,동북생활권
607,동북생활권,1,상행,1050010800,689,11,권역별,23,동북생활권
607,동북생활권,1,상행,1050011000,690,11,권역별,23,동북생활권
607,동북생활권,2,하행,1080012700,1,11,권역별,23,동북생활권
607,동북생활권,2,하행,1080012100,2,11,권역별,23,동북생활권
607,동북생활권,2,하행,1100035700,3,11,권역별,23,동북생활권
607,동북생활권,2,하행,1100034300,4,11,권역별,23,동북생활권
607,동북생활권,2,하행,1100031700,5,11,권역별,23,동북생활권
607,동북생활권,2,하행,1100029900,6,11,권역별,23,동북생활권
607,동북생활권,2,하행,1100028300,7,11,권역별,23,동북생활권
607,동북생활권,2,하행,1100026900,8,11,권역별,23,동북생활권
607,동북생활권,2,하행,1100025300,9,11,권역별,23,동북생활권
607,동북생활권,2,하행,1100023900,10,11,권역별,23,동북생활권
607,동북생활권,2,하행,1100023100,11,11,권역별,23,동북생활권
607,동북생활권,2,하행,1100022800,12,11,권역별,23,동북생활권
607,동북생활권,2,하행,1100023600,13,11,권역별,23,동북생활권
607,동북생활권,2,하행,1090002200,14,11,권역별,23,동북생활권
607,동북생활권,2,하행,1090002300,15,11,권역별,23,동북생활권
607,동북생활권,2,하행,1090001900,16,11,권역별,23,동북생활권
607,동북생활권,2,하행,1090001100,17,11,권역별,23,동북생활권
607,동북생활권,2,하행,1090000700,18,11,권역별,23,동북생활권
607,동북생활권,2,하행,1080008900,19,11,권역별,23,동북생활권
607,동북생활권,2,하행,1080008100,20,11,권역별,23,동북생활권
607,동북생활권,2,하행,1080007500,21,11,권역별,23,동북생활권
607,동북생활권,2,하행,1080007300,22,11,권역별,23,동북생활권
607,동북생활권,2,하행,1080007100,23,11,권역별,23,동북생활권
607,동북생활권,2,하행,1080006900,24,11,권역별,23,동북생활권
607,동북생활권,2,하행,1080006500,25,11,권역별,23,동북생활권
607,동북생활권,2,하행,1090011700,26,11,권역별,23,동북생활권
607,동북생활권,2,하행,1090010700,27,11,권역별,23,동북생활권
607,동북생활권,2,하행,1090009300,28,11,권역별,23,동북생활권
607,동북생활권,2,하행,1090000600,29,11,권역별,23,동북생활권
607,동북생활권,2,하행,1090000300,30,11,권역별,23,동북생활권
607,동북생활권,2,하행,1090012700,31,11,권역별,23,동북생활권
607,동북생활권,2,하행,1090011900,32,11,권역별,23,동북생활권
607,동북생활권,2,하행,1090010900,33,11,권역별,23,동북생활권
607,동북생활권,2,하행,1090008900,34,11,권역별,23,동북생활권
607,동북생활권,2,하행,1090007100,35,11,권역별,23,동북생활권
607,동북생활권,2,하행,1090003700,36,11,권역별,23,동북생활권
607,동북생활권,2,하행,1090001700,37,11,권역별,23,동북생활권
607,동북생활권,2,하행,1080011300,38,11,권역별,23,동북생활권
607,동북생활권,2,하행,1080009900,39,11,권역별,23,동북생활권
607,동북생활권,2,하행,1080009300,40,11,권역별,23,동북생활권
607,동북생활권,2,하행,1080007900,41,11,권역별,23,동북생활권
607,동북생활권,2,하행,1080005100,42,11,권역별,23,동북생활권
607,동북생활권,2,하행,1080002700,43,11,권역별,23,동북생활권
607,동북생활권,2,하행,1070018300,44,11,권역별,23,동북생활권
607,동북생활권,2,하행,1090000200,45,11,권역별,23,동북생활권
607,동북생활권,2,하행,1080001400,46,11,권역별,23,동북생활권
607,동북생활권,2,하행,1090013100,47,11,권역별,23,동북생활권
607,동북생활권,2,하행,1030007000,48,11,권역별,23,동북생활권
607,동북생활권,2,하행,1030009000,49,11,권역별,23,동북생활권
607,동북생활권,2,하행,1030009700,50,11,권역별,23,동북생활권
607,동북생활권,2,하행,1030011200,51,11,권역별,23,동북생활권
607,동북생활권,2,하행,1070015400,52,11,권역별,23,동북생활권
607,동북생활권,2,하행,1070018000,53,11,권역별,23,동북생활권
607,동북생활권,2,하행,1070019600,54,11,권역별,23,동북생활권
607,동북생활권,2,하행,1070020600,55,11,권역별,23,동북생활권
607,동북생활권,2,하행,1100006700,56,11,권역별,23,동북생활권
607,동북생활권,2,하행,1100005300,57,11,권역별,23,동북생활권
607,동북생활권,2,하행,1100004700,58,11,권역별,23,동북생활권
607,동북생활권,2,하행,1100004100,59,11,권역별,23,동북생활권
607,동북생활권,2,하행,1100003700,60,11,권역별,23,동북생활권
607,동북생활권,2,하행,1100003300,61,11,권역별,23,동북생활권
607,동북생활권,2,하행,1100002900,62,11,권역별,23,동북생활권
607,동북생활권,2,하행,1100002500,63,11,권역별,23,동북생활권
607,동북생활권,2,하행,1100001900,64,11,권역별,23,동북생활권
607,동북생활권,2,하행,1100001300,65,11,권역별,23,동북생활권
607,동북생활권,2,하행,1100000500,9,11,권역별,23,동북생활권
607,동북생활권,2,하행,1050003600,10,11,권역별,23,동북생활권
607,동북생활권,2,하행,1050000300,11,11,권역별,23,동북생활권
607,동북생활권,2,하행,1030002600,12,11,권역별,23,동북생활권
607,동북생활권,2,하행,1030001800,13,11,권역별,23,동북생활권
607,동북생활권,2,하행,1030001900,14,11,권역별,23,동북생활권
607,동북생활권,2,하행,1030001300,15,11,권역별,23,동북생활권
607,동북생활권,2,하행,1070013900,73,11,권역별,23,동북생활권
607,동북생활권,2,하행,1070012700,74,11,권역별,23,동북생활권
607,동북생활권,2,하행,1070011100,75,11,권역별,23,동북생활권
607,동북생활권,2,하행,1070009300,76,11,권역별,23,동북생활권
607,동북생활권,2,하행,1070008500,77,11,권역별,23,동북생활권
607,동북생활권,2,하행,1070007700,78,11,권역별,23,동북생활권
607,동북생활권,2,하행,1070006300,79,11,권역별,23,동북생활권
607,동북생활권,2,하행,1070007200,80,11,권역별,23,동북생활권
607,동북생활권,2,하행,1100007000,81,11,권역별,23,동북생활권
607,동북생활권,2,하행,1100006500,82,11,권역별,23,동북생활권
607,동북생활권,2,하행,1100005700,83,11,권역별,23,동북생활권
607,동북생활권,2,하행,1100005500,84,11,권역별,23,동북생활권
607,동북생활권,2,하행,1100005100,85,11,권역별,23,동북생활권
607,동북생활권,2,하행,1100004500,86,11,권역별,23,동북생활권
607,동북생활권,2,하행,1100004300,87,11,권역별,23,동북생활권
607,동북생활권,2,하행,1100003900,88,11,권역별,23,동북생활권
607,동북생활권,2,하행,1100003500,89,11,권역별,23,동북생활권
607,동북생활권,2,하행,1100003100,90,11,권역별,23,동북생활권
607,동북생활권,2,하행,1100002700,91,11,권역별,23,동북생활권
607,동북생활권,2,하행,1100002300,92,11,권역별,23,동북생활권
607,동북생활권,2,하행,1100002100,93,11,권역별,23,동북생활권
607,동북생활권,2,하행,1100001700,94,11,권역별,23,동북생활권
607,동북생활권,2,하행,1100001500,95,11,권역별,23,동북생활권
607,동북생활권,2,하행,1100001100,96,11,권역별,23,동북생활권
607,동북생활권,2,하행,1100000900,97,11,권역별,23,동북생활권
607,동북생활권,2,하행,1100000700,98,11,권역별,23,동북생활권
607,동북생활권,2,하행,1100000300,99,11,권역별,23,동북생활권
607,동북생활권,2,하행,1060005900,100,11,권역별,23,동북생활권
607,동북생활권,2,하행,1060005400,101,11,권역별,23,동북생활권
607,동북생활권,2,하행,1060005000,102,11,권역별,23,동북생활권
607,동북생활권,2,하행,1060004400,103,11,권역별,23,동북생활권
607,동북생활권,2,하행,1060004200,104,11,권역별,23,동북생활권
607,동북생활권,2,하행,1060003700,105,11,권역별,23,동북생활권
607,동북생활권,2,하행,1060003500,106,11,권역별,23,동북생활권
607,동북생활권,2,하행,1060002300,107,11,권역별,23,동북생활권
607,동북생활권,2,하행,1060001500,108,11,권역별,23,동북생활권
607,동북생활권,2,하행,1060000900,109,11,권역별,23,동북생활권
607,동북생활권,2,하행,1060000700,110,11,권역별,23,동북생활권
607,동북생활권,2,하행,1060000500,111,11,권역별,23,동북생활권
607,동북생활권,2,하행,1060000300,112,11,권역별,23,동북생활권
607,동북생활권,2,하행,1060000100,113,11,권역별,23,동북생활권
607,동북생활권,2,하행,1040005300,114,11,권역별,23,동북생활권
607,동북생활권,2,하행,1040005100,115,11,권역별,23,동북생활권
607,동북생활권,2,하행,1030002100,116,11,권역별,23,동북생활권
607,동북생활권,2,하행,1030001500,117,11,권역별,23,동북생활권
607,동북생활권,2,하행,1040001300,118,11,권역별,23,동북생활권
607,동북생활권,2,하행,1030000100,119,11,권역별,23,동북생활권
607,동북생활권,2,하행,1100008900,120,11,권역별,23,동북생활권
607,동북생활권,2,하행,1100010800,121,11,권역별,23,동북생활권
607,동북생활권,2,하행,1100025800,122,11,권역별,23,동북생활권
607,동북생활권,2,하행,1100026500,123,11,권역별,23,동북생활권
607,동북생활권,2,하행,1100006300,124,11,권역별,23,동북생활권
607,동북생활권,2,하행,1100006100,125,11,권역별,23,동북생활권
607,동북생활권,2,하행,1030005800,126,11,권역별,23,동북생활권
607,동북생활권,2,하행,1030008800,127,11,권역별,23,동북생활권
607,동북생활권,2,하행,1030012400,128,11,권역별,23,동북생활권
607,동북생활권,2,하행,1030000900,129,11,권역별,23,동북생활권
607,동북생활권,2,하행,1030000700,130,11,권역별,23,동북생활권
607,동북생활권,2,하행,1030000500,131,11,권역별,23,동북생활권
607,동북생활권,2,하행,1030000300,132,11,권역별,23,동북생활권
607,동북생활권,2,하행,1040000700,133,11,권역별,23,동북생활권
607,동북생활권,2,하행,1040000100,134,11,권역별,23,동북생활권
607,동북생활권,2,하행,1040000600,135,11,권역별,23,동북생활권
607,동북생활권,2,하행,1040001200,136,11,권역별,23,동북생활권
607,동북생활권,2,하행,1040001600,137,11,권역별,23,동북생활권
607,동북생활권,2,하행,1040002200,138,11,권역별,23,동북생활권
607,동북생활권,2,하행,1040004200,139,11,권역별,23,동북생활권
607,동북생활권,2,하행,2210000600,140,11,권역별,23,동북생활권
607,동북생활권,2,하행,1040006400,141,11,권역별,23,동북생활권
607,동북생활권,2,하행,1040005900,142,11,권역별,23,동북생활권
607,동북생활권,2,하행,1040006700,143,11,권역별,23,동북생활권
607,동북생활권,2,하행,1040008100,144,11,권역별,23,동북생활권
607,동북생활권,2,하행,1030003200,145,11,권역별,23,동북생활권
607,동북생활권,2,하행,1030004200,146,11,권역별,23,동북생활권
607,동북생활권,2,하행,1030005000,147,11,권역별,23,동북생활권
607,동북생활권,2,하행,1005009100,148,11,권역별,23,동북생활권
607,동북생활권,2,하행,1030004400,149,11,권역별,23,동북생활권
607,동북생활권,2,하행,1030007900,150,11,권역별,23,동북생활권
607,동북생활권,2,하행,1030006500,151,11,권역별,23,동북생활권
607,동북생활권,2,하행,1090012900,152,11,권역별,23,동북생활권
607,동북생활권,2,하행,1090012500,153,11,권역별,23,동북생활권
607,동북생활권,2,하행,1090011500,154,11,권역별,23,동북생활권
607,동북생활권,2,하행,1090009500,155,11,권역별,23,동북생활권
607,동북생활권,2,하행,1090008500,156,11,권역별,23,동북생활권
607,동북생활권,2,하행,1090006900,157,11,권역별,23,동북생활권
607,동북생활권,2,하행,1090004500,158,11,권역별,23,동북생활권
607,동북생활권,2,하행,1100018500,159,11,권역별,23,동북생활권
607,동북생활권,2,하행,1100014500,160,11,권역별,23,동북생활권
607,동북생활권,2,하행,1100011100,161,11,권역별,23,동북생활권
607,동북생활권,2,하행,1100008500,162,11,권역별,23,동북생활권
607,동북생활권,2,하행,1030019100,163,11,권역별,23,동북생활권
607,동북생활권,2,하행,1030018700,164,11,권역별,23,동북생활권
607,동북생활권,2,하행,1030018100,165,11,권역별,23,동북생활권
607,동북생활권,2,하행,1030018600,166,11,권역별,23,동북생활권
607,동북생활권,2,하행,1030019600,167,11,권역별,23,동북생활권
607,동북생활권,2,하행,1030020000,168,11,권역별,23,동북생활권
607,동북생활권,2,하행,1030016100,169,11,권역별,23,동북생활권
607,동북생활권,2,하행,1030014700,170,11,권역별,23,동북생활권
607,동북생활권,2,하행,1040009200,171,11,권역별,23,동북생활권
607,동북생활권,2,하행,1040008200,172,11,권역별,23,동북생활권
607,동북생활권,2,하행,3201500100,173,11,권역별,23,동북생활권
607,동북생활권,2,하행,1050002500,174,11,권역별,23,동북생활권
607,동북생활권,2,하행,1050002700,175,11,권역별,23,동북생활권
607,동북생활권,2,하행,1050002900,176,11,권역별,23,동북생활권
607,동북생활권,2,하행,1050003000,177,11,권역별,23,동북생활권
607,동북생활권,2,하행,1060001200,178,11,권역별,23,동북생활권
607,동북생활권,2,하행,1060001400,179,11,권역별,23,동북생활권
607,동북생활권,2,하행,1060001800,180,11,권역별,23,동북생활권
607,동북생활권,2,하행,1060002000,181,11,권역별,23,동북생활권
607,동북생활권,2,하행,1060002200,182,11,권역별,23,동북생활권
607,동북생활권,2,하행,1060002600,183,11,권역별,23,동북생활권
607,동북생활권,2,하행,1060002800,184,11,권역별,23,동북생활권
607,동북생활권,2,하행,1060003000,185,11,권역별,23,동북생활권
607,동북생활권,2,하행,1060003400,186,11,권역별,23,동북생활권
607,동북생활권,2,하행,1060003200,187,11,권역별,23,동북생활권
607,동북생활권,2,하행,2210003600,188,11,권역별,23,동북생활권
607,동북생활권,2,하행,1050017300,189,11,권역별,23,동북생활권
607,동북생활권,2,하행,1040014700,190,11,권역별,23,동북생활권
607,동북생활권,2,하행,1040015700,191,11,권역별,23,동북생활권
607,동북생활권,2,하행,1040016900,192,11,권역별,23,동북생활권
607,동북생활권,2,하행,1060007600,193,11,권역별,23,동북생활권
607,동북생활권,2,하행,1060009000,194,11,권역별,23,동북생활권
607,동북생활권,2,하행,1060011000,195,11,권역별,23,동북생활권
607,동북생활권,2,하행,1060012600,196,11,권역별,23,동북생활권
607,동북생활권,2,하행,1060013200,197,11,권역별,23,동북생활권
607,동북생활권,2,하행,1060010500,198,11,권역별,23,동북생활권
607,동북생활권,2,하행,1060008700,199,11,권역별,23,동북생활권
607,동북생활권,2,하행,1060007700,200,11,권역별,23,동북생활권
607,동북생활권,2,하행,1040007000,201,11,권역별,23,동북생활권
607,동북생활권,2,하행,1050011900,202,11,권역별,23,동북생활권
607,동북생활권,2,하행,1050010100,203,11,권역별,23,동북생활권
607,동북생활권,2,하행,1050005900,204,11,권역별,23,동북생활권
607,동북생활권,2,하행,1030019700,205,11,권역별,23,동북생활권
607,동북생활권,2,하행,1030017900,206,11,권역별,23,동북생활권
607,동북생활권,2,하행,1080013300,207,11,권역별,23,동북생활권
607,동북생활권,2,하행,1090009800,208,11,권역별,23,동북생활권
607,동북생활권,2,하행,1090010200,209,11,권역별,23,동북생활권
607,동북생활권,2,하행,1090010300,210,11,권역별,23,동북생활권
607,동북생활권,2,하행,1090009900,211,11,권역별,23,동북생활권
607,동북생활권,2,하행,1100032700,212,11,권역별,23,동북생활권
607,동북생활권,2,하행,1070015800,213,11,권역별,23,동북생활권
607,동북생활권,2,하행,1070020200,214,11,권역별,23,동북생활권
607,동북생활권,2,하행,1070002600,215,11,권역별,23,동북생활권
607,동북생활권,2,하행,1070004600,216,11,권역별,23,동북생활권
607,동북생활권,2,하행,1070005600,217,11,권역별,23,동북생활권
607,동북생활권,2,하행,1070006800,218,11,권역별,23,동북생활권
607,동북생활권,2,하행,1060010800,219,11,권역별,23,동북생활권
607,동북생활권,2,하행,1060011600,220,11,권역별,23,동북생활권
607,동북생활권,2,하행,1060012200,221,11,권역별,23,동북생활권
607,동북생활권,2,하행,1060013000,222,11,권역별,23,동북생활권
607,동북생활권,2,하행,1060016900,223,11,권역별,23,동북생활권
607,동북생활권,2,하행,1060016100,224,11,권역별,23,동북생활권
607,동북생활권,2,하행,1060015300,225,11,권역별,23,동북생활권
607,동북생활권,2,하행,1060015100,226,11,권역별,23,동북생활권
607,동북생활권,2,하행,1060014900,227,11,권역별,23,동북생활권
607,동북생활권,2,하행,1060006700,228,11,권역별,23,동북생활권
607,동북생활권,2,하행,1070001500,229,11,권역별,23,동북생활권
607,동북생활권,2,하행,1070000100,230,11,권역별,23,동북생활권
607,동북생활권,2,하행,1070010500,231,11,권역별,23,동북생활권
607,동북생활권,2,하행,1070010800,232,11,권역별,23,동북생활권
607,동북생활권,2,하행,1070010900,233,11,권역별,23,동북생활권
607,동북생활권,2,하행,1060008000,234,11,권역별,23,동북생활권
607,동북생활권,2,하행,1060008200,235,11,권역별,23,동북생활권
607,동북생활권,2,하행,1060008400,236,11,권역별,23,동북생활권
607,동북생활권,2,하행,1050012700,237,11,권역별,23,동북생활권
607,동북생활권,2,하행,1050011500,238,11,권역별,23,동북생활권
607,동북생활권,2,하행,1050011300,239,11,권역별,23,동북생활권
607,동북생활권,2,하행,1050011100,240,11,권역별,23,동북생활권
607,동북생활권,2,하행,1050009700,241,11,권역별,23,동북생활권
607,동북생활권,2,하행,1050006300,242,11,권역별,23,동북생활권
607,동북생활권,2,하행,1050005100,243,11,권역별,23,동북생활권
607,동북생활권,2,하행,1030013100,244,11,권역별,23,동북생활권
607,동북생활권,2,하행,1030013600,245,11,권역별,23,동북생활권
607,동북생활권,2,하행,1030016600,246,11,권역별,23,동북생활권
607,동북생활권,2,하행,1030019000,247,11,권역별,23,동북생활권
607,동북생활권,2,하행,1030020600,248,11,권역별,23,동북생활권
607,동북생활권,2,하행,1080010600,249,11,권역별,23,동북생활권
607,동북생활권,2,하행,1080010800,250,11,권역별,23,동북생활권
607,동북생활권,2,하행,1080011000,251,11,권역별,23,동북생활권
607,동북생활권,2,하행,1070004700,252,11,권역별,23,동북생활권
607,동북생활권,2,하행,1070005800,253,11,권역별,23,동북생활권
607,동북생활권,2,하행,1080013100,254,11,권역별,23,동북생활권
607,동북생활권,2,하행,1080012900,255,11,권역별,23,동북생활권
607,동북생활권,2,하행,1080011900,256,11,권역별,23,동북생활권
607,동북생활권,2,하행,1080010100,257,11,권역별,23,동북생활권
607,동북생활권,2,하행,1080008300,258,11,권역별,23,동북생활권
607,동북생활권,2,하행,1080005700,259,11,권역별,23,동북생활권
607,동북생활권,2,하행,1080004300,260,11,권역별,23,동북생활권
607,동북생활권,2,하행,1080002900,261,11,권역별,23,동북생활권
607,동북생활권,2,하행,1070017300,262,11,권역별,23,동북생활권
607,동북생활권,2,하행,1070012900,263,11,권역별,23,동북생활권
607,동북생활권,2,하행,1000020100,264,11,권역별,23,동북생활권
607,동북생활권,2,하행,1100034900,265,11,권역별,23,동북생활권
607,동북생활권,2,하행,1100032500,266,11,권역별,23,동북생활권
607,동북생활권,2,하행,1100031300,267,11,권역별,23,동북생활권
607,동북생활권,2,하행,1100030900,268,11,권역별,23,동북생활권
607,동북생활권,2,하행,1100030100,269,11,권역별,23,동북생활권
607,동북생활권,2,하행,1100029700,270,11,권역별,23,동북생활권
607,동북생활권,2,하행,1060013300,271,11,권역별,23,동북생활권
607,동북생활권,2,하행,1060011300,272,11,권역별,23,동북생활권
607,동북생활권,2,하행,1060009500,273,11,권역별,23,동북생활권
607,동북생활권,2,하행,1060014300,274,11,권역별,23,동북생활권
607,동북생활권,2,하행,1020011500,275,11,권역별,23,동북생활권
607,동북생활권,2,하행,1050011700,276,11,권역별,23,동북생활권
607,동북생활권,2,하행,1050008900,277,11,권역별,23,동북생활권
607,동북생활권,2,하행,1050007700,278,11,권역별,23,동북생활권
607,동북생활권,2,하행,1060010300,279,11,권역별,23,동북생활권
607,동북생활권,2,하행,1060010100,280,11,권역별,23,동북생활권
607,동북생활권,2,하행,1060009700,281,11,권역별,23,동북생활권
607,동북생활권,2,하행,1060009300,282,11,권역별,23,동북생활권
607,동북생활권,2,하행,1060009200,283,11,권역별,23,동북생활권
607,동북생활권,2,하행,1050014300,284,11,권역별,23,동북생활권
607,동북생활권,2,하행,1100008400,285,11,권역별,23,동북생활권
607,동북생활권,2,하행,1070020000,286,11,권역별,23,동북생활권
607,동북생활권,2,하행,1100008800,287,11,권역별,23,동북생활권
607,동북생활권,2,하행,1100010100,288,11,권역별,23,동북생활권
607,동북생활권,2,하행,1100012200,289,11,권역별,23,동북생활권
607,동북생활권,2,하행,1005002300,290,11,권역별,23,동북생활권
607,동북생활권,2,하행,1100014400,291,11,권역별,23,동북생활권
607,동북생활권,2,하행,1100016000,292,11,권역별,23,동북생활권
607,동북생활권,2,하행,1100018400,293,11,권역별,23,동북생활권
607,동북생활권,2,하행,1100020200,294,11,권역별,23,동북생활권
607,동북생활권,2,하행,1100021600,295,11,권역별,23,동북생활권
607,동북생활권,2,하행,1030003000,296,11,권역별,23,동북생활권
607,동북생활권,2,하행,3201504200,297,11,권역별,23,동북생활권
607,동북생활권,2,하행,1070008700,298,11,권역별,23,동북생활권
607,동북생활권,2,하행,1070008200,299,11,권역별,23,동북생활권
607,동북생활권,2,하행,1070007300,300,11,권역별,23,동북생활권
607,동북생활권,2,하행,1030008500,301,11,권역별,23,동북생활권
607,동북생활권,2,하행,1030005300,302,11,권역별,23,동북생활권
607,동북생활권,2,하행,1030007200,303,11,권역별,23,동북생활권
607,동북생활권,2,하행,1030010600,304,11,권역별,23,동북생활권
607,동북생활권,2,하행,1070017000,305,11,권역별,23,동북생활권
607,동북생활권,2,하행,1070020400,306,11,권역별,23,동북생활권
607,동북생활권,2,하행,1080002500,307,11,권역별,23,동북생활권
607,동북생활권,2,하행,1080002300,308,11,권역별,23,동북생활권
607,동북생활권,2,하행,1080002100,309,11,권역별,23,동북생활권
607,동북생활권,2,하행,1080003400,310,11,권역별,23,동북생활권
607,동북생활권,2,하행,1060006400,311,11,권역별,23,동북생활권
607,동북생활권,2,하행,1100035500,312,11,권역별,23,동북생활권
607,동북생활권,2,하행,1100035300,313,11,권역별,23,동북생활권
607,동북생활권,2,하행,1100035100,314,11,권역별,23,동북생활권
607,동북생활권,2,하행,1100034100,315,11,권역별,23,동북생활권
607,동북생활권,2,하행,1090007400,316,11,권역별,23,동북생활권
607,동북생활권,2,하행,1090009200,317,11,권역별,23,동북생활권
607,동북생활권,2,하행,1090011200,318,11,권역별,23,동북생활권
607,동북생활권,2,하행,1090012200,319,11,권역별,23,동북생활권
607,동북생활권,2,하행,1060014800,320,11,권역별,23,동북생활권
607,동북생활권,2,하행,1060016000,321,11,권역별,23,동북생활권
607,동북생활권,2,하행,1060017400,322,11,권역별,23,동북생활권
607,동북생활권,2,하행,1060018400,323,11,권역별,23,동북생활권
607,동북생활권,2,하행,1060020000,324,11,권역별,23,동북생활권
607,동북생활권,2,하행,1060020600,325,11,권역별,23,동북생활권
607,동북생활권,2,하행,1060021400,326,11,권역별,23,동북생활권
607,동북생활권,2,하행,1060021600,327,11,권역별,23,동북생활권
607,동북생활권,2,하행,1050021100,328,11,권역별,23,동북생활권
607,동북생활권,2,하행,1070012100,329,11,권역별,23,동북생활권
607,동북생활권,2,하행,1070009500,330,11,권역별,23,동북생활권
607,동북생활권,2,하행,1030009100,331,11,권역별,23,동북생활권
607,동북생활권,2,하행,1030007500,332,11,권역별,23,동북생활권
607,동북생활권,2,하행,1030006700,333,11,권역별,23,동북생활권
607,동북생활권,2,하행,1040011000,334,11,권역별,23,동북생활권
607,동북생활권,2,하행,1040010000,335,11,권역별,23,동북생활권
607,동북생활권,2,하행,1040008600,336,11,권역별,23,동북생활권
607,동북생활권,2,하행,1040008500,337,11,권역별,23,동북생활권
607,동북생활권,2,하행,1040009900,338,11,권역별,23,동북생활권
607,동북생활권,2,하행,1040010700,339,11,권역별,23,동북생활권
607,동북생활권,2,하행,1040011700,340,11,권역별,23,동북생활권
607,동북생활권,2,하행,1040012300,341,11,권역별,23,동북생활권
607,동북생활권,2,하행,1040002600,342,11,권역별,23,동북생활권
607,동북생활권,2,하행,1040004000,343,11,권역별,23,동북생활권
607,동북생활권,2,하행,1040010800,344,11,권역별,23,동북생활권
607,동북생활권,2,하행,1070005100,345,11,권역별,23,동북생활권
607,동북생활권,2,하행,1070003300,346,11,권역별,23,동북생활권
607,동북생활권,2,하행,1070002300,347,11,권역별,23,동북생활권
607,동북생활권,2,하행,1070002100,348,11,권역별,23,동북생활권
607,동북생활권,2,하행,1050013600,349,11,권역별,23,동북생활권
607,동북생활권,2,하행,1050013800,350,11,권역별,23,동북생활권
607,동북생활권,2,하행,1050014000,351,11,권역별,23,동북생활권
607,동북생활권,2,하행,1050014100,352,11,권역별,23,동북생활권
607,동북생활권,2,하행,1060015600,353,11,권역별,23,동북생활권
607,동북생활권,2,하행,1080009100,354,11,권역별,23,동북생활권
607,동북생활권,2,하행,1080003700,355,11,권역별,23,동북생활권
607,동북생활권,2,하행,1080001500,356,11,권역별,23,동북생활권
607,동북생활권,2,하행,1070014900,357,11,권역별,23,동북생활권
607,동북생활권,2,하행,1070012600,358,11,권역별,23,동북생활권
607,동북생활권,2,하행,1080001900,359,11,권역별,23,동북생활권
607,동북생활권,2,하행,1080003200,360,11,권역별,23,동북생활권
607,동북생활권,2,하행,1080004800,361,11,권역별,23,동북생활권
607,동북생활권,2,하행,1050000900,362,11,권역별,23,동북생활권
607,동북생활권,2,하행,1050000700,363,11,권역별,23,동북생활권
607,동북생활권,2,하행,1050001100,364,11,권역별,23,동북생활권
607,동북생활권,2,하행,1050001300,365,11,권역별,23,동북생활권
607,동북생활권,2,하행,1050001500,366,11,권역별,23,동북생활권
607,동북생활권,2,하행,1050001700,367,11,권역별,23,동북생활권
607,동북생활권,2,하행,1050002100,368,11,권역별,23,동북생활권
607,동북생활권,2,하행,1050016500,369,11,권역별,23,동북생활권
607,동북생활권,2,하행,1050014900,370,11,권역별,23,동북생활권
607,동북생활권,2,하행,1050012500,371,11,권역별,23,동북생활권
607,동북생활권,2,하행,1050010500,372,11,권역별,23,동북생활권
607,동북생활권,2,하행,1050007900,373,11,권역별,23,동북생활권
607,동북생활권,2,하행,1030020100,374,11,권역별,23,동북생활권
607,동북생활권,2,하행,1030016700,375,11,권역별,23,동북생활권
607,동북생활권,2,하행,1030015100,376,11,권역별,23,동북생활권
607,동북생활권,2,하행,1030013700,377,11,권역별,23,동북생활권
607,동북생활권,2,하행,1030011700,378,11,권역별,23,동북생활권
607,동북생활권,2,하행,1030008100,379,11,권역별,23,동북생활권
607,동북생활권,2,하행,1030006300,380,11,권역별,23,동북생활권
607,동북생활권,2,하행,1030017500,381,11,권역별,23,동북생활권
607,동북생활권,2,하행,1030016300,382,11,권역별,23,동북생활권
607,동북생활권,2,하행,1030015300,383,11,권역별,23,동북생활권
607,동북생활권,2,하행,1030014300,384,11,권역별,23,동북생활권
607,동북생활권,2,하행,1030013900,385,11,권역별,23,동북생활권
607,동북생활권,2,하행,1030012500,386,11,권역별,23,동북생활권
607,동북생활권,2,하행,1030010900,387,11,권역별,23,동북생활권
607,동북생활권,2,하행,1030007300,388,11,권역별,23,동북생활권
607,동북생활권,2,하행,1030004700,389,11,권역별,23,동북생활권
607,동북생활권,2,하행,1030003700,390,11,권역별,23,동북생활권
607,동북생활권,2,하행,1040014900,391,11,권역별,23,동북생활권
607,동북생활권,2,하행,1040016500,392,11,권역별,23,동북생활권
607,동북생활권,2,하행,1040017100,393,11,권역별,23,동북생활권
607,동북생활권,2,하행,1060007400,394,11,권역별,23,동북생활권
607,동북생활권,2,하행,1060008600,395,11,권역별,23,동북생활권
607,동북생활권,2,하행,1060010000,396,11,권역별,23,동북생활권
607,동북생활권,2,하행,1060012000,397,11,권역별,23,동북생활권
607,동북생활권,2,하행,1060014000,398,11,권역별,23,동북생활권
607,동북생활권,2,하행,1060004000,399,11,권역별,23,동북생활권
607,동북생활권,2,하행,1060004700,400,11,권역별,23,동북생활권
607,동북생활권,2,하행,1060005300,401,11,권역별,23,동북생활권
607,동북생활권,2,하행,1100013900,402,11,권역별,23,동북생활권
607,동북생활권,2,하행,1100013500,403,11,권역별,23,동북생활권
607,동북생활권,2,하행,1100012300,404,11,권역별,23,동북생활권
607,동북생활권,2,하행,1070021700,405,11,권역별,23,동북생활권
607,동북생활권,2,하행,1070021500,406,11,권역별,23,동북생활권
607,동북생활권,2,하행,1080001700,407,11,권역별,23,동북생활권
607,동북생활권,2,하행,1080001100,408,11,권역별,23,동북생활권
607,동북생활권,2,하행,1080000900,409,11,권역별,23,동북생활권
607,동북생활권,2,하행,1070016500,410,11,권역별,23,동북생활권
607,동북생활권,2,하행,1070009200,411,11,권역별,23,동북생활권
607,동북생활권,2,하행,1050017000,412,11,권역별,23,동북생활권
607,동북생활권,2,하행,1050019600,413,11,권역별,23,동북생활권
607,동북생활권,2,하행,1050020600,414,11,권역별,23,동북생활권
607,동북생활권,2,하행,1050021600,415,11,권역별,23,동북생활권
607,동북생활권,2,하행,1080004000,416,11,권역별,23,동북생활권
607,동북생활권,2,하행,1080009600,417,11,권역별,23,동북생활권
607,동북생활권,2,하행,1080011600,418,11,권역별,23,동북생활권
607,동북생활권,2,하행,1070003800,419,11,권역별,23,동북생활권
607,동북생활권,2,하행,1070004200,420,11,권역별,23,동북생활권
607,동북생활권,2,하행,1070004400,421,11,권역별,23,동북생활권
607,동북생활권,2,하행,1060019000,422,11,권역별,23,동북생활권
607,동북생활권,2,하행,1060021200,423,11,권역별,23,동북생활권
607,동북생활권,2,하행,1100009400,424,11,권역별,23,동북생활권
607,동북생활권,2,하행,1100010600,425,11,권역별,23,동북생활권
607,동북생활권,2,하행,1100011800,426,11,권역별,23,동북생활권
607,동북생활권,2,하행,1100012800,427,11,권역별,23,동북생활권
607,동북생활권,2,하행,1100014800,428,11,권역별,23,동북생활권
607,동북생활권,2,하행,1100015700,429,11,권역별,23,동북생활권
607,동북생활권,2,하행,1100017400,430,11,권역별,23,동북생활권
607,동북생활권,2,하행,1100019400,431,11,권역별,23,동북생활권
607,동북생활권,2,하행,1100021000,432,11,권역별,23,동북생활권
607,동북생활권,2,하행,1100023000,433,11,권역별,23,동북생활권
607,동북생활권,2,하행,1070005900,434,11,권역별,23,동북생활권
607,동북생활권,2,하행,1070004900,435,11,권역별,23,동북생활권
606,동남생활권,2,하행,1210009900,567,11,권역별,22,동남생활권
606,동남생활권,2,하행,1210010900,568,11,권역별,22,동남생활권
606,동남생활권,2,하행,1220006300,569,11,권역별,22,동남생활권
606,동남생활권,2,하행,1220006500,570,11,권역별,22,동남생활권
606,동남생활권,2,하행,1220007300,571,11,권역별,22,동남생활권
606,동남생활권,2,하행,1220007700,572,11,권역별,22,동남생활권
606,동남생활권,2,하행,1220009100,573,11,권역별,22,동남생활권
606,동남생활권,2,하행,1220013500,574,11,권역별,22,동남생활권
606,동남생활권,2,하행,1220019900,575,11,권역별,22,동남생활권
606,동남생활권,2,하행,1220023000,576,11,권역별,22,동남생활권
606,동남생활권,2,하행,1220026300,577,11,권역별,22,동남생활권
606,동남생활권,2,하행,1220029700,578,11,권역별,22,동남생활권
606,동남생활권,2,하행,1220032300,579,11,권역별,22,동남생활권
606,동남생활권,2,하행,1220034500,580,11,권역별,22,동남생활권
606,동남생활권,2,하행,1220036700,581,11,권역별,22,동남생활권
606,동남생활권,2,하행,1220037100,582,11,권역별,22,동남생활권
607,동북생활권,1,상행,1080012200,1,11,권역별,23,동북생활권
607,동북생활권,1,상행,1080012800,2,11,권역별,23,동북생활권
607,동북생활권,1,상행,1080006600,3,11,권역별,23,동북생활권
607,동북생활권,1,상행,1080007000,4,11,권역별,23,동북생활권
607,동북생활권,1,상행,1080007200,5,11,권역별,23,동북생활권
607,동북생활권,1,상행,1080007400,6,11,권역별,23,동북생활권
607,동북생활권,1,상행,1080007600,7,11,권역별,23,동북생활권
607,동북생활권,1,상행,1080008200,8,11,권역별,23,동북생활권
607,동북생활권,1,상행,1080009000,9,11,권역별,23,동북생활권
607,동북생활권,1,상행,1090000800,10,11,권역별,23,동북생활권
607,동북생활권,1,상행,1090001200,11,11,권역별,23,동북생활권
607,동북생활권,1,상행,1090002000,12,11,권역별,23,동북생활권
607,동북생활권,1,상행,1090002400,13,11,권역별,23,동북생활권
607,동북생활권,1,상행,1090002100,14,11,권역별,23,동북생활권
607,동북생활권,1,상행,1100023500,15,11,권역별,23,동북생활권
607,동북생활권,1,상행,1100022700,16,11,권역별,23,동북생활권
607,동북생활권,1,상행,1100023200,17,11,권역별,23,동북생활권
607,동북생활권,1,상행,1100024000,18,11,권역별,23,동북생활권
607,동북생활권,1,상행,1100025400,19,11,권역별,23,동북생활권
607,동북생활권,1,상행,1100027000,20,11,권역별,23,동북생활권
607,동북생활권,1,상행,1100028400,21,11,권역별,23,동북생활권
607,동북생활권,1,상행,1100030000,22,11,권역별,23,동북생활권
607,동북생활권,1,상행,1100031800,23,11,권역별,23,동북생활권
607,동북생활권,1,상행,1100034400,24,11,권역별,23,동북생활권
607,동북생활권,1,상행,1100035800,25,11,권역별,23,동북생활권
607,동북생활권,1,상행,1090009400,26,11,권역별,23,동북생활권
607,동북생활권,1,상행,1090010800,27,11,권역별,23,동북생활권
607,동북생활권,1,상행,1090011800,28,11,권역별,23,동북생활권
607,동북생활권,1,상행,1070018400,29,11,권역별,23,동북생활권
607,동북생활권,1,상행,1080002800,30,11,권역별,23,동북생활권
607,동북생활권,1,상행,1080005200,31,11,권역별,23,동북생활권
607,동북생활권,1,상행,1080008000,32,11,권역별,23,동북생활권
607,동북생활권,1,상행,1080009400,33,11,권역별,23,동북생활권
607,동북생활권,1,상행,1080010000,34,11,권역별,23,동북생활권
607,동북생활권,1,상행,1080011400,35,11,권역별,23,동북생활권
607,동북생활권,1,상행,1090001800,36,11,권역별,23,동북생활권
607,동북생활권,1,상행,1090003800,37,11,권역별,23,동북생활권
607,동북생활권,1,상행,1090007200,38,11,권역별,23,동북생활권
607,동북생활권,1,상행,1090009000,39,11,권역별,23,동북생활권
607,동북생활권,1,상행,1090011000,40,11,권역별,23,동북생활권
607,동북생활권,1,상행,1090012000,41,11,권역별,23,동북생활권
607,동북생활권,1,상행,1090012800,42,11,권역별,23,동북생활권
607,동북생활권,1,상행,1090000400,43,11,권역별,23,동북생활권
607,동북생활권,1,상행,1090000500,44,11,권역별,23,동북생활권
607,동북생활권,1,상행,1090000100,45,11,권역별,23,동북생활권
607,동북생활권,1,상행,1080001300,46,11,권역별,23,동북생활권
607,동북생활권,1,상행,1090013200,47,11,권역별,23,동북생활권
607,동북생활권,1,상행,1030011100,48,11,권역별,23,동북생활권
607,동북생활권,1,상행,1030009800,49,11,권역별,23,동북생활권
607,동북생활권,1,상행,1030008900,50,11,권역별,23,동북생활권
607,동북생활권,1,상행,1030006900,51,11,권역별,23,동북생활권
607,동북생활권,1,상행,1020012300,52,11,권역별,23,동북생활권
607,동북생활권,1,상행,1070020500,53,11,권역별,23,동북생활권
607,동북생활권,1,상행,1070019500,54,11,권역별,23,동북생활권
607,동북생활권,1,상행,1070017900,55,11,권역별,23,동북생활권
607,동북생활권,1,상행,1070015300,56,11,권역별,23,동북생활권
607,동북생활권,1,상행,1030001400,57,11,권역별,23,동북생활권
607,동북생활권,1,상행,1030002000,58,11,권역별,23,동북생활권
607,동북생활권,1,상행,1030001700,59,11,권역별,23,동북생활권
607,동북생활권,1,상행,1030002300,60,11,권역별,23,동북생활권
607,동북생활권,1,상행,1040005500,61,11,권역별,23,동북생활권
607,동북생활권,1,상행,1060004100,62,11,권역별,23,동북생활권
607,동북생활권,1,상행,1100000600,63,11,권역별,23,동북생활권
607,동북생활권,1,상행,1100001400,64,11,권역별,23,동북생활권
607,동북생활권,1,상행,1100002000,65,11,권역별,23,동북생활권
607,동북생활권,1,상행,1100002600,66,11,권역별,23,동북생활권
607,동북생활권,1,상행,1100003000,67,11,권역별,23,동북생활권
607,동북생활권,1,상행,1100003400,68,11,권역별,23,동북생활권
607,동북생활권,1,상행,1100003800,69,11,권역별,23,동북생활권
607,동북생활권,1,상행,1100004200,70,11,권역별,23,동북생활권
607,동북생활권,1,상행,1100004800,71,11,권역별,23,동북생활권
607,동북생활권,1,상행,1100005400,72,11,권역별,23,동북생활권
607,동북생활권,1,상행,1100006800,73,11,권역별,23,동북생활권
607,동북생활권,1,상행,1070006400,74,11,권역별,23,동북생활권
607,동북생활권,1,상행,1070007800,75,11,권역별,23,동북생활권
607,동북생활권,1,상행,1070008600,76,11,권역별,23,동북생활권
607,동북생활권,1,상행,1070009400,77,11,권역별,23,동북생활권
607,동북생활권,1,상행,1070011200,78,11,권역별,23,동북생활권
607,동북생활권,1,상행,1070012800,79,11,권역별,23,동북생활권
607,동북생활권,1,상행,1070014000,80,11,권역별,23,동북생활권
607,동북생활권,1,상행,1070007100,81,11,권역별,23,동북생활권
607,동북생활권,1,상행,1030000200,82,11,권역별,23,동북생활권
607,동북생활권,1,상행,1040001400,83,11,권역별,23,동북생활권
607,동북생활권,1,상행,1030001600,84,11,권역별,23,동북생활권
607,동북생활권,1,상행,1030002200,85,11,권역별,23,동북생활권
607,동북생활권,1,상행,1040005200,86,11,권역별,23,동북생활권
607,동북생활권,1,상행,1040005400,87,11,권역별,23,동북생활권
607,동북생활권,1,상행,1060000200,88,11,권역별,23,동북생활권
607,동북생활권,1,상행,1060000400,89,11,권역별,23,동북생활권
607,동북생활권,1,상행,1060000600,90,11,권역별,23,동북생활권
607,동북생활권,1,상행,1060000800,91,11,권역별,23,동북생활권
607,동북생활권,1,상행,1060001000,92,11,권역별,23,동북생활권
607,동북생활권,1,상행,1060001600,93,11,권역별,23,동북생활권
607,동북생활권,1,상행,1060002400,94,11,권역별,23,동북생활권
607,동북생활권,1,상행,1060003600,95,11,권역별,23,동북생활권
607,동북생활권,1,상행,1060003800,96,11,권역별,23,동북생활권
607,동북생활권,1,상행,1060004300,97,11,권역별,23,동북생활권
607,동북생활권,1,상행,1060004500,98,11,권역별,23,동북생활권
607,동북생활권,1,상행,1060005100,99,11,권역별,23,동북생활권
607,동북생활권,1,상행,1060005500,100,11,권역별,23,동북생활권
607,동북생활권,1,상행,1060006000,101,11,권역별,23,동북생활권
607,동북생활권,1,상행,1100000400,102,11,권역별,23,동북생활권
607,동북생활권,1,상행,1100000800,103,11,권역별,23,동북생활권
607,동북생활권,1,상행,1100001000,104,11,권역별,23,동북생활권
607,동북생활권,1,상행,1100001200,105,11,권역별,23,동북생활권
607,동북생활권,1,상행,1100001600,106,11,권역별,23,동북생활권
607,동북생활권,1,상행,1100001800,107,11,권역별,23,동북생활권
607,동북생활권,1,상행,1100002200,108,11,권역별,23,동북생활권
607,동북생활권,1,상행,1100002400,109,11,권역별,23,동북생활권
607,동북생활권,1,상행,1100002800,110,11,권역별,23,동북생활권
607,동북생활권,1,상행,1100003200,111,11,권역별,23,동북생활권
607,동북생활권,1,상행,1100003600,112,11,권역별,23,동북생활권
607,동북생활권,1,상행,1100004000,113,11,권역별,23,동북생활권
607,동북생활권,1,상행,1100004400,114,11,권역별,23,동북생활권
607,동북생활권,1,상행,1100004600,115,11,권역별,23,동북생활권
607,동북생활권,1,상행,1100005200,116,11,권역별,23,동북생활권
607,동북생활권,1,상행,1100005600,117,11,권역별,23,동북생활권
607,동북생활권,1,상행,1100005800,118,11,권역별,23,동북생활권
607,동북생활권,1,상행,1100006600,119,11,권역별,23,동북생활권
607,동북생활권,1,상행,1100006900,120,11,권역별,23,동북생활권
607,동북생활권,1,상행,1100009000,121,11,권역별,23,동북생활권
607,동북생활권,1,상행,1100010700,122,11,권역별,23,동북생활권
607,동북생활권,1,상행,1230037000,123,11,권역별,23,동북생활권
607,동북생활권,1,상행,1100025700,124,11,권역별,23,동북생활권
607,동북생활권,1,상행,1100026600,125,11,권역별,23,동북생활권
607,동북생활권,1,상행,1100006200,126,11,권역별,23,동북생활권
607,동북생활권,1,상행,1100006400,127,11,권역별,23,동북생활권
607,동북생활권,1,상행,1030008700,128,11,권역별,23,동북생활권
607,동북생활권,1,상행,1030005700,129,11,권역별,23,동북생활권
607,동북생활권,1,상행,2210000500,130,11,권역별,23,동북생활권
607,동북생활권,1,상행,1040004100,131,11,권역별,23,동북생활권
607,동북생활권,1,상행,1040002100,132,11,권역별,23,동북생활권
607,동북생활권,1,상행,1040001500,133,11,권역별,23,동북생활권
607,동북생활권,1,상행,1040001100,134,11,권역별,23,동북생활권
607,동북생활권,1,상행,1040000500,135,11,권역별,23,동북생활권
607,동북생활권,1,상행,1040000200,136,11,권역별,23,동북생활권
607,동북생활권,1,상행,1040000800,137,11,권역별,23,동북생활권
607,동북생활권,1,상행,1030000400,138,11,권역별,23,동북생활권
607,동북생활권,1,상행,1030000600,139,11,권역별,23,동북생활권
607,동북생활권,1,상행,1030000800,140,11,권역별,23,동북생활권
607,동북생활권,1,상행,1030001000,141,11,권역별,23,동북생활권
607,동북생활권,1,상행,1030001100,142,11,권역별,23,동북생활권
607,동북생활권,1,상행,1030006600,143,11,권역별,23,동북생활권
607,동북생활권,1,상행,1030008000,144,11,권역별,23,동북생활권
607,동북생활권,1,상행,1030004300,145,11,권역별,23,동북생활권
607,동북생활권,1,상행,1005009000,146,11,권역별,23,동북생활권
607,동북생활권,1,상행,1030004900,147,11,권역별,23,동북생활권
607,동북생활권,1,상행,1030004100,148,11,권역별,23,동북생활권
607,동북생활권,1,상행,1030003100,149,11,권역별,23,동북생활권
607,동북생활권,1,상행,1040008000,150,11,권역별,23,동북생활권
607,동북생활권,1,상행,1040006600,151,11,권역별,23,동북생활권
607,동북생활권,1,상행,1040005800,152,11,권역별,23,동북생활권
607,동북생활권,1,상행,1040006500,153,11,권역별,23,동북생활권
607,동북생활권,1,상행,1100008600,154,11,권역별,23,동북생활권
607,동북생활권,1,상행,1100011200,155,11,권역별,23,동북생활권
607,동북생활권,1,상행,1100014600,156,11,권역별,23,동북생활권
607,동북생활권,1,상행,1100018600,157,11,권역별,23,동북생활권
607,동북생활권,1,상행,1090004600,158,11,권역별,23,동북생활권
607,동북생활권,1,상행,1090007000,159,11,권역별,23,동북생활권
607,동북생활권,1,상행,1090008600,160,11,권역별,23,동북생활권
607,동북생활권,1,상행,1090009600,161,11,권역별,23,동북생활권
607,동북생활권,1,상행,1090011600,162,11,권역별,23,동북생활권
607,동북생활권,1,상행,1090012600,163,11,권역별,23,동북생활권
607,동북생활권,1,상행,1090013000,164,11,권역별,23,동북생활권
607,동북생활권,1,상행,1030019900,165,11,권역별,23,동북생활권
607,동북생활권,1,상행,1030019500,166,11,권역별,23,동북생활권
607,동북생활권,1,상행,1030018500,167,11,권역별,23,동북생활권
607,동북생활권,1,상행,1030018200,168,11,권역별,23,동북생활권
607,동북생활권,1,상행,1030018800,169,11,권역별,23,동북생활권
607,동북생활권,1,상행,1030019200,170,11,권역별,23,동북생활권
607,동북생활권,1,상행,1010018600,171,11,권역별,23,동북생활권
607,동북생활권,1,상행,1030014800,172,11,권역별,23,동북생활권
607,동북생활권,1,상행,1030016200,173,11,권역별,23,동북생활권
607,동북생활권,1,상행,1040008300,174,11,권역별,23,동북생활권
607,동북생활권,1,상행,1040009300,175,11,권역별,23,동북생활권
607,동북생활권,1,상행,2210003500,176,11,권역별,23,동북생활권
607,동북생활권,1,상행,1060003100,177,11,권역별,23,동북생활권
607,동북생활권,1,상행,1060003300,178,11,권역별,23,동북생활권
607,동북생활권,1,상행,1060002900,179,11,권역별,23,동북생활권
607,동북생활권,1,상행,1060002700,180,11,권역별,23,동북생활권
607,동북생활권,1,상행,1060002500,181,11,권역별,23,동북생활권
607,동북생활권,1,상행,1060002100,182,11,권역별,23,동북생활권
607,동북생활권,1,상행,1060001900,183,11,권역별,23,동북생활권
607,동북생활권,1,상행,1060001700,184,11,권역별,23,동북생활권
607,동북생활권,1,상행,1060001300,185,11,권역별,23,동북생활권
607,동북생활권,1,상행,1060001100,186,11,권역별,23,동북생활권
607,동북생활권,1,상행,1050003100,187,11,권역별,23,동북생활권
607,동북생활권,1,상행,1050002800,188,11,권역별,23,동북생활권
607,동북생활권,1,상행,1050002600,189,11,권역별,23,동북생활권
607,동북생활권,1,상행,1050002400,190,11,권역별,23,동북생활권
607,동북생활권,1,상행,1050017400,191,11,권역별,23,동북생활권
607,동북생활권,1,상행,1060013100,192,11,권역별,23,동북생활권
607,동북생활권,1,상행,1060012500,193,11,권역별,23,동북생활권
607,동북생활권,1,상행,1060010900,194,11,권역별,23,동북생활권
607,동북생활권,1,상행,1060008900,195,11,권역별,23,동북생활권
607,동북생활권,1,상행,1060007500,196,11,권역별,23,동북생활권
607,동북생활권,1,상행,1040016800,197,11,권역별,23,동북생활권
607,동북생활권,1,상행,1040015600,198,11,권역별,23,동북생활권
607,동북생활권,1,상행,1040014600,199,11,권역별,23,동북생활권
607,동북생활권,1,상행,1060007800,200,11,권역별,23,동북생활권
607,동북생활권,1,상행,1060008800,201,11,권역별,23,동북생활권
607,동북생활권,1,상행,1060010600,202,11,권역별,23,동북생활권
607,동북생활권,1,상행,1040007100,203,11,권역별,23,동북생활권
607,동북생활권,1,상행,1030018000,204,11,권역별,23,동북생활권
607,동북생활권,1,상행,1030019800,205,11,권역별,23,동북생활권
607,동북생활권,1,상행,1050006000,206,11,권역별,23,동북생활권
607,동북생활권,1,상행,1050010200,207,11,권역별,23,동북생활권
607,동북생활권,1,상행,1050012000,208,11,권역별,23,동북생활권
607,동북생활권,1,상행,1100032800,209,11,권역별,23,동북생활권
607,동북생활권,1,상행,1090010000,210,11,권역별,23,동북생활권
607,동북생활권,1,상행,1090010400,211,11,권역별,23,동북생활권
607,동북생활권,1,상행,1090010100,212,11,권역별,23,동북생활권
607,동북생활권,1,상행,1090009700,213,11,권역별,23,동북생활권
607,동북생활권,1,상행,1080013400,214,11,권역별,23,동북생활권
606,동남생활권,1,상행,1240000300,462,11,권역별,22,동남생활권
606,동남생활권,1,상행,1240000200,463,11,권역별,22,동남생활권
606,동남생활권,1,상행,1240000800,464,11,권역별,22,동남생활권
606,동남생활권,1,상행,1240001200,465,11,권역별,22,동남생활권
606,동남생활권,1,상행,2270009300,467,11,권역별,22,동남생활권
606,동남생활권,1,상행,1240001800,468,11,권역별,22,동남생활권
606,동남생활권,1,상행,1240002100,469,11,권역별,22,동남생활권
606,동남생활권,1,상행,1240002500,470,11,권역별,22,동남생활권
606,동남생활권,1,상행,1240010700,471,11,권역별,22,동남생활권
606,동남생활권,1,상행,1240013400,472,11,권역별,22,동남생활권
606,동남생활권,1,상행,1230036600,473,11,권역별,22,동남생활권
606,동남생활권,1,상행,1240009400,474,11,권역별,22,동남생활권
606,동남생활권,1,상행,1230005700,475,11,권역별,22,동남생활권
606,동남생활권,1,상행,1230029500,476,11,권역별,22,동남생활권
606,동남생활권,1,상행,1230026500,477,11,권역별,22,동남생활권
606,동남생활권,1,상행,1230016700,478,11,권역별,22,동남생활권
606,동남생활권,1,상행,1230013600,479,11,권역별,22,동남생활권
606,동남생활권,1,상행,1230009100,480,11,권역별,22,동남생활권
606,동남생활권,1,상행,1230005900,481,11,권역별,22,동남생활권
606,동남생활권,1,상행,1210007500,482,11,권역별,22,동남생활권
606,동남생활권,1,상행,1220029400,483,11,권역별,22,동남생활권
606,동남생활권,1,상행,1220028800,484,11,권역별,22,동남생활권
606,동남생활권,1,상행,1220028000,485,11,권역별,22,동남생활권
606,동남생활권,1,상행,1220026800,486,11,권역별,22,동남생활권
606,동남생활권,1,상행,1220026000,487,11,권역별,22,동남생활권
606,동남생활권,1,상행,1220025200,488,11,권역별,22,동남생활권
606,동남생활권,1,상행,1220024000,489,11,권역별,22,동남생활권
606,동남생활권,1,상행,1220023300,490,11,권역별,22,동남생활권
606,동남생활권,1,상행,1220028400,491,11,권역별,22,동남생활권
606,동남생활권,1,상행,1220032400,492,11,권역별,22,동남생활권
606,동남생활권,1,상행,1240006200,493,11,권역별,22,동남생활권
606,동남생활권,1,상행,1240006400,494,11,권역별,22,동남생활권
606,동남생활권,1,상행,1240006600,495,11,권역별,22,동남생활권
606,동남생활권,1,상행,1240007800,496,11,권역별,22,동남생활권
606,동남생활권,1,상행,1240008000,497,11,권역별,22,동남생활권
606,동남생활권,1,상행,1240009200,498,11,권역별,22,동남생활권
606,동남생활권,1,상행,3201502200,499,11,권역별,22,동남생활권
606,동남생활권,1,상행,1220033800,500,11,권역별,22,동남생활권
606,동남생활권,1,상행,1220033200,501,11,권역별,22,동남생활권
606,동남생활권,1,상행,1220032800,502,11,권역별,22,동남생활권
606,동남생활권,1,상행,1220032000,503,11,권역별,22,동남생활권
606,동남생활권,1,상행,1220031200,504,11,권역별,22,동남생활권
606,동남생활권,1,상행,1220030400,505,11,권역별,22,동남생활권
606,동남생활권,1,상행,1230028500,506,11,권역별,22,동남생활권
606,동남생활권,1,상행,1230029000,507,11,권역별,22,동남생활권
606,동남생활권,1,상행,1230030600,508,11,권역별,22,동남생활권
606,동남생활권,1,상행,3201502900,509,11,권역별,22,동남생활권
606,동남생활권,1,상행,3201502700,510,11,권역별,22,동남생활권
606,동남생활권,1,상행,1210006800,511,11,권역별,22,동남생활권
606,동남생활권,1,상행,1210007100,512,11,권역별,22,동남생활권
606,동남생활권,1,상행,1220006100,513,11,권역별,22,동남생활권
606,동남생활권,1,상행,1230000200,514,11,권역별,22,동남생활권
606,동남생활권,1,상행,1230000300,515,11,권역별,22,동남생활권
606,동남생활권,1,상행,1220008000,516,11,권역별,22,동남생활권
606,동남생활권,1,상행,1220010100,517,11,권역별,22,동남생활권
606,동남생활권,1,상행,1220013300,518,11,권역별,22,동남생활권
606,동남생활권,1,상행,1210018200,519,11,권역별,22,동남생활권
606,동남생활권,1,상행,1210017000,520,11,권역별,22,동남생활권
606,동남생활권,1,상행,1210015800,521,11,권역별,22,동남생활권
606,동남생활권,1,상행,1210014800,522,11,권역별,22,동남생활권
606,동남생활권,1,상행,1210013800,523,11,권역별,22,동남생활권
606,동남생활권,1,상행,1210013000,524,11,권역별,22,동남생활권
606,동남생활권,1,상행,1210012200,525,11,권역별,22,동남생활권
606,동남생활권,1,상행,3201503700,526,11,권역별,22,동남생활권
606,동남생활권,1,상행,3201504500,527,11,권역별,22,동남생활권
606,동남생활권,1,상행,3201504100,528,11,권역별,22,동남생활권
606,동남생활권,1,상행,3201503900,529,11,권역별,22,동남생활권
606,동남생활권,1,상행,3201502500,530,11,권역별,22,동남생활권
606,동남생활권,1,상행,3201503000,531,11,권역별,22,동남생활권
606,동남생활권,1,상행,3201501800,532,11,권역별,22,동남생활권
606,동남생활권,1,상행,1219910090,535,11,권역별,22,동남생활권
606,동남생활권,1,상행,1219910100,536,11,권역별,22,동남생활권
606,동남생활권,1,상행,1219910110,537,11,권역별,22,동남생활권
606,동남생활권,1,상행,1240011500,538,11,권역별,22,동남생활권
606,동남생활권,1,상행,1240012200,539,11,권역별,22,동남생활권
606,동남생활권,1,상행,1240014400,540,11,권역별,22,동남생활권
606,동남생활권,1,상행,1240018200,541,11,권역별,22,동남생활권
606,동남생활권,1,상행,1240017700,542,11,권역별,22,동남생활권
606,동남생활권,1,상행,1240017200,543,11,권역별,22,동남생활권
606,동남생활권,1,상행,1240017400,544,11,권역별,22,동남생활권
606,동남생활권,1,상행,1240018000,545,11,권역별,22,동남생활권
606,동남생활권,1,상행,1240018400,546,11,권역별,22,동남생활권
606,동남생활권,1,상행,1210029400,547,11,권역별,22,동남생활권
606,동남생활권,1,상행,1210029700,548,11,권역별,22,동남생활권
606,동남생활권,1,상행,1210009800,549,11,권역별,22,동남생활권
606,동남생활권,1,상행,1210011100,550,11,권역별,22,동남생활권
606,동남생활권,1,상행,1210012500,551,11,권역별,22,동남생활권
606,동남생활권,1,상행,1210013500,552,11,권역별,22,동남생활권
606,동남생활권,1,상행,1210014300,553,11,권역별,22,동남생활권
606,동남생활권,1,상행,1210003500,554,11,권역별,22,동남생활권
606,동남생활권,1,상행,1210015200,555,11,권역별,22,동남생활권
606,동남생활권,1,상행,1210015500,556,11,권역별,22,동남생활권
606,동남생활권,1,상행,1220010300,557,11,권역별,22,동남생활권
606,동남생활권,1,상행,1220010700,558,11,권역별,22,동남생활권
606,동남생활권,1,상행,1220012500,559,11,권역별,22,동남생활권
606,동남생활권,1,상행,1220014300,560,11,권역별,22,동남생활권
606,동남생활권,1,상행,1220018500,561,11,권역별,22,동남생활권
606,동남생활권,1,상행,1220021300,562,11,권역별,22,동남생활권
606,동남생활권,1,상행,1220022800,563,11,권역별,22,동남생활권
606,동남생활권,1,상행,1220023500,564,11,권역별,22,동남생활권
606,동남생활권,1,상행,1220022000,565,11,권역별,22,동남생활권
606,동남생활권,1,상행,1220020200,566,11,권역별,22,동남생활권
606,동남생활권,1,상행,1220036600,567,11,권역별,22,동남생활권
606,동남생활권,1,상행,1220034400,568,11,권역별,22,동남생활권
606,동남생활권,1,상행,1220032200,569,11,권역별,22,동남생활권
606,동남생활권,1,상행,1220029600,570,11,권역별,22,동남생활권
606,동남생활권,1,상행,1220026200,571,11,권역별,22,동남생활권
606,동남생활권,1,상행,1220022900,572,11,권역별,22,동남생활권
606,동남생활권,1,상행,1220019800,573,11,권역별,22,동남생활권
606,동남생활권,1,상행,1220013400,574,11,권역별,22,동남생활권
606,동남생활권,1,상행,1220009000,575,11,권역별,22,동남생활권
606,동남생활권,1,상행,1220007600,576,11,권역별,22,동남생활권
606,동남생활권,1,상행,1220007200,577,11,권역별,22,동남생활권
606,동남생활권,1,상행,1220006400,578,11,권역별,22,동남생활권
606,동남생활권,1,상행,1220006200,579,11,권역별,22,동남생활권
606,동남생활권,2,하행,1230019100,1,11,권역별,22,동남생활권
606,동남생활권,2,하행,1220025600,2,11,권역별,22,동남생활권
606,동남생활권,2,하행,1220024200,3,11,권역별,22,동남생활권
606,동남생활권,2,하행,1220022500,4,11,권역별,22,동남생활권
606,동남생활권,2,하행,1220020800,5,11,권역별,22,동남생활권
606,동남생활권,2,하행,1220019000,6,11,권역별,22,동남생활권
606,동남생활권,2,하행,1220016600,7,11,권역별,22,동남생활권
606,동남생활권,2,하행,1220015400,8,11,권역별,22,동남생활권
606,동남생활권,2,하행,1230017600,9,11,권역별,22,동남생활권
606,동남생활권,2,하행,1220032700,10,11,권역별,22,동남생활권
606,동남생활권,2,하행,1220033700,11,11,권역별,22,동남생활권
606,동남생활권,2,하행,1220034300,12,11,권역별,22,동남생활권
606,동남생활권,2,하행,1220034700,13,11,권역별,22,동남생활권
606,동남생활권,2,하행,1220034900,14,11,권역별,22,동남생활권
606,동남생활권,2,하행,1230006700,15,11,권역별,22,동남생활권
606,동남생활권,2,하행,1230007800,16,11,권역별,22,동남생활권
606,동남생활권,2,하행,1230009400,17,11,권역별,22,동남생활권
606,동남생활권,2,하행,1230010800,18,11,권역별,22,동남생활권
606,동남생활권,2,하행,1230012200,19,11,권역별,22,동남생활권
606,동남생활권,2,하행,1230014800,20,11,권역별,22,동남생활권
606,동남생활권,2,하행,1230018600,21,11,권역별,22,동남생활권
606,동남생활권,2,하행,1230025400,22,11,권역별,22,동남생활권
606,동남생활권,2,하행,1230031800,23,11,권역별,22,동남생활권
606,동남생활권,2,하행,1240005600,24,11,권역별,22,동남생활권
606,동남생활권,2,하행,1240008400,25,11,권역별,22,동남생활권
606,동남생활권,2,하행,1240011000,26,11,권역별,22,동남생활권
606,동남생활권,2,하행,1240012400,27,11,권역별,22,동남생활권
606,동남생활권,2,하행,1240015400,28,11,권역별,22,동남생활권
606,동남생활권,2,하행,1240019800,29,11,권역별,22,동남생활권
606,동남생활권,2,하행,1240023600,30,11,권역별,22,동남생활권
606,동남생활권,2,하행,1240025600,31,11,권역별,22,동남생활권
606,동남생활권,2,하행,1240027800,32,11,권역별,22,동남생활권
606,동남생활권,2,하행,1210006200,33,11,권역별,22,동남생활권
606,동남생활권,2,하행,1210030000,34,11,권역별,22,동남생활권
606,동남생활권,2,하행,1220030600,35,11,권역별,22,동남생활권
606,동남생활권,2,하행,1220027800,36,11,권역별,22,동남생활권
606,동남생활권,2,하행,1220025000,37,11,권역별,22,동남생활권
606,동남생활권,2,하행,1220021000,38,11,권역별,22,동남생활권
606,동남생활권,2,하행,1220016200,39,11,권역별,22,동남생활권
606,동남생활권,2,하행,1220011800,40,11,권역별,22,동남생활권
606,동남생활권,2,하행,1210013600,41,11,권역별,22,동남생활권
606,동남생활권,2,하행,1210011200,42,11,권역별,22,동남생활권
606,동남생활권,2,하행,1210010200,43,11,권역별,22,동남생활권
606,동남생활권,2,하행,1210009400,44,11,권역별,22,동남생활권
606,동남생활권,2,하행,1210008400,45,11,권역별,22,동남생활권
606,동남생활권,2,하행,1210007600,46,11,권역별,22,동남생활권
606,동남생활권,2,하행,1230008800,47,11,권역별,22,동남생활권
606,동남생활권,2,하행,1240024500,48,11,권역별,22,동남생활권
606,동남생활권,2,하행,1240026100,49,11,권역별,22,동남생활권
606,동남생활권,2,하행,1240027000,50,11,권역별,22,동남생활권
606,동남생활권,2,하행,1230031200,51,11,권역별,22,동남생활권
606,동남생활권,2,하행,1230032500,52,11,권역별,22,동남생활권
606,동남생활권,2,하행,1230033900,53,11,권역별,22,동남생활권
606,동남생활권,2,하행,1230034900,54,11,권역별,22,동남생활권
606,동남생활권,2,하행,1230035300,55,11,권역별,22,동남생활권
606,동남생활권,2,하행,1230034200,56,11,권역별,22,동남생활권
606,동남생활권,2,하행,1230034700,57,11,권역별,22,동남생활권
606,동남생활권,2,하행,1230035500,58,11,권역별,22,동남생활권
606,동남생활권,2,하행,1230037100,59,11,권역별,22,동남생활권
606,동남생활권,2,하행,1210024000,60,11,권역별,22,동남생활권
606,동남생활권,2,하행,1210021600,61,11,권역별,22,동남생활권
606,동남생활권,2,하행,1210017600,62,11,권역별,22,동남생활권
606,동남생활권,2,하행,1210013200,63,11,권역별,22,동남생활권
606,동남생활권,2,하행,1210010600,64,11,권역별,22,동남생활권
606,동남생활권,2,하행,1230020500,65,11,권역별,22,동남생활권
606,동남생활권,2,하행,1230018300,66,11,권역별,22,동남생활권
606,동남생활권,2,하행,1230015700,67,11,권역별,22,동남생활권
606,동남생활권,2,하행,1230013700,68,11,권역별,22,동남생활권
606,동남생활권,2,하행,1230011100,69,11,권역별,22,동남생활권
606,동남생활권,2,하행,1230008500,70,11,권역별,22,동남생활권
606,동남생활권,2,하행,1210016800,71,11,권역별,22,동남생활권
606,동남생활권,2,하행,1210012800,72,11,권역별,22,동남생활권
606,동남생활권,2,하행,1240007600,73,11,권역별,22,동남생활권
606,동남생활권,2,하행,1240008600,74,11,권역별,22,동남생활권
606,동남생활권,2,하행,1240010400,75,11,권역별,22,동남생활권
606,동남생활권,2,하행,1240012800,76,11,권역별,22,동남생활권
606,동남생활권,2,하행,1240016000,77,11,권역별,22,동남생활권
606,동남생활권,2,하행,1240019200,78,11,권역별,22,동남생활권
606,동남생활권,2,하행,1230007000,79,11,권역별,22,동남생활권
606,동남생활권,2,하행,1230007200,80,11,권역별,22,동남생활권
606,동남생활권,2,하행,1230008000,81,11,권역별,22,동남생활권
606,동남생활권,2,하행,1230010400,82,11,권역별,22,동남생활권
606,동남생활권,2,하행,1230013000,83,11,권역별,22,동남생활권
606,동남생활권,2,하행,1230015600,84,11,권역별,22,동남생활권
606,동남생활권,2,하행,1230006400,85,11,권역별,22,동남생활권
606,동남생활권,2,하행,1210026600,86,11,권역별,22,동남생활권
606,동남생활권,2,하행,1210025000,87,11,권역별,22,동남생활권
606,동남생활권,2,하행,1210021800,88,11,권역별,22,동남생활권
606,동남생활권,2,하행,1210018400,89,11,권역별,22,동남생활권
606,동남생활권,2,하행,1210016000,90,11,권역별,22,동남생활권
606,동남생활권,2,하행,1210014000,91,11,권역별,22,동남생활권
606,동남생활권,2,하행,1220013800,92,11,권역별,22,동남생활권
606,동남생활권,2,하행,1220006600,93,11,권역별,22,동남생활권
606,동남생활권,2,하행,1220005800,94,11,권역별,22,동남생활권
606,동남생활권,2,하행,1210021200,95,11,권역별,22,동남생활권
606,동남생활권,2,하행,1210018800,96,11,권역별,22,동남생활권
606,동남생활권,2,하행,1210015600,97,11,권역별,22,동남생활권
606,동남생활권,2,하행,1210011800,98,11,권역별,22,동남생활권
606,동남생활권,2,하행,1230027700,99,11,권역별,22,동남생활권
606,동남생활권,2,하행,1230022500,100,11,권역별,22,동남생활권
606,동남생활권,2,하행,1230018900,101,11,권역별,22,동남생활권
606,동남생활권,2,하행,1230016500,102,11,권역별,22,동남생활권
606,동남생활권,2,하행,1230017200,103,11,권역별,22,동남생활권
606,동남생활권,2,하행,1230020800,104,11,권역별,22,동남생활권
606,동남생활권,2,하행,1230026800,105,11,권역별,22,동남생활권
606,동남생활권,2,하행,1220027300,106,11,권역별,22,동남생활권
606,동남생활권,2,하행,1220028300,107,11,권역별,22,동남생활권
606,동남생활권,2,하행,1220029100,108,11,권역별,22,동남생활권
606,동남생활권,2,하행,1220030100,109,11,권역별,22,동남생활권
606,동남생활권,2,하행,1220030900,110,11,권역별,22,동남생활권
606,동남생활권,2,하행,1220031500,111,11,권역별,22,동남생활권
606,동남생활권,2,하행,1220031700,112,11,권역별,22,동남생활권
608,서남생활권,1,상행,1180027500,216,11,권역별,24,서남생활권
608,서남생활권,1,상행,1180032700,217,11,권역별,24,서남생활권
608,서남생활권,1,상행,1180037700,218,11,권역별,24,서남생활권
608,서남생활권,1,상행,1180039700,219,11,권역별,24,서남생활권
608,서남생활권,1,상행,1180040900,220,11,권역별,24,서남생활권
608,서남생활권,1,상행,1180003800,221,11,권역별,24,서남생활권
608,서남생활권,1,상행,1180017300,222,11,권역별,24,서남생활권
608,서남생활권,1,상행,1180020900,223,11,권역별,24,서남생활권
608,서남생활권,1,상행,1180024100,224,11,권역별,24,서남생활권
608,서남생활권,1,상행,1180028500,225,11,권역별,24,서남생활권
608,서남생활권,1,상행,1180004600,226,11,권역별,24,서남생활권
608,서남생활권,1,상행,1180005500,227,11,권역별,24,서남생활권
608,서남생활권,1,상행,1140000201,228,11,권역별,24,서남생활권
608,서남생활권,1,상행,1140000200,229,11,권역별,24,서남생활권
608,서남생활권,1,상행,1140022200,230,11,권역별,24,서남생활권
608,서남생활권,1,상행,1140026200,231,11,권역별,24,서남생활권
608,서남생활권,1,상행,1140029200,232,11,권역별,24,서남생활권
608,서남생활권,1,상행,1160000200,233,11,권역별,24,서남생활권
608,서남생활권,1,상행,1160000400,234,11,권역별,24,서남생활권
608,서남생활권,1,상행,1160000600,235,11,권역별,24,서남생활권
608,서남생활권,1,상행,1160000800,236,11,권역별,24,서남생활권
608,서남생활권,1,상행,1160001000,237,11,권역별,24,서남생활권
608,서남생활권,1,상행,1160001400,238,11,권역별,24,서남생활권
608,서남생활권,1,상행,1160001700,239,11,권역별,24,서남생활권
608,서남생활권,1,상행,1160001600,240,11,권역별,24,서남생활권
608,서남생활권,1,상행,1160002200,241,11,권역별,24,서남생활권
608,서남생활권,1,상행,1160001900,242,11,권역별,24,서남생활권
608,서남생활권,1,상행,1160002400,243,11,권역별,24,서남생활권
608,서남생활권,1,상행,1160002800,244,11,권역별,24,서남생활권
608,서남생활권,1,상행,1160003000,245,11,권역별,24,서남생활권
608,서남생활권,1,상행,1180000200,246,11,권역별,24,서남생활권
608,서남생활권,1,상행,1180000400,247,11,권역별,24,서남생활권
608,서남생활권,1,상행,1180000800,248,11,권역별,24,서남생활권
608,서남생활권,1,상행,1180001000,249,11,권역별,24,서남생활권
608,서남생활권,1,상행,1180001200,250,11,권역별,24,서남생활권
608,서남생활권,1,상행,1180001600,251,11,권역별,24,서남생활권
608,서남생활권,1,상행,2080006600,252,11,권역별,24,서남생활권
608,서남생활권,1,상행,1170000200,253,11,권역별,24,서남생활권
608,서남생활권,1,상행,1170000600,254,11,권역별,24,서남생활권
608,서남생활권,1,상행,1170003000,255,11,권역별,24,서남생활권
608,서남생활권,1,상행,1170004400,256,11,권역별,24,서남생활권
608,서남생활권,1,상행,1170005600,257,11,권역별,24,서남생활권
608,서남생활권,1,상행,1170007400,258,11,권역별,24,서남생활권
608,서남생활권,1,상행,1160004400,259,11,권역별,24,서남생활권
608,서남생활권,1,상행,1160005800,260,11,권역별,24,서남생활권
608,서남생활권,1,상행,1180005900,261,11,권역별,24,서남생활권
608,서남생활권,1,상행,1180006500,262,11,권역별,24,서남생활권
608,서남생활권,1,상행,1180007100,263,11,권역별,24,서남생활권
608,서남생활권,1,상행,1180008300,264,11,권역별,24,서남생활권
608,서남생활권,1,상행,1180008900,265,11,권역별,24,서남생활권
608,서남생활권,1,상행,1180010700,266,11,권역별,24,서남생활권
608,서남생활권,1,상행,1180012700,267,11,권역별,24,서남생활권
608,서남생활권,1,상행,1180013900,268,11,권역별,24,서남생활권
608,서남생활권,1,상행,1180016300,269,11,권역별,24,서남생활권
608,서남생활권,1,상행,1200009900,270,11,권역별,24,서남생활권
608,서남생활권,1,상행,1200006300,271,11,권역별,24,서남생활권
608,서남생활권,1,상행,1200003500,272,11,권역별,24,서남생활권
608,서남생활권,1,상행,1200001700,273,11,권역별,24,서남생활권
608,서남생활권,1,상행,1200001300,274,11,권역별,24,서남생활권
608,서남생활권,1,상행,1200000500,275,11,권역별,24,서남생활권
608,서남생활권,1,상행,1140033400,276,11,권역별,24,서남생활권
608,서남생활권,1,상행,1140034800,277,11,권역별,24,서남생활권
608,서남생활권,1,상행,1150008900,278,11,권역별,24,서남생활권
608,서남생활권,1,상행,1150009100,279,11,권역별,24,서남생활권
608,서남생활권,1,상행,1140019600,280,11,권역별,24,서남생활권
608,서남생활권,1,상행,1140017300,281,11,권역별,24,서남생활권
608,서남생활권,1,상행,1140014300,282,11,권역별,24,서남생활권
608,서남생활권,1,상행,1140009500,283,11,권역별,24,서남생활권
608,서남생활권,1,상행,1200011100,284,11,권역별,24,서남생활권
608,서남생활권,1,상행,1200010700,285,11,권역별,24,서남생활권
608,서남생활권,1,상행,1200009100,286,11,권역별,24,서남생활권
608,서남생활권,1,상행,1200007700,287,11,권역별,24,서남생활권
608,서남생활권,1,상행,1140007400,288,11,권역별,24,서남생활권
608,서남생활권,1,상행,1140010400,289,11,권역별,24,서남생활권
608,서남생활권,1,상행,1140016200,290,11,권역별,24,서남생활권
608,서남생활권,1,상행,1140015000,291,11,권역별,24,서남생활권
608,서남생활권,1,상행,1140015600,292,11,권역별,24,서남생활권
608,서남생활권,1,상행,1140001900,293,11,권역별,24,서남생활권
608,서남생활권,1,상행,1140000800,294,11,권역별,24,서남생활권
608,서남생활권,1,상행,1140022500,295,11,권역별,24,서남생활권
608,서남생활권,1,상행,1180009300,296,11,권역별,24,서남생활권
608,서남생활권,1,상행,1180009500,297,11,권역별,24,서남생활권
608,서남생활권,1,상행,1200003000,298,11,권역별,24,서남생활권
608,서남생활권,1,상행,1150011400,299,11,권역별,24,서남생활권
608,서남생활권,1,상행,1140040100,300,11,권역별,24,서남생활권
608,서남생활권,1,상행,1140039900,301,11,권역별,24,서남생활권
608,서남생활권,1,상행,1140039100,302,11,권역별,24,서남생활권
608,서남생활권,1,상행,1140036900,303,11,권역별,24,서남생활권
608,서남생활권,1,상행,1140032500,304,11,권역별,24,서남생활권
608,서남생활권,1,상행,1140026700,305,11,권역별,24,서남생활권
608,서남생활권,1,상행,1140022700,306,11,권역별,24,서남생활권
608,서남생활권,1,상행,1140018900,307,11,권역별,24,서남생활권
608,서남생활권,1,상행,1140016500,308,11,권역별,24,서남생활권
608,서남생활권,1,상행,1140012500,309,11,권역별,24,서남생활권
608,서남생활권,1,상행,1140005300,310,11,권역별,24,서남생활권
608,서남생활권,1,상행,1140002300,311,11,권역별,24,서남생활권
608,서남생활권,1,상행,1160015700,312,11,권역별,24,서남생활권
608,서남생활권,1,상행,1160054500,313,11,권역별,24,서남생활권
608,서남생활권,1,상행,1160049100,314,11,권역별,24,서남생활권
608,서남생활권,1,상행,1170021100,315,11,권역별,24,서남생활권
608,서남생활권,1,상행,1170020600,316,11,권역별,24,서남생활권
608,서남생활권,1,상행,1170018900,317,11,권역별,24,서남생활권
608,서남생활권,1,상행,1170017000,318,11,권역별,24,서남생활권
608,서남생활권,1,상행,1170014600,319,11,권역별,24,서남생활권
608,서남생활권,1,상행,1200005400,320,11,권역별,24,서남생활권
608,서남생활권,1,상행,1200008200,321,11,권역별,24,서남생활권
608,서남생활권,1,상행,1200012400,322,11,권역별,24,서남생활권
608,서남생활권,1,상행,1190002000,323,11,권역별,24,서남생활권
608,서남생활권,1,상행,1190003000,324,11,권역별,24,서남생활권
608,서남생활권,1,상행,1190004400,325,11,권역별,24,서남생활권
608,서남생활권,1,상행,1190005600,326,11,권역별,24,서남생활권
608,서남생활권,1,상행,1190007600,327,11,권역별,24,서남생활권
608,서남생활권,1,상행,1180026300,328,11,권역별,24,서남생활권
608,서남생활권,1,상행,1180027300,329,11,권역별,24,서남생활권
608,서남생활권,1,상행,1180028700,330,11,권역별,24,서남생활권
608,서남생활권,1,상행,1180029500,331,11,권역별,24,서남생활권
608,서남생활권,1,상행,1140000600,332,11,권역별,24,서남생활권
608,서남생활권,1,상행,1150001600,333,11,권역별,24,서남생활권
608,서남생활권,1,상행,1150002200,334,11,권역별,24,서남생활권
608,서남생활권,1,상행,1150002600,335,11,권역별,24,서남생활권
608,서남생활권,1,상행,1150002800,336,11,권역별,24,서남생활권
608,서남생활권,1,상행,1150003000,337,11,권역별,24,서남생활권
608,서남생활권,1,상행,1150003400,338,11,권역별,24,서남생활권
608,서남생활권,1,상행,1150003800,339,11,권역별,24,서남생활권
608,서남생활권,1,상행,1150004000,340,11,권역별,24,서남생활권
608,서남생활권,1,상행,1150003500,341,11,권역별,24,서남생활권
608,서남생활권,1,상행,1150020000,342,11,권역별,24,서남생활권
608,서남생활권,1,상행,1150017300,343,11,권역별,24,서남생활권
608,서남생활권,1,상행,1150016100,344,11,권역별,24,서남생활권
608,서남생활권,1,상행,1150014000,345,11,권역별,24,서남생활권
608,서남생활권,1,상행,1150012800,346,11,권역별,24,서남생활권
608,서남생활권,1,상행,1180041700,347,11,권역별,24,서남생활권
608,서남생활권,1,상행,1180041200,348,11,권역별,24,서남생활권
608,서남생활권,1,상행,1180040400,349,11,권역별,24,서남생활권
608,서남생활권,1,상행,1180040000,350,11,권역별,24,서남생활권
608,서남생활권,1,상행,1180038400,351,11,권역별,24,서남생활권
608,서남생활권,1,상행,3201505300,352,11,권역별,24,서남생활권
608,서남생활권,1,상행,3201505100,353,11,권역별,24,서남생활권
608,서남생활권,1,상행,3201506300,354,11,권역별,24,서남생활권
608,서남생활권,1,상행,1180001800,355,11,권역별,24,서남생활권
608,서남생활권,1,상행,1180002000,356,11,권역별,24,서남생활권
608,서남생활권,1,상행,1180002400,357,11,권역별,24,서남생활권
608,서남생활권,1,상행,1180002600,358,11,권역별,24,서남생활권
608,서남생활권,1,상행,1180007500,359,11,권역별,24,서남생활권
608,서남생활권,1,상행,1180007900,360,11,권역별,24,서남생활권
608,서남생활권,1,상행,1190001400,361,11,권역별,24,서남생활권
608,서남생활권,1,상행,1180010300,362,11,권역별,24,서남생활권
608,서남생활권,1,상행,1180012900,363,11,권역별,24,서남생활권
608,서남생활권,1,상행,1190006200,364,11,권역별,24,서남생활권
608,서남생활권,1,상행,1190007000,365,11,권역별,24,서남생활권
608,서남생활권,1,상행,1180019300,366,11,권역별,24,서남생활권
608,서남생활권,1,상행,1180023900,367,11,권역별,24,서남생활권
608,서남생활권,1,상행,1180031700,368,11,권역별,24,서남생활권
608,서남생활권,1,상행,1180033400,369,11,권역별,24,서남생활권
608,서남생활권,1,상행,1180030800,370,11,권역별,24,서남생활권
608,서남생활권,1,상행,1180027600,371,11,권역별,24,서남생활권
608,서남생활권,1,상행,1180024600,372,11,권역별,24,서남생활권
608,서남생활권,1,상행,1180018600,373,11,권역별,24,서남생활권
608,서남생활권,1,상행,1180017600,374,11,권역별,24,서남생활권
608,서남생활권,1,상행,1180017900,375,11,권역별,24,서남생활권
608,서남생활권,1,상행,1180020100,376,11,권역별,24,서남생활권
608,서남생활권,1,상행,1180022100,377,11,권역별,24,서남생활권
608,서남생활권,1,상행,1180025100,378,11,권역별,24,서남생활권
608,서남생활권,1,상행,1180029300,379,11,권역별,24,서남생활권
608,서남생활권,1,상행,1180038100,380,11,권역별,24,서남생활권
608,서남생활권,1,상행,1180038600,381,11,권역별,24,서남생활권
608,서남생활권,1,상행,1180037400,382,11,권역별,24,서남생활권
608,서남생활권,1,상행,1180036200,383,11,권역별,24,서남생활권
608,서남생활권,1,상행,1180035200,384,11,권역별,24,서남생활권
608,서남생활권,1,상행,1180026800,385,11,권역별,24,서남생활권
608,서남생활권,1,상행,1180025200,386,11,권역별,24,서남생활권
608,서남생활권,1,상행,1180024200,387,11,권역별,24,서남생활권
608,서남생활권,1,상행,1180023200,388,11,권역별,24,서남생활권
608,서남생활권,1,상행,1180022200,389,11,권역별,24,서남생활권
608,서남생활권,1,상행,1180020600,390,11,권역별,24,서남생활권
608,서남생활권,1,상행,1180018400,391,11,권역별,24,서남생활권
608,서남생활권,1,상행,1180015000,392,11,권역별,24,서남생활권
608,서남생활권,1,상행,1180037200,393,11,권역별,24,서남생활권
608,서남생활권,1,상행,1180032400,394,11,권역별,24,서남생활권
608,서남생활권,1,상행,1180029000,395,11,권역별,24,서남생활권
608,서남생활권,1,상행,1180024400,396,11,권역별,24,서남생활권
608,서남생활권,1,상행,1180021400,397,11,권역별,24,서남생활권
608,서남생활권,1,상행,1180016000,398,11,권역별,24,서남생활권
608,서남생활권,1,상행,1180018100,399,11,권역별,24,서남생활권
608,서남생활권,1,상행,1180020500,400,11,권역별,24,서남생활권
608,서남생활권,1,상행,1180023700,401,11,권역별,24,서남생활권
608,서남생활권,1,상행,1180028100,402,11,권역별,24,서남생활권
608,서남생활권,1,상행,1180032100,403,11,권역별,24,서남생활권
608,서남생활권,1,상행,1160007900,404,11,권역별,24,서남생활권
608,서남생활권,1,상행,3201508200,405,11,권역별,24,서남생활권
608,서남생활권,1,상행,1160011500,406,11,권역별,24,서남생활권
608,서남생활권,1,상행,1160009100,407,11,권역별,24,서남생활권
608,서남생활권,1,상행,1160007500,408,11,권역별,24,서남생활권
608,서남생활권,1,상행,1160004900,409,11,권역별,24,서남생활권
608,서남생활권,1,상행,1180027900,410,11,권역별,24,서남생활권
608,서남생활권,1,상행,1140018000,411,11,권역별,24,서남생활권
608,서남생활권,1,상행,1140018600,412,11,권역별,24,서남생활권
608,서남생활권,1,상행,1140019200,413,11,권역별,24,서남생활권
608,서남생활권,1,상행,1140019800,414,11,권역별,24,서남생활권
608,서남생활권,1,상행,1140020400,415,11,권역별,24,서남생활권
608,서남생활권,1,상행,1140019300,416,11,권역별,24,서남생활권
608,서남생활권,1,상행,1140016900,417,11,권역별,24,서남생활권
608,서남생활권,1,상행,1140014500,418,11,권역별,24,서남생활권
608,서남생활권,1,상행,1190000200,419,11,권역별,24,서남생활권
608,서남생활권,1,상행,1190000600,420,11,권역별,24,서남생활권
608,서남생활권,1,상행,1180003200,421,11,권역별,24,서남생활권
608,서남생활권,1,상행,1180004200,422,11,권역별,24,서남생활권
608,서남생활권,1,상행,1180005100,423,11,권역별,24,서남생활권
608,서남생활권,1,상행,1180005700,424,11,권역별,24,서남생활권
608,서남생활권,1,상행,1150002400,425,11,권역별,24,서남생활권
608,서남생활권,1,상행,1150003200,426,11,권역별,24,서남생활권
608,서남생활권,1,상행,1150004600,427,11,권역별,24,서남생활권
608,서남생활권,1,상행,1150006100,428,11,권역별,24,서남생활권
608,서남생활권,1,상행,1150006600,429,11,권역별,24,서남생활권
608,서남생활권,1,상행,1160004500,430,11,권역별,24,서남생활권
608,서남생활권,1,상행,1150011600,431,11,권역별,24,서남생활권
608,서남생활권,1,상행,1160013200,432,11,권역별,24,서남생활권
608,서남생활권,1,상행,1160015400,433,11,권역별,24,서남생활권
608,서남생활권,1,상행,1200009600,434,11,권역별,24,서남생활권
608,서남생활권,1,상행,1200009700,435,11,권역별,24,서남생활권
608,서남생활권,1,상행,1180033000,436,11,권역별,24,서남생활권
608,서남생활권,1,상행,1180031200,437,11,권역별,24,서남생활권
608,서남생활권,1,상행,1180026000,438,11,권역별,24,서남생활권
608,서남생활권,1,상행,1180022400,439,11,권역별,24,서남생활권
608,서남생활권,1,상행,1180019000,440,11,권역별,24,서남생활권
608,서남생활권,1,상행,1140027400,441,11,권역별,24,서남생활권
608,서남생활권,1,상행,1150007500,442,11,권역별,24,서남생활권
608,서남생활권,1,상행,1150007900,443,11,권역별,24,서남생활권
608,서남생활권,1,상행,1150008400,444,11,권역별,24,서남생활권
608,서남생활권,1,상행,1190002200,445,11,권역별,24,서남생활권
608,서남생활권,1,상행,1190004600,446,11,권역별,24,서남생활권
608,서남생활권,1,상행,1150014600,447,11,권역별,24,서남생활권
608,서남생활권,1,상행,1150014400,448,11,권역별,24,서남생활권
608,서남생활권,1,상행,1150013600,449,11,권역별,24,서남생활권
608,서남생활권,1,상행,1150001900,450,11,권역별,24,서남생활권
608,서남생활권,1,상행,1150001700,451,11,권역별,24,서남생활권
608,서남생활권,1,상행,1150001300,452,11,권역별,24,서남생활권
608,서남생활권,1,상행,1150000900,453,11,권역별,24,서남생활권
608,서남생활권,1,상행,1150000500,454,11,권역별,24,서남생활권
608,서남생활권,1,상행,1150000300,455,11,권역별,24,서남생활권
608,서남생활권,1,상행,1140000400,456,11,권역별,24,서남생활권
608,서남생활권,1,상행,1200005200,457,11,권역별,24,서남생활권
608,서남생활권,1,상행,1200007600,458,11,권역별,24,서남생활권
608,서남생활권,1,상행,1150013500,459,11,권역별,24,서남생활권
608,서남생활권,1,상행,1150015700,460,11,권역별,24,서남생활권
608,서남생활권,1,상행,1140020700,461,11,권역별,24,서남생활권
608,서남생활권,1,상행,1140015900,462,11,권역별,24,서남생활권
608,서남생활권,1,상행,1140012300,463,11,권역별,24,서남생활권
608,서남생활권,1,상행,1140006500,464,11,권역별,24,서남생활권
608,서남생활권,1,상행,1140002500,465,11,권역별,24,서남생활권
608,서남생활권,1,상행,1160017100,466,11,권역별,24,서남생활권
608,서남생활권,1,상행,1160016500,467,11,권역별,24,서남생활권
608,서남생활권,1,상행,1160014100,468,11,권역별,24,서남생활권
608,서남생활권,1,상행,1150012000,469,11,권역별,24,서남생활권
608,서남생활권,1,상행,1150018200,470,11,권역별,24,서남생활권
608,서남생활권,1,상행,1150018000,471,11,권역별,24,서남생활권
608,서남생활권,1,상행,1200000800,472,11,권역별,24,서남생활권
608,서남생활권,1,상행,1200003400,473,11,권역별,24,서남생활권
608,서남생활권,1,상행,1200005000,474,11,권역별,24,서남생활권
608,서남생활권,1,상행,1200006800,475,11,권역별,24,서남생활권
608,서남생활권,1,상행,1150014800,476,11,권역별,24,서남생활권
608,서남생활권,1,상행,1150013900,477,11,권역별,24,서남생활권
608,서남생활권,1,상행,1150015500,478,11,권역별,24,서남생활권
608,서남생활권,1,상행,1150016300,479,11,권역별,24,서남생활권
608,서남생활권,1,상행,1150017500,480,11,권역별,24,서남생활권
608,서남생활권,1,상행,1150018500,481,11,권역별,24,서남생활권
608,서남생활권,1,상행,1190002600,482,11,권역별,24,서남생활권
608,서남생활권,1,상행,1190003600,483,11,권역별,24,서남생활권
608,서남생활권,1,상행,1190004800,484,11,권역별,24,서남생활권
608,서남생활권,1,상행,1170002500,485,11,권역별,24,서남생활권
608,서남생활권,1,상행,1170001700,486,11,권역별,24,서남생활권
608,서남생활권,1,상행,1140037900,487,11,권역별,24,서남생활권
608,서남생활권,1,상행,1140038200,488,11,권역별,24,서남생활권
608,서남생활권,1,상행,1150010100,489,11,권역별,24,서남생활권
608,서남생활권,1,상행,1150011100,490,11,권역별,24,서남생활권
608,서남생활권,1,상행,1150012300,491,11,권역별,24,서남생활권
608,서남생활권,1,상행,1150013300,492,11,권역별,24,서남생활권
608,서남생활권,1,상행,1150015100,493,11,권역별,24,서남생활권
608,서남생활권,1,상행,1150016500,494,11,권역별,24,서남생활권
608,서남생활권,1,상행,1130023800,495,11,권역별,24,서남생활권
608,서남생활권,1,상행,1180011300,496,11,권역별,24,서남생활권
608,서남생활권,1,상행,1180011800,497,11,권역별,24,서남생활권
608,서남생활권,1,상행,1180010800,498,11,권역별,24,서남생활권
608,서남생활권,1,상행,1180009800,499,11,권역별,24,서남생활권
608,서남생활권,1,상행,1160012500,500,11,권역별,24,서남생활권
608,서남생활권,1,상행,1160011700,501,11,권역별,24,서남생활권
608,서남생활권,1,상행,1160010500,502,11,권역별,24,서남생활권
608,서남생활권,1,상행,1160008300,503,11,권역별,24,서남생활권
608,서남생활권,1,상행,1160006900,504,11,권역별,24,서남생활권
608,서남생활권,1,상행,2130003902,505,11,권역별,24,서남생활권
608,서남생활권,1,상행,1160005400,506,11,권역별,24,서남생활권
608,서남생활권,1,상행,1160007200,507,11,권역별,24,서남생활권
608,서남생활권,1,상행,1160009000,508,11,권역별,24,서남생활권
608,서남생활권,1,상행,1160010800,509,11,권역별,24,서남생활권
608,서남생활권,1,상행,1160012400,510,11,권역별,24,서남생활권
608,서남생활권,1,상행,3201506500,511,11,권역별,24,서남생활권
608,서남생활권,1,상행,1160009400,512,11,권역별,24,서남생활권
608,서남생활권,1,상행,1160012000,513,11,권역별,24,서남생활권
608,서남생활권,1,상행,1160012800,514,11,권역별,24,서남생활권
608,서남생활권,1,상행,1160013800,515,11,권역별,24,서남생활권
608,서남생활권,1,상행,1160014800,516,11,권역별,24,서남생활권
608,서남생활권,1,상행,1160016000,517,11,권역별,24,서남생활권
608,서남생활권,1,상행,3201508600,518,11,권역별,24,서남생활권
608,서남생활권,1,상행,1179910010,519,11,권역별,24,서남생활권
608,서남생활권,1,상행,1179910020,520,11,권역별,24,서남생활권
608,서남생활권,1,상행,1179910030,521,11,권역별,24,서남생활권
608,서남생활권,1,상행,1209910040,522,11,권역별,24,서남생활권
608,서남생활권,1,상행,1209910050,523,11,권역별,24,서남생활권
608,서남생활권,1,상행,1209910060,524,11,권역별,24,서남생활권
608,서남생활권,1,상행,1209910070,525,11,권역별,24,서남생활권
608,서남생활권,1,상행,1209910080,526,11,권역별,24,서남생활권
608,서남생활권,1,상행,1180019900,527,11,권역별,24,서남생활권
608,서남생활권,1,상행,1180023100,528,11,권역별,24,서남생활권
608,서남생활권,1,상행,1180026700,529,11,권역별,24,서남생활권
608,서남생활권,1,상행,1180030300,530,11,권역별,24,서남생활권
608,서남생활권,1,상행,1140041000,531,11,권역별,24,서남생활권
608,서남생활권,1,상행,1140041400,532,11,권역별,24,서남생활권
608,서남생활권,1,상행,1140041200,533,11,권역별,24,서남생활권
608,서남생활권,1,상행,1140028400,534,11,권역별,24,서남생활권
608,서남생활권,1,상행,1140029500,535,11,권역별,24,서남생활권
608,서남생활권,1,상행,1140029300,536,11,권역별,24,서남생활권
608,서남생활권,1,상행,1180037000,537,11,권역별,24,서남생활권
608,서남생활권,1,상행,1180035600,538,11,권역별,24,서남생활권
608,서남생활권,1,상행,1180034000,539,11,권역별,24,서남생활권
608,서남생활권,1,상행,1180031800,540,11,권역별,24,서남생활권
608,서남생활권,1,상행,1180030600,541,11,권역별,24,서남생활권
608,서남생활권,1,상행,1180029600,542,11,권역별,24,서남생활권
608,서남생활권,1,상행,1180030100,543,11,권역별,24,서남생활권
608,서남생활권,1,상행,1180031500,544,11,권역별,24,서남생활권
608,서남생활권,1,상행,1180033300,545,11,권역별,24,서남생활권
608,서남생활권,1,상행,1180036500,546,11,권역별,24,서남생활권
608,서남생활권,1,상행,1180041100,547,11,권역별,24,서남생활권
608,서남생활권,1,상행,1150017900,548,11,권역별,24,서남생활권
608,서남생활권,1,상행,1150018900,549,11,권역별,24,서남생활권
608,서남생활권,1,상행,1150019700,550,11,권역별,24,서남생활권
608,서남생활권,1,상행,1150020500,551,11,권역별,24,서남생활권
608,서남생활권,1,상행,1150021300,552,11,권역별,24,서남생활권
608,서남생활권,1,상행,1150021900,553,11,권역별,24,서남생활권
608,서남생활권,1,상행,1150022100,554,11,권역별,24,서남생활권
608,서남생활권,1,상행,1170010900,555,11,권역별,24,서남생활권
608,서남생활권,1,상행,1170010300,556,11,권역별,24,서남생활권
608,서남생활권,1,상행,1170009100,557,11,권역별,24,서남생활권
608,서남생활권,1,상행,1170006900,558,11,권역별,24,서남생활권
608,서남생활권,1,상행,1170005700,559,11,권역별,24,서남생활권
608,서남생활권,1,상행,1170004100,560,11,권역별,24,서남생활권
608,서남생활권,1,상행,1150021600,561,11,권역별,24,서남생활권
608,서남생활권,1,상행,1170000700,562,11,권역별,24,서남생활권
608,서남생활권,1,상행,1170002300,563,11,권역별,24,서남생활권
608,서남생활권,1,상행,1170002100,564,11,권역별,24,서남생활권
608,서남생활권,1,상행,1170001500,565,11,권역별,24,서남생활권
608,서남생활권,1,상행,1150004800,566,11,권역별,24,서남생활권
608,서남생활권,1,상행,1150005200,567,11,권역별,24,서남생활권
608,서남생활권,1,상행,1150010400,568,11,권역별,24,서남생활권
608,서남생활권,1,상행,1200001100,569,11,권역별,24,서남생활권
608,서남생활권,1,상행,1170005400,570,11,권역별,24,서남생활권
608,서남생활권,1,상행,1170006800,571,11,권역별,24,서남생활권
608,서남생활권,1,상행,1170008800,572,11,권역별,24,서남생활권
608,서남생활권,1,상행,1170010200,573,11,권역별,24,서남생활권
608,서남생활권,1,상행,1170010800,574,11,권역별,24,서남생활권
608,서남생활권,1,상행,3201508400,575,11,권역별,24,서남생활권
608,서남생활권,1,상행,1200001000,576,11,권역별,24,서남생활권
608,서남생활권,1,상행,1200003200,577,11,권역별,24,서남생활권
608,서남생활권,1,상행,1200006200,578,11,권역별,24,서남생활권
608,서남생활권,1,상행,1200009400,579,11,권역별,24,서남생활권
608,서남생활권,1,상행,1150012600,580,11,권역별,24,서남생활권
608,서남생활권,1,상행,1150011800,581,11,권역별,24,서남생활권
608,서남생활권,1,상행,1140039700,582,11,권역별,24,서남생활권
608,서남생활권,1,상행,1140036300,583,11,권역별,24,서남생활권
608,서남생활권,1,상행,1140030700,584,11,권역별,24,서남생활권
608,서남생활권,1,상행,1140023300,585,11,권역별,24,서남생활권
608,서남생활권,1,상행,1140017100,586,11,권역별,24,서남생활권
608,서남생활권,1,상행,1140011300,587,11,권역별,24,서남생활권
608,서남생활권,1,상행,1140003300,588,11,권역별,24,서남생활권
608,서남생활권,1,상행,1160016100,589,11,권역별,24,서남생활권
608,서남생활권,1,상행,1160013300,590,11,권역별,24,서남생활권
608,서남생활권,1,상행,1160010900,591,11,권역별,24,서남생활권
608,서남생활권,1,상행,1160009500,592,11,권역별,24,서남생활권
608,서남생활권,1,상행,1160008100,593,11,권역별,24,서남생활권
608,서남생활권,1,상행,1160003700,594,11,권역별,24,서남생활권
608,서남생활권,1,상행,1200002800,595,11,권역별,24,서남생활권
608,서남생활권,1,상행,1200004000,596,11,권역별,24,서남생활권
608,서남생활권,1,상행,1200005800,597,11,권역별,24,서남생활권
608,서남생활권,1,상행,1200007200,598,11,권역별,24,서남생활권
608,서남생활권,1,상행,1200008000,599,11,권역별,24,서남생활권
608,서남생활권,1,상행,1200005900,600,11,권역별,24,서남생활권
608,서남생활권,1,상행,1200004700,601,11,권역별,24,서남생활권
608,서남생활권,1,상행,1200003700,602,11,권역별,24,서남생활권
608,서남생활권,1,상행,1200002500,603,11,권역별,24,서남생활권
608,서남생활권,1,상행,1200001900,604,11,권역별,24,서남생활권
608,서남생활권,1,상행,1200001500,605,11,권역별,24,서남생활권
608,서남생활권,1,상행,1210010800,606,11,권역별,24,서남생활권
608,서남생활권,1,상행,1140013800,607,11,권역별,24,서남생활권
608,서남생활권,1,상행,1170006000,608,11,권역별,24,서남생활권
608,서남생활권,1,상행,1170007200,609,11,권역별,24,서남생활권
608,서남생활권,1,상행,1180004700,610,11,권역별,24,서남생활권
608,서남생활권,1,상행,1180004300,611,11,권역별,24,서남생활권
608,서남생활권,1,상행,1180003500,612,11,권역별,24,서남생활권
608,서남생활권,1,상행,1180003300,613,11,권역별,24,서남생활권
608,서남생활권,1,상행,1180040600,614,11,권역별,24,서남생활권
608,서남생활권,1,상행,1180039000,615,11,권역별,24,서남생활권
608,서남생활권,1,상행,1180034600,616,11,권역별,24,서남생활권
608,서남생활권,1,상행,1180025800,617,11,권역별,24,서남생활권
608,서남생활권,1,상행,1190007100,618,11,권역별,24,서남생활권
608,서남생활권,1,상행,1190006800,619,11,권역별,24,서남생활권
608,서남생활권,1,상행,1190007300,620,11,권역별,24,서남생활권
608,서남생활권,1,상행,1190006500,621,11,권역별,24,서남생활권
608,서남생활권,1,상행,1190005200,622,11,권역별,24,서남생활권
608,서남생활권,1,상행,1190006300,623,11,권역별,24,서남생활권
608,서남생활권,1,상행,1190005900,624,11,권역별,24,서남생활권
608,서남생활권,1,상행,1190005700,625,11,권역별,24,서남생활권
608,서남생활권,1,상행,1190005400,626,11,권역별,24,서남생활권
608,서남생활권,1,상행,1180017500,627,11,권역별,24,서남생활권
608,서남생활권,1,상행,1180021900,628,11,권역별,24,서남생활권
608,서남생활권,1,상행,1180025700,629,11,권역별,24,서남생활권
608,서남생활권,1,상행,1180031100,630,11,권역별,24,서남생활권
608,서남생활권,1,상행,1180035100,631,11,권역별,24,서남생활권
608,서남생활권,1,상행,1180038300,632,11,권역별,24,서남생활권
608,서남생활권,1,상행,1180040300,633,11,권역별,24,서남생활권
608,서남생활권,1,상행,1180036600,634,11,권역별,24,서남생활권
608,서남생활권,1,상행,1180010000,635,11,권역별,24,서남생활권
608,서남생활권,1,상행,1180007600,636,11,권역별,24,서남생활권
608,서남생활권,1,상행,1180006600,637,11,권역별,24,서남생활권
608,서남생활권,1,상행,1180006200,638,11,권역별,24,서남생활권
608,서남생활권,1,상행,1200010100,639,11,권역별,24,서남생활권
608,서남생활권,1,상행,1180012500,640,11,권역별,24,서남생활권
608,서남생활권,1,상행,3201507800,641,11,권역별,24,서남생활권
608,서남생활권,1,상행,1180008700,642,11,권역별,24,서남생활권
608,서남생활권,1,상행,1180009700,643,11,권역별,24,서남생활권
608,서남생활권,1,상행,1180011100,644,11,권역별,24,서남생활권
608,서남생활권,1,상행,1180012300,645,11,권역별,24,서남생활권
608,서남생활권,2,하행,1160007400,1,11,권역별,24,서남생활권
608,서남생활권,2,하행,1160008600,2,11,권역별,24,서남생활권
608,서남생활권,2,하행,1160010400,3,11,권역별,24,서남생활권
608,서남생활권,2,하행,1180007300,4,11,권역별,24,서남생활권
608,서남생활권,2,하행,1180008500,5,11,권역별,24,서남생활권
608,서남생활권,2,하행,1180009100,6,11,권역별,24,서남생활권
608,서남생활권,2,하행,1180010500,7,11,권역별,24,서남생활권
608,서남생활권,2,하행,1180011700,8,11,권역별,24,서남생활권
608,서남생활권,2,하행,1180013100,9,11,권역별,24,서남생활권
608,서남생활권,2,하행,1180014500,10,11,권역별,24,서남생활권
608,서남생활권,2,하행,1180015300,11,11,권역별,24,서남생활권
608,서남생활권,2,하행,1180016700,12,11,권역별,24,서남생활권
608,서남생활권,2,하행,1180017000,13,11,권역별,24,서남생활권
608,서남생활권,2,하행,1180016400,14,11,권역별,24,서남생활권
608,서남생활권,2,하행,1180014800,15,11,권역별,24,서남생활권
608,서남생활권,2,하행,1180013600,16,11,권역별,24,서남생활권
608,서남생활권,2,하행,1160016300,17,11,권역별,24,서남생활권
608,서남생활권,2,하행,1160013900,18,11,권역별,24,서남생활권
608,서남생활권,2,하행,1160011100,19,11,권역별,24,서남생활권
608,서남생활권,2,하행,1160007700,20,11,권역별,24,서남생활권
608,서남생활권,2,하행,1200008900,21,11,권역별,24,서남생활권
608,서남생활권,2,하행,1160015200,22,11,권역별,24,서남생활권
608,서남생활권,2,하행,1180011500,23,11,권역별,24,서남생활권
608,서남생활권,2,하행,1180012100,24,11,권역별,24,서남생활권
608,서남생활권,2,하행,1180013300,25,11,권역별,24,서남생활권
608,서남생활권,2,하행,1180014100,26,11,권역별,24,서남생활권
608,서남생활권,2,하행,1170002000,27,11,권역별,24,서남생활권
608,서남생활권,2,하행,1170002800,28,11,권역별,24,서남생활권
608,서남생활권,2,하행,1170004800,29,11,권역별,24,서남생활권
608,서남생활권,2,하행,1170006600,30,11,권역별,24,서남생활권
608,서남생활권,2,하행,1170009000,31,11,권역별,24,서남생활권
608,서남생활권,2,하행,1210023400,32,11,권역별,24,서남생활권
608,서남생활권,2,하행,1170005200,33,11,권역별,24,서남생활권
608,서남생활권,2,하행,1150009800,34,11,권역별,24,서남생활권
608,서남생활권,2,하행,1150007600,35,11,권역별,24,서남생활권
608,서남생활권,2,하행,3201510100,36,11,권역별,24,서남생활권
608,서남생활권,2,하행,3201509900,37,11,권역별,24,서남생활권
608,서남생활권,2,하행,3201509700,38,11,권역별,24,서남생활권
608,서남생활권,2,하행,1160004000,39,11,권역별,24,서남생활권
608,서남생활권,2,하행,1160004800,40,11,권역별,24,서남생활권
608,서남생활권,2,하행,1160005600,41,11,권역별,24,서남생활권
608,서남생활권,2,하행,1160006800,42,11,권역별,24,서남생활권
608,서남생활권,2,하행,1180006100,43,11,권역별,24,서남생활권
608,서남생활권,2,하행,1180006900,44,11,권역별,24,서남생활권
608,서남생활권,2,하행,1170007700,45,11,권역별,24,서남생활권
608,서남생활권,2,하행,1170009900,46,11,권역별,24,서남생활권
608,서남생활권,2,하행,1140001300,47,11,권역별,24,서남생활권
608,서남생활권,2,하행,1140000900,48,11,권역별,24,서남생활권
608,서남생활권,2,하행,1140024100,49,11,권역별,24,서남생활권
608,서남생활권,2,하행,1140018100,50,11,권역별,24,서남생활권
608,서남생활권,2,하행,1140010100,51,11,권역별,24,서남생활권
608,서남생활권,2,하행,1140002900,52,11,권역별,24,서남생활권
608,서남생활권,2,하행,1140001500,53,11,권역별,24,서남생활권
608,서남생활권,2,하행,1160017300,54,11,권역별,24,서남생활권
608,서남생활권,2,하행,1140039500,55,11,권역별,24,서남생활권
608,서남생활권,2,하행,1140038700,56,11,권역별,24,서남생활권
608,서남생활권,2,하행,1140037300,57,11,권역별,24,서남생활권
608,서남생활권,2,하행,1140035700,58,11,권역별,24,서남생활권
608,서남생활권,2,하행,1140033100,59,11,권역별,24,서남생활권
608,서남생활권,2,하행,1140030100,60,11,권역별,24,서남생활권
608,서남생활권,2,하행,1180018900,61,11,권역별,24,서남생활권
608,서남생활권,2,하행,1180019700,62,11,권역별,24,서남생활권
608,서남생활권,2,하행,1180021300,63,11,권역별,24,서남생활권
608,서남생활권,2,하행,1180021700,64,11,권역별,24,서남생활권
608,서남생활권,2,하행,1140026400,65,11,권역별,24,서남생활권
608,서남생활권,2,하행,1150008100,66,11,권역별,24,서남생활권
608,서남생활권,2,하행,1150008700,67,11,권역별,24,서남생활권
608,서남생활권,2,하행,1150009500,68,11,권역별,24,서남생활권
608,서남생활권,2,하행,1150009700,69,11,권역별,24,서남생활권
608,서남생활권,2,하행,1150010300,70,11,권역별,24,서남생활권
608,서남생활권,2,하행,1150011300,71,11,권역별,24,서남생활권
608,서남생활권,2,하행,1150012500,72,11,권역별,24,서남생활권
608,서남생활권,2,하행,1150014300,73,11,권역별,24,서남생활권
608,서남생활권,2,하행,1150017100,74,11,권역별,24,서남생활권
608,서남생활권,2,하행,1150018700,75,11,권역별,24,서남생활권
608,서남생활권,2,하행,1150019900,76,11,권역별,24,서남생활권
608,서남생활권,2,하행,1200002400,77,11,권역별,24,서남생활권
608,서남생활권,2,하행,1200002100,78,11,권역별,24,서남생활권
608,서남생활권,2,하행,1170008300,79,11,권역별,24,서남생활권
608,서남생활권,2,하행,1150001100,80,11,권역별,24,서남생활권
608,서남생활권,2,하행,1150020800,84,11,권역별,24,서남생활권
608,서남생활권,2,하행,1150008200,85,11,권역별,24,서남생활권
608,서남생활권,2,하행,1150020700,86,11,권역별,24,서남생활권
608,서남생활권,2,하행,1150019000,87,11,권역별,24,서남생활권
608,서남생활권,2,하행,1150017600,88,11,권역별,24,서남생활권
608,서남생활권,2,하행,1150015800,89,11,권역별,24,서남생활권
608,서남생활권,2,하행,1180034200,90,11,권역별,24,서남생활권
608,서남생활권,2,하행,1180024800,91,11,권역별,24,서남생활권
608,서남생활권,2,하행,1150007000,92,11,권역별,24,서남생활권
608,서남생활권,2,하행,1170003600,93,11,권역별,24,서남생활권
608,서남생활권,2,하행,1170003800,94,11,권역별,24,서남생활권
608,서남생활권,2,하행,1170003300,95,11,권역별,24,서남생활권
608,서남생활권,2,하행,1170003100,96,11,권역별,24,서남생활권
608,서남생활권,2,하행,3201509000,97,11,권역별,24,서남생활권
608,서남생활권,2,하행,1170009500,98,11,권역별,24,서남생활권
608,서남생활권,2,하행,1170007500,99,11,권역별,24,서남생활권
608,서남생활권,2,하행,1170006100,100,11,권역별,24,서남생활권
608,서남생활권,2,하행,1170004500,101,11,권역별,24,서남생활권
608,서남생활권,2,하행,3201504900,102,11,권역별,24,서남생활권
608,서남생활권,2,하행,3201508900,103,11,권역별,24,서남생활권
608,서남생활권,2,하행,1150009300,104,11,권역별,24,서남생활권
608,서남생활권,2,하행,1200012500,105,11,권역별,24,서남생활권
608,서남생활권,2,하행,1200011700,106,11,권역별,24,서남생활권
608,서남생활권,2,하행,1200004400,107,11,권역별,24,서남생활권
608,서남생활권,2,하행,1200005600,108,11,권역별,24,서남생활권
608,서남생활권,2,하행,1200007000,109,11,권역별,24,서남생활권
608,서남생활권,2,하행,1200010600,110,11,권역별,24,서남생활권
608,서남생활권,2,하행,1200011400,111,11,권역별,24,서남생활권
608,서남생활권,2,하행,1200010300,112,11,권역별,24,서남생활권
608,서남생활권,2,하행,1160008800,113,11,권역별,24,서남생활권
608,서남생활권,2,하행,1160009800,114,11,권역별,24,서남생활권
608,서남생활권,2,하행,1160010000,115,11,권역별,24,서남생활권
608,서남생활권,2,하행,1160010200,116,11,권역별,24,서남생활권
608,서남생활권,2,하행,3201504700,117,11,권역별,24,서남생활권
608,서남생활권,2,하행,3201506900,118,11,권역별,24,서남생활권
608,서남생활권,2,하행,1160011400,119,11,권역별,24,서남생활권
608,서남생활권,2,하행,1190000700,120,11,권역별,24,서남생활권
608,서남생활권,2,하행,1210014400,121,11,권역별,24,서남생활권
608,서남생활권,2,하행,2180002102,122,11,권역별,24,서남생활권
608,서남생활권,2,하행,1150007200,123,11,권역별,24,서남생활권
608,서남생활권,2,하행,1150006700,124,11,권역별,24,서남생활권
608,서남생활권,2,하행,1150004900,125,11,권역별,24,서남생활권
608,서남생활권,2,하행,1150004100,126,11,권역별,24,서남생활권
608,서남생활권,2,하행,1150019200,127,11,권역별,24,서남생활권
608,서남생활권,2,하행,1150016600,128,11,권역별,24,서남생활권
608,서남생활권,2,하행,1200011600,129,11,권역별,24,서남생활권
608,서남생활권,2,하행,1190001600,130,11,권역별,24,서남생활권
608,서남생활권,2,하행,1190003200,131,11,권역별,24,서남생활권
608,서남생활권,2,하행,1190003400,132,11,권역별,24,서남생활권
608,서남생활권,2,하행,1190002300,133,11,권역별,24,서남생활권
608,서남생활권,2,하행,1190001800,134,11,권역별,24,서남생활권
608,서남생활권,2,하행,1160015600,135,11,권역별,24,서남생활권
608,서남생활권,2,하행,1180003900,136,11,권역별,24,서남생활권
608,서남생활권,2,하행,1180002900,137,11,권역별,24,서남생활권
608,서남생활권,2,하행,1180002100,138,11,권역별,24,서남생활권
608,서남생활권,2,하행,1180001300,139,11,권역별,24,서남생활권
608,서남생활권,2,하행,1160003100,140,11,권역별,24,서남생활권
608,서남생활권,2,하행,1160002500,141,11,권역별,24,서남생활권
608,서남생활권,2,하행,1160001100,142,11,권역별,24,서남생활권
608,서남생활권,2,하행,1170001300,143,11,권역별,24,서남생활권
608,서남생활권,2,하행,1170001100,144,11,권역별,24,서남생활권
608,서남생활권,2,하행,1170000900,145,11,권역별,24,서남생활권
608,서남생활권,2,하행,1180040800,146,11,권역별,24,서남생활권
608,서남생활권,2,하행,1180039600,147,11,권역별,24,서남생활권
608,서남생활권,2,하행,1180037600,148,11,권역별,24,서남생활권
608,서남생활권,2,하행,1180032600,149,11,권역별,24,서남생활권
608,서남생활권,2,하행,1180027400,150,11,권역별,24,서남생활권
608,서남생활권,2,하행,1180023400,151,11,권역별,24,서남생활권
608,서남생활권,2,하행,1180019400,152,11,권역별,24,서남생활권
608,서남생활권,2,하행,1180016800,153,11,권역별,24,서남생활권
608,서남생활권,2,하행,1180015800,154,11,권역별,24,서남생활권
608,서남생활권,2,하행,1180028400,155,11,권역별,24,서남생활권
608,서남생활권,2,하행,1180024000,156,11,권역별,24,서남생활권
608,서남생활권,2,하행,1180020800,157,11,권역별,24,서남생활권
608,서남생활권,2,하행,1180017200,158,11,권역별,24,서남생활권
608,서남생활권,2,하행,1180004500,159,11,권역별,24,서남생활권
608,서남생활권,2,하행,1140029100,160,11,권역별,24,서남생활권
608,서남생활권,2,하행,1140040700,161,11,권역별,24,서남생활권
608,서남생활권,2,하행,1140040500,162,11,권역별,24,서남생활권
608,서남생활권,2,하행,1140000100,163,11,권역별,24,서남생활권
608,서남생활권,2,하행,1140000101,164,11,권역별,24,서남생활권
608,서남생활권,2,하행,1180001500,165,11,권역별,24,서남생활권
608,서남생활권,2,하행,1180001100,166,11,권역별,24,서남생활권
608,서남생활권,2,하행,1180000900,167,11,권역별,24,서남생활권
608,서남생활권,2,하행,1180000700,168,11,권역별,24,서남생활권
608,서남생활권,2,하행,1180000300,169,11,권역별,24,서남생활권
608,서남생활권,2,하행,1180000100,170,11,권역별,24,서남생활권
608,서남생활권,2,하행,1160002900,171,11,권역별,24,서남생활권
608,서남생활권,2,하행,1160002700,172,11,권역별,24,서남생활권
608,서남생활권,2,하행,1160002300,173,11,권역별,24,서남생활권
608,서남생활권,2,하행,1160002000,174,11,권역별,24,서남생활권
608,서남생활권,2,하행,1160002100,175,11,권역별,24,서남생활권
608,서남생활권,2,하행,1160001500,176,11,권역별,24,서남생활권
608,서남생활권,2,하행,1160001800,177,11,권역별,24,서남생활권
608,서남생활권,2,하행,1160001300,178,11,권역별,24,서남생활권
608,서남생활권,2,하행,1160000900,179,11,권역별,24,서남생활권
608,서남생활권,2,하행,1160000700,180,11,권역별,24,서남생활권
608,서남생활권,2,하행,1160000500,181,11,권역별,24,서남생활권
608,서남생활권,2,하행,1160000300,182,11,권역별,24,서남생활권
608,서남생활권,2,하행,1160000100,183,11,권역별,24,서남생활권
608,서남생활권,2,하행,1180006400,184,11,권역별,24,서남생활권
608,서남생활권,2,하행,1180005800,185,11,권역별,24,서남생활권
608,서남생활권,2,하행,1160005700,186,11,권역별,24,서남생활권
608,서남생활권,2,하행,1160004300,187,11,권역별,24,서남생활권
608,서남생활권,2,하행,1170007300,188,11,권역별,24,서남생활권
608,서남생활권,2,하행,1170005500,189,11,권역별,24,서남생활권
608,서남생활권,2,하행,1170004300,190,11,권역별,24,서남생활권
608,서남생활권,2,하행,1170002900,191,11,권역별,24,서남생활권
608,서남생활권,2,하행,1170000500,192,11,권역별,24,서남생활권
608,서남생활권,2,하행,1170000100,193,11,권역별,24,서남생활권
608,서남생활권,2,하행,2080006500,194,11,권역별,24,서남생활권
608,서남생활권,2,하행,1180016200,195,11,권역별,24,서남생활권
608,서남생활권,2,하행,1180013800,196,11,권역별,24,서남생활권
608,서남생활권,2,하행,1180012600,197,11,권역별,24,서남생활권
608,서남생활권,2,하행,1180010600,198,11,권역별,24,서남생활권
608,서남생활권,2,하행,1180008800,199,11,권역별,24,서남생활권
608,서남생활권,2,하행,1180008200,200,11,권역별,24,서남생활권
608,서남생활권,2,하행,1180007000,201,11,권역별,24,서남생활권
608,서남생활권,2,하행,1200000600,202,11,권역별,24,서남생활권
608,서남생활권,2,하행,1200001400,203,11,권역별,24,서남생활권
608,서남생활권,2,하행,1200001800,204,11,권역별,24,서남생활권
608,서남생활권,2,하행,1200003600,205,11,권역별,24,서남생활권
608,서남생활권,2,하행,1200006400,206,11,권역별,24,서남생활권
608,서남생활권,2,하행,1200010000,207,11,권역별,24,서남생활권
608,서남생활권,2,하행,1150009000,208,11,권역별,24,서남생활권
608,서남생활권,2,하행,1150008800,209,11,권역별,24,서남생활권
608,서남생활권,2,하행,1140034700,210,11,권역별,24,서남생활권
608,서남생활권,2,하행,1140033300,211,11,권역별,24,서남생활권
608,서남생활권,2,하행,1140009600,212,11,권역별,24,서남생활권
608,서남생활권,2,하행,1140014400,213,11,권역별,24,서남생활권
608,서남생활권,2,하행,1140017400,214,11,권역별,24,서남생활권
608,서남생활권,2,하행,1140019500,215,11,권역별,24,서남생활권
608,서남생활권,2,하행,1140012700,216,11,권역별,24,서남생활권
608,서남생활권,2,하행,1200007800,217,11,권역별,24,서남생활권
608,서남생활권,2,하행,1200009200,218,11,권역별,24,서남생활권
608,서남생활권,2,하행,1200010800,219,11,권역별,24,서남생활권
608,서남생활권,2,하행,1200011200,220,11,권역별,24,서남생활권
608,서남생활권,2,하행,1140015500,221,11,권역별,24,서남생활권
608,서남생활권,2,하행,1140014900,222,11,권역별,24,서남생활권
608,서남생활권,2,하행,1140016100,223,11,권역별,24,서남생활권
608,서남생활권,2,하행,1140010300,224,11,권역별,24,서남생활권
608,서남생활권,2,하행,1140007300,225,11,권역별,24,서남생활권
608,서남생활권,2,하행,1140000700,226,11,권역별,24,서남생활권
608,서남생활권,2,하행,1140002000,227,11,권역별,24,서남생활권
608,서남생활권,2,하행,1140022600,228,11,권역별,24,서남생활권
608,서남생활권,2,하행,1180009400,229,11,권역별,24,서남생활권
608,서남생활권,2,하행,1180009200,230,11,권역별,24,서남생활권
608,서남생활권,2,하행,1200002900,231,11,권역별,24,서남생활권
608,서남생활권,2,하행,1170015500,232,11,권역별,24,서남생활권
608,서남생활권,2,하행,1170018300,233,11,권역별,24,서남생활권
608,서남생활권,2,하행,1170019000,234,11,권역별,24,서남생활권
608,서남생활권,2,하행,1170020300,235,11,권역별,24,서남생활권
608,서남생활권,2,하행,1170021200,236,11,권역별,24,서남생활권
608,서남생활권,2,하행,1160049000,237,11,권역별,24,서남생활권
608,서남생활권,2,하행,1160054400,238,11,권역별,24,서남생활권
608,서남생활권,2,하행,1160015800,239,11,권역별,24,서남생활권
608,서남생활권,2,하행,1140002400,240,11,권역별,24,서남생활권
608,서남생활권,2,하행,1140005400,241,11,권역별,24,서남생활권
608,서남생활권,2,하행,1140012600,242,11,권역별,24,서남생활권
608,서남생활권,2,하행,1140016600,243,11,권역별,24,서남생활권
608,서남생활권,2,하행,1140019000,244,11,권역별,24,서남생활권
608,서남생활권,2,하행,1140022800,245,11,권역별,24,서남생활권
608,서남생활권,2,하행,1140026800,246,11,권역별,24,서남생활권
608,서남생활권,2,하행,1140032600,247,11,권역별,24,서남생활권
608,서남생활권,2,하행,1140037000,248,11,권역별,24,서남생활권
608,서남생활권,2,하행,1140039200,249,11,권역별,24,서남생활권
608,서남생활권,2,하행,1140040000,250,11,권역별,24,서남생활권
608,서남생활권,2,하행,1140040200,251,11,권역별,24,서남생활권
608,서남생활권,2,하행,1150011500,252,11,권역별,24,서남생활권
608,서남생활권,2,하행,1190005500,253,11,권역별,24,서남생활권
608,서남생활권,2,하행,1190004300,254,11,권역별,24,서남생활권
608,서남생활권,2,하행,1190002900,255,11,권역별,24,서남생활권
608,서남생활권,2,하행,1190001900,256,11,권역별,24,서남생활권
608,서남생활권,2,하행,1200012300,257,11,권역별,24,서남생활권
608,서남생활권,2,하행,1200008100,258,11,권역별,24,서남생활권
608,서남생활권,2,하행,1200005300,259,11,권역별,24,서남생활권
608,서남생활권,2,하행,1180029400,260,11,권역별,24,서남생활권
608,서남생활권,2,하행,1180028600,261,11,권역별,24,서남생활권
608,서남생활권,2,하행,1180027200,262,11,권역별,24,서남생활권
608,서남생활권,2,하행,1180026200,263,11,권역별,24,서남생활권
608,서남생활권,2,하행,1150003600,264,11,권역별,24,서남생활권
608,서남생활권,2,하행,1150003900,265,11,권역별,24,서남생활권
608,서남생활권,2,하행,1150003700,266,11,권역별,24,서남생활권
608,서남생활권,2,하행,1150003300,267,11,권역별,24,서남생활권
608,서남생활권,2,하행,1150002900,268,11,권역별,24,서남생활권
608,서남생활권,2,하행,1150002700,269,11,권역별,24,서남생활권
608,서남생활권,2,하행,1150002500,270,11,권역별,24,서남생활권
608,서남생활권,2,하행,1150002100,271,11,권역별,24,서남생활권
608,서남생활권,2,하행,1150001500,272,11,권역별,24,서남생활권
608,서남생활권,2,하행,1140000500,273,11,권역별,24,서남생활권
608,서남생활권,2,하행,1150020100,274,11,권역별,24,서남생활권
608,서남생활권,2,하행,1150017200,275,11,권역별,24,서남생활권
608,서남생활권,2,하행,1150016000,276,11,권역별,24,서남생활권
608,서남생활권,2,하행,1150014100,277,11,권역별,24,서남생활권
608,서남생활권,2,하행,1150012900,278,11,권역별,24,서남생활권
608,서남생활권,2,하행,1180038500,279,11,권역별,24,서남생활권
608,서남생활권,2,하행,1180040100,280,11,권역별,24,서남생활권
608,서남생활권,2,하행,1180040500,281,11,권역별,24,서남생활권
608,서남생활권,2,하행,1180041300,282,11,권역별,24,서남생활권
608,서남생활권,2,하행,1180041600,283,11,권역별,24,서남생활권
608,서남생활권,2,하행,3201506200,284,11,권역별,24,서남생활권
608,서남생활권,2,하행,3201505000,285,11,권역별,24,서남생활권
608,서남생활권,2,하행,3201505200,286,11,권역별,24,서남생활권
608,서남생활권,2,하행,1180002300,287,11,권역별,24,서남생활권
608,서남생활권,2,하행,1180001900,288,11,권역별,24,서남생활권
608,서남생활권,2,하행,1180001700,289,11,권역별,24,서남생활권
608,서남생활권,2,하행,1180023800,290,11,권역별,24,서남생활권
608,서남생활권,2,하행,1180019200,291,11,권역별,24,서남생활권
608,서남생활권,2,하행,1190006900,292,11,권역별,24,서남생활권
608,서남생활권,2,하행,1190006100,293,11,권역별,24,서남생활권
608,서남생활권,2,하행,1180012800,294,11,권역별,24,서남생활권
608,서남생활권,2,하행,1180010200,295,11,권역별,24,서남생활권
608,서남생활권,2,하행,1190001300,296,11,권역별,24,서남생활권
608,서남생활권,2,하행,1180007800,297,11,권역별,24,서남생활권
608,서남생활권,2,하행,1180007400,298,11,권역별,24,서남생활권
608,서남생활권,2,하행,1180022000,299,11,권역별,24,서남생활권
608,서남생활권,2,하행,1180020000,300,11,권역별,24,서남생활권
608,서남생활권,2,하행,1180017800,301,11,권역별,24,서남생활권
608,서남생활권,2,하행,1180017700,302,11,권역별,24,서남생활권
608,서남생활권,2,하행,1180018700,303,11,권역별,24,서남생활권
608,서남생활권,2,하행,1180024700,304,11,권역별,24,서남생활권
608,서남생활권,2,하행,1180027700,305,11,권역별,24,서남생활권
608,서남생활권,2,하행,1180030900,306,11,권역별,24,서남생활권
608,서남생활권,2,하행,1180033500,307,11,권역별,24,서남생활권
608,서남생활권,2,하행,1180035300,308,11,권역별,24,서남생활권
608,서남생활권,2,하행,1180036300,309,11,권역별,24,서남생활권
608,서남생활권,2,하행,1180037500,310,11,권역별,24,서남생활권
608,서남생활권,2,하행,1180038700,311,11,권역별,24,서남생활권
608,서남생활권,2,하행,1180038000,312,11,권역별,24,서남생활권
608,서남생활권,2,하행,1180029200,313,11,권역별,24,서남생활권
608,서남생활권,2,하행,1180025000,314,11,권역별,24,서남생활권
608,서남생활권,2,하행,1180015100,315,11,권역별,24,서남생활권
608,서남생활권,2,하행,1180018500,316,11,권역별,24,서남생활권
608,서남생활권,2,하행,1180020700,317,11,권역별,24,서남생활권
608,서남생활권,2,하행,1180022300,318,11,권역별,24,서남생활권
608,서남생활권,2,하행,1180023300,319,11,권역별,24,서남생활권
608,서남생활권,2,하행,1180024300,320,11,권역별,24,서남생활권
608,서남생활권,2,하행,1180025300,321,11,권역별,24,서남생활권
608,서남생활권,2,하행,1180026900,322,11,권역별,24,서남생활권
608,서남생활권,2,하행,1180016100,323,11,권역별,24,서남생활권
608,서남생활권,2,하행,1180021500,324,11,권역별,24,서남생활권
608,서남생활권,2,하행,1180024500,325,11,권역별,24,서남생활권
608,서남생활권,2,하행,1180029100,326,11,권역별,24,서남생활권
608,서남생활권,2,하행,1180032500,327,11,권역별,24,서남생활권
608,서남생활권,2,하행,1180037300,328,11,권역별,24,서남생활권
608,서남생활권,2,하행,1180032000,329,11,권역별,24,서남생활권
608,서남생활권,2,하행,1180028000,330,11,권역별,24,서남생활권
608,서남생활권,2,하행,1180023600,331,11,권역별,24,서남생활권
608,서남생활권,2,하행,1180020400,332,11,권역별,24,서남생활권
608,서남생활권,2,하행,1180018000,333,11,권역별,24,서남생활권
608,서남생활권,2,하행,1160008000,334,11,권역별,24,서남생활권
608,서남생활권,2,하행,1160005000,335,11,권역별,24,서남생활권
608,서남생활권,2,하행,1160007600,336,11,권역별,24,서남생활권
608,서남생활권,2,하행,1160009200,337,11,권역별,24,서남생활권
608,서남생활권,2,하행,1160011600,338,11,권역별,24,서남생활권
608,서남생활권,2,하행,3201508300,339,11,권역별,24,서남생활권
608,서남생활권,2,하행,1140014600,340,11,권역별,24,서남생활권
608,서남생활권,2,하행,1140017000,341,11,권역별,24,서남생활권
608,서남생활권,2,하행,1140019400,342,11,권역별,24,서남생활권
608,서남생활권,2,하행,1140020300,343,11,권역별,24,서남생활권
608,서남생활권,2,하행,1140019700,344,11,권역별,24,서남생활권
608,서남생활권,2,하행,1140019100,345,11,권역별,24,서남생활권
608,서남생활권,2,하행,1140018500,346,11,권역별,24,서남생활권
608,서남생활권,2,하행,1140017900,347,11,권역별,24,서남생활권
608,서남생활권,2,하행,1180027800,348,11,권역별,24,서남생활권
608,서남생활권,2,하행,1150006500,349,11,권역별,24,서남생활권
608,서남생활권,2,하행,1150006000,350,11,권역별,24,서남생활권
608,서남생활권,2,하행,1150004500,351,11,권역별,24,서남생활권
608,서남생활권,2,하행,1150003100,352,11,권역별,24,서남생활권
608,서남생활권,2,하행,1150002300,353,11,권역별,24,서남생활권
608,서남생활권,2,하행,1180005600,354,11,권역별,24,서남생활권
608,서남생활권,2,하행,1180005000,355,11,권역별,24,서남생활권
608,서남생활권,2,하행,1180004100,356,11,권역별,24,서남생활권
608,서남생활권,2,하행,1180002700,357,11,권역별,24,서남생활권
608,서남생활권,2,하행,1190000500,358,11,권역별,24,서남생활권
608,서남생활권,2,하행,1190000100,359,11,권역별,24,서남생활권
608,서남생활권,2,하행,1210004300,360,11,권역별,24,서남생활권
608,서남생활권,2,하행,1160004600,361,11,권역별,24,서남생활권
608,서남생활권,2,하행,1150011700,362,11,권역별,24,서남생활권
608,서남생활권,2,하행,1160015300,363,11,권역별,24,서남생활권
608,서남생활권,2,하행,1160013100,364,11,권역별,24,서남생활권
608,서남생활권,2,하행,1200009800,365,11,권역별,24,서남생활권
608,서남생활권,2,하행,1200009500,366,11,권역별,24,서남생활권
608,서남생활권,2,하행,1180019100,367,11,권역별,24,서남생활권
608,서남생활권,2,하행,1180022500,368,11,권역별,24,서남생활권
608,서남생활권,2,하행,1180026100,369,11,권역별,24,서남생활권
608,서남생활권,2,하행,1180031300,370,11,권역별,24,서남생활권
608,서남생활권,2,하행,1180033100,371,11,권역별,24,서남생활권
608,서남생활권,2,하행,1150007800,372,11,권역별,24,서남생활권
608,서남생활권,2,하행,1150007400,373,11,권역별,24,서남생활권
608,서남생활권,2,하행,1140027300,374,11,권역별,24,서남생활권
608,서남생활권,2,하행,1150008500,375,11,권역별,24,서남생활권
608,서남생활권,2,하행,1190004500,376,11,권역별,24,서남생활권
608,서남생활권,2,하행,1190002100,377,11,권역별,24,서남생활권
608,서남생활권,2,하행,1140000300,378,11,권역별,24,서남생활권
608,서남생활권,2,하행,1150000400,379,11,권역별,24,서남생활권
608,서남생활권,2,하행,1150000600,380,11,권역별,24,서남생활권
608,서남생활권,2,하행,1150001000,381,11,권역별,24,서남생활권
608,서남생활권,2,하행,1150001400,382,11,권역별,24,서남생활권
608,서남생활권,2,하행,1150001800,383,11,권역별,24,서남생활권
608,서남생활권,2,하행,1150002000,384,11,권역별,24,서남생활권
608,서남생활권,2,하행,1150013700,385,11,권역별,24,서남생활권
608,서남생활권,2,하행,1150014500,386,11,권역별,24,서남생활권
608,서남생활권,2,하행,1150014700,387,11,권역별,24,서남생활권
608,서남생활권,2,하행,1200007500,388,11,권역별,24,서남생활권
608,서남생활권,2,하행,1200005100,389,11,권역별,24,서남생활권
608,서남생활권,2,하행,1150015600,390,11,권역별,24,서남생활권
608,서남생활권,2,하행,1150013400,391,11,권역별,24,서남생활권
608,서남생활권,2,하행,1160014200,392,11,권역별,24,서남생활권
608,서남생활권,2,하행,1160016600,393,11,권역별,24,서남생활권
608,서남생활권,2,하행,1160017200,394,11,권역별,24,서남생활권
608,서남생활권,2,하행,1140002600,395,11,권역별,24,서남생활권
608,서남생활권,2,하행,1140006600,396,11,권역별,24,서남생활권
608,서남생활권,2,하행,1140012400,397,11,권역별,24,서남생활권
608,서남생활권,2,하행,1140016000,398,11,권역별,24,서남생활권
608,서남생활권,2,하행,1140020800,399,11,권역별,24,서남생활권
608,서남생활권,2,하행,1150012100,400,11,권역별,24,서남생활권
608,서남생활권,2,하행,1210008000,401,11,권역별,24,서남생활권
608,서남생활권,2,하행,1150018100,402,11,권역별,24,서남생활권
608,서남생활권,2,하행,1150018300,403,11,권역별,24,서남생활권
608,서남생활권,2,하행,1200006700,404,11,권역별,24,서남생활권
608,서남생활권,2,하행,1200004900,405,11,권역별,24,서남생활권
608,서남생활권,2,하행,1200003300,406,11,권역별,24,서남생활권
608,서남생활권,2,하행,1200000700,407,11,권역별,24,서남생활권
608,서남생활권,2,하행,1150014900,408,11,권역별,24,서남생활권
608,서남생활권,2,하행,1150018400,409,11,권역별,24,서남생활권
608,서남생활권,2,하행,1150017400,410,11,권역별,24,서남생활권
608,서남생활권,2,하행,1150016200,411,11,권역별,24,서남생활권
608,서남생활권,2,하행,1150015400,412,11,권역별,24,서남생활권
608,서남생활권,2,하행,1150013800,413,11,권역별,24,서남생활권
608,서남생활권,2,하행,1190004700,414,11,권역별,24,서남생활권
608,서남생활권,2,하행,1190003500,415,11,권역별,24,서남생활권
608,서남생활권,2,하행,1190002500,416,11,권역별,24,서남생활권
608,서남생활권,2,하행,1170001800,417,11,권역별,24,서남생활권
608,서남생활권,2,하행,1170002600,418,11,권역별,24,서남생활권
608,서남생활권,2,하행,1150016400,419,11,권역별,24,서남생활권
608,서남생활권,2,하행,1150015000,420,11,권역별,24,서남생활권
608,서남생활권,2,하행,1150013200,421,11,권역별,24,서남생활권
608,서남생활권,2,하행,1150012200,422,11,권역별,24,서남생활권
608,서남생활권,2,하행,1150011000,423,11,권역별,24,서남생활권
608,서남생활권,2,하행,1150010000,424,11,권역별,24,서남생활권
608,서남생활권,2,하행,1140038100,425,11,권역별,24,서남생활권
608,서남생활권,2,하행,1140038000,426,11,권역별,24,서남생활권
608,서남생활권,2,하행,2130004002,427,11,권역별,24,서남생활권
608,서남생활권,2,하행,1160007000,428,11,권역별,24,서남생활권
608,서남생활권,2,하행,1160008400,429,11,권역별,24,서남생활권
608,서남생활권,2,하행,1160010600,430,11,권역별,24,서남생활권
608,서남생활권,2,하행,1160011800,431,11,권역별,24,서남생활권
608,서남생활권,2,하행,1160012600,432,11,권역별,24,서남생활권
608,서남생활권,2,하행,1180009900,433,11,권역별,24,서남생활권
608,서남생활권,2,하행,1180010900,434,11,권역별,24,서남생활권
608,서남생활권,2,하행,1180011900,435,11,권역별,24,서남생활권
608,서남생활권,2,하행,1180011200,436,11,권역별,24,서남생활권
608,서남생활권,2,하행,1160012300,437,11,권역별,24,서남생활권
608,서남생활권,2,하행,1160010700,438,11,권역별,24,서남생활권
608,서남생활권,2,하행,1160008900,439,11,권역별,24,서남생활권
608,서남생활권,2,하행,1160007100,440,11,권역별,24,서남생활권
608,서남생활권,2,하행,1160005300,441,11,권역별,24,서남생활권
608,서남생활권,2,하행,3201506400,442,11,권역별,24,서남생활권
608,서남생활권,2,하행,1160015900,443,11,권역별,24,서남생활권
608,서남생활권,2,하행,1160014700,444,11,권역별,24,서남생활권
608,서남생활권,2,하행,1160013700,445,11,권역별,24,서남생활권
608,서남생활권,2,하행,1160012700,446,11,권역별,24,서남생활권
608,서남생활권,2,하행,1160011900,447,11,권역별,24,서남생활권
608,서남생활권,2,하행,1160009300,448,11,권역별,24,서남생활권
608,서남생활권,2,하행,3201508700,449,11,권역별,24,서남생활권
608,서남생활권,2,하행,1209920040,450,11,권역별,24,서남생활권
608,서남생활권,2,하행,1209920050,451,11,권역별,24,서남생활권
608,서남생활권,2,하행,1209920060,452,11,권역별,24,서남생활권
608,서남생활권,2,하행,1209920070,453,11,권역별,24,서남생활권
608,서남생활권,2,하행,1209920080,454,11,권역별,24,서남생활권
608,서남생활권,2,하행,1179920090,455,11,권역별,24,서남생활권
608,서남생활권,2,하행,1179920100,456,11,권역별,24,서남생활권
608,서남생활권,2,하행,1179920110,457,11,권역별,24,서남생활권
608,서남생활권,2,하행,1180030200,458,11,권역별,24,서남생활권
608,서남생활권,2,하행,1180026600,459,11,권역별,24,서남생활권
608,서남생활권,2,하행,1180023000,460,11,권역별,24,서남생활권
608,서남생활권,2,하행,1180019800,461,11,권역별,24,서남생활권
608,서남생활권,2,하행,1180036400,462,11,권역별,24,서남생활권
608,서남생활권,2,하행,1180033200,463,11,권역별,24,서남생활권
608,서남생활권,2,하행,1180031400,464,11,권역별,24,서남생활권
608,서남생활권,2,하행,1180030000,465,11,권역별,24,서남생활권
608,서남생활권,2,하행,1180029700,466,11,권역별,24,서남생활권
608,서남생활권,2,하행,1180030700,467,11,권역별,24,서남생활권
608,서남생활권,2,하행,1180031900,468,11,권역별,24,서남생활권
608,서남생활권,2,하행,1180034100,469,11,권역별,24,서남생활권
608,서남생활권,2,하행,1180035700,470,11,권역별,24,서남생활권
608,서남생활권,2,하행,1180037100,471,11,권역별,24,서남생활권
608,서남생활권,2,하행,1140029400,472,11,권역별,24,서남생활권
608,서남생활권,2,하행,1140029600,473,11,권역별,24,서남생활권
608,서남생활권,2,하행,1140028900,474,11,권역별,24,서남생활권
608,서남생활권,2,하행,1140028100,475,11,권역별,24,서남생활권
608,서남생활권,2,하행,1140026100,476,11,권역별,24,서남생활권
608,서남생활권,2,하행,1140024900,477,11,권역별,24,서남생활권
608,서남생활권,2,하행,1140022100,478,11,권역별,24,서남생활권
608,서남생활권,2,하행,1150022000,479,11,권역별,24,서남생활권
608,서남생활권,2,하행,1150021800,480,11,권역별,24,서남생활권
608,서남생활권,2,하행,1150021200,481,11,권역별,24,서남생활권
608,서남생활권,2,하행,1150020400,482,11,권역별,24,서남생활권
608,서남생활권,2,하행,1150019600,483,11,권역별,24,서남생활권
608,서남생활권,2,하행,1150018800,484,11,권역별,24,서남생활권
608,서남생활권,2,하행,1150017800,485,11,권역별,24,서남생활권
608,서남생활권,2,하행,1170004200,486,11,권역별,24,서남생활권
608,서남생활권,2,하행,1170005800,487,11,권역별,24,서남생활권
608,서남생활권,2,하행,1170007000,488,11,권역별,24,서남생활권
608,서남생활권,2,하행,1170009200,489,11,권역별,24,서남생활권
608,서남생활권,2,하행,1170010400,490,11,권역별,24,서남생활권
608,서남생활권,2,하행,1170011000,491,11,권역별,24,서남생활권
608,서남생활권,2,하행,1150021700,492,11,권역별,24,서남생활권
608,서남생활권,2,하행,1170002200,493,11,권역별,24,서남생활권
608,서남생활권,2,하행,1170002400,494,11,권역별,24,서남생활권
608,서남생활권,2,하행,1170000800,495,11,권역별,24,서남생활권
608,서남생활권,2,하행,1170001600,496,11,권역별,24,서남생활권
608,서남생활권,2,하행,1150005100,497,11,권역별,24,서남생활권
608,서남생활권,2,하행,1150004700,498,11,권역별,24,서남생활권
608,서남생활권,2,하행,1150010500,499,11,권역별,24,서남생활권
608,서남생활권,2,하행,1200001200,500,11,권역별,24,서남생활권
608,서남생활권,2,하행,1170010700,501,11,권역별,24,서남생활권
608,서남생활권,2,하행,1170010100,502,11,권역별,24,서남생활권
608,서남생활권,2,하행,1170008700,503,11,권역별,24,서남생활권
608,서남생활권,2,하행,1170006700,504,11,권역별,24,서남생활권
608,서남생활권,2,하행,1170005300,505,11,권역별,24,서남생활권
608,서남생활권,2,하행,1200009300,506,11,권역별,24,서남생활권
608,서남생활권,2,하행,1200006100,507,11,권역별,24,서남생활권
608,서남생활권,2,하행,1200003100,508,11,권역별,24,서남생활권
608,서남생활권,2,하행,1200000900,509,11,권역별,24,서남생활권
608,서남생활권,2,하행,3201508500,510,11,권역별,24,서남생활권
608,서남생활권,2,하행,1200001600,511,11,권역별,24,서남생활권
608,서남생활권,2,하행,1200002000,512,11,권역별,24,서남생활권
608,서남생활권,2,하행,1200002600,513,11,권역별,24,서남생활권
608,서남생활권,2,하행,1200003800,514,11,권역별,24,서남생활권
608,서남생활권,2,하행,1200004800,515,11,권역별,24,서남생활권
608,서남생활권,2,하행,1200006000,516,11,권역별,24,서남생활권
608,서남생활권,2,하행,1200007900,517,11,권역별,24,서남생활권
608,서남생활권,2,하행,1200007100,518,11,권역별,24,서남생활권
608,서남생활권,2,하행,1200005700,519,11,권역별,24,서남생활권
608,서남생활권,2,하행,1200003900,520,11,권역별,24,서남생활권
608,서남생활권,2,하행,1200002700,521,11,권역별,24,서남생활권
608,서남생활권,2,하행,1160003800,522,11,권역별,24,서남생활권
608,서남생활권,2,하행,1160008200,523,11,권역별,24,서남생활권
608,서남생활권,2,하행,1160009600,524,11,권역별,24,서남생활권
608,서남생활권,2,하행,1160011000,525,11,권역별,24,서남생활권
608,서남생활권,2,하행,1160013400,526,11,권역별,24,서남생활권
608,서남생활권,2,하행,1160016200,527,11,권역별,24,서남생활권
608,서남생활권,2,하행,1140003400,528,11,권역별,24,서남생활권
608,서남생활권,2,하행,1140011400,529,11,권역별,24,서남생활권
608,서남생활권,2,하행,1140017200,530,11,권역별,24,서남생활권
608,서남생활권,2,하행,1140023400,531,11,권역별,24,서남생활권
608,서남생활권,2,하행,1140030800,532,11,권역별,24,서남생활권
608,서남생활권,2,하행,1140036400,533,11,권역별,24,서남생활권
608,서남생활권,2,하행,1140039800,534,11,권역별,24,서남생활권
608,서남생활권,2,하행,1150011900,535,11,권역별,24,서남생활권
608,서남생활권,2,하행,1150012700,536,11,권역별,24,서남생활권
608,서남생활권,2,하행,1140013700,537,11,권역별,24,서남생활권
608,서남생활권,2,하행,1170007100,538,11,권역별,24,서남생활권
608,서남생활권,2,하행,1170005900,539,11,권역별,24,서남생활권
608,서남생활권,2,하행,1190006600,540,11,권역별,24,서남생활권
608,서남생활권,2,하행,1190007400,541,11,권역별,24,서남생활권
608,서남생활권,2,하행,1190006700,542,11,권역별,24,서남생활권
608,서남생활권,2,하행,1190007200,543,11,권역별,24,서남생활권
608,서남생활권,2,하행,1180025900,544,11,권역별,24,서남생활권
608,서남생활권,2,하행,1180034700,545,11,권역별,24,서남생활권
608,서남생활권,2,하행,1180039100,546,11,권역별,24,서남생활권
608,서남생활권,2,하행,1180040700,547,11,권역별,24,서남생활권
608,서남생활권,2,하행,1180003400,548,11,권역별,24,서남생활권
608,서남생활권,2,하행,1180003600,549,11,권역별,24,서남생활권
608,서남생활권,2,하행,1180004400,550,11,권역별,24,서남생활권
608,서남생활권,2,하행,1180004800,551,11,권역별,24,서남생활권
608,서남생활권,2,하행,1190005800,552,11,권역별,24,서남생활권
608,서남생활권,2,하행,1190006000,553,11,권역별,24,서남생활권
608,서남생활권,2,하행,1190006400,554,11,권역별,24,서남생활권
608,서남생활권,2,하행,1190005100,555,11,권역별,24,서남생활권
608,서남생활권,2,하행,1190005300,556,11,권역별,24,서남생활권
608,서남생활권,2,하행,1180040200,557,11,권역별,24,서남생활권
608,서남생활권,2,하행,1180038200,558,11,권역별,24,서남생활권
608,서남생활권,2,하행,1180035000,559,11,권역별,24,서남생활권
608,서남생활권,2,하행,1180031000,560,11,권역별,24,서남생활권
608,서남생활권,2,하행,1180025600,561,11,권역별,24,서남생활권
608,서남생활권,2,하행,1180021800,562,11,권역별,24,서남생활권
608,서남생활권,2,하행,1180017400,563,11,권역별,24,서남생활권
608,서남생활권,2,하행,1180036700,564,11,권역별,24,서남생활권
608,서남생활권,2,하행,1200010200,565,11,권역별,24,서남생활권
608,서남생활권,2,하행,1180006300,566,11,권역별,24,서남생활권
608,서남생활권,2,하행,1180006700,567,11,권역별,24,서남생활권
608,서남생활권,2,하행,1180007700,568,11,권역별,24,서남생활권
608,서남생활권,2,하행,1180010100,569,11,권역별,24,서남생활권
608,서남생활권,2,하행,1180012400,570,11,권역별,24,서남생활권
608,서남생활권,2,하행,1180012200,571,11,권역별,24,서남생활권
608,서남생활권,2,하행,1180011000,572,11,권역별,24,서남생활권
608,서남생활권,2,하행,1180009600,573,11,권역별,24,서남생활권
608,서남생활권,2,하행,1180008600,574,11,권역별,24,서남생활권
608,서남생활권,2,하행,3201507900,575,11,권역별,24,서남생활권
609,서북생활권,1,상행,1120009800,1,11,권역별,25,서북생활권
609,서북생활권,1,상행,1120010200,2,11,권역별,25,서북생활권
609,서북생활권,1,상행,1120011600,3,11,권역별,25,서북생활권
609,서북생활권,1,상행,1120012600,4,11,권역별,25,서북생활권
609,서북생활권,1,상행,1110004800,5,11,권역별,25,서북생활권
609,서북생활권,1,상행,1110006600,6,11,권역별,25,서북생활권
609,서북생활권,1,상행,1110007400,7,11,권역별,25,서북생활권
609,서북생활권,1,상행,1110007600,8,11,권역별,25,서북생활권
609,서북생활권,1,상행,1110009400,9,11,권역별,25,서북생활권
609,서북생활권,1,상행,1110012000,10,11,권역별,25,서북생활권
609,서북생활권,1,상행,1110014200,11,11,권역별,25,서북생활권
609,서북생활권,1,상행,1130009000,12,11,권역별,25,서북생활권
609,서북생활권,1,상행,1130010800,13,11,권역별,25,서북생활권
609,서북생활권,1,상행,1130011600,14,11,권역별,25,서북생활권
609,서북생활권,1,상행,1130012000,15,11,권역별,25,서북생활권
609,서북생활권,1,상행,1130012200,16,11,권역별,25,서북생활권
609,서북생활권,1,상행,1130012400,17,11,권역별,25,서북생활권
609,서북생활권,1,상행,1130012600,18,11,권역별,25,서북생활권
609,서북생활권,1,상행,1130018300,19,11,권역별,25,서북생활권
609,서북생활권,1,상행,1130016700,20,11,권역별,25,서북생활권
609,서북생활권,1,상행,1130016500,21,11,권역별,25,서북생활권
609,서북생활권,1,상행,1130015100,22,11,권역별,25,서북생활권
609,서북생활권,1,상행,1130014300,23,11,권역별,25,서북생활권
609,서북생활권,1,상행,1130000400,24,11,권역별,25,서북생활권
609,서북생활권,1,상행,1130000800,25,11,권역별,25,서북생활권
609,서북생활권,1,상행,1130001400,26,11,권역별,25,서북생활권
609,서북생활권,1,상행,1130001000,27,11,권역별,25,서북생활권
609,서북생활권,1,상행,1130002000,28,11,권역별,25,서북생활권
609,서북생활권,1,상행,1130002400,29,11,권역별,25,서북생활권
609,서북생활권,1,상행,1130003400,30,11,권역별,25,서북생활권
609,서북생활권,1,상행,1130004400,31,11,권역별,25,서북생활권
609,서북생활권,1,상행,1130005800,32,11,권역별,25,서북생활권
609,서북생활권,1,상행,1130007000,33,11,권역별,25,서북생활권
609,서북생활권,1,상행,1130002700,34,11,권역별,25,서북생활권
609,서북생활권,1,상행,1130001700,35,11,권역별,25,서북생활권
609,서북생활권,1,상행,1130001100,36,11,권역별,25,서북생활권
609,서북생활권,1,상행,1130000500,37,11,권역별,25,서북생활권
609,서북생활권,1,상행,1130000100,38,11,권역별,25,서북생활권
609,서북생활권,1,상행,1130009400,39,11,권역별,25,서북생활권
609,서북생활권,1,상행,1020019600,40,11,권역별,25,서북생활권
609,서북생활권,1,상행,1130019700,41,11,권역별,25,서북생활권
609,서북생활권,1,상행,1130018900,42,11,권역별,25,서북생활권
609,서북생활권,1,상행,1130018700,43,11,권역별,25,서북생활권
609,서북생활권,1,상행,1130018100,44,11,권역별,25,서북생활권
609,서북생활권,1,상행,3201508000,45,11,권역별,25,서북생활권
609,서북생활권,1,상행,1130027100,46,11,권역별,25,서북생활권
609,서북생활권,1,상행,1130025900,47,11,권역별,25,서북생활권
609,서북생활권,1,상행,1130024700,48,11,권역별,25,서북생활권
609,서북생활권,1,상행,1130021200,49,11,권역별,25,서북생활권
609,서북생활권,1,상행,1130022400,50,11,권역별,25,서북생활권
609,서북생활권,1,상행,1130022900,51,11,권역별,25,서북생활권
609,서북생활권,1,상행,1120006200,52,11,권역별,25,서북생활권
609,서북생활권,1,상행,1120008000,53,11,권역별,25,서북생활권
609,서북생활권,1,상행,1120009600,54,11,권역별,25,서북생활권
609,서북생활권,1,상행,1120011800,55,11,권역별,25,서북생활권
609,서북생활권,1,상행,1120012800,56,11,권역별,25,서북생활권
609,서북생활권,1,상행,1120007800,57,11,권역별,25,서북생활권
609,서북생활권,1,상행,1130014900,58,11,권역별,25,서북생활권
609,서북생활권,1,상행,1130012700,59,11,권역별,25,서북생활권
609,서북생활권,1,상행,1130010900,60,11,권역별,25,서북생활권
609,서북생활권,1,상행,1130008500,61,11,권역별,25,서북생활권
609,서북생활권,1,상행,1020015900,62,11,권역별,25,서북생활권
609,서북생활권,1,상행,1110016000,63,11,권역별,25,서북생활권
609,서북생활권,1,상행,1110016200,64,11,권역별,25,서북생활권
609,서북생활권,1,상행,3201507600,65,11,권역별,25,서북생활권
609,서북생활권,1,상행,1110013600,66,11,권역별,25,서북생활권
609,서북생활권,1,상행,1110014800,67,11,권역별,25,서북생활권
609,서북생활권,1,상행,1110002800,68,11,권역별,25,서북생활권
609,서북생활권,1,상행,1000008000,69,11,권역별,25,서북생활권
609,서북생활권,1,상행,1020016100,70,11,권역별,25,서북생활권
609,서북생활권,1,상행,1120010700,71,11,권역별,25,서북생활권
609,서북생활권,1,상행,1120008900,72,11,권역별,25,서북생활권
609,서북생활권,1,상행,1120008100,73,11,권역별,25,서북생활권
609,서북생활권,1,상행,1120009200,74,11,권역별,25,서북생활권
609,서북생활권,1,상행,1120011400,75,11,권역별,25,서북생활권
609,서북생활권,1,상행,1130016100,76,11,권역별,25,서북생활권
609,서북생활권,1,상행,1130013500,77,11,권역별,25,서북생활권
609,서북생활권,1,상행,1130010300,78,11,권역별,25,서북생활권
609,서북생활권,1,상행,1120004100,79,11,권역별,25,서북생활권
609,서북생활권,1,상행,1110013300,80,11,권역별,25,서북생활권
609,서북생활권,1,상행,1110012900,81,11,권역별,25,서북생활권
609,서북생활권,1,상행,1110012500,82,11,권역별,25,서북생활권
609,서북생활권,1,상행,1110011100,83,11,권역별,25,서북생활권
609,서북생활권,1,상행,1110009900,84,11,권역별,25,서북생활권
609,서북생활권,1,상행,1110009500,85,11,권역별,25,서북생활권
609,서북생활권,1,상행,1130004200,86,11,권역별,25,서북생활권
609,서북생활권,1,상행,1005002900,87,11,권역별,25,서북생활권
609,서북생활권,1,상행,1130020600,88,11,권역별,25,서북생활권
609,서북생활권,1,상행,1130022200,89,11,권역별,25,서북생활권
609,서북생활권,1,상행,1120005100,90,11,권역별,25,서북생활권
609,서북생활권,1,상행,1120004500,91,11,권역별,25,서북생활권
609,서북생활권,1,상행,1120004400,92,11,권역별,25,서북생활권
609,서북생활권,1,상행,1120005000,93,11,권역별,25,서북생활권
609,서북생활권,1,상행,1120006400,94,11,권역별,25,서북생활권
609,서북생활권,1,상행,1130029300,95,11,권역별,25,서북생활권
609,서북생활권,1,상행,1130028100,96,11,권역별,25,서북생활권
609,서북생활권,1,상행,1130026700,97,11,권역별,25,서북생활권
609,서북생활권,1,상행,1130023900,98,11,권역별,25,서북생활권
609,서북생활권,1,상행,1130023100,99,11,권역별,25,서북생활권
609,서북생활권,1,상행,1130025400,100,11,권역별,25,서북생활권
609,서북생활권,1,상행,1120013600,101,11,권역별,25,서북생활권
609,서북생활권,1,상행,1120014000,102,11,권역별,25,서북생활권
609,서북생활권,1,상행,1120005600,103,11,권역별,25,서북생활권
609,서북생활권,1,상행,1120005800,104,11,권역별,25,서북생활권
609,서북생활권,1,상행,1120007000,105,11,권역별,25,서북생활권
609,서북생활권,1,상행,1120008600,106,11,권역별,25,서북생활권
609,서북생활권,1,상행,1110003000,107,11,권역별,25,서북생활권
609,서북생활권,1,상행,1110003400,108,11,권역별,25,서북생활권
609,서북생활권,1,상행,1110004000,109,11,권역별,25,서북생활권
609,서북생활권,1,상행,1110005000,110,11,권역별,25,서북생활권
609,서북생활권,1,상행,1110006200,111,11,권역별,25,서북생활권
609,서북생활권,1,상행,1120000500,112,11,권역별,25,서북생활권
609,서북생활권,1,상행,1130002900,113,11,권역별,25,서북생활권
609,서북생활권,1,상행,1130003200,114,11,권역별,25,서북생활권
609,서북생활권,1,상행,1120000200,115,11,권역별,25,서북생활권
609,서북생활권,1,상행,1120000400,116,11,권역별,25,서북생활권
609,서북생활권,1,상행,1130003500,117,11,권역별,25,서북생활권
609,서북생활권,1,상행,1120000800,118,11,권역별,25,서북생활권
609,서북생활권,1,상행,1130003700,119,11,권역별,25,서북생활권
609,서북생활권,1,상행,1130002500,120,11,권역별,25,서북생활권
609,서북생활권,1,상행,1130002100,121,11,권역별,25,서북생활권
609,서북생활권,1,상행,1130001500,122,11,권역별,25,서북생활권
609,서북생활권,1,상행,1110010800,123,11,권역별,25,서북생활권
609,서북생활권,1,상행,1110011000,124,11,권역별,25,서북생활권
609,서북생활권,1,상행,1110012800,125,11,권역별,25,서북생활권
609,서북생활권,1,상행,1130019300,126,11,권역별,25,서북생활권
609,서북생활권,1,상행,1130021600,127,11,권역별,25,서북생활권
609,서북생활권,1,상행,1110001200,128,11,권역별,25,서북생활권
609,서북생활권,1,상행,1110001400,129,11,권역별,25,서북생활권
609,서북생활권,1,상행,1110001600,130,11,권역별,25,서북생활권
609,서북생활권,1,상행,1110014000,131,11,권역별,25,서북생활권
609,서북생활권,1,상행,1110014600,132,11,권역별,25,서북생활권
609,서북생활권,1,상행,1110015000,133,11,권역별,25,서북생활권
609,서북생활권,1,상행,1110015600,134,11,권역별,25,서북생활권
609,서북생활권,1,상행,1110015700,135,11,권역별,25,서북생활권
607,동북생활권,2,하행,1070002800,436,11,권역별,23,동북생활권
607,동북생활권,2,하행,1040003100,437,11,권역별,23,동북생활권
607,동북생활권,2,하행,1040001700,438,11,권역별,23,동북생활권
607,동북생활권,2,하행,1040000900,439,11,권역별,23,동북생활권
607,동북생활권,2,하행,1040000300,440,11,권역별,23,동북생활권
607,동북생활권,2,하행,1040005700,441,11,권역별,23,동북생활권
607,동북생활권,2,하행,1040007300,442,11,권역별,23,동북생활권
607,동북생활권,2,하행,1050013300,443,11,권역별,23,동북생활권
607,동북생활권,2,하행,1050010300,444,11,권역별,23,동북생활권
607,동북생활권,2,하행,1050004100,445,11,권역별,23,동북생활권
607,동북생활권,2,하행,1070019700,446,11,권역별,23,동북생활권
607,동북생활권,2,하행,1070018500,447,11,권역별,23,동북생활권
607,동북생활권,2,하행,1070018700,448,11,권역별,23,동북생활권
607,동북생활권,2,하행,1050009500,449,11,권역별,23,동북생활권
607,동북생활권,2,하행,1050004300,450,11,권역별,23,동북생활권
607,동북생활권,2,하행,1050014500,451,11,권역별,23,동북생활권
607,동북생활권,2,하행,1050012100,452,11,권역별,23,동북생활권
607,동북생활권,2,하행,1050009100,453,11,권역별,23,동북생활권
607,동북생활권,2,하행,1050004900,454,11,권역별,23,동북생활권
607,동북생활권,2,하행,1050003900,455,11,권역별,23,동북생활권
607,동북생활권,2,하행,1005003600,456,11,권역별,23,동북생활권
607,동북생활권,2,하행,1005003400,457,11,권역별,23,동북생활권
607,동북생활권,2,하행,1070012400,458,11,권역별,23,동북생활권
607,동북생활권,2,하행,1070013200,459,11,권역별,23,동북생활권
607,동북생활권,2,하행,1070013400,460,11,권역별,23,동북생활권
607,동북생활권,2,하행,1070014800,461,11,권역별,23,동북생활권
607,동북생활권,2,하행,1070015100,462,11,권역별,23,동북생활권
607,동북생활권,2,하행,1070016200,463,11,권역별,23,동북생활권
607,동북생활권,2,하행,1050014700,464,11,권역별,23,동북생활권
607,동북생활권,2,하행,1050012300,465,11,권역별,23,동북생활권
607,동북생활권,2,하행,1050015600,466,11,권역별,23,동북생활권
607,동북생활권,2,하행,1050015900,467,11,권역별,23,동북생활권
607,동북생활권,2,하행,1050015700,468,11,권역별,23,동북생활권
607,동북생활권,2,하행,1050015300,469,11,권역별,23,동북생활권
607,동북생활권,2,하행,1070013700,470,11,권역별,23,동북생활권
607,동북생활권,2,하행,1070010300,471,11,권역별,23,동북생활권
607,동북생활권,2,하행,1070007500,472,11,권역별,23,동북생활권
607,동북생활권,2,하행,1050017500,473,11,권역별,23,동북생활권
607,동북생활권,2,하행,1100018000,474,11,권역별,23,동북생활권
607,동북생활권,2,하행,1100020800,475,11,권역별,23,동북생활권
607,동북생활권,2,하행,1100022600,476,11,권역별,23,동북생활권
607,동북생활권,2,하행,1100024600,477,11,권역별,23,동북생활권
607,동북생활권,2,하행,1100026400,478,11,권역별,23,동북생활권
607,동북생활권,2,하행,1100027200,479,11,권역별,23,동북생활권
607,동북생활권,2,하행,1100027400,480,11,권역별,23,동북생활권
607,동북생활권,2,하행,3201501200,481,11,권역별,23,동북생활권
607,동북생활권,2,하행,1060014600,482,11,권역별,23,동북생활권
607,동북생활권,2,하행,1060015800,483,11,권역별,23,동북생활권
607,동북생활권,2,하행,1060016800,484,11,권역별,23,동북생활권
607,동북생활권,2,하행,1060017800,485,11,권역별,23,동북생활권
607,동북생활권,2,하행,1060018600,486,11,권역별,23,동북생활권
607,동북생활권,2,하행,1060020200,487,11,권역별,23,동북생활권
607,동북생활권,2,하행,1060017500,488,11,권역별,23,동북생활권
607,동북생활권,2,하행,1060013700,489,11,권역별,23,동북생활권
607,동북생활권,2,하행,1060011100,490,11,권역별,23,동북생활권
607,동북생활권,2,하행,1070003600,491,11,권역별,23,동북생활권
607,동북생활권,2,하행,1000019300,492,11,권역별,23,동북생활권
607,동북생활권,2,하행,1040002000,493,11,권역별,23,동북생활권
607,동북생활권,2,하행,1040002300,494,11,권역별,23,동북생활권
607,동북생활권,2,하행,1040002700,495,11,권역별,23,동북생활권
607,동북생활권,2,하행,1040003300,496,11,권역별,23,동북생활권
607,동북생활권,2,하행,1040003800,497,11,권역별,23,동북생활권
607,동북생활권,2,하행,1040004400,498,11,권역별,23,동북생활권
607,동북생활권,2,하행,1040004800,499,11,권역별,23,동북생활권
607,동북생활권,2,하행,1040005000,500,11,권역별,23,동북생활권
607,동북생활권,2,하행,1040015500,501,11,권역별,23,동북생활권
607,동북생활권,2,하행,1050003800,502,11,권역별,23,동북생활권
607,동북생활권,2,하행,1030016000,503,11,권역별,23,동북생활권
607,동북생활권,2,하행,1030017200,504,11,권역별,23,동북생활권
607,동북생활권,2,하행,1050004600,505,11,권역별,23,동북생활권
607,동북생활권,2,하행,1050005400,506,11,권역별,23,동북생활권
607,동북생활권,2,하행,1050006600,507,11,권역별,23,동북생활권
607,동북생활권,2,하행,1050008200,508,11,권역별,23,동북생활권
607,동북생활권,2,하행,1050008500,509,11,권역별,23,동북생활권
607,동북생활권,2,하행,1050008400,510,11,권역별,23,동북생활권
607,동북생활권,2,하행,1050007500,511,11,권역별,23,동북생활권
607,동북생활권,2,하행,1050005500,512,11,권역별,23,동북생활권
607,동북생활권,2,하행,1030020400,513,11,권역별,23,동북생활권
607,동북생활권,2,하행,1010019700,514,11,권역별,23,동북생활권
607,동북생활권,2,하행,1040009500,515,11,권역별,23,동북생활권
607,동북생활권,2,하행,1040010500,516,11,권역별,23,동북생활권
607,동북생활권,2,하행,1040011500,517,11,권역별,23,동북생활권
607,동북생활권,2,하행,1040012700,518,11,권역별,23,동북생활권
607,동북생활권,2,하행,1040012900,519,11,권역별,23,동북생활권
607,동북생활권,2,하행,1040013100,520,11,권역별,23,동북생활권
607,동북생활권,2,하행,1040013500,521,11,권역별,23,동북생활권
607,동북생활권,2,하행,1040013700,522,11,권역별,23,동북생활권
607,동북생활권,2,하행,1030009900,523,11,권역별,23,동북생활권
607,동북생활권,2,하행,1030010200,524,11,권역별,23,동북생활권
607,동북생활권,2,하행,1030010800,525,11,권역별,23,동북생활권
607,동북생활권,2,하행,1030012200,526,11,권역별,23,동북생활권
607,동북생활권,2,하행,1004350700,527,11,권역별,23,동북생활권
607,동북생활권,2,하행,1030009500,528,11,권역별,23,동북생활권
607,동북생활권,2,하행,1030007700,529,11,권역별,23,동북생활권
607,동북생활권,2,하행,1010013200,530,11,권역별,23,동북생활권
607,동북생활권,2,하행,1040008800,531,11,권역별,23,동북생활권
607,동북생활권,2,하행,1100033400,532,11,권역별,23,동북생활권
607,동북생활권,2,하행,1100033800,533,11,권역별,23,동북생활권
607,동북생활권,2,하행,1100033500,534,11,권역별,23,동북생활권
607,동북생활권,2,하행,1100032900,535,11,권역별,23,동북생활권
607,동북생활권,2,하행,1100031100,536,11,권역별,23,동북생활권
607,동북생활권,2,하행,1100030500,537,11,권역별,23,동북생활권
607,동북생활권,2,하행,1100028100,538,11,권역별,23,동북생활권
607,동북생활권,2,하행,1100026100,539,11,권역별,23,동북생활권
607,동북생활권,2,하행,1100024100,540,11,권역별,23,동북생활권
607,동북생활권,2,하행,1100019700,541,11,권역별,23,동북생활권
607,동북생활권,2,하행,1100017100,542,11,권역별,23,동북생활권
607,동북생활권,2,하행,1100016700,543,11,권역별,23,동북생활권
607,동북생활권,2,하행,1100016300,544,11,권역별,23,동북생활권
607,동북생활권,2,하행,1100015500,545,11,권역별,23,동북생활권
607,동북생활권,2,하행,1100014900,546,11,권역별,23,동북생활권
607,동북생활권,2,하행,1080012500,547,11,권역별,23,동북생활권
607,동북생활권,2,하행,1080011100,548,11,권역별,23,동북생활권
607,동북생활권,2,하행,1080009700,549,11,권역별,23,동북생활권
607,동북생활권,2,하행,1080006700,550,11,권역별,23,동북생활권
607,동북생활권,2,하행,1080005300,551,11,권역별,23,동북생활권
607,동북생활권,2,하행,1080004500,552,11,권역별,23,동북생활권
607,동북생활권,2,하행,1070021900,553,11,권역별,23,동북생활권
607,동북생활권,2,하행,1070021300,554,11,권역별,23,동북생활권
607,동북생활권,2,하행,1070020900,555,11,권역별,23,동북생활권
607,동북생활권,2,하행,1070019100,556,11,권역별,23,동북생활권
607,동북생활권,2,하행,1070017700,557,11,권역별,23,동북생활권
607,동북생활권,2,하행,1070015900,558,11,권역별,23,동북생활권
607,동북생활권,2,하행,1050021900,559,11,권역별,23,동북생활권
607,동북생활권,2,하행,1050020700,560,11,권역별,23,동북생활권
607,동북생활권,2,하행,1050019900,561,11,권역별,23,동북생활권
607,동북생활권,2,하행,1050018100,562,11,권역별,23,동북생활권
607,동북생활권,2,하행,1050016100,563,11,권역별,23,동북생활권
607,동북생활권,2,하행,1050012900,564,11,권역별,23,동북생활권
607,동북생활권,2,하행,1050009900,565,11,권역별,23,동북생활권
607,동북생활권,2,하행,1030019300,566,11,권역별,23,동북생활권
607,동북생활권,2,하행,1050020900,567,11,권역별,23,동북생활권
607,동북생활권,2,하행,1070018100,568,11,권역별,23,동북생활권
607,동북생활권,2,하행,1070015500,569,11,권역별,23,동북생활권
607,동북생활권,2,하행,1050021700,570,11,권역별,23,동북생활권
607,동북생활권,2,하행,1090008100,571,11,권역별,23,동북생활권
607,동북생활권,2,하행,1090008800,572,11,권역별,23,동북생활권
607,동북생활권,2,하행,1090008300,573,11,권역별,23,동북생활권
607,동북생활권,2,하행,1090007700,574,11,권역별,23,동북생활권
607,동북생활권,2,하행,1090004700,575,11,권역별,23,동북생활권
607,동북생활권,2,하행,1090002700,576,11,권역별,23,동북생활권
607,동북생활권,2,하행,1100010900,577,11,권역별,23,동북생활권
607,동북생활권,2,하행,1070021100,578,11,권역별,23,동북생활권
607,동북생활권,2,하행,1000019900,579,11,권역별,23,동북생활권
607,동북생활권,2,하행,1050016700,580,11,권역별,23,동북생활권
607,동북생활권,2,하행,1050015100,581,11,권역별,23,동북생활권
607,동북생활권,2,하행,1050013100,582,11,권역별,23,동북생활권
607,동북생활권,2,하행,1080006300,583,11,권역별,23,동북생활권
607,동북생활권,2,하행,1100012900,584,11,권역별,23,동북생활권
607,동북생활권,2,하행,1100009100,585,11,권역별,23,동북생활권
607,동북생활권,2,하행,1100008100,586,11,권역별,23,동북생활권
607,동북생활권,2,하행,1100007900,587,11,권역별,23,동북생활권
607,동북생활권,2,하행,1100007700,588,11,권역별,23,동북생활권
607,동북생활권,2,하행,1100007500,589,11,권역별,23,동북생활권
607,동북생활권,2,하행,1100007300,590,11,권역별,23,동북생활권
607,동북생활권,2,하행,1100007100,591,11,권역별,23,동북생활권
607,동북생활권,2,하행,1005002800,592,11,권역별,23,동북생활권
607,동북생활권,2,하행,1070018900,593,11,권역별,23,동북생활권
607,동북생활권,2,하행,1005004400,594,11,권역별,23,동북생활권
607,동북생활권,2,하행,1005004200,595,11,권역별,23,동북생활권
607,동북생활권,2,하행,1005004000,596,11,권역별,23,동북생활권
607,동북생활권,2,하행,1005003800,597,11,권역별,23,동북생활권
607,동북생활권,2,하행,1050021300,598,11,권역별,23,동북생활권
607,동북생활권,2,하행,1050018400,599,11,권역별,23,동북생활권
607,동북생활권,2,하행,1050018600,600,11,권역별,23,동북생활권
607,동북생활권,2,하행,1050018800,601,11,권역별,23,동북생활권
607,동북생활권,2,하행,1050017900,602,11,권역별,23,동북생활권
607,동북생활권,2,하행,1050017200,603,11,권역별,23,동북생활권
607,동북생활권,2,하행,1050020400,604,11,권역별,23,동북생활권
607,동북생활권,2,하행,1050019800,605,11,권역별,23,동북생활권
607,동북생활권,2,하행,1050020200,606,11,권역별,23,동북생활권
607,동북생활권,2,하행,3201501000,607,11,권역별,23,동북생활권
607,동북생활권,2,하행,3201500800,608,11,권역별,23,동북생활권
607,동북생활권,2,하행,3201501600,609,11,권역별,23,동북생활권
607,동북생활권,2,하행,3201501400,610,11,권역별,23,동북생활권
607,동북생활권,2,하행,1040007700,611,11,권역별,23,동북생활권
607,동북생활권,2,하행,1040013300,613,11,권역별,23,동북생활권
607,동북생활권,2,하행,1040014100,614,11,권역별,23,동북생활권
607,동북생활권,2,하행,1030012700,615,11,권역별,23,동북생활권
607,동북생활권,2,하행,1030011300,616,11,권역별,23,동북생활권
607,동북생활권,2,하행,1030008300,617,11,권역별,23,동북생활권
607,동북생활권,2,하행,1040016200,618,11,권역별,23,동북생활권
607,동북생활권,2,하행,1040016000,619,11,권역별,23,동북생활권
607,동북생활권,2,하행,1040015800,620,11,권역별,23,동북생활권
607,동북생활권,2,하행,1040015100,621,11,권역별,23,동북생활권
607,동북생활권,2,하행,1010019300,622,11,권역별,23,동북생활권
607,동북생활권,2,하행,1010015500,623,11,권역별,23,동북생활권
607,동북생활권,2,하행,1030015500,624,11,권역별,23,동북생활권
607,동북생활권,2,하행,1030012900,625,11,권역별,23,동북생활권
607,동북생활권,2,하행,1030002500,626,11,권역별,23,동북생활권
607,동북생활권,2,하행,1030002800,627,11,권역별,23,동북생활권
607,동북생활권,2,하행,1050001900,628,11,권역별,23,동북생활권
607,동북생활권,2,하행,1050003300,629,11,권역별,23,동북생활권
607,동북생활권,2,하행,1070000600,630,11,권역별,23,동북생활권
607,동북생활권,2,하행,1070000400,631,11,권역별,23,동북생활권
607,동북생활권,2,하행,1070001400,632,11,권역별,23,동북생활권
607,동북생활권,2,하행,1000002500,633,11,권역별,23,동북생활권
607,동북생활권,2,하행,1100032100,634,11,권역별,23,동북생활권
607,동북생활권,2,하행,1100031900,635,11,권역별,23,동북생활권
607,동북생활권,2,하행,1100031500,636,11,권역별,23,동북생활권
607,동북생활권,2,하행,1100030700,637,11,권역별,23,동북생활권
607,동북생활권,2,하행,1100030300,638,11,권역별,23,동북생활권
607,동북생활권,2,하행,1100029100,639,11,권역별,23,동북생활권
607,동북생활권,2,하행,1100027700,640,11,권역별,23,동북생활권
607,동북생활권,2,하행,1100026700,641,11,권역별,23,동북생활권
607,동북생활권,2,하행,1100025900,642,11,권역별,23,동북생활권
607,동북생활권,2,하행,1100024300,643,11,권역별,23,동북생활권
607,동북생활권,2,하행,1100021900,644,11,권역별,23,동북생활권
607,동북생활권,2,하행,1100019100,645,11,권역별,23,동북생활권
607,동북생활권,2,하행,1100016900,646,11,권역별,23,동북생활권
607,동북생활권,2,하행,1100013700,647,11,권역별,23,동북생활권
607,동북생활권,2,하행,1100009700,648,11,권역별,23,동북생활권
607,동북생활권,2,하행,1100029000,649,11,권역별,23,동북생활권
607,동북생활권,2,하행,1080010400,650,11,권역별,23,동북생활권
607,동북생활권,2,하행,1080012400,651,11,권역별,23,동북생활권
607,동북생활권,2,하행,1090004200,652,11,권역별,23,동북생활권
607,동북생활권,2,하행,1090005200,653,11,권역별,23,동북생활권
607,동북생활권,2,하행,1090005600,654,11,권역별,23,동북생활권
607,동북생활권,2,하행,1090005800,655,11,권역별,23,동북생활권
607,동북생활권,2,하행,1090005300,656,11,권역별,23,동북생활권
607,동북생활권,2,하행,1090006000,657,11,권역별,23,동북생활권
607,동북생활권,2,하행,1090006600,658,11,권역별,23,동북생활권
607,동북생활권,2,하행,1100028600,659,11,권역별,23,동북생활권
607,동북생활권,2,하행,1100028800,660,11,권역별,23,동북생활권
607,동북생활권,2,하행,1100029600,661,11,권역별,23,동북생활권
607,동북생활권,2,하행,1040016600,662,11,권역별,23,동북생활권
607,동북생활권,2,하행,1040015200,663,11,권역별,23,동북생활권
607,동북생활권,2,하행,1040014200,664,11,권역별,23,동북생활권
607,동북생활권,2,하행,1040012000,665,11,권역별,23,동북생활권
607,동북생활권,2,하행,1040009000,666,11,권역별,23,동북생활권
607,동북생활권,2,하행,1040006200,667,11,권역별,23,동북생활권
607,동북생활권,2,하행,1050010900,668,11,권역별,23,동북생활권
607,동북생활권,2,하행,1050010700,669,11,권역별,23,동북생활권
607,동북생활권,2,하행,1050008700,670,11,권역별,23,동북생활권
607,동북생활권,2,하행,1050007300,671,11,권역별,23,동북생활권
607,동북생활권,2,하행,1050007100,672,11,권역별,23,동북생활권
607,동북생활권,2,하행,1050006900,673,11,권역별,23,동북생활권
607,동북생활권,2,하행,1050006100,674,11,권역별,23,동북생활권
607,동북생활권,2,하행,1050005700,675,11,권역별,23,동북생활권
607,동북생활권,2,하행,1060007100,676,11,권역별,23,동북생활권
607,동북생활권,2,하행,1060006900,677,11,권역별,23,동북생활권
608,서남생활권,1,상행,1180016600,1,11,권역별,24,서남생활권
608,서남생활권,1,상행,1180015200,2,11,권역별,24,서남생활권
608,서남생활권,1,상행,1180014400,3,11,권역별,24,서남생활권
608,서남생활권,1,상행,1180013000,4,11,권역별,24,서남생활권
608,서남생활권,1,상행,1180011600,5,11,권역별,24,서남생활권
608,서남생활권,1,상행,1180010400,6,11,권역별,24,서남생활권
608,서남생활권,1,상행,1180009000,7,11,권역별,24,서남생활권
608,서남생활권,1,상행,1180008400,8,11,권역별,24,서남생활권
608,서남생활권,1,상행,1180007200,9,11,권역별,24,서남생활권
608,서남생활권,1,상행,1160010300,10,11,권역별,24,서남생활권
608,서남생활권,1,상행,1160008500,11,11,권역별,24,서남생활권
608,서남생활권,1,상행,1160007300,12,11,권역별,24,서남생활권
608,서남생활권,1,상행,1200009000,13,11,권역별,24,서남생활권
608,서남생활권,1,상행,1160007800,14,11,권역별,24,서남생활권
608,서남생활권,1,상행,1160011200,15,11,권역별,24,서남생활권
608,서남생활권,1,상행,1160014000,16,11,권역별,24,서남생활권
608,서남생활권,1,상행,1160016400,17,11,권역별,24,서남생활권
608,서남생활권,1,상행,1180013700,18,11,권역별,24,서남생활권
608,서남생활권,1,상행,1180014900,19,11,권역별,24,서남생활권
608,서남생활권,1,상행,1180016500,20,11,권역별,24,서남생활권
608,서남생활권,1,상행,1180017100,21,11,권역별,24,서남생활권
608,서남생활권,1,상행,1180014000,22,11,권역별,24,서남생활권
608,서남생활권,1,상행,1180013200,23,11,권역별,24,서남생활권
608,서남생활권,1,상행,1180012000,24,11,권역별,24,서남생활권
608,서남생활권,1,상행,1180011400,25,11,권역별,24,서남생활권
608,서남생활권,1,상행,1160015100,26,11,권역별,24,서남생활권
608,서남생활권,1,상행,1170008900,27,11,권역별,24,서남생활권
608,서남생활권,1,상행,1170006500,28,11,권역별,24,서남생활권
608,서남생활권,1,상행,1170004700,29,11,권역별,24,서남생활권
608,서남생활권,1,상행,1170002700,30,11,권역별,24,서남생활권
608,서남생활권,1,상행,1170001900,31,11,권역별,24,서남생활권
608,서남생활권,1,상행,1210013300,32,11,권역별,24,서남생활권
608,서남생활권,1,상행,1210024100,33,11,권역별,24,서남생활권
608,서남생활권,1,상행,1170005100,34,11,권역별,24,서남생활권
608,서남생활권,1,상행,1150007700,35,11,권역별,24,서남생활권
608,서남생활권,1,상행,1150009900,36,11,권역별,24,서남생활권
608,서남생활권,1,상행,1180006800,37,11,권역별,24,서남생활권
608,서남생활권,1,상행,1180006000,38,11,권역별,24,서남생활권
608,서남생활권,1,상행,1160006700,39,11,권역별,24,서남생활권
608,서남생활권,1,상행,1160005500,40,11,권역별,24,서남생활권
608,서남생활권,1,상행,1160004700,41,11,권역별,24,서남생활권
608,서남생활권,1,상행,1160003900,42,11,권역별,24,서남생활권
608,서남생활권,1,상행,3201509600,43,11,권역별,24,서남생활권
608,서남생활권,1,상행,3201509800,44,11,권역별,24,서남생활권
608,서남생활권,1,상행,3201510000,45,11,권역별,24,서남생활권
608,서남생활권,1,상행,1170007800,46,11,권역별,24,서남생활권
608,서남생활권,1,상행,1170010000,47,11,권역별,24,서남생활권
608,서남생활권,1,상행,1140001000,48,11,권역별,24,서남생활권
608,서남생활권,1,상행,1140001400,49,11,권역별,24,서남생활권
608,서남생활권,1,상행,1140004500,50,11,권역별,24,서남생활권
608,서남생활권,1,상행,1140003900,51,11,권역별,24,서남생활권
608,서남생활권,1,상행,1140004000,52,11,권역별,24,서남생활권
608,서남생활권,1,상행,1140004600,53,11,권역별,24,서남생활권
608,서남생활권,1,상행,1140004300,54,11,권역별,24,서남생활권
608,서남생활권,1,상행,1140005200,55,11,권역별,24,서남생활권
608,서남생활권,1,상행,1140005600,56,11,권역별,24,서남생활권
608,서남생활권,1,상행,1140006400,57,11,권역별,24,서남생활권
608,서남생활권,1,상행,1140007000,58,11,권역별,24,서남생활권
608,서남생활권,1,상행,1140007600,59,11,권역별,24,서남생활권
608,서남생활권,1,상행,1140008600,60,11,권역별,24,서남생활권
608,서남생활권,1,상행,1140009200,61,11,권역별,24,서남생활권
608,서남생활권,1,상행,1140011800,62,11,권역별,24,서남생활권
608,서남생활권,1,상행,1140013400,63,11,권역별,24,서남생활권
608,서남생활권,1,상행,1140015200,64,11,권역별,24,서남생활권
608,서남생활권,1,상행,1140017800,65,11,권역별,24,서남생활권
608,서남생활권,1,상행,1140020200,66,11,권역별,24,서남생활권
608,서남생활권,1,상행,1140022400,67,11,권역별,24,서남생활권
608,서남생활권,1,상행,1140024000,68,11,권역별,24,서남생활권
608,서남생활권,1,상행,1140025400,69,11,권역별,24,서남생활권
608,서남생활권,1,상행,1140026600,70,11,권역별,24,서남생활권
608,서남생활권,1,상행,1140021300,71,11,권역별,24,서남생활권
608,서남생활권,1,상행,1140020500,72,11,권역별,24,서남생활권
608,서남생활권,1,상행,1140019900,73,11,권역별,24,서남생활권
608,서남생활권,1,상행,1140020000,74,11,권역별,24,서남생활권
608,서남생활권,1,상행,1140022000,75,11,권역별,24,서남생활권
608,서남생활권,1,상행,1140025200,76,11,권역별,24,서남생활권
608,서남생활권,1,상행,1140028600,77,11,권역별,24,서남생활권
608,서남생활권,1,상행,1140030600,78,11,권역별,24,서남생활권
608,서남생활권,1,상행,1140032300,79,11,권역별,24,서남생활권
608,서남생활권,1,상행,1140033000,80,11,권역별,24,서남생활권
608,서남생활권,1,상행,1140033800,81,11,권역별,24,서남생활권
608,서남생활권,1,상행,1140034400,82,11,권역별,24,서남생활권
608,서남생활권,1,상행,1140034600,83,11,권역별,24,서남생활권
608,서남생활권,1,상행,1140035600,84,11,권역별,24,서남생활권
608,서남생활권,1,상행,1140036200,85,11,권역별,24,서남생활권
608,서남생활권,1,상행,1160017400,86,11,권역별,24,서남생활권
608,서남생활권,1,상행,1140001600,87,11,권역별,24,서남생활권
608,서남생활권,1,상행,1140003000,88,11,권역별,24,서남생활권
608,서남생활권,1,상행,1140010200,89,11,권역별,24,서남생활권
608,서남생활권,1,상행,1140018200,90,11,권역별,24,서남생활권
608,서남생활권,1,상행,1140024200,91,11,권역별,24,서남생활권
608,서남생활권,1,상행,1140037500,92,11,권역별,24,서남생활권
608,서남생활권,1,상행,1140036500,93,11,권역별,24,서남생활권
608,서남생활권,1,상행,1140035900,94,11,권역별,24,서남생활권
608,서남생활권,1,상행,1140035100,95,11,권역별,24,서남생활권
608,서남생활권,1,상행,1140034100,96,11,권역별,24,서남생활권
608,서남생활권,1,상행,1140032700,97,11,권역별,24,서남생활권
608,서남생활권,1,상행,1140031500,98,11,권역별,24,서남생활권
608,서남생활권,1,상행,1140030300,99,11,권역별,24,서남생활권
608,서남생활권,1,상행,1140028700,100,11,권역별,24,서남생활권
608,서남생활권,1,상행,1140027500,101,11,권역별,24,서남생활권
608,서남생활권,1,상행,1140025900,102,11,권역별,24,서남생활권
608,서남생활권,1,상행,1140024500,103,11,권역별,24,서남생활권
608,서남생활권,1,상행,1140023100,104,11,권역별,24,서남생활권
608,서남생활권,1,상행,1140021700,105,11,권역별,24,서남생활권
608,서남생활권,1,상행,1140027000,106,11,권역별,24,서남생활권
608,서남생활권,1,상행,1140027800,107,11,권역별,24,서남생활권
608,서남생활권,1,상행,1140023500,108,11,권역별,24,서남생활권
608,서남생활권,1,상행,1140020900,109,11,권역별,24,서남생활권
608,서남생활권,1,상행,1140018300,110,11,권역별,24,서남생활권
608,서남생활권,1,상행,1140015700,111,11,권역별,24,서남생활권
608,서남생활권,1,상행,1140012900,112,11,권역별,24,서남생활권
608,서남생활권,1,상행,1140011100,113,11,권역별,24,서남생활권
608,서남생활권,1,상행,1140010500,114,11,권역별,24,서남생활권
608,서남생활권,1,상행,1140009900,115,11,권역별,24,서남생활권
608,서남생활권,1,상행,1140009300,116,11,권역별,24,서남생활권
608,서남생활권,1,상행,1140008700,117,11,권역별,24,서남생활권
608,서남생활권,1,상행,1140007900,118,11,권역별,24,서남생활권
608,서남생활권,1,상행,1140007100,119,11,권역별,24,서남생활권
608,서남생활권,1,상행,1140006100,120,11,권역별,24,서남생활권
608,서남생활권,1,상행,1140030200,121,11,권역별,24,서남생활권
608,서남생활권,1,상행,1140033200,122,11,권역별,24,서남생활권
608,서남생활권,1,상행,1140035800,123,11,권역별,24,서남생활권
608,서남생활권,1,상행,1140037400,124,11,권역별,24,서남생활권
608,서남생활권,1,상행,1140038800,125,11,권역별,24,서남생활권
608,서남생활권,1,상행,1140039400,126,11,권역별,24,서남생활권
608,서남생활권,1,상행,1140039600,127,11,권역별,24,서남생활권
608,서남생활권,1,상행,1180021600,128,11,권역별,24,서남생활권
608,서남생활권,1,상행,1180021200,129,11,권역별,24,서남생활권
608,서남생활권,1,상행,1180019600,130,11,권역별,24,서남생활권
608,서남생활권,1,상행,1180018800,131,11,권역별,24,서남생활권
608,서남생활권,1,상행,1150019800,132,11,권역별,24,서남생활권
608,서남생활권,1,상행,1150018600,133,11,권역별,24,서남생활권
608,서남생활권,1,상행,1150017000,134,11,권역별,24,서남생활권
608,서남생활권,1,상행,1150014200,135,11,권역별,24,서남생활권
608,서남생활권,1,상행,1150012400,136,11,권역별,24,서남생활권
608,서남생활권,1,상행,1150011200,137,11,권역별,24,서남생활권
608,서남생활권,1,상행,1150010200,138,11,권역별,24,서남생활권
608,서남생활권,1,상행,1150009600,139,11,권역별,24,서남생활권
608,서남생활권,1,상행,1150009400,140,11,권역별,24,서남생활권
608,서남생활권,1,상행,1150008600,141,11,권역별,24,서남생활권
608,서남생활권,1,상행,1150008000,142,11,권역별,24,서남생활권
608,서남생활권,1,상행,1140026300,143,11,권역별,24,서남생활권
608,서남생활권,1,상행,1170008400,144,11,권역별,24,서남생활권
608,서남생활권,1,상행,1200002200,145,11,권역별,24,서남생활권
608,서남생활권,1,상행,1200002300,146,11,권역별,24,서남생활권
608,서남생활권,1,상행,1150001200,147,11,권역별,24,서남생활권
608,서남생활권,1,상행,1150020900,151,11,권역별,24,서남생활권
608,서남생활권,1,상행,1150008300,152,11,권역별,24,서남생활권
608,서남생활권,1,상행,1150020600,153,11,권역별,24,서남생활권
608,서남생활권,1,상행,1150015900,154,11,권역별,24,서남생활권
608,서남생활권,1,상행,1150017700,155,11,권역별,24,서남생활권
608,서남생활권,1,상행,1150019100,156,11,권역별,24,서남생활권
608,서남생활권,1,상행,1180024900,157,11,권역별,24,서남생활권
608,서남생활권,1,상행,1180034300,158,11,권역별,24,서남생활권
608,서남생활권,1,상행,1150007100,159,11,권역별,24,서남생활권
608,서남생활권,1,상행,1170003200,160,11,권역별,24,서남생활권
608,서남생활권,1,상행,1170003400,161,11,권역별,24,서남생활권
608,서남생활권,1,상행,1170003700,162,11,권역별,24,서남생활권
608,서남생활권,1,상행,1170003500,163,11,권역별,24,서남생활권
608,서남생활권,1,상행,3201508800,164,11,권역별,24,서남생활권
608,서남생활권,1,상행,3201504800,165,11,권역별,24,서남생활권
608,서남생활권,1,상행,1170004600,166,11,권역별,24,서남생활권
608,서남생활권,1,상행,1170006200,167,11,권역별,24,서남생활권
608,서남생활권,1,상행,1170007600,168,11,권역별,24,서남생활권
608,서남생활권,1,상행,1170009600,169,11,권역별,24,서남생활권
608,서남생활권,1,상행,3201509100,170,11,권역별,24,서남생활권
608,서남생활권,1,상행,1150009200,171,11,권역별,24,서남생활권
608,서남생활권,1,상행,1200011800,172,11,권역별,24,서남생활권
608,서남생활권,1,상행,1200012600,173,11,권역별,24,서남생활권
608,서남생활권,1,상행,1200010400,174,11,권역별,24,서남생활권
608,서남생활권,1,상행,1200011300,175,11,권역별,24,서남생활권
608,서남생활권,1,상행,1200010500,176,11,권역별,24,서남생활권
608,서남생활권,1,상행,1200006900,177,11,권역별,24,서남생활권
608,서남생활권,1,상행,1200005500,178,11,권역별,24,서남생활권
608,서남생활권,1,상행,1200004300,179,11,권역별,24,서남생활권
608,서남생활권,1,상행,1160010100,180,11,권역별,24,서남생활권
608,서남생활권,1,상행,1160009900,181,11,권역별,24,서남생활권
608,서남생활권,1,상행,1160009700,182,11,권역별,24,서남생활권
608,서남생활권,1,상행,1160008700,183,11,권역별,24,서남생활권
608,서남생활권,1,상행,1160011300,184,11,권역별,24,서남생활권
608,서남생활권,1,상행,3201506800,185,11,권역별,24,서남생활권
608,서남생활권,1,상행,3201504600,186,11,권역별,24,서남생활권
608,서남생활권,1,상행,1190000800,187,11,권역별,24,서남생활권
608,서남생활권,1,상행,1150016700,188,11,권역별,24,서남생활권
608,서남생활권,1,상행,1150019300,189,11,권역별,24,서남생활권
608,서남생활권,1,상행,1150004200,190,11,권역별,24,서남생활권
608,서남생활권,1,상행,1150005000,191,11,권역별,24,서남생활권
608,서남생활권,1,상행,1150006800,192,11,권역별,24,서남생활권
608,서남생활권,1,상행,1150007300,193,11,권역별,24,서남생활권
608,서남생활권,1,상행,2180002201,194,11,권역별,24,서남생활권
608,서남생활권,1,상행,1190001700,195,11,권역별,24,서남생활권
608,서남생활권,1,상행,1190002400,196,11,권역별,24,서남생활권
608,서남생활권,1,상행,1190003300,197,11,권역별,24,서남생활권
608,서남생활권,1,상행,1190003100,198,11,권역별,24,서남생활권
608,서남생활권,1,상행,1190001500,199,11,권역별,24,서남생활권
608,서남생활권,1,상행,1200011500,200,11,권역별,24,서남생활권
608,서남생활권,1,상행,1160015500,201,11,권역별,24,서남생활권
608,서남생활권,1,상행,1170001000,202,11,권역별,24,서남생활권
608,서남생활권,1,상행,1170001200,203,11,권역별,24,서남생활권
608,서남생활권,1,상행,1170001400,204,11,권역별,24,서남생활권
608,서남생활권,1,상행,1160001200,205,11,권역별,24,서남생활권
608,서남생활권,1,상행,1160002600,206,11,권역별,24,서남생활권
608,서남생활권,1,상행,1160003200,207,11,권역별,24,서남생활권
608,서남생활권,1,상행,1180001400,208,11,권역별,24,서남생활권
608,서남생활권,1,상행,1180002200,209,11,권역별,24,서남생활권
608,서남생활권,1,상행,1180003000,210,11,권역별,24,서남생활권
608,서남생활권,1,상행,1180004000,211,11,권역별,24,서남생활권
608,서남생활권,1,상행,1180015900,212,11,권역별,24,서남생활권
608,서남생활권,1,상행,1180016900,213,11,권역별,24,서남생활권
608,서남생활권,1,상행,1180019500,214,11,권역별,24,서남생활권
608,서남생활권,1,상행,1180023500,215,11,권역별,24,서남생활권
609,서북생활권,2,하행,1110002900,106,11,권역별,25,서북생활권
609,서북생활권,2,하행,1120008500,107,11,권역별,25,서북생활권
609,서북생활권,2,하행,1120006900,108,11,권역별,25,서북생활권
609,서북생활권,2,하행,1120005700,109,11,권역별,25,서북생활권
609,서북생활권,2,하행,1120005500,110,11,권역별,25,서북생활권
609,서북생활권,2,하행,1120000700,111,11,권역별,25,서북생활권
609,서북생활권,2,하행,1130003600,112,11,권역별,25,서북생활권
609,서북생활권,2,하행,1120000300,113,11,권역별,25,서북생활권
609,서북생활권,2,하행,1120000100,114,11,권역별,25,서북생활권
609,서북생활권,2,하행,1130003100,115,11,권역별,25,서북생활권
609,서북생활권,2,하행,1130003000,116,11,권역별,25,서북생활권
609,서북생활권,2,하행,1120000600,117,11,권역별,25,서북생활권
609,서북생활권,2,하행,1130001600,118,11,권역별,25,서북생활권
609,서북생활권,2,하행,1130002200,119,11,권역별,25,서북생활권
609,서북생활권,2,하행,1130002600,120,11,권역별,25,서북생활권
609,서북생활권,2,하행,1130003800,121,11,권역별,25,서북생활권
609,서북생활권,2,하행,1180002500,122,11,권역별,25,서북생활권
609,서북생활권,2,하행,1110012700,123,11,권역별,25,서북생활권
609,서북생활권,2,하행,1110010900,124,11,권역별,25,서북생활권
609,서북생활권,2,하행,1110010700,125,11,권역별,25,서북생활권
609,서북생활권,2,하행,1130021500,126,11,권역별,25,서북생활권
609,서북생활권,2,하행,1130019400,127,11,권역별,25,서북생활권
609,서북생활권,2,하행,1110015500,128,11,권역별,25,서북생활권
609,서북생활권,2,하행,1110014900,129,11,권역별,25,서북생활권
609,서북생활권,2,하행,1110014500,130,11,권역별,25,서북생활권
609,서북생활권,2,하행,1110013900,131,11,권역별,25,서북생활권
609,서북생활권,2,하행,1110001500,132,11,권역별,25,서북생활권
609,서북생활권,2,하행,1110001300,133,11,권역별,25,서북생활권
609,서북생활권,2,하행,1110001100,134,11,권역별,25,서북생활권
609,서북생활권,2,하행,1110015800,135,11,권역별,25,서북생활권
609,서북생활권,2,하행,1130017800,136,11,권역별,25,서북생활권
609,서북생활권,2,하행,1120003400,137,11,권역별,25,서북생활권
609,서북생활권,2,하행,1120013100,138,11,권역별,25,서북생활권
609,서북생활권,2,하행,1120012100,139,11,권역별,25,서북생활권
609,서북생활권,2,하행,1120010300,140,11,권역별,25,서북생활권
609,서북생활권,2,하행,1120007100,141,11,권역별,25,서북생활권
609,서북생활권,2,하행,1120005300,142,11,권역별,25,서북생활권
609,서북생활권,2,하행,1120004700,143,11,권역별,25,서북생활권
609,서북생활권,2,하행,1130021400,144,11,권역별,25,서북생활권
609,서북생활권,2,하행,1130017300,145,11,권역별,25,서북생활권
609,서북생활권,2,하행,1130015300,146,11,권역별,25,서북생활권
609,서북생활권,2,하행,1130014500,147,11,권역별,25,서북생활권
609,서북생활권,2,하행,1130013100,148,11,권역별,25,서북생활권
609,서북생활권,2,하행,1130014200,149,11,권역별,25,서북생활권
609,서북생활권,2,하행,1130017600,150,11,권역별,25,서북생활권
609,서북생활권,2,하행,1130019200,151,11,권역별,25,서북생활권
609,서북생활권,2,하행,1130020200,152,11,권역별,25,서북생활권
609,서북생활권,2,하행,1130021000,153,11,권역별,25,서북생활권
609,서북생활권,2,하행,1130022000,154,11,권역별,25,서북생활권
609,서북생활권,2,하행,1130006200,155,11,권역별,25,서북생활권
609,서북생활권,2,하행,1130023400,156,11,권역별,25,서북생활권
609,서북생활권,2,하행,1130024600,157,11,권역별,25,서북생활권
609,서북생활권,2,하행,1130025200,158,11,권역별,25,서북생활권
609,서북생활권,2,하행,1130027400,159,11,권역별,25,서북생활권
609,서북생활권,2,하행,3201506100,160,11,권역별,25,서북생활권
609,서북생활권,2,하행,3201507300,161,11,권역별,25,서북생활권
609,서북생활권,2,하행,1130028300,162,11,권역별,25,서북생활권
609,서북생활권,2,하행,1130027700,163,11,권역별,25,서북생활권
609,서북생활권,2,하행,1130026500,164,11,권역별,25,서북생활권
609,서북생활권,2,하행,1130025500,165,11,권역별,25,서북생활권
609,서북생활권,2,하행,1130024300,166,11,권역별,25,서북생활권
609,서북생활권,2,하행,1130023500,167,11,권역별,25,서북생활권
609,서북생활권,2,하행,1130022700,168,11,권역별,25,서북생활권
609,서북생활권,2,하행,1130021700,169,11,권역별,25,서북생활권
609,서북생활권,2,하행,1130019900,170,11,권역별,25,서북생활권
609,서북생활권,2,하행,1130018500,171,11,권역별,25,서북생활권
609,서북생활권,2,하행,1130016900,172,11,권역별,25,서북생활권
609,서북생활권,2,하행,1110009000,173,11,권역별,25,서북생활권
609,서북생활권,2,하행,1110008700,174,11,권역별,25,서북생활권
609,서북생활권,2,하행,1110008500,175,11,권역별,25,서북생활권
609,서북생활권,2,하행,1110008300,176,11,권역별,25,서북생활권
609,서북생활권,2,하행,1110007700,177,11,권역별,25,서북생활권
609,서북생활권,2,하행,1110009700,178,11,권역별,25,서북생활권
609,서북생활권,2,하행,1110007900,179,11,권역별,25,서북생활권
609,서북생활권,2,하행,1110006700,180,11,권역별,25,서북생활권
609,서북생활권,2,하행,1110005500,181,11,권역별,25,서북생활권
609,서북생활권,2,하행,1120012900,182,11,권역별,25,서북생활권
609,서북생활권,2,하행,1120011900,183,11,권역별,25,서북생활권
609,서북생활권,2,하행,1120008700,184,11,권역별,25,서북생활권
609,서북생활권,2,하행,1130007300,185,11,권역별,25,서북생활권
609,서북생활권,2,하행,2180000101,186,11,권역별,25,서북생활권
609,서북생활권,2,하행,1130013800,187,11,권역별,25,서북생활권
609,서북생활권,2,하행,1130015800,188,11,권역별,25,서북생활권
609,서북생활권,2,하행,1130018000,189,11,권역별,25,서북생활권
609,서북생활권,2,하행,1120012300,190,11,권역별,25,서북생활권
609,서북생활권,2,하행,1120011100,191,11,권역별,25,서북생활권
609,서북생활권,2,하행,1120009900,192,11,권역별,25,서북생활권
609,서북생활권,2,하행,1120008300,193,11,권역별,25,서북생활권
609,서북생활권,2,하행,1120006500,194,11,권역별,25,서북생활권
609,서북생활권,2,하행,1110000900,195,11,권역별,25,서북생활권
609,서북생활권,2,하행,1110000700,196,11,권역별,25,서북생활권
609,서북생활권,2,하행,1110000500,197,11,권역별,25,서북생활권
609,서북생활권,2,하행,1110000300,198,11,권역별,25,서북생활권
609,서북생활권,2,하행,1110000100,199,11,권역별,25,서북생활권
609,서북생활권,2,하행,1130007500,200,11,권역별,25,서북생활권
609,서북생활권,2,하행,1130007100,201,11,권역별,25,서북생활권
609,서북생활권,2,하행,1130006700,202,11,권역별,25,서북생활권
609,서북생활권,2,하행,1130006300,203,11,권역별,25,서북생활권
609,서북생활권,2,하행,1130005200,204,11,권역별,25,서북생활권
609,서북생활권,2,하행,1110015300,205,11,권역별,25,서북생활권
609,서북생활권,2,하행,1110011800,206,11,권역별,25,서북생활권
609,서북생활권,2,하행,1110011300,207,11,권역별,25,서북생활권
609,서북생활권,2,하행,1110009100,208,11,권역별,25,서북생활권
609,서북생활권,2,하행,1130009800,209,11,권역별,25,서북생활권
609,서북생활권,2,하행,1130011400,210,11,권역별,25,서북생활권
609,서북생활권,2,하행,1130013000,211,11,권역별,25,서북생활권
609,서북생활권,2,하행,1130014000,212,11,권역별,25,서북생활권
609,서북생활권,2,하행,3201505500,213,11,권역별,25,서북생활권
609,서북생활권,2,하행,3201510700,214,11,권역별,25,서북생활권
609,서북생활권,2,하행,3201510300,215,11,권역별,25,서북생활권
609,서북생활권,2,하행,1130010600,216,11,권역별,25,서북생활권
609,서북생활권,2,하행,1130010100,217,11,권역별,25,서북생활권
609,서북생활권,2,하행,1130009100,218,11,권역별,25,서북생활권
609,서북생활권,2,하행,1130008100,219,11,권역별,25,서북생활권
609,서북생활권,2,하행,1130007700,220,11,권역별,25,서북생활권
609,서북생활권,2,하행,1110002300,221,11,권역별,25,서북생활권
609,서북생활권,2,하행,1110002100,222,11,권역별,25,서북생활권
609,서북생활권,2,하행,1110001900,223,11,권역별,25,서북생활권
609,서북생활권,2,하행,1110001700,224,11,권역별,25,서북생활권
609,서북생활권,2,하행,1110013700,225,11,권역별,25,서북생활권
609,서북생활권,2,하행,1110013100,226,11,권역별,25,서북생활권
609,서북생활권,2,하행,1110012100,227,11,권역별,25,서북생활권
609,서북생활권,2,하행,1110011500,228,11,권역별,25,서북생활권
609,서북생활권,2,하행,1110010100,229,11,권역별,25,서북생활권
609,서북생활권,2,하행,1120013700,230,11,권역별,25,서북생활권
609,서북생활권,2,하행,1120013300,231,11,권역별,25,서북생활권
609,서북생활권,2,하행,1120010500,232,11,권역별,25,서북생활권
609,서북생활권,2,하행,1000003500,233,11,권역별,25,서북생활권
609,서북생활권,2,하행,1130024200,234,11,권역별,25,서북생활권
609,서북생활권,2,하행,1130015900,235,11,권역별,25,서북생활권
609,서북생활권,2,하행,1120005900,236,11,권역별,25,서북생활권
609,서북생활권,2,하행,1130023700,237,11,권역별,25,서북생활권
609,서북생활권,2,하행,1130016300,238,11,권역별,25,서북생활권
609,서북생활권,2,하행,3201507000,239,11,권역별,25,서북생활권
609,서북생활권,2,하행,3201505600,240,11,권역별,25,서북생활권
609,서북생활권,2,하행,3201505800,241,11,권역별,25,서북생활권
609,서북생활권,2,하행,3201507400,242,11,권역별,25,서북생활권
609,서북생활권,2,하행,1180041000,243,11,권역별,25,서북생활권
609,서북생활권,2,하행,1120002100,244,11,권역별,25,서북생활권
609,서북생활권,2,하행,1120001700,245,11,권역별,25,서북생활권
609,서북생활권,2,하행,1120001300,246,11,권역별,25,서북생활권
609,서북생활권,2,하행,1130006500,247,11,권역별,25,서북생활권
609,서북생활권,2,하행,1130005400,248,11,권역별,25,서북생활권
609,서북생활권,2,하행,1130027000,249,11,권역별,25,서북생활권
609,서북생활권,2,하행,1130028000,250,11,권역별,25,서북생활권
609,서북생활권,2,하행,1130029200,251,11,권역별,25,서북생활권
609,서북생활권,2,하행,1130029800,252,11,권역별,25,서북생활권
609,서북생활권,2,하행,1130007900,253,11,권역별,25,서북생활권
609,서북생활권,2,하행,1130010000,254,11,권역별,25,서북생활권
609,서북생활권,2,하행,1130011800,255,11,권역별,25,서북생활권
609,서북생활권,2,하행,1130014800,256,11,권역별,25,서북생활권
610,한양도성,2,하행,1010000300,85,12,한양도성,26,한양도성
610,한양도성,2,하행,1010015200,86,12,한양도성,26,한양도성
610,한양도성,2,하행,1000001900,87,12,한양도성,26,한양도성
610,한양도성,2,하행,1000001700,88,12,한양도성,26,한양도성
610,한양도성,2,하행,1000001500,89,12,한양도성,26,한양도성
610,한양도성,2,하행,1000001100,90,12,한양도성,26,한양도성
610,한양도성,2,하행,1000000500,91,12,한양도성,26,한양도성
610,한양도성,2,하행,1000000400,92,12,한양도성,26,한양도성
610,한양도성,2,하행,1000001300,93,12,한양도성,26,한양도성
610,한양도성,2,하행,1000011100,94,12,한양도성,26,한양도성
610,한양도성,2,하행,1000008600,95,12,한양도성,26,한양도성
610,한양도성,2,하행,1000019300,96,12,한양도성,26,한양도성
610,한양도성,2,하행,1000017700,97,12,한양도성,26,한양도성
610,한양도성,2,하행,1000015500,98,12,한양도성,26,한양도성
610,한양도성,2,하행,1000008700,99,12,한양도성,26,한양도성
610,한양도성,2,하행,1000005500,100,12,한양도성,26,한양도성
610,한양도성,2,하행,1010017100,101,12,한양도성,26,한양도성
610,한양도성,2,하행,1010012700,102,12,한양도성,26,한양도성
610,한양도성,2,하행,1010007900,103,12,한양도성,26,한양도성
610,한양도성,2,하행,1000005300,104,12,한양도성,26,한양도성
610,한양도성,2,하행,1000004300,105,12,한양도성,26,한양도성
610,한양도성,2,하행,1000003100,106,12,한양도성,26,한양도성
610,한양도성,2,하행,1000002700,107,12,한양도성,26,한양도성
610,한양도성,2,하행,1000003000,108,12,한양도성,26,한양도성
610,한양도성,2,하행,1000003400,109,12,한양도성,26,한양도성
610,한양도성,2,하행,1000003800,110,12,한양도성,26,한양도성
610,한양도성,2,하행,1000017300,111,12,한양도성,26,한양도성
610,한양도성,2,하행,1000016500,112,12,한양도성,26,한양도성
610,한양도성,2,하행,1010010300,113,12,한양도성,26,한양도성
610,한양도성,2,하행,1010008100,114,12,한양도성,26,한양도성
610,한양도성,2,하행,1010006900,115,12,한양도성,26,한양도성
610,한양도성,2,하행,1010005500,116,12,한양도성,26,한양도성
610,한양도성,2,하행,1010004800,117,12,한양도성,26,한양도성
610,한양도성,2,하행,1010004500,118,12,한양도성,26,한양도성
610,한양도성,2,하행,1010002500,119,12,한양도성,26,한양도성
610,한양도성,2,하행,1000019900,120,12,한양도성,26,한양도성
610,한양도성,2,하행,1000019100,121,12,한양도성,26,한양도성
610,한양도성,2,하행,1000017100,122,12,한양도성,26,한양도성
610,한양도성,2,하행,1000015100,123,12,한양도성,26,한양도성
491,헌릉로,2,하행,1230040400,1,01,기본도로,03,주간선도로
610,한양도성,2,하행,1010005200,129,12,한양도성,26,한양도성
610,한양도성,2,하행,1010007200,130,12,한양도성,26,한양도성
610,한양도성,2,하행,1010011400,131,12,한양도성,26,한양도성
610,한양도성,2,하행,1010017000,132,12,한양도성,26,한양도성
610,한양도성,2,하행,1010009200,133,12,한양도성,26,한양도성
610,한양도성,2,하행,1000015900,134,12,한양도성,26,한양도성
610,한양도성,2,하행,1000008900,135,12,한양도성,26,한양도성
491,헌릉로,1,상행,1230040500,6,01,기본도로,03,주간선도로
3006,강변북로,2,하행,1130006900,1,30,도시고속 구간,31,강변북로_구간
3006,강변북로,2,하행,1130005700,2,30,도시고속 구간,31,강변북로_구간
3006,강변북로,2,하행,1130004300,3,30,도시고속 구간,31,강변북로_구간
3005,강변북로,2,하행,1130003300,1,30,도시고속 구간,31,강변북로_구간
3005,강변북로,2,하행,1130002300,2,30,도시고속 구간,31,강변북로_구간
3005,강변북로,2,하행,1130001900,3,30,도시고속 구간,31,강변북로_구간
3005,강변북로,2,하행,1130000900,4,30,도시고속 구간,31,강변북로_구간
3005,강변북로,2,하행,1130001300,5,30,도시고속 구간,31,강변북로_구간
3005,강변북로,2,하행,1130000700,6,30,도시고속 구간,31,강변북로_구간
3005,강변북로,2,하행,1130000300,7,30,도시고속 구간,31,강변북로_구간
3004,강변북로,2,하행,1020001700,1,30,도시고속 구간,31,강변북로_구간
3004,강변북로,2,하행,1020001300,2,30,도시고속 구간,31,강변북로_구간
3004,강변북로,2,하행,1020001100,3,30,도시고속 구간,31,강변북로_구간
3004,강변북로,2,하행,1020000700,4,30,도시고속 구간,31,강변북로_구간
3004,강변북로,2,하행,1020000500,5,30,도시고속 구간,31,강변북로_구간
3004,강변북로,2,하행,1020000100,6,30,도시고속 구간,31,강변북로_구간
3004,강변북로,2,하행,1020000400,7,30,도시고속 구간,31,강변북로_구간
3004,강변북로,2,하행,1020001000,8,30,도시고속 구간,31,강변북로_구간
3003,강변북로,2,하행,1020001600,1,30,도시고속 구간,31,강변북로_구간
3003,강변북로,2,하행,1030001200,2,30,도시고속 구간,31,강변북로_구간
3003,강변북로,2,하행,1030000900,3,30,도시고속 구간,31,강변북로_구간
3003,강변북로,2,하행,1030000700,4,30,도시고속 구간,31,강변북로_구간
3002,강변북로,2,하행,1030000500,1,30,도시고속 구간,31,강변북로_구간
3002,강변북로,2,하행,1030000300,2,30,도시고속 구간,31,강변북로_구간
3002,강변북로,2,하행,1040000700,3,30,도시고속 구간,31,강변북로_구간
3001,강변북로,2,하행,1040000100,1,30,도시고속 구간,31,강변북로_구간
3001,강변북로,2,하행,1040000600,2,30,도시고속 구간,31,강변북로_구간
3001,강변북로,2,하행,1040001200,3,30,도시고속 구간,31,강변북로_구간
3001,강변북로,2,하행,1040001600,4,30,도시고속 구간,31,강변북로_구간
3001,강변북로,2,하행,1040002200,5,30,도시고속 구간,31,강변북로_구간
3001,강변북로,2,하행,1040004200,6,30,도시고속 구간,31,강변북로_구간
3001,강변북로,1,상행,1040004100,1,30,도시고속 구간,31,강변북로_구간
3001,강변북로,1,상행,1040002100,2,30,도시고속 구간,31,강변북로_구간
3001,강변북로,1,상행,1040001500,3,30,도시고속 구간,31,강변북로_구간
3001,강변북로,1,상행,1040001100,4,30,도시고속 구간,31,강변북로_구간
3001,강변북로,1,상행,1040000500,5,30,도시고속 구간,31,강변북로_구간
3001,강변북로,1,상행,1040000200,6,30,도시고속 구간,31,강변북로_구간
3002,강변북로,1,상행,1040000800,1,30,도시고속 구간,31,강변북로_구간
3002,강변북로,1,상행,1030000400,2,30,도시고속 구간,31,강변북로_구간
3002,강변북로,1,상행,1030000600,3,30,도시고속 구간,31,강변북로_구간
3003,강변북로,1,상행,1030000800,1,30,도시고속 구간,31,강변북로_구간
3003,강변북로,1,상행,1030001000,2,30,도시고속 구간,31,강변북로_구간
3003,강변북로,1,상행,1030001100,3,30,도시고속 구간,31,강변북로_구간
3003,강변북로,1,상행,1020000900,4,30,도시고속 구간,31,강변북로_구간
3004,강변북로,1,상행,1020000300,1,30,도시고속 구간,31,강변북로_구간
3004,강변북로,1,상행,1020000200,2,30,도시고속 구간,31,강변북로_구간
3004,강변북로,1,상행,1020000600,3,30,도시고속 구간,31,강변북로_구간
3004,강변북로,1,상행,1020000800,4,30,도시고속 구간,31,강변북로_구간
3004,강변북로,1,상행,1020001200,5,30,도시고속 구간,31,강변북로_구간
3004,강변북로,1,상행,1020001400,6,30,도시고속 구간,31,강변북로_구간
3004,강변북로,1,상행,1020001800,7,30,도시고속 구간,31,강변북로_구간
3005,강변북로,1,상행,1130000400,1,30,도시고속 구간,31,강변북로_구간
3005,강변북로,1,상행,1130000800,2,30,도시고속 구간,31,강변북로_구간
3005,강변북로,1,상행,1130001400,3,30,도시고속 구간,31,강변북로_구간
3005,강변북로,1,상행,1130001000,4,30,도시고속 구간,31,강변북로_구간
3005,강변북로,1,상행,1130002000,5,30,도시고속 구간,31,강변북로_구간
3005,강변북로,1,상행,1130002400,6,30,도시고속 구간,31,강변북로_구간
3005,강변북로,1,상행,1130003400,7,30,도시고속 구간,31,강변북로_구간
3006,강변북로,1,상행,1130004400,1,30,도시고속 구간,31,강변북로_구간
3006,강변북로,1,상행,1130005800,2,30,도시고속 구간,31,강변북로_구간
3006,강변북로,1,상행,1130007000,3,30,도시고속 구간,31,강변북로_구간
3061,서부간선도로,1,상행,1170001000,1,30,도시고속 구간,37,서부간선도로_구간
3061,서부간선도로,1,상행,1170001200,2,30,도시고속 구간,37,서부간선도로_구간
3061,서부간선도로,1,상행,1170001400,3,30,도시고속 구간,37,서부간선도로_구간
3061,서부간선도로,1,상행,1160001200,4,30,도시고속 구간,37,서부간선도로_구간
3062,서부간선도로,1,상행,1160002600,1,30,도시고속 구간,37,서부간선도로_구간
3062,서부간선도로,1,상행,1160003200,2,30,도시고속 구간,37,서부간선도로_구간
3062,서부간선도로,1,상행,1180001400,3,30,도시고속 구간,37,서부간선도로_구간
3062,서부간선도로,1,상행,1180002200,4,30,도시고속 구간,37,서부간선도로_구간
3063,서부간선도로,1,상행,1180003000,1,30,도시고속 구간,37,서부간선도로_구간
3063,서부간선도로,1,상행,1180004000,2,30,도시고속 구간,37,서부간선도로_구간
3063,서부간선도로,2,하행,1180003900,1,30,도시고속 구간,37,서부간선도로_구간
3063,서부간선도로,2,하행,1180002900,2,30,도시고속 구간,37,서부간선도로_구간
3062,서부간선도로,2,하행,1180002100,1,30,도시고속 구간,37,서부간선도로_구간
3062,서부간선도로,2,하행,1180001300,2,30,도시고속 구간,37,서부간선도로_구간
3062,서부간선도로,2,하행,1160003100,3,30,도시고속 구간,37,서부간선도로_구간
3062,서부간선도로,2,하행,1160002500,4,30,도시고속 구간,37,서부간선도로_구간
3061,서부간선도로,2,하행,1160001100,1,30,도시고속 구간,37,서부간선도로_구간
3061,서부간선도로,2,하행,1170001300,2,30,도시고속 구간,37,서부간선도로_구간
3061,서부간선도로,2,하행,1170001100,3,30,도시고속 구간,37,서부간선도로_구간
3061,서부간선도로,2,하행,1170000900,4,30,도시고속 구간,37,서부간선도로_구간
406,자하문로,1,상행,1000015401,1,01,기본도로,03,주간선도로
406,자하문로,1,상행,1000015402,2,01,기본도로,03,주간선도로
406,자하문로,1,상행,1000015403,3,01,기본도로,03,주간선도로
406,자하문로,1,상행,1000018000,4,01,기본도로,03,주간선도로
406,자하문로,1,상행,1000019600,5,01,기본도로,03,주간선도로
406,자하문로,1,상행,1000020800,6,01,기본도로,03,주간선도로
406,자하문로,2,하행,1000020700,1,01,기본도로,03,주간선도로
406,자하문로,2,하행,1000019500,2,01,기본도로,03,주간선도로
406,자하문로,2,하행,1000017900,3,01,기본도로,03,주간선도로
406,자하문로,2,하행,1000015303,4,01,기본도로,03,주간선도로
406,자하문로,2,하행,1000015302,5,01,기본도로,03,주간선도로
406,자하문로,2,하행,1000015301,6,01,기본도로,03,주간선도로
801,갈현-적선선,1,상행,1000015401,0,02,기능별,11,주간선도로 기능별
801,갈현-적선선,1,상행,1000015402,0,02,기능별,11,주간선도로 기능별
801,갈현-적선선,1,상행,1000015403,0,02,기능별,11,주간선도로 기능별
801,갈현-적선선,2,하행,1000015303,0,02,기능별,11,주간선도로 기능별
801,갈현-적선선,2,하행,1000015302,0,02,기능별,11,주간선도로 기능별
801,갈현-적선선,2,하행,1000015301,0,02,기능별,11,주간선도로 기능별
604,기타도로,1,상행,1000015401,0,03,유형별,09,외곽
604,기타도로,1,상행,1000015402,0,03,유형별,09,외곽
604,기타도로,1,상행,1000015403,0,03,유형별,09,외곽
604,기타도로,2,하행,1000015303,0,03,유형별,09,외곽
604,기타도로,2,하행,1000015302,0,03,유형별,09,외곽
604,기타도로,2,하행,1000015301,0,03,유형별,09,외곽
605,도심생활권,1,상행,1000015401,0,11,권역별,21,도심생활권
605,도심생활권,1,상행,1000015402,0,11,권역별,21,도심생활권
605,도심생활권,1,상행,1000015403,0,11,권역별,21,도심생활권
605,도심생활권,2,하행,1000015303,0,11,권역별,21,도심생활권
605,도심생활권,2,하행,1000015302,0,11,권역별,21,도심생활권
605,도심생활권,2,하행,1000015301,0,11,권역별,21,도심생활권
610,한양도성,1,상행,1000015401,0,12,한양도성,26,한양도성
610,한양도성,1,상행,1000015402,0,12,한양도성,26,한양도성
610,한양도성,1,상행,1000015403,0,12,한양도성,26,한양도성
610,한양도성,2,하행,1000015303,0,12,한양도성,26,한양도성
610,한양도성,2,하행,1000015302,0,12,한양도성,26,한양도성
610,한양도성,2,하행,1000015301,0,12,한양도성,26,한양도성
611,도심혼잡권역,1,상행,1000015401,0,13,혼잡권역,27,도심혼잡권역
611,도심혼잡권역,1,상행,1000015402,0,13,혼잡권역,27,도심혼잡권역
611,도심혼잡권역,1,상행,1000015403,0,13,혼잡권역,27,도심혼잡권역
611,도심혼잡권역,2,하행,1000015303,0,13,혼잡권역,27,도심혼잡권역
611,도심혼잡권역,2,하행,1000015302,0,13,혼잡권역,27,도심혼잡권역
611,도심혼잡권역,2,하행,1000015301,0,13,혼잡권역,27,도심혼잡권역
612,남산혼잡권역,2,하행,1210030600,1,13,혼잡권역,28,남산혼잡권역
612,남산혼잡권역,1,상행,1210030700,1,13,혼잡권역,28,남산혼잡권역
612,남산혼잡권역,1,상행,1020021100,1,13,혼잡권역,28,남산혼잡권역
612,남산혼잡권역,2,하행,1020005000,1,13,혼잡권역,28,남산혼잡권역
612,남산혼잡권역,1,상행,1020015700,2,13,혼잡권역,28,남산혼잡권역
612,남산혼잡권역,2,하행,1020007200,2,13,혼잡권역,28,남산혼잡권역
612,남산혼잡권역,2,하행,1020009000,3,13,혼잡권역,28,남산혼잡권역
614,강남혼잡권역,1,상행,1220030800,261,13,혼잡권역,30,강남혼잡권역
614,강남혼잡권역,2,하행,1220030900,262,13,혼잡권역,30,강남혼잡권역
614,강남혼잡권역,1,상행,1220031000,263,13,혼잡권역,30,강남혼잡권역
614,강남혼잡권역,2,하행,1220031100,264,13,혼잡권역,30,강남혼잡권역
614,강남혼잡권역,1,상행,1220031200,265,13,혼잡권역,30,강남혼잡권역
614,강남혼잡권역,2,하행,1220031300,266,13,혼잡권역,30,강남혼잡권역
614,강남혼잡권역,1,상행,1220031400,267,13,혼잡권역,30,강남혼잡권역
614,강남혼잡권역,2,하행,1220031500,268,13,혼잡권역,30,강남혼잡권역
614,강남혼잡권역,1,상행,1220031600,269,13,혼잡권역,30,강남혼잡권역
614,강남혼잡권역,2,하행,1220031700,270,13,혼잡권역,30,강남혼잡권역
614,강남혼잡권역,1,상행,1220031800,271,13,혼잡권역,30,강남혼잡권역
614,강남혼잡권역,2,하행,1220031900,272,13,혼잡권역,30,강남혼잡권역
614,강남혼잡권역,1,상행,1220032000,273,13,혼잡권역,30,강남혼잡권역
614,강남혼잡권역,2,하행,1220032100,274,13,혼잡권역,30,강남혼잡권역
614,강남혼잡권역,1,상행,1220032200,275,13,혼잡권역,30,강남혼잡권역
614,강남혼잡권역,2,하행,1220032300,276,13,혼잡권역,30,강남혼잡권역
614,강남혼잡권역,1,상행,1220032400,277,13,혼잡권역,30,강남혼잡권역
614,강남혼잡권역,2,하행,1220032500,278,13,혼잡권역,30,강남혼잡권역
614,강남혼잡권역,1,상행,1220032600,279,13,혼잡권역,30,강남혼잡권역
614,강남혼잡권역,2,하행,1220032700,280,13,혼잡권역,30,강남혼잡권역
614,강남혼잡권역,1,상행,1220032800,281,13,혼잡권역,30,강남혼잡권역
614,강남혼잡권역,2,하행,1220032900,282,13,혼잡권역,30,강남혼잡권역
614,강남혼잡권역,1,상행,1220033000,283,13,혼잡권역,30,강남혼잡권역
614,강남혼잡권역,2,하행,1220033100,284,13,혼잡권역,30,강남혼잡권역
614,강남혼잡권역,1,상행,1220033200,285,13,혼잡권역,30,강남혼잡권역
614,강남혼잡권역,2,하행,1220033300,286,13,혼잡권역,30,강남혼잡권역
614,강남혼잡권역,1,상행,1220033400,287,13,혼잡권역,30,강남혼잡권역
614,강남혼잡권역,2,하행,1220033500,288,13,혼잡권역,30,강남혼잡권역
614,강남혼잡권역,1,상행,1220033600,289,13,혼잡권역,30,강남혼잡권역
614,강남혼잡권역,2,하행,1220033700,290,13,혼잡권역,30,강남혼잡권역
614,강남혼잡권역,1,상행,1220033800,291,13,혼잡권역,30,강남혼잡권역
614,강남혼잡권역,2,하행,1220033900,292,13,혼잡권역,30,강남혼잡권역
614,강남혼잡권역,1,상행,1220034000,293,13,혼잡권역,30,강남혼잡권역
614,강남혼잡권역,2,하행,1220034100,294,13,혼잡권역,30,강남혼잡권역
614,강남혼잡권역,1,상행,1220034200,295,13,혼잡권역,30,강남혼잡권역
614,강남혼잡권역,2,하행,1220034300,296,13,혼잡권역,30,강남혼잡권역
614,강남혼잡권역,1,상행,1220034400,297,13,혼잡권역,30,강남혼잡권역
614,강남혼잡권역,2,하행,1220034500,298,13,혼잡권역,30,강남혼잡권역
614,강남혼잡권역,1,상행,1220034600,299,13,혼잡권역,30,강남혼잡권역
614,강남혼잡권역,2,하행,1220034700,300,13,혼잡권역,30,강남혼잡권역
614,강남혼잡권역,1,상행,1220034800,301,13,혼잡권역,30,강남혼잡권역
614,강남혼잡권역,2,하행,1220034900,302,13,혼잡권역,30,강남혼잡권역
614,강남혼잡권역,1,상행,1220035000,303,13,혼잡권역,30,강남혼잡권역
614,강남혼잡권역,2,하행,1220035100,304,13,혼잡권역,30,강남혼잡권역
614,강남혼잡권역,1,상행,1220035200,305,13,혼잡권역,30,강남혼잡권역
614,강남혼잡권역,2,하행,1220035300,306,13,혼잡권역,30,강남혼잡권역
614,강남혼잡권역,1,상행,1220035400,307,13,혼잡권역,30,강남혼잡권역
614,강남혼잡권역,2,하행,1220035500,308,13,혼잡권역,30,강남혼잡권역
614,강남혼잡권역,2,하행,1220035800,309,13,혼잡권역,30,강남혼잡권역
614,강남혼잡권역,1,상행,1220035900,310,13,혼잡권역,30,강남혼잡권역
614,강남혼잡권역,1,상행,1220036000,311,13,혼잡권역,30,강남혼잡권역
614,강남혼잡권역,2,하행,1220036100,312,13,혼잡권역,30,강남혼잡권역
614,강남혼잡권역,2,하행,1220036200,313,13,혼잡권역,30,강남혼잡권역
614,강남혼잡권역,1,상행,1220036300,314,13,혼잡권역,30,강남혼잡권역
614,강남혼잡권역,1,상행,1220036400,315,13,혼잡권역,30,강남혼잡권역
614,강남혼잡권역,2,하행,1220036500,316,13,혼잡권역,30,강남혼잡권역
614,강남혼잡권역,1,상행,1220036600,317,13,혼잡권역,30,강남혼잡권역
614,강남혼잡권역,2,하행,1220036700,318,13,혼잡권역,30,강남혼잡권역
614,강남혼잡권역,1,상행,1220036800,319,13,혼잡권역,30,강남혼잡권역
614,강남혼잡권역,2,하행,1220036900,320,13,혼잡권역,30,강남혼잡권역
614,강남혼잡권역,1,상행,1220037400,321,13,혼잡권역,30,강남혼잡권역
614,강남혼잡권역,2,하행,1230024500,322,13,혼잡권역,30,강남혼잡권역
614,강남혼잡권역,1,상행,1230024600,323,13,혼잡권역,30,강남혼잡권역
614,강남혼잡권역,2,하행,1230024900,324,13,혼잡권역,30,강남혼잡권역
614,강남혼잡권역,1,상행,1230025000,325,13,혼잡권역,30,강남혼잡권역
614,강남혼잡권역,1,상행,1230025100,326,13,혼잡권역,30,강남혼잡권역
614,강남혼잡권역,2,하행,1230025200,327,13,혼잡권역,30,강남혼잡권역
614,강남혼잡권역,1,상행,1230026500,328,13,혼잡권역,30,강남혼잡권역
614,강남혼잡권역,2,하행,1230026600,329,13,혼잡권역,30,강남혼잡권역
614,강남혼잡권역,1,상행,1230026900,330,13,혼잡권역,30,강남혼잡권역
614,강남혼잡권역,2,하행,1230027000,331,13,혼잡권역,30,강남혼잡권역
614,강남혼잡권역,1,상행,1230027500,332,13,혼잡권역,30,강남혼잡권역
614,강남혼잡권역,2,하행,1230027600,333,13,혼잡권역,30,강남혼잡권역
614,강남혼잡권역,2,하행,1230027700,334,13,혼잡권역,30,강남혼잡권역
614,강남혼잡권역,1,상행,1230027800,335,13,혼잡권역,30,강남혼잡권역
614,강남혼잡권역,1,상행,1230028500,336,13,혼잡권역,30,강남혼잡권역
614,강남혼잡권역,2,하행,1230028600,337,13,혼잡권역,30,강남혼잡권역
614,강남혼잡권역,2,하행,1230028900,338,13,혼잡권역,30,강남혼잡권역
614,강남혼잡권역,1,상행,1230029000,339,13,혼잡권역,30,강남혼잡권역
614,강남혼잡권역,1,상행,1230029500,340,13,혼잡권역,30,강남혼잡권역
614,강남혼잡권역,2,하행,1230029600,341,13,혼잡권역,30,강남혼잡권역
612,남산혼잡권역,1,상행,1020011900,3,13,혼잡권역,28,남산혼잡권역
235,새말로,1,상행,3201502000,1,01,기본도로,05,기타도로
235,새말로,1,상행,3201503400,2,01,기본도로,05,기타도로
235,새말로,1,상행,1230048500,3,01,기본도로,05,기타도로
235,새말로,2,하행,1230048400,1,01,기본도로,05,기타도로
235,새말로,2,하행,3201502100,3,01,기본도로,05,기타도로
538,자곡로,1,상행,1220043900,1,01,기본도로,05,기타도로
538,자곡로,2,하행,1220043800,1,01,기본도로,05,기타도로
540,가재울미래로,1,상행,1120036100,1,01,기본도로,05,기타도로
540,가재울미래로,2,하행,1120036200,1,01,기본도로,05,기타도로
161,모래내로15길,1,상행,1120007800,1,01,기본도로,05,기타도로
161,모래내로15길,2,하행,1120007700,1,01,기본도로,05,기타도로
174,발산로,1,상행,1150001200,1,01,기본도로,04,보조간선도로
174,발산로,2,하행,1150001100,1,01,기본도로,04,보조간선도로
235,새말로,2,하행,3201503500,2,01,기본도로,05,기타도로
543,마곡서로,1,상행,1150342400,1,01,기본도로,04,보조간선도로
543,마곡서로,2,하행,1150342300,1,01,기본도로,04,보조간선도로
541,마곡중앙5로,2,하행,1150086700,1,01,기본도로,05,기타도로
610,한양도성,1,상행,1000020300,128,12,한양도성,26,한양도성
610,한양도성,1,상행,1000019702,129,12,한양도성,26,한양도성
610,한양도성,1,상행,1000019701,130,12,한양도성,26,한양도성
24,거북골로,1,상행,1120010700,1,01,기본도로,05,기타도로
24,거북골로,1,상행,1120008100,2,01,기본도로,05,기타도로
24,거북골로,1,상행,1120009200,3,01,기본도로,05,기타도로
24,거북골로,1,상행,1120011400,4,01,기본도로,05,기타도로
24,거북골로,2,하행,1120011300,1,01,기본도로,05,기타도로
24,거북골로,2,하행,1120009100,2,01,기본도로,05,기타도로
24,거북골로,2,하행,1120008200,3,01,기본도로,05,기타도로
24,거북골로,2,하행,1120010800,4,01,기본도로,05,기타도로
610,한양도성,1,상행,1000018202,131,12,한양도성,26,한양도성
610,한양도성,1,상행,1000018201,132,12,한양도성,26,한양도성
610,한양도성,2,하행,1000018101,124,12,한양도성,26,한양도성
610,한양도성,2,하행,1000018102,125,12,한양도성,26,한양도성
537,수명로,1,상행,1150044500,1,01,기본도로,04,보조간선도로
537,수명로,2,하행,1150044600,1,01,기본도로,04,보조간선도로
542,마곡중앙로,1,상행,1150162701,1,01,기본도로,04,보조간선도로
542,마곡중앙로,1,상행,1150162500,2,01,기본도로,04,보조간선도로
542,마곡중앙로,1,상행,1150162300,3,01,기본도로,04,보조간선도로
542,마곡중앙로,1,상행,1150058900,4,01,기본도로,04,보조간선도로
542,마곡중앙로,2,하행,1150162801,4,01,기본도로,04,보조간선도로
542,마곡중앙로,2,하행,1150162600,3,01,기본도로,04,보조간선도로
542,마곡중앙로,2,하행,1150162400,2,01,기본도로,04,보조간선도로
542,마곡중앙로,2,하행,1150058800,1,01,기본도로,04,보조간선도로
541,마곡중앙5로,1,상행,1150086600,1,01,기본도로,05,기타도로
610,한양도성,2,하행,1000019801,126,12,한양도성,26,한양도성
610,한양도성,2,하행,1000019802,127,12,한양도성,26,한양도성
610,한양도성,2,하행,1000020400,128,12,한양도성,26,한양도성
605,도심생활권,1,상행,1010011000,1,11,권역별,21,도심생활권
605,도심생활권,1,상행,1010017800,2,11,권역별,21,도심생활권
605,도심생활권,1,상행,1000010700,3,11,권역별,21,도심생활권
605,도심생활권,1,상행,1000007100,4,11,권역별,21,도심생활권
605,도심생활권,1,상행,1020002800,5,11,권역별,21,도심생활권
605,도심생활권,1,상행,1000005900,6,11,권역별,21,도심생활권
605,도심생활권,1,상행,1010018300,7,11,권역별,21,도심생활권
605,도심생활권,1,상행,1010013500,8,11,권역별,21,도심생활권
605,도심생활권,1,상행,1010008700,9,11,권역별,21,도심생활권
605,도심생활권,1,상행,1010003700,10,11,권역별,21,도심생활권
605,도심생활권,1,상행,1010001500,11,11,권역별,21,도심생활권
605,도심생활권,1,상행,1030012300,12,11,권역별,21,도심생활권
605,도심생활권,1,상행,1020018900,13,11,권역별,21,도심생활권
605,도심생활권,1,상행,1020000900,14,11,권역별,21,도심생활권
605,도심생활권,1,상행,1020000300,15,11,권역별,21,도심생활권
605,도심생활권,1,상행,1020000200,16,11,권역별,21,도심생활권
605,도심생활권,1,상행,1020000600,17,11,권역별,21,도심생활권
605,도심생활권,1,상행,1020000800,18,11,권역별,21,도심생활권
605,도심생활권,1,상행,1020001200,19,11,권역별,21,도심생활권
605,도심생활권,1,상행,1020001400,20,11,권역별,21,도심생활권
605,도심생활권,1,상행,1020001800,21,11,권역별,21,도심생활권
605,도심생활권,1,상행,1010010600,22,11,권역별,21,도심생활권
605,도심생활권,1,상행,1010010100,23,11,권역별,21,도심생활권
605,도심생활권,1,상행,1010009400,24,11,권역별,21,도심생활권
605,도심생활권,1,상행,1010009800,25,11,권역별,21,도심생활권
605,도심생활권,1,상행,1010010700,26,11,권역별,21,도심생활권
605,도심생활권,1,상행,1010017900,27,11,권역별,21,도심생활권
605,도심생활권,1,상행,1010018700,28,11,권역별,21,도심생활권
605,도심생활권,1,상행,1010018900,29,11,권역별,21,도심생활권
605,도심생활권,1,상행,1020022400,30,11,권역별,21,도심생활권
605,도심생활권,1,상행,1010015400,31,11,권역별,21,도심생활권
605,도심생활권,1,상행,1010017600,32,11,권역별,21,도심생활권
605,도심생활권,1,상행,1000005000,33,11,권역별,21,도심생활권
605,도심생활권,1,상행,1000006800,34,11,권역별,21,도심생활권
605,도심생활권,1,상행,1020015300,35,11,권역별,21,도심생활권
605,도심생활권,1,상행,1020013900,36,11,권역별,21,도심생활권
605,도심생활권,1,상행,1020013100,37,11,권역별,21,도심생활권
605,도심생활권,1,상행,1020012500,38,11,권역별,21,도심생활권
605,도심생활권,1,상행,1005009200,39,11,권역별,21,도심생활권
605,도심생활권,1,상행,1000020600,40,11,권역별,21,도심생활권
605,도심생활권,1,상행,1020006400,41,11,권역별,21,도심생활권
605,도심생활권,1,상행,1020007600,42,11,권역별,21,도심생활권
605,도심생활권,1,상행,1020009600,43,11,권역별,21,도심생활권
605,도심생활권,1,상행,1000016900,44,11,권역별,21,도심생활권
605,도심생활권,1,상행,1000014000,45,11,권역별,21,도심생활권
605,도심생활권,1,상행,1000018400,46,11,권역별,21,도심생활권
605,도심생활권,1,상행,1000011400,47,11,권역별,21,도심생활권
605,도심생활권,1,상행,1000012600,48,11,권역별,21,도심생활권
605,도심생활권,1,상행,1000011700,49,11,권역별,21,도심생활권
605,도심생활권,1,상행,1000012000,50,11,권역별,21,도심생활권
605,도심생활권,1,상행,1000012200,51,11,권역별,21,도심생활권
605,도심생활권,1,상행,1000010100,52,11,권역별,21,도심생활권
605,도심생활권,1,상행,1000009400,53,11,권역별,21,도심생활권
605,도심생활권,1,상행,1000010000,54,11,권역별,21,도심생활권
605,도심생활권,1,상행,1000007500,55,11,권역별,21,도심생활권
605,도심생활권,1,상행,1000010300,56,11,권역별,21,도심생활권
605,도심생활권,1,상행,1000006900,57,11,권역별,21,도심생활권
605,도심생활권,1,상행,1000003900,58,11,권역별,21,도심생활권
605,도심생활권,1,상행,1010016500,59,11,권역별,21,도심생활권
605,도심생활권,1,상행,1010012300,60,11,권역별,21,도심생활권
605,도심생활권,1,상행,1010007700,61,11,권역별,21,도심생활권
605,도심생활권,1,상행,1010003300,62,11,권역별,21,도심생활권
605,도심생활권,1,상행,1020020300,63,11,권역별,21,도심생활권
605,도심생활권,1,상행,1000014400,64,11,권역별,21,도심생활권
605,도심생활권,1,상행,1000016400,65,11,권역별,21,도심생활권
605,도심생활권,1,상행,1000018800,66,11,권역별,21,도심생활권
605,도심생활권,1,상행,1000020200,67,11,권역별,21,도심생활권
605,도심생활권,1,상행,1000000900,68,11,권역별,21,도심생활권
605,도심생활권,1,상행,1000000700,69,11,권역별,21,도심생활권
605,도심생활권,1,상행,1000000100,70,11,권역별,21,도심생활권
605,도심생활권,1,상행,1010000100,71,11,권역별,21,도심생활권
605,도심생활권,1,상행,1000007300,72,11,권역별,21,도심생활권
605,도심생활권,1,상행,1020014700,73,11,권역별,21,도심생활권
605,도심생활권,1,상행,1020014300,74,11,권역별,21,도심생활권
605,도심생활권,1,상행,1020012100,75,11,권역별,21,도심생활권
605,도심생활권,1,상행,1020010500,76,11,권역별,21,도심생활권
605,도심생활권,1,상행,1020008300,77,11,권역별,21,도심생활권
605,도심생활권,1,상행,1020005900,78,11,권역별,21,도심생활권
605,도심생활권,1,상행,1020003700,79,11,권역별,21,도심생활권
605,도심생활권,1,상행,1020003600,80,11,권역별,21,도심생활권
605,도심생활권,1,상행,1020003300,81,11,권역별,21,도심생활권
605,도심생활권,1,상행,1020004200,82,11,권역별,21,도심생활권
605,도심생활권,1,상행,1020007000,83,11,권역별,21,도심생활권
605,도심생활권,1,상행,1020011600,84,11,권역별,21,도심생활권
605,도심생활권,1,상행,1020005500,85,11,권역별,21,도심생활권
605,도심생활권,1,상행,1010007300,86,11,권역별,21,도심생활권
605,도심생활권,1,상행,1010005700,87,11,권역별,21,도심생활권
605,도심생활권,1,상행,1000018900,88,11,권역별,21,도심생활권
605,도심생활권,1,상행,1000021000,89,11,권역별,21,도심생활권
605,도심생활권,1,상행,1000008300,90,11,권역별,21,도심생활권
605,도심생활권,1,상행,1000005100,91,11,권역별,21,도심생활권
605,도심생활권,1,상행,1010018100,92,11,권역별,21,도심생활권
605,도심생활권,1,상행,1010013700,93,11,권역별,21,도심생활권
605,도심생활권,1,상행,1010009900,94,11,권역별,21,도심생활권
605,도심생활권,1,상행,1010005900,95,11,권역별,21,도심생활권
605,도심생활권,1,상행,1010002900,96,11,권역별,21,도심생활권
605,도심생활권,1,상행,1010008400,97,11,권역별,21,도심생활권
605,도심생활권,1,상행,1010016400,98,11,권역별,21,도심생활권
605,도심생활권,1,상행,1000004200,99,11,권역별,21,도심생활권
605,도심생활권,1,상행,1010011100,100,11,권역별,21,도심생활권
605,도심생활권,1,상행,1010009500,101,11,권역별,21,도심생활권
605,도심생활권,1,상행,1010007500,102,11,권역별,21,도심생활권
605,도심생활권,1,상행,1010004900,103,11,권역별,21,도심생활권
605,도심생활권,1,상행,1010002700,104,11,권역별,21,도심생활권
605,도심생활권,1,상행,1010002300,105,11,권역별,21,도심생활권
605,도심생활권,1,상행,1020022700,106,11,권역별,21,도심생활권
605,도심생활권,1,상행,1020021900,107,11,권역별,21,도심생활권
605,도심생활권,1,상행,1020020500,108,11,권역별,21,도심생활권
605,도심생활권,1,상행,1020019100,109,11,권역별,21,도심생활권
605,도심생활권,1,상행,1020016500,110,11,권역별,21,도심생활권
605,도심생활권,1,상행,1020017200,111,11,권역별,21,도심생활권
605,도심생활권,1,상행,1010000500,112,11,권역별,21,도심생활권
605,도심생활권,1,상행,1020022600,113,11,권역별,21,도심생활권
605,도심생활권,1,상행,1010000700,114,11,권역별,21,도심생활권
605,도심생활권,1,상행,1010001200,115,11,권역별,21,도심생활권
605,도심생활권,1,상행,1000006300,116,11,권역별,21,도심생활권
605,도심생활권,1,상행,1010012900,117,11,권역별,21,도심생활권
605,도심생활권,1,상행,1020007800,118,11,권역별,21,도심생활권
605,도심생활권,1,상행,1000004800,119,11,권역별,21,도심생활권
605,도심생활권,1,상행,1000006600,120,11,권역별,21,도심생활권
605,도심생활권,1,상행,1000009200,121,11,권역별,21,도심생활권
605,도심생활권,1,상행,1020010900,122,11,권역별,21,도심생활권
605,도심생활권,1,상행,1020009100,123,11,권역별,21,도심생활권
605,도심생활권,1,상행,1005001900,124,11,권역별,21,도심생활권
605,도심생활권,1,상행,1020013000,125,11,권역별,21,도심생활권
605,도심생활권,1,상행,1020015200,126,11,권역별,21,도심생활권
605,도심생활권,1,상행,1000006200,127,11,권역별,21,도심생활권
605,도심생활권,1,상행,1000009600,128,11,권역별,21,도심생활권
605,도심생활권,1,상행,1000012300,129,11,권역별,21,도심생활권
605,도심생활권,1,상행,1000013400,130,11,권역별,21,도심생활권
605,도심생활권,1,상행,1000013500,131,11,권역별,21,도심생활권
605,도심생활권,1,상행,1000012700,132,11,권역별,21,도심생활권
605,도심생활권,1,상행,1000011600,133,11,권역별,21,도심생활권
605,도심생활권,1,상행,1010012600,134,11,권역별,21,도심생활권
605,도심생활권,1,상행,1010014000,135,11,권역별,21,도심생활권
605,도심생활권,1,상행,1010014200,136,11,권역별,21,도심생활권
605,도심생활권,1,상행,1010014400,137,11,권역별,21,도심생활권
605,도심생활권,1,상행,1010014800,138,11,권역별,21,도심생활권
605,도심생활권,1,상행,1010015800,139,11,권역별,21,도심생활권
605,도심생활권,1,상행,1010016200,140,11,권역별,21,도심생활권
605,도심생활권,1,상행,1010014900,141,11,권역별,21,도심생활권
605,도심생활권,1,상행,1010013300,142,11,권역별,21,도심생활권
605,도심생활권,1,상행,1010011500,143,11,권역별,21,도심생활권
605,도심생활권,1,상행,1010014500,144,11,권역별,21,도심생활권
605,도심생활권,1,상행,1020006500,145,11,권역별,21,도심생활권
605,도심생활권,1,상행,1005002500,146,11,권역별,21,도심생활권
605,도심생활권,1,상행,1020004300,147,11,권역별,21,도심생활권
605,도심생활권,1,상행,1020003900,148,11,권역별,21,도심생활권
605,도심생활권,1,상행,1020003100,149,11,권역별,21,도심생활권
605,도심생활권,1,상행,1020002500,150,11,권역별,21,도심생활권
605,도심생활권,1,상행,1020002400,151,11,권역별,21,도심생활권
605,도심생활권,1,상행,1020002900,152,11,권역별,21,도심생활권
605,도심생활권,1,상행,1020004700,153,11,권역별,21,도심생활권
605,도심생활권,1,상행,1020013500,154,11,권역별,21,도심생활권
605,도심생활권,1,상행,1020011100,155,11,권역별,21,도심생활권
605,도심생활권,1,상행,1020010700,156,11,권역별,21,도심생활권
605,도심생활권,1,상행,1020011400,157,11,권역별,21,도심생활권
605,도심생활권,1,상행,1000018000,159,11,권역별,21,도심생활권
605,도심생활권,1,상행,1000019600,160,11,권역별,21,도심생활권
605,도심생활권,1,상행,1000020800,161,11,권역별,21,도심생활권
605,도심생활권,1,상행,1020006700,162,11,권역별,21,도심생활권
605,도심생활권,1,상행,1020020200,163,11,권역별,21,도심생활권
605,도심생활권,1,상행,1010000400,164,11,권역별,21,도심생활권
605,도심생활권,1,상행,1010001400,165,11,권역별,21,도심생활권
605,도심생활권,1,상행,1010005400,166,11,권역별,21,도심생활권
605,도심생활권,1,상행,1010012000,167,11,권역별,21,도심생활권
605,도심생활권,1,상행,1010017400,168,11,권역별,21,도심생활권
605,도심생활권,1,상행,1010015100,169,11,권역별,21,도심생활권
605,도심생활권,1,상행,1000001400,170,11,권역별,21,도심생활권
605,도심생활권,1,상행,1000000300,171,11,권역별,21,도심생활권
605,도심생활권,1,상행,1000000600,172,11,권역별,21,도심생활권
605,도심생활권,1,상행,1000001200,173,11,권역별,21,도심생활권
605,도심생활권,1,상행,1000001600,174,11,권역별,21,도심생활권
605,도심생활권,1,상행,1000001800,175,11,권역별,21,도심생활권
605,도심생활권,1,상행,1000002000,176,11,권역별,21,도심생활권
605,도심생활권,1,상행,1000002200,177,11,권역별,21,도심생활권
605,도심생활권,1,상행,1000002400,178,11,권역별,21,도심생활권
605,도심생활권,1,상행,1000008500,179,11,권역별,21,도심생활권
605,도심생활권,1,상행,1000011200,180,11,권역별,21,도심생활권
605,도심생활권,1,상행,1000012900,181,11,권역별,21,도심생활권
605,도심생활권,1,상행,1010019900,182,11,권역별,21,도심생활권
605,도심생활권,1,상행,1000021300,183,11,권역별,21,도심생활권
605,도심생활권,1,상행,1000015600,184,11,권역별,21,도심생활권
605,도심생활권,1,상행,1000017800,185,11,권역별,21,도심생활권
605,도심생활권,1,상행,1000019400,186,11,권역별,21,도심생활권
605,도심생활권,1,상행,1050008300,187,11,권역별,21,도심생활권
605,도심생활권,1,상행,1000003700,188,11,권역별,21,도심생활권
605,도심생활권,1,상행,1000003300,189,11,권역별,21,도심생활권
605,도심생활권,1,상행,1000002900,190,11,권역별,21,도심생활권
605,도심생활권,1,상행,1000002800,191,11,권역별,21,도심생활권
605,도심생활권,1,상행,1000003200,192,11,권역별,21,도심생활권
605,도심생활권,1,상행,1000004400,193,11,권역별,21,도심생활권
605,도심생활권,1,상행,1000005400,194,11,권역별,21,도심생활권
605,도심생활권,1,상행,1000005800,195,11,권역별,21,도심생활권
605,도심생활권,1,상행,1010019600,196,11,권역별,21,도심생활권
605,도심생활권,1,상행,1010019800,197,11,권역별,21,도심생활권
605,도심생활권,1,상행,1000016600,198,11,권역별,21,도심생활권
605,도심생활권,1,상행,1000017400,199,11,권역별,21,도심생활권
605,도심생활권,1,상행,1010002100,200,11,권역별,21,도심생활권
605,도심생활권,1,상행,1020021700,201,11,권역별,21,도심생활권
605,도심생활권,1,상행,1020017300,202,11,권역별,21,도심생활권
605,도심생활권,1,상행,1020014500,203,11,권역별,21,도심생활권
605,도심생활권,1,상행,1020010300,204,11,권역별,21,도심생활권
605,도심생활권,1,상행,1020009700,205,11,권역별,21,도심생활권
605,도심생활권,1,상행,1020018500,206,11,권역별,21,도심생활권
605,도심생활권,1,상행,1010006600,207,11,권역별,21,도심생활권
605,도심생활권,1,상행,1010012200,208,11,권역별,21,도심생활권
605,도심생활권,1,상행,1010016800,209,11,권역별,21,도심생활권
605,도심생활권,1,상행,1010003900,210,11,권역별,21,도심생활권
605,도심생활권,1,상행,1010003500,211,11,권역별,21,도심생활권
605,도심생활권,1,상행,1010002000,212,11,권역별,21,도심생활권
605,도심생활권,1,상행,1010004400,213,11,권역별,21,도심생활권
605,도심생활권,1,상행,1010009000,214,11,권역별,21,도심생활권
605,도심생활권,1,상행,1000003600,215,11,권역별,21,도심생활권
605,도심생활권,1,상행,1010002600,216,11,권역별,21,도심생활권
605,도심생활권,1,상행,1010004600,217,11,권역별,21,도심생활권
605,도심생활권,1,상행,1010004700,218,11,권역별,21,도심생활권
605,도심생활권,1,상행,1010005600,219,11,권역별,21,도심생활권
605,도심생활권,1,상행,1010007000,220,11,권역별,21,도심생활권
605,도심생활권,1,상행,1010008200,221,11,권역별,21,도심생활권
605,도심생활권,1,상행,1010010400,222,11,권역별,21,도심생활권
605,도심생활권,1,상행,1010011800,223,11,권역별,21,도심생활권
605,도심생활권,1,상행,1010013100,224,11,권역별,21,도심생활권
605,도심생활권,1,상행,1020022900,225,11,권역별,21,도심생활권
605,도심생활권,1,상행,1020020900,226,11,권역별,21,도심생활권
605,도심생활권,1,상행,1020017700,227,11,권역별,21,도심생활권
605,도심생활권,1,상행,1020014100,228,11,권역별,21,도심생활권
605,도심생활권,1,상행,1020009300,229,11,권역별,21,도심생활권
605,도심생활권,1,상행,1020007300,230,11,권역별,21,도심생활권
605,도심생활권,1,상행,1020006100,231,11,권역별,21,도심생활권
605,도심생활권,1,상행,1020016400,232,11,권역별,21,도심생활권
605,도심생활권,1,상행,1020008600,233,11,권역별,21,도심생활권
605,도심생활권,1,상행,1020013400,234,11,권역별,21,도심생활권
605,도심생활권,1,상행,1020018200,235,11,권역별,21,도심생활권
605,도심생활권,1,상행,1000019200,236,11,권역별,21,도심생활권
605,도심생활권,1,상행,1000020000,237,11,권역별,21,도심생활권
605,도심생활권,1,상행,1000015200,238,11,권역별,21,도심생활권
605,도심생활권,1,상행,1000017200,239,11,권역별,21,도심생활권
605,도심생활권,1,상행,1020016700,240,11,권역별,21,도심생활권
605,도심생활권,1,상행,1020013700,241,11,권역별,21,도심생활권
605,도심생활권,1,상행,1020012700,242,11,권역별,21,도심생활권
605,도심생활권,1,상행,1020011700,243,11,권역별,21,도심생활권
605,도심생활권,1,상행,1020020800,244,11,권역별,21,도심생활권
605,도심생활권,1,상행,1020022200,245,11,권역별,21,도심생활권
605,도심생활권,1,상행,1000020300,246,11,권역별,21,도심생활권
605,도심생활권,1,상행,1000019702,247,11,권역별,21,도심생활권
605,도심생활권,1,상행,1000019701,248,11,권역별,21,도심생활권
605,도심생활권,1,상행,1000018202,249,11,권역별,21,도심생활권
605,도심생활권,1,상행,1000018201,250,11,권역별,21,도심생활권
605,도심생활권,1,상행,1010006200,251,11,권역별,21,도심생활권
605,도심생활권,1,상행,1010016900,252,11,권역별,21,도심생활권
605,도심생활권,1,상행,1010011300,253,11,권역별,21,도심생활권
605,도심생활권,1,상행,1010007100,254,11,권역별,21,도심생활권
605,도심생활권,1,상행,1010005100,255,11,권역별,21,도심생활권
605,도심생활권,1,상행,1010009100,256,11,권역별,21,도심생활권
605,도심생활권,1,상행,1000002600,257,11,권역별,21,도심생활권
605,도심생활권,1,상행,1020021100,258,11,권역별,21,도심생활권
605,도심생활권,1,상행,1020015700,259,11,권역별,21,도심생활권
605,도심생활권,1,상행,1020011900,260,11,권역별,21,도심생활권
605,도심생활권,1,상행,1020008900,261,11,권역별,21,도심생활권
605,도심생활권,1,상행,1020007100,262,11,권역별,21,도심생활권
605,도심생활권,1,상행,1020004900,263,11,권역별,21,도심생활권
605,도심생활권,1,상행,1020008800,264,11,권역별,21,도심생활권
605,도심생활권,1,상행,1020021500,265,11,권역별,21,도심생활권
605,도심생활권,1,상행,1010019100,266,11,권역별,21,도심생활권
605,도심생활권,1,상행,1010015900,267,11,권역별,21,도심생활권
605,도심생활권,1,상행,1010006700,268,11,권역별,21,도심생활권
605,도심생활권,1,상행,1010001700,269,11,권역별,21,도심생활권
605,도심생활권,1,상행,1020021300,270,11,권역별,21,도심생활권
605,도심생활권,1,상행,1000009000,271,11,권역별,21,도심생활권
605,도심생활권,1,상행,1000016000,272,11,권역별,21,도심생활권
605,도심생활권,2,하행,1020012400,1,11,권역별,21,도심생활권
605,도심생활권,2,하행,1000004600,2,11,권역별,21,도심생활권
605,도심생활권,2,하행,1000007200,3,11,권역별,21,도심생활권
605,도심생활권,2,하행,1000010800,4,11,권역별,21,도심생활권
605,도심생활권,2,하행,1210030600,5,11,권역별,21,도심생활권
605,도심생활권,2,하행,1020002700,6,11,권역별,21,도심생활권
605,도심생활권,2,하행,1210027800,7,11,권역별,21,도심생활권
605,도심생활권,2,하행,1010001600,8,11,권역별,21,도심생활권
605,도심생활권,2,하행,1010003800,9,11,권역별,21,도심생활권
605,도심생활권,2,하행,1010008800,10,11,권역별,21,도심생활권
605,도심생활권,2,하행,1010013600,11,11,권역별,21,도심생활권
605,도심생활권,2,하행,1010018400,12,11,권역별,21,도심생활권
605,도심생활권,2,하행,1000006000,13,11,권역별,21,도심생활권
605,도심생활권,2,하행,1020019000,14,11,권역별,21,도심생활권
605,도심생활권,2,하행,1020001300,15,11,권역별,21,도심생활권
605,도심생활권,2,하행,1020001100,16,11,권역별,21,도심생활권
605,도심생활권,2,하행,1020000700,17,11,권역별,21,도심생활권
605,도심생활권,2,하행,1020000500,18,11,권역별,21,도심생활권
605,도심생활권,2,하행,1020000100,19,11,권역별,21,도심생활권
605,도심생활권,2,하행,1020000400,20,11,권역별,21,도심생활권
605,도심생활권,2,하행,1020001000,21,11,권역별,21,도심생활권
605,도심생활권,2,하행,1020001600,22,11,권역별,21,도심생활권
605,도심생활권,2,하행,1030001200,23,11,권역별,21,도심생활권
605,도심생활권,2,하행,1010010800,24,11,권역별,21,도심생활권
605,도심생활권,2,하행,1010009700,25,11,권역별,21,도심생활권
605,도심생활권,2,하행,1010009300,26,11,권역별,21,도심생활권
605,도심생활권,2,하행,1010010200,27,11,권역별,21,도심생활권
605,도심생활권,2,하행,1010010500,28,11,권역별,21,도심생활권
605,도심생활권,2,하행,1010018800,29,11,권역별,21,도심생활권
605,도심생활권,2,하행,1010018000,30,11,권역별,21,도심생활권
605,도심생활권,2,하행,1010018500,31,11,권역별,21,도심생활권
605,도심생활권,2,하행,1010019000,32,11,권역별,21,도심생활권
605,도심생활권,2,하행,1020022300,33,11,권역별,21,도심생활권
605,도심생활권,2,하행,1020019500,34,11,권역별,21,도심생활권
605,도심생활권,2,하행,1000006700,35,11,권역별,21,도심생활권
605,도심생활권,2,하행,1210028800,36,11,권역별,21,도심생활권
605,도심생활권,2,하행,1020012600,37,11,권역별,21,도심생활권
605,도심생활권,2,하행,1020013200,38,11,권역별,21,도심생활권
605,도심생활권,2,하행,1020014000,39,11,권역별,21,도심생활권
605,도심생활권,2,하행,1020015400,40,11,권역별,21,도심생활권
605,도심생활권,2,하행,1020016000,41,11,권역별,21,도심생활권
605,도심생활권,2,하행,1005009300,42,11,권역별,21,도심생활권
605,도심생활권,2,하행,1000020500,43,11,권역별,21,도심생활권
605,도심생활권,2,하행,1020009500,44,11,권역별,21,도심생활권
605,도심생활권,2,하행,1020007500,45,11,권역별,21,도심생활권
605,도심생활권,2,하행,1020006300,46,11,권역별,21,도심생활권
605,도심생활권,2,하행,1070002000,47,11,권역별,21,도심생활권
605,도심생활권,2,하행,1000017000,48,11,권역별,21,도심생활권
605,도심생활권,2,하행,1000021100,49,11,권역별,21,도심생활권
605,도심생활권,2,하행,1000018300,50,11,권역별,21,도심생활권
605,도심생활권,2,하행,1000013900,51,11,권역별,21,도심생활권
605,도심생활권,2,하행,1000012100,52,11,권역별,21,도심생활권
605,도심생활권,2,하행,1000011900,53,11,권역별,21,도심생활권
605,도심생활권,2,하행,1000011800,54,11,권역별,21,도심생활권
605,도심생활권,2,하행,1000012500,55,11,권역별,21,도심생활권
605,도심생활권,2,하행,1000011300,56,11,권역별,21,도심생활권
605,도심생활권,2,하행,1000007900,57,11,권역별,21,도심생활권
605,도심생활권,2,하행,1000009900,58,11,권역별,21,도심생활권
605,도심생활권,2,하행,1000009300,59,11,권역별,21,도심생활권
605,도심생활권,2,하행,1000010200,60,11,권역별,21,도심생활권
605,도심생활권,2,하행,1000007600,61,11,권역별,21,도심생활권
605,도심생활권,2,하행,1020020400,62,11,권역별,21,도심생활권
605,도심생활권,2,하행,1010003400,63,11,권역별,21,도심생활권
605,도심생활권,2,하행,1010007800,64,11,권역별,21,도심생활권
605,도심생활권,2,하행,1010012400,65,11,권역별,21,도심생활권
605,도심생활권,2,하행,1010016600,66,11,권역별,21,도심생활권
605,도심생활권,2,하행,1000004000,67,11,권역별,21,도심생활권
605,도심생활권,2,하행,1000007000,68,11,권역별,21,도심생활권
605,도심생활권,2,하행,1000010400,69,11,권역별,21,도심생활권
605,도심생활권,2,하행,1000018700,70,11,권역별,21,도심생활권
605,도심생활권,2,하행,1000016300,71,11,권역별,21,도심생활권
605,도심생활권,2,하행,1000014300,72,11,권역별,21,도심생활권
605,도심생활권,2,하행,1010000200,73,11,권역별,21,도심생활권
605,도심생활권,2,하행,1000000200,74,11,권역별,21,도심생활권
605,도심생활권,2,하행,1000000800,75,11,권역별,21,도심생활권
605,도심생활권,2,하행,1000001000,76,11,권역별,21,도심생활권
605,도심생활권,2,하행,1000007400,77,11,권역별,21,도심생활권
605,도심생활권,2,하행,1000010600,78,11,권역별,21,도심생활권
605,도심생활권,2,하행,1020008400,79,11,권역별,21,도심생활권
605,도심생활권,2,하행,1020010600,80,11,권역별,21,도심생활권
605,도심생활권,2,하행,1020012200,81,11,권역별,21,도심생활권
605,도심생활권,2,하행,1020014400,82,11,권역별,21,도심생활권
605,도심생활권,2,하행,1020014800,83,11,권역별,21,도심생활권
605,도심생활권,2,하행,1020016200,84,11,권역별,21,도심생활권
605,도심생활권,2,하행,1020006900,85,11,권역별,21,도심생활권
605,도심생활권,2,하행,1020004100,86,11,권역별,21,도심생활권
605,도심생활권,2,하행,1020003400,87,11,권역별,21,도심생활권
605,도심생활권,2,하행,1020003500,88,11,권역별,21,도심생활권
605,도심생활권,2,하행,1020003800,89,11,권역별,21,도심생활권
605,도심생활권,2,하행,1020006000,90,11,권역별,21,도심생활권
605,도심생활권,2,하행,1020005600,91,11,권역별,21,도심생활권
605,도심생활권,2,하행,1010007400,92,11,권역별,21,도심생활권
605,도심생활권,2,하행,1000019000,93,11,권역별,21,도심생활권
605,도심생활권,2,하행,1000020900,94,11,권역별,21,도심생활권
605,도심생활권,2,하행,1120013900,95,11,권역별,21,도심생활권
605,도심생활권,2,하행,1010003000,96,11,권역별,21,도심생활권
605,도심생활권,2,하행,1010006000,97,11,권역별,21,도심생활권
605,도심생활권,2,하행,1010010000,98,11,권역별,21,도심생활권
605,도심생활권,2,하행,1010013800,99,11,권역별,21,도심생활권
605,도심생활권,2,하행,1010018200,100,11,권역별,21,도심생활권
605,도심생활권,2,하행,1000005200,101,11,권역별,21,도심생활권
605,도심생활권,2,하행,1000008400,102,11,권역별,21,도심생활권
605,도심생활권,2,하행,1010002800,103,11,권역별,21,도심생활권
605,도심생활권,2,하행,1010005000,104,11,권역별,21,도심생활권
605,도심생활권,2,하행,1010007600,105,11,권역별,21,도심생활권
605,도심생활권,2,하행,1010009600,106,11,권역별,21,도심생활권
605,도심생활권,2,하행,1010011200,107,11,권역별,21,도심생활권
605,도심생활권,2,하행,1020017100,108,11,권역별,21,도심생활권
605,도심생활권,2,하행,1020016600,109,11,권역별,21,도심생활권
605,도심생활권,2,하행,1020019200,110,11,권역별,21,도심생활권
605,도심생활권,2,하행,1020020600,111,11,권역별,21,도심생활권
605,도심생활권,2,하행,1020022000,112,11,권역별,21,도심생활권
605,도심생활권,2,하행,1020022800,113,11,권역별,21,도심생활권
605,도심생활권,2,하행,1010002400,114,11,권역별,21,도심생활권
605,도심생활권,2,하행,1010000600,115,11,권역별,21,도심생활권
605,도심생활권,2,하행,1020022500,116,11,권역별,21,도심생활권
605,도심생활권,2,하행,1010001100,117,11,권역별,21,도심생활권
605,도심생활권,2,하행,1010000800,118,11,권역별,21,도심생활권
605,도심생활권,2,하행,1000006400,119,11,권역별,21,도심생활권
605,도심생활권,2,하행,1010013000,120,11,권역별,21,도심생활권
605,도심생활권,2,하행,1000008200,121,11,권역별,21,도심생활권
605,도심생활권,2,하행,1190007500,122,11,권역별,21,도심생활권
605,도심생활권,2,하행,1020007700,123,11,권역별,21,도심생활권
605,도심생활권,2,하행,1180031600,124,11,권역별,21,도심생활권
605,도심생활권,2,하행,1050000500,125,11,권역별,21,도심생활권
605,도심생활권,2,하행,1000009100,126,11,권역별,21,도심생활권
605,도심생활권,2,하행,1000006500,127,11,권역별,21,도심생활권
605,도심생활권,2,하행,1000004700,128,11,권역별,21,도심생활권
605,도심생활권,2,하행,1020015100,129,11,권역별,21,도심생활권
605,도심생활권,2,하행,1020012900,130,11,권역별,21,도심생활권
605,도심생활권,2,하행,1005002000,131,11,권역별,21,도심생활권
605,도심생활권,2,하행,1020009200,132,11,권역별,21,도심생활권
605,도심생활권,2,하행,1020011000,133,11,권역별,21,도심생활권
605,도심생활권,2,하행,1000011500,134,11,권역별,21,도심생활권
605,도심생활권,2,하행,1000012800,135,11,권역별,21,도심생활권
605,도심생활권,2,하행,1000013600,136,11,권역별,21,도심생활권
605,도심생활권,2,하행,1000013300,137,11,권역별,21,도심생활권
605,도심생활권,2,하행,1000012400,138,11,권역별,21,도심생활권
605,도심생활권,2,하행,1000009500,139,11,권역별,21,도심생활권
605,도심생활권,2,하행,1000006100,140,11,권역별,21,도심생활권
605,도심생활권,2,하행,1010011600,141,11,권역별,21,도심생활권
605,도심생활권,2,하행,1010013400,142,11,권역별,21,도심생활권
605,도심생활권,2,하행,1010015000,143,11,권역별,21,도심생활권
605,도심생활권,2,하행,1010016100,144,11,권역별,21,도심생활권
605,도심생활권,2,하행,1010015700,145,11,권역별,21,도심생활권
605,도심생활권,2,하행,1010014700,146,11,권역별,21,도심생활권
605,도심생활권,2,하행,1010014300,147,11,권역별,21,도심생활권
605,도심생활권,2,하행,1010014100,148,11,권역별,21,도심생활권
605,도심생활권,2,하행,1010013900,149,11,권역별,21,도심생활권
605,도심생활권,2,하행,1010012500,150,11,권역별,21,도심생활권
605,도심생활권,2,하행,1010014600,151,11,권역별,21,도심생활권
605,도심생활권,2,하행,1020002300,152,11,권역별,21,도심생활권
605,도심생활권,2,하행,1020002600,153,11,권역별,21,도심생활권
605,도심생활권,2,하행,1020003200,154,11,권역별,21,도심생활권
605,도심생활권,2,하행,1020004000,155,11,권역별,21,도심생활권
605,도심생활권,2,하행,1020004400,156,11,권역별,21,도심생활권
605,도심생활권,2,하행,1020006600,157,11,권역별,21,도심생활권
605,도심생활권,2,하행,1020003000,158,11,권역별,21,도심생활권
605,도심생활권,2,하행,1020004800,159,11,권역별,21,도심생활권
605,도심생활권,2,하행,1020011300,160,11,권역별,21,도심생활권
605,도심생활권,2,하행,1020010800,161,11,권역별,21,도심생활권
605,도심생활권,2,하행,1020011200,162,11,권역별,21,도심생활권
605,도심생활권,2,하행,1020013600,163,11,권역별,21,도심생활권
605,도심생활권,2,하행,1000020700,164,11,권역별,21,도심생활권
605,도심생활권,2,하행,1000019500,165,11,권역별,21,도심생활권
605,도심생활권,2,하행,1000017900,166,11,권역별,21,도심생활권
605,도심생활권,2,하행,1020006800,168,11,권역별,21,도심생활권
605,도심생활권,2,하행,1010017300,169,11,권역별,21,도심생활권
605,도심생활권,2,하행,1010011900,170,11,권역별,21,도심생활권
605,도심생활권,2,하행,1010005300,171,11,권역별,21,도심생활권
605,도심생활권,2,하행,1010001300,172,11,권역별,21,도심생활권
605,도심생활권,2,하행,1010000300,173,11,권역별,21,도심생활권
605,도심생활권,2,하행,1020020100,174,11,권역별,21,도심생활권
605,도심생활권,2,하행,1010015200,175,11,권역별,21,도심생활권
605,도심생활권,2,하행,1000002300,176,11,권역별,21,도심생활권
605,도심생활권,2,하행,1000002100,177,11,권역별,21,도심생활권
605,도심생활권,2,하행,1000001900,178,11,권역별,21,도심생활권
605,도심생활권,2,하행,1000001700,179,11,권역별,21,도심생활권
605,도심생활권,2,하행,1000001500,180,11,권역별,21,도심생활권
605,도심생활권,2,하행,1000001100,181,11,권역별,21,도심생활권
605,도심생활권,2,하행,1000000500,182,11,권역별,21,도심생활권
605,도심생활권,2,하행,1000000400,183,11,권역별,21,도심생활권
605,도심생활권,2,하행,1000001300,184,11,권역별,21,도심생활권
605,도심생활권,2,하행,1000011100,185,11,권역별,21,도심생활권
605,도심생활권,2,하행,1000008600,186,11,권역별,21,도심생활권
605,도심생활권,2,하행,1010003200,187,11,권역별,21,도심생활권
605,도심생활권,2,하행,1010020000,188,11,권역별,21,도심생활권
605,도심생활권,2,하행,1000013000,189,11,권역별,21,도심생활권
605,도심생활권,2,하행,1000016800,190,11,권역별,21,도심생활권
605,도심생활권,2,하행,1000021400,191,11,권역별,21,도심생활권
605,도심생활권,2,하행,1000021600,192,11,권역별,21,도심생활권
605,도심생활권,2,하행,1000017700,193,11,권역별,21,도심생활권
605,도심생활권,2,하행,1000015500,194,11,권역별,21,도심생활권
605,도심생활권,2,하행,1000008700,195,11,권역별,21,도심생활권
605,도심생활권,2,하행,1000005500,196,11,권역별,21,도심생활권
605,도심생활권,2,하행,1010017100,197,11,권역별,21,도심생활권
605,도심생활권,2,하행,1010012700,198,11,권역별,21,도심생활권
605,도심생활권,2,하행,1010007900,199,11,권역별,21,도심생활권
605,도심생활권,2,하행,1010019500,200,11,권역별,21,도심생활권
605,도심생활권,2,하행,1000005300,201,11,권역별,21,도심생활권
605,도심생활권,2,하행,1000004300,202,11,권역별,21,도심생활권
605,도심생활권,2,하행,1000003100,203,11,권역별,21,도심생활권
605,도심생활권,2,하행,1000002700,204,11,권역별,21,도심생활권
605,도심생활권,2,하행,1000003000,205,11,권역별,21,도심생활권
605,도심생활권,2,하행,1000003400,206,11,권역별,21,도심생활권
605,도심생활권,2,하행,1000003800,207,11,권역별,21,도심생활권
605,도심생활권,2,하행,1000017300,208,11,권역별,21,도심생활권
605,도심생활권,2,하행,1000016500,209,11,권역별,21,도심생활권
605,도심생활권,2,하행,1020009800,210,11,권역별,21,도심생활권
605,도심생활권,2,하행,1020010400,211,11,권역별,21,도심생활권
605,도심생활권,2,하행,1020014600,212,11,권역별,21,도심생활권
605,도심생활권,2,하행,1020017400,213,11,권역별,21,도심생활권
605,도심생활권,2,하행,1020021800,214,11,권역별,21,도심생활권
605,도심생활권,2,하행,1010002200,215,11,권역별,21,도심생활권
605,도심생활권,2,하행,1010004200,216,11,권역별,21,도심생활권
605,도심생활권,2,하행,1020018600,217,11,권역별,21,도심생활권
605,도심생활권,2,하행,1120000900,218,11,권역별,21,도심생활권
605,도심생활권,2,하행,1010003600,219,11,권역별,21,도심생활권
605,도심생활권,2,하행,1010004000,220,11,권역별,21,도심생활권
605,도심생활권,2,하행,1010008900,221,11,권역별,21,도심생활권
605,도심생활권,2,하행,1010004300,222,11,권역별,21,도심생활권
605,도심생활권,2,하행,1010001900,223,11,권역별,21,도심생활권
605,도심생활권,2,하행,1010011700,224,11,권역별,21,도심생활권
605,도심생활권,2,하행,1010010300,225,11,권역별,21,도심생활권
605,도심생활권,2,하행,1010008100,226,11,권역별,21,도심생활권
605,도심생활권,2,하행,1010006900,227,11,권역별,21,도심생활권
605,도심생활권,2,하행,1010005500,228,11,권역별,21,도심생활권
605,도심생활권,2,하행,1010004800,229,11,권역별,21,도심생활권
605,도심생활권,2,하행,1010004500,230,11,권역별,21,도심생활권
605,도심생활권,2,하행,1010002500,231,11,권역별,21,도심생활권
605,도심생활권,2,하행,1000021800,232,11,권역별,21,도심생활권
605,도심생활권,2,하행,1020006200,233,11,권역별,21,도심생활권
605,도심생활권,2,하행,1020007400,234,11,권역별,21,도심생활권
605,도심생활권,2,하행,1020009400,235,11,권역별,21,도심생활권
605,도심생활권,2,하행,1020014200,236,11,권역별,21,도심생활권
605,도심생활권,2,하행,1020017800,237,11,권역별,21,도심생활권
605,도심생활권,2,하행,1020021000,238,11,권역별,21,도심생활권
605,도심생활권,2,하행,1020023000,239,11,권역별,21,도심생활권
605,도심생활권,2,하행,1020016300,240,11,권역별,21,도심생활권
605,도심생활권,2,하행,1020018100,241,11,권역별,21,도심생활권
605,도심생활권,2,하행,1020013300,242,11,권역별,21,도심생활권
605,도심생활권,2,하행,1020008500,243,11,권역별,21,도심생활권
605,도심생활권,2,하행,1000019100,244,11,권역별,21,도심생활권
605,도심생활권,2,하행,1000017100,245,11,권역별,21,도심생활권
605,도심생활권,2,하행,1000015100,246,11,권역별,21,도심생활권
605,도심생활권,2,하행,1020011800,247,11,권역별,21,도심생활권
605,도심생활권,2,하행,1020012800,248,11,권역별,21,도심생활권
605,도심생활권,2,하행,1020013800,249,11,권역별,21,도심생활권
605,도심생활권,2,하행,1020016800,250,11,권역별,21,도심생활권
605,도심생활권,2,하행,1020022100,251,11,권역별,21,도심생활권
605,도심생활권,2,하행,1020020700,252,11,권역별,21,도심생활권
605,도심생활권,2,하행,1000018101,253,11,권역별,21,도심생활권
605,도심생활권,2,하행,1000018102,254,11,권역별,21,도심생활권
605,도심생활권,2,하행,1000019801,255,11,권역별,21,도심생활권
605,도심생활권,2,하행,1000019802,256,11,권역별,21,도심생활권
605,도심생활권,2,하행,1000020400,257,11,권역별,21,도심생활권
605,도심생활권,2,하행,1010006100,258,11,권역별,21,도심생활권
605,도심생활권,2,하행,1030014900,259,11,권역별,21,도심생활권
605,도심생활권,2,하행,1010020100,260,11,권역별,21,도심생활권
605,도심생활권,2,하행,1010005200,261,11,권역별,21,도심생활권
605,도심생활권,2,하행,1010007200,262,11,권역별,21,도심생활권
605,도심생활권,2,하행,1010011400,263,11,권역별,21,도심생활권
605,도심생활권,2,하행,1010017000,264,11,권역별,21,도심생활권
605,도심생활권,2,하행,1010009200,265,11,권역별,21,도심생활권
605,도심생활권,2,하행,1120002300,266,11,권역별,21,도심생활권
605,도심생활권,2,하행,1020005000,267,11,권역별,21,도심생활권
605,도심생활권,2,하행,1020007200,268,11,권역별,21,도심생활권
605,도심생활권,2,하행,1020009000,269,11,권역별,21,도심생활권
605,도심생활권,2,하행,1020012000,270,11,권역별,21,도심생활권
605,도심생활권,2,하행,1020015800,271,11,권역별,21,도심생활권
605,도심생활권,2,하행,1020021200,272,11,권역별,21,도심생활권
605,도심생활권,2,하행,1020008700,273,11,권역별,21,도심생활권
605,도심생활권,2,하행,1020021600,274,11,권역별,21,도심생활권
605,도심생활권,2,하행,1020021400,275,11,권역별,21,도심생활권
605,도심생활권,2,하행,1010001800,276,11,권역별,21,도심생활권
605,도심생활권,2,하행,1010006800,277,11,권역별,21,도심생활권
605,도심생활권,2,하행,1010016000,278,11,권역별,21,도심생활권
605,도심생활권,2,하행,1010019200,279,11,권역별,21,도심생활권
605,도심생활권,2,하행,1000015900,280,11,권역별,21,도심생활권
605,도심생활권,2,하행,1000008900,281,11,권역별,21,도심생활권
527,수색로6길,1,상행,3201507500,1,01,기본도로,05,기타도로
527,수색로6길,2,하행,3201507400,1,01,기본도로,05,기타도로
612,남산혼잡권역,1,상행,1020008900,4,13,혼잡권역,28,남산혼잡권역
612,남산혼잡권역,2,하행,1020012000,4,13,혼잡권역,28,남산혼잡권역
612,남산혼잡권역,1,상행,1020007100,5,13,혼잡권역,28,남산혼잡권역
612,남산혼잡권역,2,하행,1020015800,5,13,혼잡권역,28,남산혼잡권역
612,남산혼잡권역,1,상행,1020004900,6,13,혼잡권역,28,남산혼잡권역
612,남산혼잡권역,2,하행,1020021200,6,13,혼잡권역,28,남산혼잡권역
612,남산혼잡권역,2,하행,1210028800,1,13,혼잡권역,28,남산혼잡권역
612,남산혼잡권역,1,상행,1210028900,1,13,혼잡권역,28,남산혼잡권역
612,남산혼잡권역,2,하행,1020020400,1,13,혼잡권역,28,남산혼잡권역
612,남산혼잡권역,2,하행,1010003400,2,13,혼잡권역,28,남산혼잡권역
612,남산혼잡권역,1,상행,1010003300,1,13,혼잡권역,28,남산혼잡권역
612,남산혼잡권역,1,상행,1020020300,2,13,혼잡권역,28,남산혼잡권역
612,남산혼잡권역,2,하행,1010002800,1,13,혼잡권역,28,남산혼잡권역
612,남산혼잡권역,1,상행,1010002700,1,13,혼잡권역,28,남산혼잡권역
612,남산혼잡권역,1,상행,1020008600,1,13,혼잡권역,28,남산혼잡권역
612,남산혼잡권역,1,상행,1020013400,2,13,혼잡권역,28,남산혼잡권역
612,남산혼잡권역,2,하행,1020013300,1,13,혼잡권역,28,남산혼잡권역
612,남산혼잡권역,2,하행,1020008500,2,13,혼잡권역,28,남산혼잡권역
20028,새문안로3길,1,상행,1000025100,1,01,기본도로,05,기타도로
20028,새문안로3길,1,상행,1000028100,2,01,기본도로,05,기타도로
20028,새문안로3길,1,상행,1000031300,3,01,기본도로,05,기타도로
20028,새문안로3길,1,상행,1000032600,4,01,기본도로,05,기타도로
20028,새문안로3길,1,상행,1000034500,5,01,기본도로,05,기타도로
20028,새문안로3길,2,하행,1000034400,1,01,기본도로,05,기타도로
465,탄천동로,1,상행,1230251600,7,01,기본도로,05,기타도로
465,탄천동로,2,하행,1230251500,1,01,기본도로,05,기타도로
20028,새문안로3길,2,하행,1000032500,2,01,기본도로,05,기타도로
20028,새문안로3길,2,하행,1000031200,3,01,기본도로,05,기타도로
20028,새문안로3길,2,하행,1000028200,4,01,기본도로,05,기타도로
20028,새문안로3길,2,하행,1000025200,5,01,기본도로,05,기타도로
605,도심생활권,1,상행,1000025100,1,11,권역별,21,도심생활권
605,도심생활권,1,상행,1000028100,2,11,권역별,21,도심생활권
605,도심생활권,1,상행,1000031300,3,11,권역별,21,도심생활권
605,도심생활권,1,상행,1000032600,4,11,권역별,21,도심생활권
605,도심생활권,1,상행,1000034500,5,11,권역별,21,도심생활권
605,도심생활권,2,하행,1000034400,1,11,권역별,21,도심생활권
605,도심생활권,2,하행,1000032500,2,11,권역별,21,도심생활권
605,도심생활권,2,하행,1000031200,3,11,권역별,21,도심생활권
605,도심생활권,2,하행,1000028200,4,11,권역별,21,도심생활권
605,도심생활권,2,하행,1000025200,5,11,권역별,21,도심생활권
601,도심권(남북간),1,상행,1000025100,1,03,유형별,08,도심권
601,도심권(남북간),1,상행,1000028100,2,03,유형별,08,도심권
601,도심권(남북간),1,상행,1000031300,3,03,유형별,08,도심권
601,도심권(남북간),1,상행,1000032600,4,03,유형별,08,도심권
601,도심권(남북간),1,상행,1000034500,5,03,유형별,08,도심권
601,도심권(남북간),2,하행,1000034400,1,03,유형별,08,도심권
601,도심권(남북간),2,하행,1000032500,2,03,유형별,08,도심권
601,도심권(남북간),2,하행,1000031200,3,03,유형별,08,도심권
601,도심권(남북간),2,하행,1000028200,4,03,유형별,08,도심권
601,도심권(남북간),2,하행,1000025200,5,03,유형별,08,도심권
610,한양도성,1,상행,1000025100,1,12,한양도성,26,한양도성
610,한양도성,1,상행,1000028100,2,12,한양도성,26,한양도성
610,한양도성,1,상행,1000031300,3,12,한양도성,26,한양도성
610,한양도성,1,상행,1000032600,4,12,한양도성,26,한양도성
610,한양도성,1,상행,1000034500,5,12,한양도성,26,한양도성
610,한양도성,2,하행,1000034400,1,12,한양도성,26,한양도성
610,한양도성,2,하행,1000032500,2,12,한양도성,26,한양도성
610,한양도성,2,하행,1000031200,3,12,한양도성,26,한양도성
610,한양도성,2,하행,1000028200,4,12,한양도성,26,한양도성
610,한양도성,2,하행,1000025200,5,12,한양도성,26,한양도성
611,도심혼잡권역,1,상행,1000025100,1,13,혼잡권역,27,도심혼잡권역
611,도심혼잡권역,1,상행,1000028100,2,13,혼잡권역,27,도심혼잡권역
611,도심혼잡권역,1,상행,1000031300,3,13,혼잡권역,27,도심혼잡권역
611,도심혼잡권역,1,상행,1000032600,4,13,혼잡권역,27,도심혼잡권역
611,도심혼잡권역,1,상행,1000034500,5,13,혼잡권역,27,도심혼잡권역
611,도심혼잡권역,2,하행,1000034400,1,13,혼잡권역,27,도심혼잡권역
611,도심혼잡권역,2,하행,1000032500,2,13,혼잡권역,27,도심혼잡권역
611,도심혼잡권역,2,하행,1000031200,3,13,혼잡권역,27,도심혼잡권역
611,도심혼잡권역,2,하행,1000028200,4,13,혼잡권역,27,도심혼잡권역
611,도심혼잡권역,2,하행,1000025200,5,13,혼잡권역,27,도심혼잡권역
544,창의문로,1,상행,1000018202,4,01,기본도로,04,보조간선도로
544,창의문로,1,상행,1000019701,3,01,기본도로,04,보조간선도로
544,창의문로,1,상행,1000019702,2,01,기본도로,04,보조간선도로
544,창의문로,1,상행,1000020300,1,01,기본도로,04,보조간선도로
544,창의문로,2,하행,1000018101,1,01,기본도로,04,보조간선도로
544,창의문로,2,하행,1000018102,2,01,기본도로,04,보조간선도로
544,창의문로,2,하행,1000019801,3,01,기본도로,04,보조간선도로
544,창의문로,2,하행,1000019802,4,01,기본도로,04,보조간선도로
544,창의문로,2,하행,1000020400,5,01,기본도로,04,보조간선도로
610,한양도성,1,상행,1010011000,1,12,한양도성,26,한양도성
610,한양도성,1,상행,1010017800,2,12,한양도성,26,한양도성
610,한양도성,1,상행,1000010700,3,12,한양도성,26,한양도성
544,창의문로,1,상행,1000018201,5,01,기본도로,04,보조간선도로
610,한양도성,1,상행,1000007100,4,12,한양도성,26,한양도성
610,한양도성,1,상행,1000005900,5,12,한양도성,26,한양도성
610,한양도성,1,상행,1010018300,6,12,한양도성,26,한양도성
610,한양도성,1,상행,1010013500,7,12,한양도성,26,한양도성
610,한양도성,1,상행,1010008700,8,12,한양도성,26,한양도성
610,한양도성,1,상행,1010003700,9,12,한양도성,26,한양도성
610,한양도성,1,상행,1010010600,10,12,한양도성,26,한양도성
610,한양도성,1,상행,1010010100,11,12,한양도성,26,한양도성
610,한양도성,1,상행,1010009400,12,12,한양도성,26,한양도성
610,한양도성,1,상행,1010009800,13,12,한양도성,26,한양도성
610,한양도성,1,상행,1010010700,14,12,한양도성,26,한양도성
610,한양도성,1,상행,1010015400,16,12,한양도성,26,한양도성
610,한양도성,1,상행,1010017600,17,12,한양도성,26,한양도성
610,한양도성,1,상행,1000005000,18,12,한양도성,26,한양도성
610,한양도성,1,상행,1000006800,19,12,한양도성,26,한양도성
610,한양도성,1,상행,1000014000,20,12,한양도성,26,한양도성
610,한양도성,1,상행,1000018400,21,12,한양도성,26,한양도성
610,한양도성,1,상행,1000011400,22,12,한양도성,26,한양도성
610,한양도성,1,상행,1000012600,23,12,한양도성,26,한양도성
610,한양도성,1,상행,1000011700,24,12,한양도성,26,한양도성
610,한양도성,1,상행,1000012000,25,12,한양도성,26,한양도성
610,한양도성,1,상행,1000012200,26,12,한양도성,26,한양도성
610,한양도성,1,상행,1000010100,27,12,한양도성,26,한양도성
610,한양도성,1,상행,1000009400,28,12,한양도성,26,한양도성
610,한양도성,1,상행,1000010000,29,12,한양도성,26,한양도성
610,한양도성,1,상행,1000007500,30,12,한양도성,26,한양도성
610,한양도성,1,상행,1000010300,31,12,한양도성,26,한양도성
610,한양도성,1,상행,1000006900,32,12,한양도성,26,한양도성
610,한양도성,1,상행,1000003900,33,12,한양도성,26,한양도성
610,한양도성,1,상행,1010016500,34,12,한양도성,26,한양도성
610,한양도성,1,상행,1010012300,35,12,한양도성,26,한양도성
610,한양도성,1,상행,1010007700,36,12,한양도성,26,한양도성
610,한양도성,1,상행,1010003300,37,12,한양도성,26,한양도성
610,한양도성,1,상행,1000014400,38,12,한양도성,26,한양도성
610,한양도성,1,상행,1000016400,39,12,한양도성,26,한양도성
610,한양도성,1,상행,1000018800,40,12,한양도성,26,한양도성
610,한양도성,1,상행,1000000900,41,12,한양도성,26,한양도성
610,한양도성,1,상행,1000000700,42,12,한양도성,26,한양도성
610,한양도성,1,상행,1000000100,43,12,한양도성,26,한양도성
610,한양도성,1,상행,1000007300,44,12,한양도성,26,한양도성
610,한양도성,1,상행,1010007300,45,12,한양도성,26,한양도성
610,한양도성,1,상행,1000018900,46,12,한양도성,26,한양도성
610,한양도성,1,상행,1000008300,47,12,한양도성,26,한양도성
610,한양도성,1,상행,1000005100,48,12,한양도성,26,한양도성
610,한양도성,1,상행,1010018100,49,12,한양도성,26,한양도성
610,한양도성,1,상행,1010013700,50,12,한양도성,26,한양도성
610,한양도성,1,상행,1010009900,51,12,한양도성,26,한양도성
610,한양도성,1,상행,1010005900,52,12,한양도성,26,한양도성
610,한양도성,1,상행,1010008400,53,12,한양도성,26,한양도성
610,한양도성,1,상행,1010016400,54,12,한양도성,26,한양도성
610,한양도성,1,상행,1000004200,55,12,한양도성,26,한양도성
610,한양도성,1,상행,1010011100,56,12,한양도성,26,한양도성
610,한양도성,1,상행,1010009500,57,12,한양도성,26,한양도성
610,한양도성,1,상행,1010007500,58,12,한양도성,26,한양도성
610,한양도성,1,상행,1010004900,59,12,한양도성,26,한양도성
610,한양도성,1,상행,1010002700,60,12,한양도성,26,한양도성
610,한양도성,1,상행,1010002300,61,12,한양도성,26,한양도성
610,한양도성,1,상행,1010001200,62,12,한양도성,26,한양도성
610,한양도성,1,상행,1010012900,63,12,한양도성,26,한양도성
610,한양도성,1,상행,1000004800,64,12,한양도성,26,한양도성
610,한양도성,1,상행,1000006600,65,12,한양도성,26,한양도성
610,한양도성,1,상행,1000009200,66,12,한양도성,26,한양도성
610,한양도성,1,상행,1000006200,67,12,한양도성,26,한양도성
610,한양도성,1,상행,1000009600,68,12,한양도성,26,한양도성
610,한양도성,1,상행,1000012300,69,12,한양도성,26,한양도성
610,한양도성,1,상행,1000013400,70,12,한양도성,26,한양도성
610,한양도성,1,상행,1000013500,71,12,한양도성,26,한양도성
610,한양도성,1,상행,1000012700,72,12,한양도성,26,한양도성
610,한양도성,1,상행,1000011600,73,12,한양도성,26,한양도성
610,한양도성,1,상행,1010012600,74,12,한양도성,26,한양도성
610,한양도성,1,상행,1010014000,75,12,한양도성,26,한양도성
610,한양도성,1,상행,1010014200,76,12,한양도성,26,한양도성
610,한양도성,1,상행,1010014400,77,12,한양도성,26,한양도성
610,한양도성,1,상행,1010014800,78,12,한양도성,26,한양도성
610,한양도성,1,상행,1010015800,79,12,한양도성,26,한양도성
610,한양도성,1,상행,1010016200,80,12,한양도성,26,한양도성
610,한양도성,1,상행,1010014900,81,12,한양도성,26,한양도성
610,한양도성,1,상행,1010013300,82,12,한양도성,26,한양도성
610,한양도성,1,상행,1010011500,83,12,한양도성,26,한양도성
610,한양도성,1,상행,1000018000,85,12,한양도성,26,한양도성
610,한양도성,1,상행,1000019600,86,12,한양도성,26,한양도성
610,한양도성,1,상행,1010000400,87,12,한양도성,26,한양도성
610,한양도성,1,상행,1010001400,88,12,한양도성,26,한양도성
610,한양도성,1,상행,1010005400,89,12,한양도성,26,한양도성
610,한양도성,1,상행,1010012000,90,12,한양도성,26,한양도성
610,한양도성,1,상행,1010017400,91,12,한양도성,26,한양도성
610,한양도성,1,상행,1010015100,92,12,한양도성,26,한양도성
610,한양도성,1,상행,1000001400,93,12,한양도성,26,한양도성
610,한양도성,1,상행,1000000300,94,12,한양도성,26,한양도성
610,한양도성,1,상행,1000000600,95,12,한양도성,26,한양도성
610,한양도성,1,상행,1000001200,96,12,한양도성,26,한양도성
610,한양도성,1,상행,1000001600,97,12,한양도성,26,한양도성
610,한양도성,1,상행,1000001800,98,12,한양도성,26,한양도성
610,한양도성,1,상행,1000002000,99,12,한양도성,26,한양도성
610,한양도성,1,상행,1000008500,100,12,한양도성,26,한양도성
610,한양도성,1,상행,1000011200,101,12,한양도성,26,한양도성
610,한양도성,1,상행,1000015600,102,12,한양도성,26,한양도성
610,한양도성,1,상행,1000017800,103,12,한양도성,26,한양도성
610,한양도성,1,상행,1000019400,104,12,한양도성,26,한양도성
610,한양도성,1,상행,1000003700,105,12,한양도성,26,한양도성
610,한양도성,1,상행,1000003300,106,12,한양도성,26,한양도성
610,한양도성,1,상행,1000002900,107,12,한양도성,26,한양도성
610,한양도성,1,상행,1000002800,108,12,한양도성,26,한양도성
610,한양도성,1,상행,1000003200,109,12,한양도성,26,한양도성
610,한양도성,1,상행,1000004400,110,12,한양도성,26,한양도성
610,한양도성,1,상행,1000005400,111,12,한양도성,26,한양도성
610,한양도성,1,상행,1000016600,112,12,한양도성,26,한양도성
610,한양도성,1,상행,1000017400,113,12,한양도성,26,한양도성
610,한양도성,1,상행,1010006600,114,12,한양도성,26,한양도성
610,한양도성,1,상행,1010012200,115,12,한양도성,26,한양도성
610,한양도성,1,상행,1010016800,116,12,한양도성,26,한양도성
610,한양도성,1,상행,1010002600,117,12,한양도성,26,한양도성
610,한양도성,1,상행,1010004600,118,12,한양도성,26,한양도성
610,한양도성,1,상행,1010004700,119,12,한양도성,26,한양도성
610,한양도성,1,상행,1010005600,120,12,한양도성,26,한양도성
610,한양도성,1,상행,1010007000,121,12,한양도성,26,한양도성
610,한양도성,1,상행,1010008200,122,12,한양도성,26,한양도성
610,한양도성,1,상행,1010010400,123,12,한양도성,26,한양도성
610,한양도성,1,상행,1000019200,124,12,한양도성,26,한양도성
610,한양도성,1,상행,1000020000,125,12,한양도성,26,한양도성
610,한양도성,1,상행,1000015200,126,12,한양도성,26,한양도성
610,한양도성,1,상행,1000017200,127,12,한양도성,26,한양도성
610,한양도성,1,상행,1010016900,133,12,한양도성,26,한양도성
610,한양도성,1,상행,1010011300,134,12,한양도성,26,한양도성
610,한양도성,1,상행,1010007100,135,12,한양도성,26,한양도성
610,한양도성,1,상행,1010005100,136,12,한양도성,26,한양도성
610,한양도성,1,상행,1010009100,137,12,한양도성,26,한양도성
610,한양도성,1,상행,1000009000,138,12,한양도성,26,한양도성
610,한양도성,1,상행,1000016000,139,12,한양도성,26,한양도성
610,한양도성,2,하행,1000004600,1,12,한양도성,26,한양도성
610,한양도성,2,하행,1000007200,2,12,한양도성,26,한양도성
610,한양도성,2,하행,1000010800,3,12,한양도성,26,한양도성
610,한양도성,2,하행,1010003800,4,12,한양도성,26,한양도성
610,한양도성,2,하행,1010008800,5,12,한양도성,26,한양도성
610,한양도성,2,하행,1010013600,6,12,한양도성,26,한양도성
610,한양도성,2,하행,1010018400,7,12,한양도성,26,한양도성
610,한양도성,2,하행,1000006000,8,12,한양도성,26,한양도성
610,한양도성,2,하행,1010010800,9,12,한양도성,26,한양도성
610,한양도성,2,하행,1010009700,10,12,한양도성,26,한양도성
610,한양도성,2,하행,1010009300,11,12,한양도성,26,한양도성
610,한양도성,2,하행,1010010200,12,12,한양도성,26,한양도성
610,한양도성,2,하행,1010010500,13,12,한양도성,26,한양도성
610,한양도성,2,하행,1000006700,14,12,한양도성,26,한양도성
610,한양도성,2,하행,1000018300,15,12,한양도성,26,한양도성
610,한양도성,2,하행,1000013900,16,12,한양도성,26,한양도성
610,한양도성,2,하행,1000012100,17,12,한양도성,26,한양도성
610,한양도성,2,하행,1000011900,18,12,한양도성,26,한양도성
610,한양도성,2,하행,1000011800,19,12,한양도성,26,한양도성
610,한양도성,2,하행,1000012500,20,12,한양도성,26,한양도성
610,한양도성,2,하행,1000011300,21,12,한양도성,26,한양도성
610,한양도성,2,하행,1000009900,22,12,한양도성,26,한양도성
610,한양도성,2,하행,1000009300,23,12,한양도성,26,한양도성
610,한양도성,2,하행,1000010200,24,12,한양도성,26,한양도성
610,한양도성,2,하행,1000007600,25,12,한양도성,26,한양도성
610,한양도성,2,하행,1010003400,26,12,한양도성,26,한양도성
610,한양도성,2,하행,1010007800,27,12,한양도성,26,한양도성
610,한양도성,2,하행,1010012400,28,12,한양도성,26,한양도성
610,한양도성,2,하행,1010016600,29,12,한양도성,26,한양도성
610,한양도성,2,하행,1000004000,30,12,한양도성,26,한양도성
610,한양도성,2,하행,1000007000,31,12,한양도성,26,한양도성
610,한양도성,2,하행,1000010400,32,12,한양도성,26,한양도성
610,한양도성,2,하행,1000018700,33,12,한양도성,26,한양도성
610,한양도성,2,하행,1000016300,34,12,한양도성,26,한양도성
610,한양도성,2,하행,1000014300,35,12,한양도성,26,한양도성
610,한양도성,2,하행,1000000200,36,12,한양도성,26,한양도성
610,한양도성,2,하행,1000000800,37,12,한양도성,26,한양도성
610,한양도성,2,하행,1000001000,38,12,한양도성,26,한양도성
610,한양도성,2,하행,1000007400,39,12,한양도성,26,한양도성
610,한양도성,2,하행,1000010600,40,12,한양도성,26,한양도성
610,한양도성,2,하행,1010007400,41,12,한양도성,26,한양도성
610,한양도성,2,하행,1000019000,42,12,한양도성,26,한양도성
610,한양도성,2,하행,1010006000,43,12,한양도성,26,한양도성
610,한양도성,2,하행,1010010000,44,12,한양도성,26,한양도성
610,한양도성,2,하행,1010013800,45,12,한양도성,26,한양도성
610,한양도성,2,하행,1010018200,46,12,한양도성,26,한양도성
610,한양도성,2,하행,1000005200,47,12,한양도성,26,한양도성
610,한양도성,2,하행,1000008400,48,12,한양도성,26,한양도성
610,한양도성,2,하행,1010002800,49,12,한양도성,26,한양도성
610,한양도성,2,하행,1010005000,50,12,한양도성,26,한양도성
610,한양도성,2,하행,1010007600,51,12,한양도성,26,한양도성
610,한양도성,2,하행,1010009600,52,12,한양도성,26,한양도성
610,한양도성,2,하행,1010011200,53,12,한양도성,26,한양도성
610,한양도성,2,하행,1010002400,54,12,한양도성,26,한양도성
610,한양도성,2,하행,1010001100,55,12,한양도성,26,한양도성
610,한양도성,2,하행,1010000800,56,12,한양도성,26,한양도성
610,한양도성,2,하행,1010013000,57,12,한양도성,26,한양도성
610,한양도성,2,하행,1000009100,58,12,한양도성,26,한양도성
610,한양도성,2,하행,1000006500,59,12,한양도성,26,한양도성
610,한양도성,2,하행,1000004700,60,12,한양도성,26,한양도성
610,한양도성,2,하행,1000011500,61,12,한양도성,26,한양도성
610,한양도성,2,하행,1000012800,62,12,한양도성,26,한양도성
610,한양도성,2,하행,1000013600,63,12,한양도성,26,한양도성
610,한양도성,2,하행,1000013300,64,12,한양도성,26,한양도성
610,한양도성,2,하행,1000012400,65,12,한양도성,26,한양도성
610,한양도성,2,하행,1000009500,66,12,한양도성,26,한양도성
610,한양도성,2,하행,1000006100,67,12,한양도성,26,한양도성
610,한양도성,2,하행,1010011600,68,12,한양도성,26,한양도성
610,한양도성,2,하행,1010013400,69,12,한양도성,26,한양도성
610,한양도성,2,하행,1010015000,70,12,한양도성,26,한양도성
610,한양도성,2,하행,1010016100,71,12,한양도성,26,한양도성
610,한양도성,2,하행,1010015700,72,12,한양도성,26,한양도성
610,한양도성,2,하행,1010014700,73,12,한양도성,26,한양도성
610,한양도성,2,하행,1010014300,74,12,한양도성,26,한양도성
610,한양도성,2,하행,1010014100,75,12,한양도성,26,한양도성
610,한양도성,2,하행,1010013900,76,12,한양도성,26,한양도성
610,한양도성,2,하행,1010012500,77,12,한양도성,26,한양도성
610,한양도성,2,하행,1000019500,78,12,한양도성,26,한양도성
610,한양도성,2,하행,1000017900,79,12,한양도성,26,한양도성
610,한양도성,2,하행,1010017300,81,12,한양도성,26,한양도성
610,한양도성,2,하행,1010011900,82,12,한양도성,26,한양도성
610,한양도성,2,하행,1010005300,83,12,한양도성,26,한양도성
610,한양도성,2,하행,1010001300,84,12,한양도성,26,한양도성
609,서북생활권,1,상행,1120003300,136,11,권역별,25,서북생활권
609,서북생활권,1,상행,1130017700,137,11,권역별,25,서북생활권
609,서북생활권,1,상행,1120004800,138,11,권역별,25,서북생활권
609,서북생활권,1,상행,1120005400,139,11,권역별,25,서북생활권
609,서북생활권,1,상행,1120007200,140,11,권역별,25,서북생활권
609,서북생활권,1,상행,1120010400,141,11,권역별,25,서북생활권
609,서북생활권,1,상행,1120012200,142,11,권역별,25,서북생활권
609,서북생활권,1,상행,1120013200,143,11,권역별,25,서북생활권
609,서북생활권,1,상행,1130021300,144,11,권역별,25,서북생활권
609,서북생활권,1,상행,1130013200,145,11,권역별,25,서북생활권
609,서북생활권,1,상행,1130014600,146,11,권역별,25,서북생활권
609,서북생활권,1,상행,1130015400,147,11,권역별,25,서북생활권
609,서북생활권,1,상행,1130017400,148,11,권역별,25,서북생활권
609,서북생활권,1,상행,1130027300,149,11,권역별,25,서북생활권
609,서북생활권,1,상행,1130025100,150,11,권역별,25,서북생활권
609,서북생활권,1,상행,1130024500,151,11,권역별,25,서북생활권
609,서북생활권,1,상행,1130023300,152,11,권역별,25,서북생활권
609,서북생활권,1,상행,1130006100,153,11,권역별,25,서북생활권
609,서북생활권,1,상행,1130021900,154,11,권역별,25,서북생활권
609,서북생활권,1,상행,1130020900,155,11,권역별,25,서북생활권
609,서북생활권,1,상행,1130020100,156,11,권역별,25,서북생활권
609,서북생활권,1,상행,1130019100,157,11,권역별,25,서북생활권
609,서북생활권,1,상행,1130017500,158,11,권역별,25,서북생활권
609,서북생활권,1,상행,1130014100,159,11,권역별,25,서북생활권
609,서북생활권,1,상행,1130017000,160,11,권역별,25,서북생활권
609,서북생활권,1,상행,1130018600,161,11,권역별,25,서북생활권
609,서북생활권,1,상행,1130020000,162,11,권역별,25,서북생활권
609,서북생활권,1,상행,1130021800,163,11,권역별,25,서북생활권
609,서북생활권,1,상행,1130022800,164,11,권역별,25,서북생활권
609,서북생활권,1,상행,1130023600,165,11,권역별,25,서북생활권
609,서북생활권,1,상행,1130024400,166,11,권역별,25,서북생활권
609,서북생활권,1,상행,1130025600,167,11,권역별,25,서북생활권
609,서북생활권,1,상행,1130026600,168,11,권역별,25,서북생활권
609,서북생활권,1,상행,1130027800,169,11,권역별,25,서북생활권
609,서북생활권,1,상행,1130028400,170,11,권역별,25,서북생활권
609,서북생활권,1,상행,3201507200,171,11,권역별,25,서북생활권
609,서북생활권,1,상행,3201506000,172,11,권역별,25,서북생활권
609,서북생활권,1,상행,1110007800,173,11,권역별,25,서북생활권
609,서북생활권,1,상행,1110008400,174,11,권역별,25,서북생활권
609,서북생활권,1,상행,1110008600,175,11,권역별,25,서북생활권
609,서북생활권,1,상행,1110008800,176,11,권역별,25,서북생활권
609,서북생활권,1,상행,1110008900,177,11,권역별,25,서북생활권
609,서북생활권,1,상행,1120008800,178,11,권역별,25,서북생활권
609,서북생활권,1,상행,1120012000,179,11,권역별,25,서북생활권
609,서북생활권,1,상행,1120013000,180,11,권역별,25,서북생활권
609,서북생활권,1,상행,1110005600,181,11,권역별,25,서북생활권
609,서북생활권,1,상행,1110006800,182,11,권역별,25,서북생활권
609,서북생활권,1,상행,1110008000,183,11,권역별,25,서북생활권
609,서북생활권,1,상행,1110009800,184,11,권역별,25,서북생활권
609,서북생활권,1,상행,2180000201,185,11,권역별,25,서북생활권
609,서북생활권,1,상행,1130007400,186,11,권역별,25,서북생활권
609,서북생활권,1,상행,1130017900,187,11,권역별,25,서북생활권
609,서북생활권,1,상행,1130015700,188,11,권역별,25,서북생활권
609,서북생활권,1,상행,1130013700,189,11,권역별,25,서북생활권
609,서북생활권,1,상행,1010003100,190,11,권역별,25,서북생활권
609,서북생활권,1,상행,1120006600,191,11,권역별,25,서북생활권
609,서북생활권,1,상행,1120008400,192,11,권역별,25,서북생활권
609,서북생활권,1,상행,1120010000,193,11,권역별,25,서북생활권
609,서북생활권,1,상행,1120011200,194,11,권역별,25,서북생활권
609,서북생활권,1,상행,1120012400,195,11,권역별,25,서북생활권
609,서북생활권,1,상행,1130005300,196,11,권역별,25,서북생활권
609,서북생활권,1,상행,1130006400,197,11,권역별,25,서북생활권
609,서북생활권,1,상행,1130006800,198,11,권역별,25,서북생활권
609,서북생활권,1,상행,1130007200,199,11,권역별,25,서북생활권
609,서북생활권,1,상행,1130007600,200,11,권역별,25,서북생활권
609,서북생활권,1,상행,1110000200,201,11,권역별,25,서북생활권
609,서북생활권,1,상행,1110000400,202,11,권역별,25,서북생활권
609,서북생활권,1,상행,1110000600,203,11,권역별,25,서북생활권
609,서북생활권,1,상행,1110000800,204,11,권역별,25,서북생활권
609,서북생활권,1,상행,1110001000,205,11,권역별,25,서북생활권
609,서북생활권,1,상행,1110015400,206,11,권역별,25,서북생활권
609,서북생활권,1,상행,1110009200,207,11,권역별,25,서북생활권
609,서북생활권,1,상행,1110011400,208,11,권역별,25,서북생활권
609,서북생활권,1,상행,1110011700,209,11,권역별,25,서북생활권
609,서북생활권,1,상행,1000021500,210,11,권역별,25,서북생활권
609,서북생활권,1,상행,1130013900,211,11,권역별,25,서북생활권
609,서북생활권,1,상행,1130012900,212,11,권역별,25,서북생활권
609,서북생활권,1,상행,1130011300,213,11,권역별,25,서북생활권
609,서북생활권,1,상행,1130009700,214,11,권역별,25,서북생활권
609,서북생활권,1,상행,1010004100,215,11,권역별,25,서북생활권
609,서북생활권,1,상행,1120001000,216,11,권역별,25,서북생활권
609,서북생활권,1,상행,1130007800,217,11,권역별,25,서북생활권
609,서북생활권,1,상행,1130008200,218,11,권역별,25,서북생활권
609,서북생활권,1,상행,1130009200,219,11,권역별,25,서북생활권
609,서북생활권,1,상행,1130010200,220,11,권역별,25,서북생활권
609,서북생활권,1,상행,1130010500,221,11,권역별,25,서북생활권
609,서북생활권,1,상행,3201510200,222,11,권역별,25,서북생활권
609,서북생활권,1,상행,3201510600,223,11,권역별,25,서북생활권
609,서북생활권,1,상행,3201505400,224,11,권역별,25,서북생활권
609,서북생활권,1,상행,1120010600,225,11,권역별,25,서북생활권
609,서북생활권,1,상행,1120013400,226,11,권역별,25,서북생활권
609,서북생활권,1,상행,1120013800,227,11,권역별,25,서북생활권
609,서북생활권,1,상행,1110010200,228,11,권역별,25,서북생활권
609,서북생활권,1,상행,1110011600,229,11,권역별,25,서북생활권
609,서북생활권,1,상행,1110012200,230,11,권역별,25,서북생활권
609,서북생활권,1,상행,1110013200,231,11,권역별,25,서북생활권
609,서북생활권,1,상행,1110013800,232,11,권역별,25,서북생활권
609,서북생활권,1,상행,1110001800,233,11,권역별,25,서북생활권
609,서북생활권,1,상행,1110002000,234,11,권역별,25,서북생활권
609,서북생활권,1,상행,1110002200,235,11,권역별,25,서북생활권
609,서북생활권,1,상행,1110002400,236,11,권역별,25,서북생활권
609,서북생활권,1,상행,1130024100,237,11,권역별,25,서북생활권
609,서북생활권,1,상행,1130016000,238,11,권역별,25,서북생활권
609,서북생활권,1,상행,1120006000,239,11,권역별,25,서북생활권
609,서북생활권,1,상행,1120007600,240,11,권역별,25,서북생활권
609,서북생활권,1,상행,1120009400,241,11,권역별,25,서북생활권
609,서북생활권,1,상행,1130016400,242,11,권역별,25,서북생활권
609,서북생활권,1,상행,3201505900,243,11,권역별,25,서북생활권
609,서북생활권,1,상행,3201505700,244,11,권역별,25,서북생활권
609,서북생활권,1,상행,3201507100,245,11,권역별,25,서북생활권
609,서북생활권,1,상행,3201507500,246,11,권역별,25,서북생활권
609,서북생활권,1,상행,1130004900,247,11,권역별,25,서북생활권
609,서북생활권,1,상행,1130006600,248,11,권역별,25,서북생활권
609,서북생활권,1,상행,1120001400,249,11,권역별,25,서북생활권
609,서북생활권,1,상행,1120001800,250,11,권역별,25,서북생활권
609,서북생활권,1,상행,1120002200,251,11,권역별,25,서북생활권
609,서북생활권,1,상행,1120002400,252,11,권역별,25,서북생활권
609,서북생활권,1,상행,1130029700,253,11,권역별,25,서북생활권
609,서북생활권,1,상행,1130029100,254,11,권역별,25,서북생활권
609,서북생활권,1,상행,1130027900,255,11,권역별,25,서북생활권
609,서북생활권,1,상행,1130026900,256,11,권역별,25,서북생활권
609,서북생활권,1,상행,1130014700,257,11,권역별,25,서북생활권
609,서북생활권,1,상행,1130011700,258,11,권역별,25,서북생활권
609,서북생활권,1,상행,1130009900,259,11,권역별,25,서북생활권
609,서북생활권,1,상행,1130008000,260,11,권역별,25,서북생활권
609,서북생활권,2,하행,1110007500,1,11,권역별,25,서북생활권
609,서북생활권,2,하행,1110007300,2,11,권역별,25,서북생활권
609,서북생활권,2,하행,1110006500,3,11,권역별,25,서북생활권
609,서북생활권,2,하행,1110004700,4,11,권역별,25,서북생활권
609,서북생활권,2,하행,1120012500,5,11,권역별,25,서북생활권
609,서북생활권,2,하행,1120011500,6,11,권역별,25,서북생활권
609,서북생활권,2,하행,1120010100,7,11,권역별,25,서북생활권
609,서북생활권,2,하행,1120009700,8,11,권역별,25,서북생활권
609,서북생활권,2,하행,1110014100,9,11,권역별,25,서북생활권
609,서북생활권,2,하행,1110011900,10,11,권역별,25,서북생활권
609,서북생활권,2,하행,1110009300,11,11,권역별,25,서북생활권
609,서북생활권,2,하행,1130012500,12,11,권역별,25,서북생활권
609,서북생활권,2,하행,1130012300,13,11,권역별,25,서북생활권
609,서북생활권,2,하행,1130012100,14,11,권역별,25,서북생활권
609,서북생활권,2,하행,1130011900,15,11,권역별,25,서북생활권
609,서북생활권,2,하행,1130011500,16,11,권역별,25,서북생활권
609,서북생활권,2,하행,1130010700,17,11,권역별,25,서북생활권
609,서북생활권,2,하행,1130008900,18,11,권역별,25,서북생활권
609,서북생활권,2,하행,1130014400,19,11,권역별,25,서북생활권
609,서북생활권,2,하행,1130015200,20,11,권역별,25,서북생활권
609,서북생활권,2,하행,1130016600,21,11,권역별,25,서북생활권
609,서북생활권,2,하행,1130016800,22,11,권역별,25,서북생활권
609,서북생활권,2,하행,1130018400,23,11,권역별,25,서북생활권
609,서북생활권,2,하행,1130006900,24,11,권역별,25,서북생활권
609,서북생활권,2,하행,1130005700,25,11,권역별,25,서북생활권
609,서북생활권,2,하행,1130004300,26,11,권역별,25,서북생활권
609,서북생활권,2,하행,1130003300,27,11,권역별,25,서북생활권
609,서북생활권,2,하행,1130002300,28,11,권역별,25,서북생활권
609,서북생활권,2,하행,1130001900,29,11,권역별,25,서북생활권
609,서북생활권,2,하행,1130000900,30,11,권역별,25,서북생활권
609,서북생활권,2,하행,1130001300,31,11,권역별,25,서북생활권
609,서북생활권,2,하행,1130000700,32,11,권역별,25,서북생활권
609,서북생활권,2,하행,1130000300,33,11,권역별,25,서북생활권
609,서북생활권,2,하행,1020001700,34,11,권역별,25,서북생활권
609,서북생활권,2,하행,1130000200,35,11,권역별,25,서북생활권
609,서북생활권,2,하행,1130000600,36,11,권역별,25,서북생활권
609,서북생활권,2,하행,1130001200,37,11,권역별,25,서북생활권
609,서북생활권,2,하행,1130001800,38,11,권역별,25,서북생활권
609,서북생활권,2,하행,1130002800,39,11,권역별,25,서북생활권
609,서북생활권,2,하행,1130009300,40,11,권역별,25,서북생활권
609,서북생활권,2,하행,3201508100,41,11,권역별,25,서북생활권
609,서북생활권,2,하행,1130018200,42,11,권역별,25,서북생활권
609,서북생활권,2,하행,1130018800,43,11,권역별,25,서북생활권
609,서북생활권,2,하행,1130019000,44,11,권역별,25,서북생활권
609,서북생활권,2,하행,1130019800,45,11,권역별,25,서북생활권
609,서북생활권,2,하행,1130024800,46,11,권역별,25,서북생활권
609,서북생활권,2,하행,1130026000,47,11,권역별,25,서북생활권
609,서북생활권,2,하행,1130027200,48,11,권역별,25,서북생활권
609,서북생활권,2,하행,1120012700,49,11,권역별,25,서북생활권
609,서북생활권,2,하행,1120011700,50,11,권역별,25,서북생활권
609,서북생활권,2,하행,1120009500,51,11,권역별,25,서북생활권
609,서북생활권,2,하행,1120007900,52,11,권역별,25,서북생활권
609,서북생활권,2,하행,1120006100,53,11,권역별,25,서북생활권
609,서북생활권,2,하행,1130023000,54,11,권역별,25,서북생활권
609,서북생활권,2,하행,1130022300,55,11,권역별,25,서북생활권
609,서북생활권,2,하행,1130021100,56,11,권역별,25,서북생활권
609,서북생활권,2,하행,1120007700,57,11,권역별,25,서북생활권
609,서북생활권,2,하행,1130008600,58,11,권역별,25,서북생활권
609,서북생활권,2,하행,1130011000,59,11,권역별,25,서북생활권
609,서북생활권,2,하행,1130012800,60,11,권역별,25,서북생활권
609,서북생활권,2,하행,1130015000,61,11,권역별,25,서북생활권
609,서북생활권,2,하행,1110016100,62,11,권역별,25,서북생활권
609,서북생활권,2,하행,1110015900,63,11,권역별,25,서북생활권
609,서북생활권,2,하행,1110014700,64,11,권역별,25,서북생활권
609,서북생활권,2,하행,1110013500,65,11,권역별,25,서북생활권
609,서북생활권,2,하행,3201507700,66,11,권역별,25,서북생활권
609,서북생활권,2,하행,1110002700,67,11,권역별,25,서북생활권
609,서북생활권,2,하행,1120011300,68,11,권역별,25,서북생활권
609,서북생활권,2,하행,1120009100,69,11,권역별,25,서북생활권
609,서북생활권,2,하행,1120008200,70,11,권역별,25,서북생활권
609,서북생활권,2,하행,1120009000,71,11,권역별,25,서북생활권
609,서북생활권,2,하행,1120010800,72,11,권역별,25,서북생활권
609,서북생활권,2,하행,1130010400,73,11,권역별,25,서북생활권
609,서북생활권,2,하행,1130013600,74,11,권역별,25,서북생활권
609,서북생활권,2,하행,1130016200,75,11,권역별,25,서북생활권
609,서북생활권,2,하행,1120004200,76,11,권역별,25,서북생활권
609,서북생활권,2,하행,1010005800,77,11,권역별,25,서북생활권
609,서북생활권,2,하행,1110009600,78,11,권역별,25,서북생활권
609,서북생활권,2,하행,1110010000,79,11,권역별,25,서북생활권
609,서북생활권,2,하행,1110011200,80,11,권역별,25,서북생활권
609,서북생활권,2,하행,1110012600,81,11,권역별,25,서북생활권
609,서북생활권,2,하행,1110013000,82,11,권역별,25,서북생활권
609,서북생활권,2,하행,1110013400,83,11,권역별,25,서북생활권
609,서북생활권,2,하행,1180003700,84,11,권역별,25,서북생활권
609,서북생활권,2,하행,1120006300,85,11,권역별,25,서북생활권
609,서북생활권,2,하행,1120004900,86,11,권역별,25,서북생활권
609,서북생활권,2,하행,1120004300,87,11,권역별,25,서북생활권
609,서북생활권,2,하행,1120004600,88,11,권역별,25,서북생활권
609,서북생활권,2,하행,1120005200,89,11,권역별,25,서북생활권
609,서북생활권,2,하행,1130022100,90,11,권역별,25,서북생활권
609,서북생활권,2,하행,1130020500,91,11,권역별,25,서북생활권
609,서북생활권,2,하행,1005003000,92,11,권역별,25,서북생활권
609,서북생활권,2,하행,1130004100,93,11,권역별,25,서북생활권
609,서북생활권,2,하행,1180005400,94,11,권역별,25,서북생활권
609,서북생활권,2,하행,1130024000,95,11,권역별,25,서북생활권
609,서북생활권,2,하행,1130026800,96,11,권역별,25,서북생활권
609,서북생활권,2,하행,1130028200,97,11,권역별,25,서북생활권
609,서북생활권,2,하행,1130029400,98,11,권역별,25,서북생활권
609,서북생활권,2,하행,1130025300,99,11,권역별,25,서북생활권
609,서북생활권,2,하행,1130023200,100,11,권역별,25,서북생활권
609,서북생활권,2,하행,1120013500,101,11,권역별,25,서북생활권
609,서북생활권,2,하행,1110006100,102,11,권역별,25,서북생활권
609,서북생활권,2,하행,1110004900,103,11,권역별,25,서북생활권
609,서북생활권,2,하행,1110003900,104,11,권역별,25,서북생활권
609,서북생활권,2,하행,1110003300,105,11,권역별,25,서북생활권
440,증산로,1,상행,1130093001,1,01,기본도로,04,보조간선도로
440,증산로,2,하행,1130093101,11,01,기본도로,04,보조간선도로
609,서북생활권,1,상행,1130093001,1,11,권역별,25,서북생활권
609,서북생활권,2,하행,1130093101,1,11,권역별,25,서북생활권
604,기타도로,1,상행,1130093001,1,03,유형별,09,외곽
604,기타도로,2,하행,1130093101,1,03,유형별,09,외곽
999,기타,1,상행,1120002801,1,02,기능별,12,보조간선 기능별
999,기타,1,상행,1120003501,2,02,기능별,12,보조간선 기능별
999,기타,1,상행,1120004001,3,02,기능별,12,보조간선 기능별
999,기타,2,하행,1120003901,1,02,기능별,12,보조간선 기능별
999,기타,2,하행,1120003601,2,02,기능별,12,보조간선 기능별
999,기타,2,하행,1120002701,3,02,기능별,12,보조간선 기능별
604,기타도로,1,상행,1120002801,1,03,유형별,09,외곽
604,기타도로,1,상행,1120003501,2,03,유형별,09,외곽
604,기타도로,1,상행,1120004001,3,03,유형별,09,외곽
604,기타도로,2,하행,1120003901,1,03,유형별,09,외곽
604,기타도로,2,하행,1120003601,2,03,유형별,09,외곽
604,기타도로,2,하행,1120002701,3,03,유형별,09,외곽
609,서북생활권,1,상행,1120002801,1,11,권역별,25,서북생활권
609,서북생활권,1,상행,1120003501,2,11,권역별,25,서북생활권
609,서북생활권,1,상행,1120004001,3,11,권역별,25,서북생활권
609,서북생활권,2,하행,1120003901,1,11,권역별,25,서북생활권
609,서북생활권,2,하행,1120003601,2,11,권역별,25,서북생활권
609,서북생활권,2,하행,1120002701,3,11,권역별,25,서북생활권
23001,신촌역로,1,상행,1120002801,1,01,기본도로,04,보조간선도로
23001,신촌역로,1,상행,1120003501,2,01,기본도로,04,보조간선도로
23001,신촌역로,1,상행,1120004001,3,01,기본도로,04,보조간선도로
23001,신촌역로,2,하행,1120003901,1,01,기본도로,04,보조간선도로
23001,신촌역로,2,하행,1120003601,2,01,기본도로,04,보조간선도로
23001,신촌역로,2,하행,1120002701,3,01,기본도로,04,보조간선도로
721,월드컵대교,1,상행,1130093001,1,04,기타도로,07,한강교량
721,월드컵대교,2,하행,1130093101,1,04,기타도로,07,한강교량
545,위례서로,1,상행,1230441501,1,01,기본도로,04,보조간선도로
545,위례서로,1,상행,1230223300,2,01,기본도로,04,보조간선도로
545,위례서로,1,상행,1230222600,3,01,기본도로,04,보조간선도로
545,위례서로,1,상행,1230222200,4,01,기본도로,04,보조간선도로
545,위례서로,1,상행,2040185600,5,01,기본도로,04,보조간선도로
545,위례서로,1,상행,2040185400,6,01,기본도로,04,보조간선도로
545,위례서로,1,상행,2040185000,7,01,기본도로,04,보조간선도로
545,위례서로,1,상행,2040184800,8,01,기본도로,04,보조간선도로
545,위례서로,2,하행,2040184900,1,01,기본도로,04,보조간선도로
545,위례서로,2,하행,2040185100,2,01,기본도로,04,보조간선도로
545,위례서로,2,하행,2040185500,3,01,기본도로,04,보조간선도로
545,위례서로,2,하행,2040185800,4,01,기본도로,04,보조간선도로
545,위례서로,2,하행,1230222400,5,01,기본도로,04,보조간선도로
545,위례서로,2,하행,1230222800,6,01,기본도로,04,보조간선도로
545,위례서로,2,하행,1230223600,7,01,기본도로,04,보조간선도로
545,위례서로,2,하행,1230441601,8,01,기본도로,04,보조간선도로
999,기타,1,상행,1230441501,2,02,기능별,12,보조간선 기능별
999,기타,1,상행,1230223300,5,02,기능별,12,보조간선 기능별
999,기타,1,상행,1230222600,6,02,기능별,12,보조간선 기능별
999,기타,1,상행,1230222200,7,02,기능별,12,보조간선 기능별
999,기타,1,상행,2040185600,8,02,기능별,12,보조간선 기능별
999,기타,1,상행,2040185400,9,02,기능별,12,보조간선 기능별
999,기타,1,상행,2040185000,10,02,기능별,12,보조간선 기능별
999,기타,1,상행,2040184800,11,02,기능별,12,보조간선 기능별
999,기타,2,하행,2040184900,1,02,기능별,12,보조간선 기능별
999,기타,2,하행,2040185100,2,02,기능별,12,보조간선 기능별
999,기타,2,하행,2040185500,3,02,기능별,12,보조간선 기능별
999,기타,2,하행,2040185800,4,02,기능별,12,보조간선 기능별
999,기타,2,하행,1230222400,5,02,기능별,12,보조간선 기능별
999,기타,2,하행,1230222800,6,02,기능별,12,보조간선 기능별
999,기타,2,하행,1230223600,7,02,기능별,12,보조간선 기능별
999,기타,2,하행,1230441601,10,02,기능별,12,보조간선 기능별
604,기타도로,1,상행,1230441501,2,03,유형별,09,외곽
604,기타도로,1,상행,1230223300,5,03,유형별,09,외곽
604,기타도로,1,상행,1230222600,6,03,유형별,09,외곽
604,기타도로,1,상행,1230222200,7,03,유형별,09,외곽
604,기타도로,1,상행,2040185600,8,03,유형별,09,외곽
604,기타도로,1,상행,2040185400,9,03,유형별,09,외곽
604,기타도로,1,상행,2040185000,10,03,유형별,09,외곽
604,기타도로,1,상행,2040184800,11,03,유형별,09,외곽
604,기타도로,2,하행,2040184900,1,03,유형별,09,외곽
604,기타도로,2,하행,2040185100,2,03,유형별,09,외곽
604,기타도로,2,하행,2040185500,3,03,유형별,09,외곽
604,기타도로,2,하행,2040185800,4,03,유형별,09,외곽
604,기타도로,2,하행,1230222400,5,03,유형별,09,외곽
604,기타도로,2,하행,1230222800,6,03,유형별,09,외곽
604,기타도로,2,하행,1230223600,7,03,유형별,09,외곽
604,기타도로,2,하행,1230441601,10,03,유형별,09,외곽
606,동남생활권,1,상행,1230441501,2,11,권역별,22,동남생활권
606,동남생활권,1,상행,1230223300,5,11,권역별,22,동남생활권
606,동남생활권,1,상행,1230222600,6,11,권역별,22,동남생활권
606,동남생활권,1,상행,1230222200,7,11,권역별,22,동남생활권
606,동남생활권,2,하행,1230222400,5,11,권역별,22,동남생활권
606,동남생활권,2,하행,1230222800,6,11,권역별,22,동남생활권
606,동남생활권,2,하행,1230223600,7,11,권역별,22,동남생활권
606,동남생활권,2,하행,1230441601,10,11,권역별,22,동남생활권
23002,독립문로,1,상행,1120022300,1,01,기본도로,04,보조간선도로
23002,독립문로,2,하행,1120022400,1,01,기본도로,04,보조간선도로
999,기타,1,상행,1120022300,1,02,기능별,12,보조간선 기능별
999,기타,2,하행,1120022400,1,02,기능별,12,보조간선 기능별
604,기타도로,1,상행,1120022300,1,03,유형별,09,외곽
604,기타도로,2,하행,1120022400,1,03,유형별,09,외곽
609,서북생활권,1,상행,1120022300,1,11,권역별,25,서북생활권
609,서북생활권,2,하행,1120022400,1,11,권역별,25,서북생활권
23004,위례송파로,1,상행,1230441901,1,01,기본도로,04,보조간선도로
23004,위례송파로,1,상행,1230441302,2,01,기본도로,04,보조간선도로
23004,위례송파로,1,상행,1230453800,3,01,기본도로,04,보조간선도로
23004,위례송파로,2,하행,1230453700,1,01,기본도로,04,보조간선도로
23004,위례송파로,2,하행,1230441402,2,01,기본도로,04,보조간선도로
23004,위례송파로,2,하행,1230442001,3,01,기본도로,04,보조간선도로
999,기타,1,상행,1230441901,1,02,기능별,12,보조간선 기능별
999,기타,1,상행,1230441302,2,02,기능별,12,보조간선 기능별
999,기타,1,상행,1230453800,3,02,기능별,12,보조간선 기능별
999,기타,2,하행,1230453700,1,02,기능별,12,보조간선 기능별
999,기타,2,하행,1230441402,2,02,기능별,12,보조간선 기능별
999,기타,2,하행,1230442001,3,02,기능별,12,보조간선 기능별
604,기타도로,1,상행,1230441901,1,03,유형별,09,외곽
604,기타도로,1,상행,1230441302,2,03,유형별,09,외곽
604,기타도로,1,상행,1230453800,3,03,유형별,09,외곽
604,기타도로,2,하행,1230453700,1,03,유형별,09,외곽
604,기타도로,2,하행,1230441402,2,03,유형별,09,외곽
604,기타도로,2,하행,1230442001,3,03,유형별,09,외곽
606,동남생활권,1,상행,1230441901,1,11,권역별,22,동남생활권
606,동남생활권,1,상행,1230441302,2,11,권역별,22,동남생활권
606,동남생활권,1,상행,1230453800,3,11,권역별,22,동남생활권
606,동남생활권,2,하행,1230453700,1,11,권역별,22,동남생활권
606,동남생활권,2,하행,1230441402,2,11,권역별,22,동남생활권
606,동남생활권,2,하행,1230442001,3,11,권역별,22,동남생활권
286,송이로,1,상행,1230049900,1,01,기본도로,05,기타도로
286,송이로,2,하행,1230049800,8,01,기본도로,05,기타도로
21001,신월여의지하도로,1,상행,1140282091,1,01,기본도로,02,도시고속도로
21001,신월여의지하도로,1,상행,1140282092,2,01,기본도로,02,도시고속도로
21001,신월여의지하도로,1,상행,1140282093,3,01,기본도로,02,도시고속도로
21001,신월여의지하도로,1,상행,1180132401,4,01,기본도로,02,도시고속도로
21001,신월여의지하도로,2,하행,1180132501,1,01,기본도로,02,도시고속도로
21001,신월여의지하도로,2,하행,1140282191,2,01,기본도로,02,도시고속도로
21001,신월여의지하도로,2,하행,1140282192,3,01,기본도로,02,도시고속도로
21001,신월여의지하도로,2,하행,1140282193,4,01,기본도로,02,도시고속도로
603,도시고속도로,1,상행,1140282091,1,03,유형별,09,외곽
603,도시고속도로,1,상행,1140282092,2,03,유형별,09,외곽
603,도시고속도로,1,상행,1140282093,3,03,유형별,09,외곽
603,도시고속도로,1,상행,1180132401,4,03,유형별,09,외곽
603,도시고속도로,2,하행,1180132501,1,03,유형별,09,외곽
603,도시고속도로,2,하행,1140282191,2,03,유형별,09,외곽
603,도시고속도로,2,하행,1140282192,3,03,유형별,09,외곽
603,도시고속도로,2,하행,1140282193,4,03,유형별,09,외곽
608,서남생활권,1,상행,1140282091,1,11,권역별,24,서남생활권
608,서남생활권,1,상행,1140282092,2,11,권역별,24,서남생활권
608,서남생활권,1,상행,1140282093,3,11,권역별,24,서남생활권
608,서남생활권,1,상행,1180132401,4,11,권역별,24,서남생활권
608,서남생활권,2,하행,1180132501,1,11,권역별,24,서남생활권
608,서남생활권,2,하행,1140282191,2,11,권역별,24,서남생활권
608,서남생활권,2,하행,1140282192,3,11,권역별,24,서남생활권
608,서남생활권,2,하행,1140282193,4,11,권역별,24,서남생활권
21002,서부간선지하도로,2,하행,1140284491,1,01,기본도로,02,도시고속도로
21002,서부간선지하도로,2,하행,1140284492,2,01,기본도로,02,도시고속도로
21002,서부간선지하도로,2,하행,1140284493,3,01,기본도로,02,도시고속도로
21002,서부간선지하도로,2,하행,1140284494,4,01,기본도로,02,도시고속도로
21002,서부간선지하도로,2,하행,1140284495,5,01,기본도로,02,도시고속도로
21002,서부간선지하도로,1,상행,1140284591,1,01,기본도로,02,도시고속도로
21002,서부간선지하도로,1,상행,1140284592,2,01,기본도로,02,도시고속도로
21002,서부간선지하도로,1,상행,1140284593,3,01,기본도로,02,도시고속도로
21002,서부간선지하도로,1,상행,1140284594,4,01,기본도로,02,도시고속도로
21002,서부간선지하도로,1,상행,1140284595,5,01,기본도로,02,도시고속도로
603,도시고속도로,1,상행,1140284491,1,03,유형별,09,외곽
603,도시고속도로,1,상행,1140284492,2,03,유형별,09,외곽
603,도시고속도로,1,상행,1140284493,3,03,유형별,09,외곽
603,도시고속도로,1,상행,1140284494,4,03,유형별,09,외곽
603,도시고속도로,1,상행,1140284495,5,03,유형별,09,외곽
603,도시고속도로,2,하행,1140284591,1,03,유형별,09,외곽
603,도시고속도로,2,하행,1140284592,2,03,유형별,09,외곽
603,도시고속도로,2,하행,1140284593,3,03,유형별,09,외곽
603,도시고속도로,2,하행,1140284594,4,03,유형별,09,외곽
603,도시고속도로,2,하행,1140284595,5,03,유형별,09,외곽
608,서남생활권,1,상행,1140284491,1,11,권역별,24,서남생활권
608,서남생활권,1,상행,1140284492,2,11,권역별,24,서남생활권
608,서남생활권,1,상행,1140284493,3,11,권역별,24,서남생활권
608,서남생활권,1,상행,1140284494,4,11,권역별,24,서남생활권
608,서남생활권,1,상행,1140284495,5,11,권역별,24,서남생활권
608,서남생활권,2,하행,1140284591,1,11,권역별,24,서남생활권
608,서남생활권,2,하행,1140284592,2,11,권역별,24,서남생활권
608,서남생활권,2,하행,1140284593,3,11,권역별,24,서남생활권
608,서남생활권,2,하행,1140284594,4,11,권역별,24,서남생활권
608,서남생활권,2,하행,1140284595,5,11,권역별,24,서남생활권
124,동부간선도로,2,하행,1090048001,3,01,기본도로,02,도시고속도로
124,동부간선도로,2,하행,1090047801,4,01,기본도로,02,도시고속도로
124,동부간선도로,2,하행,1090047701,5,01,기본도로,02,도시고속도로
124,동부간선도로,2,하행,1100176701,6,01,기본도로,02,도시고속도로
124,동부간선도로,2,하행,1100176601,7,01,기본도로,02,도시고속도로
124,동부간선도로,2,하행,1100176501,8,01,기본도로,02,도시고속도로
603,도시고속도로,2,하행,1090048001,1,03,유형별,09,외곽
603,도시고속도로,2,하행,1090047801,2,03,유형별,09,외곽
603,도시고속도로,2,하행,1090047701,3,03,유형별,09,외곽
603,도시고속도로,2,하행,1100176701,4,03,유형별,09,외곽
603,도시고속도로,2,하행,1100176601,5,03,유형별,09,외곽
603,도시고속도로,2,하행,1100176501,6,03,유형별,09,외곽
607,동북생활권,2,하행,1090048001,1,11,권역별,23,동북생활권
607,동북생활권,2,하행,1090047801,2,11,권역별,23,동북생활권
607,동북생활권,2,하행,1090047701,3,11,권역별,23,동북생활권
607,동북생활권,2,하행,1100176701,4,11,권역별,23,동북생활권
607,동북생활권,2,하행,1100176601,5,11,권역별,23,동북생활권
607,동북생활권,2,하행,1100176501,6,11,권역별,23,동북생활권
23003,경기대로,1,상행,1120019701,1,01,기본도로,04,보조간선도로
23003,경기대로,2,하행,1120019702,1,01,기본도로,04,보조간선도로
999,기타,1,상행,1120019701,1,02,기능별,12,보조간선 기능별
999,기타,2,하행,1120019702,1,02,기능별,12,보조간선 기능별
604,기타도로,1,상행,1120019701,1,03,유형별,09,외곽
604,기타도로,2,하행,1120019702,1,03,유형별,09,외곽
609,서북생활권,1,상행,1120019701,1,11,권역별,25,서북생활권
609,서북생활권,2,하행,1120019702,1,11,권역별,25,서북생활권
3071,올림픽대로,2,하행,1240003700,5,30,도시고속 구간,38,올림픽대로_구간
3071,올림픽대로,2,하행,1240005000,6,30,도시고속 구간,38,올림픽대로_구간
3071,올림픽대로,2,하행,1240005400,7,30,도시고속 구간,38,올림픽대로_구간
3081,강남순환로,1,상행,1179910010,1,30,도시고속 구간,39,강남순환로_구간
3081,강남순환로,1,상행,1179910020,2,30,도시고속 구간,39,강남순환로_구간
3081,강남순환로,1,상행,1179910030,3,30,도시고속 구간,39,강남순환로_구간
3082,강남순환로,1,상행,1209910040,1,30,도시고속 구간,39,강남순환로_구간
3082,강남순환로,1,상행,1209910050,2,30,도시고속 구간,39,강남순환로_구간
3082,강남순환로,1,상행,1209910060,3,30,도시고속 구간,39,강남순환로_구간
3083,강남순환로,1,상행,1209910070,1,30,도시고속 구간,39,강남순환로_구간
3083,강남순환로,1,상행,1209910080,2,30,도시고속 구간,39,강남순환로_구간
3083,강남순환로,1,상행,1219910090,3,30,도시고속 구간,39,강남순환로_구간
3083,강남순환로,1,상행,1219910100,4,30,도시고속 구간,39,강남순환로_구간
3083,강남순환로,1,상행,1219910110,5,30,도시고속 구간,39,강남순환로_구간
3083,강남순환로,2,하행,1219920010,1,30,도시고속 구간,39,강남순환로_구간
3083,강남순환로,2,하행,1219920020,2,30,도시고속 구간,39,강남순환로_구간
3083,강남순환로,2,하행,1219920030,3,30,도시고속 구간,39,강남순환로_구간
3083,강남순환로,2,하행,1209920040,4,30,도시고속 구간,39,강남순환로_구간
3083,강남순환로,2,하행,1209920050,5,30,도시고속 구간,39,강남순환로_구간
3082,강남순환로,2,하행,1209920060,1,30,도시고속 구간,39,강남순환로_구간
3082,강남순환로,2,하행,1209920070,2,30,도시고속 구간,39,강남순환로_구간
3082,강남순환로,2,하행,1209920080,3,30,도시고속 구간,39,강남순환로_구간
3081,강남순환로,2,하행,1179920090,1,30,도시고속 구간,39,강남순환로_구간
3081,강남순환로,2,하행,1179920100,2,30,도시고속 구간,39,강남순환로_구간
3081,강남순환로,2,하행,1179920110,3,30,도시고속 구간,39,강남순환로_구간
20001,공원로,1,상행,1160013001,1,01,기본도로,04,보조간선도로
999,기타,1,상행,1160013001,1,02,기능별,12,보조간선 기능별
604,기타도로,1,상행,1160013001,1,03,유형별,09,외곽
608,서남생활권,1,상행,1160013001,1,11,권역별,24,서남생활권
20001,공원로,1,상행,1160013002,2,01,기본도로,04,보조간선도로
999,기타,1,상행,1160013002,2,02,기능별,12,보조간선 기능별
604,기타도로,1,상행,1160013002,2,03,유형별,09,외곽
608,서남생활권,1,상행,1160013002,2,11,권역별,24,서남생활권
20001,공원로,1,상행,1160013003,3,01,기본도로,04,보조간선도로
999,기타,1,상행,1160013003,3,02,기능별,12,보조간선 기능별
604,기타도로,1,상행,1160013003,3,03,유형별,09,외곽
608,서남생활권,1,상행,1160013003,3,11,권역별,24,서남생활권
20001,공원로,1,상행,1160013004,4,01,기본도로,04,보조간선도로
999,기타,1,상행,1160013004,4,02,기능별,12,보조간선 기능별
604,기타도로,1,상행,1160013004,4,03,유형별,09,외곽
608,서남생활권,1,상행,1160013004,4,11,권역별,24,서남생활권
20001,공원로,1,상행,1160013005,5,01,기본도로,04,보조간선도로
999,기타,1,상행,1160013005,5,02,기능별,12,보조간선 기능별
604,기타도로,1,상행,1160013005,5,03,유형별,09,외곽
608,서남생활권,1,상행,1160013005,5,11,권역별,24,서남생활권
20001,공원로,1,상행,1160015001,6,01,기본도로,04,보조간선도로
999,기타,1,상행,1160015001,6,02,기능별,12,보조간선 기능별
604,기타도로,1,상행,1160015001,6,03,유형별,09,외곽
608,서남생활권,1,상행,1160015001,6,11,권역별,24,서남생활권
20001,공원로,1,상행,1160015002,7,01,기본도로,04,보조간선도로
999,기타,1,상행,1160015002,7,02,기능별,12,보조간선 기능별
604,기타도로,1,상행,1160015002,7,03,유형별,09,외곽
608,서남생활권,1,상행,1160015002,7,11,권역별,24,서남생활권
20001,공원로,1,상행,1160015003,8,01,기본도로,04,보조간선도로
999,기타,1,상행,1160015003,8,02,기능별,12,보조간선 기능별
604,기타도로,1,상행,1160015003,8,03,유형별,09,외곽
608,서남생활권,1,상행,1160015003,8,11,권역별,24,서남생활권
20001,공원로,1,상행,1160074300,9,01,기본도로,04,보조간선도로
999,기타,1,상행,1160074300,9,02,기능별,12,보조간선 기능별
604,기타도로,1,상행,1160074300,9,03,유형별,09,외곽
608,서남생활권,1,상행,1160074300,9,11,권역별,24,서남생활권
20001,공원로,2,하행,1160074200,1,01,기본도로,04,보조간선도로
999,기타,2,하행,1160074200,1,02,기능별,12,보조간선 기능별
604,기타도로,2,하행,1160074200,1,03,유형별,09,외곽
608,서남생활권,2,하행,1160074200,1,11,권역별,24,서남생활권
20001,공원로,2,하행,1160014903,2,01,기본도로,04,보조간선도로
999,기타,2,하행,1160014903,2,02,기능별,12,보조간선 기능별
604,기타도로,2,하행,1160014903,2,03,유형별,09,외곽
608,서남생활권,2,하행,1160014903,2,11,권역별,24,서남생활권
20001,공원로,2,하행,1160014902,3,01,기본도로,04,보조간선도로
999,기타,2,하행,1160014902,3,02,기능별,12,보조간선 기능별
604,기타도로,2,하행,1160014902,3,03,유형별,09,외곽
608,서남생활권,2,하행,1160014902,3,11,권역별,24,서남생활권
20001,공원로,2,하행,1160014901,4,01,기본도로,04,보조간선도로
999,기타,2,하행,1160014901,4,02,기능별,12,보조간선 기능별
604,기타도로,2,하행,1160014901,4,03,유형별,09,외곽
608,서남생활권,2,하행,1160014901,4,11,권역별,24,서남생활권
20001,공원로,2,하행,1160012905,5,01,기본도로,04,보조간선도로
999,기타,2,하행,1160012905,5,02,기능별,12,보조간선 기능별
604,기타도로,2,하행,1160012905,5,03,유형별,09,외곽
608,서남생활권,2,하행,1160012905,5,11,권역별,24,서남생활권
20001,공원로,2,하행,1160012904,6,01,기본도로,04,보조간선도로
999,기타,2,하행,1160012904,6,02,기능별,12,보조간선 기능별
604,기타도로,2,하행,1160012904,6,03,유형별,09,외곽
608,서남생활권,2,하행,1160012904,6,11,권역별,24,서남생활권
20001,공원로,2,하행,1160012903,7,01,기본도로,04,보조간선도로
999,기타,2,하행,1160012903,7,02,기능별,12,보조간선 기능별
604,기타도로,2,하행,1160012903,7,03,유형별,09,외곽
608,서남생활권,2,하행,1160012903,7,11,권역별,24,서남생활권
20001,공원로,2,하행,1160012902,8,01,기본도로,04,보조간선도로
999,기타,2,하행,1160012902,8,02,기능별,12,보조간선 기능별
604,기타도로,2,하행,1160012902,8,03,유형별,09,외곽
608,서남생활권,2,하행,1160012902,8,11,권역별,24,서남생활권
20001,공원로,2,하행,1160012901,9,01,기본도로,04,보조간선도로
999,기타,2,하행,1160012901,9,02,기능별,12,보조간선 기능별
604,기타도로,2,하행,1160012901,9,03,유형별,09,외곽
608,서남생활권,2,하행,1160012901,9,11,권역별,24,서남생활권
20002,농수산시장로,1,상행,1130005102,1,01,기본도로,04,보조간선도로
20002,농수산시장로,2,하행,1130005002,2,01,기본도로,04,보조간선도로
20002,농수산시장로,2,하행,1130005003,1,01,기본도로,04,보조간선도로
20002,농수산시장로,1,상행,1130005103,2,01,기본도로,04,보조간선도로
999,기타,1,상행,1130005102,1,02,기능별,12,보조간선 기능별
999,기타,2,하행,1130005002,2,02,기능별,12,보조간선 기능별
999,기타,2,하행,1130005003,1,02,기능별,12,보조간선 기능별
999,기타,1,상행,1130005103,2,02,기능별,12,보조간선 기능별
604,기타도로,1,상행,1130005102,1,03,유형별,09,외곽
604,기타도로,2,하행,1130005002,2,03,유형별,09,외곽
604,기타도로,2,하행,1130005003,1,03,유형별,09,외곽
604,기타도로,1,상행,1130005103,2,03,유형별,09,외곽
609,서북생활권,1,상행,1130005102,1,11,권역별,25,서북생활권
609,서북생활권,2,하행,1130005002,2,11,권역별,25,서북생활권
609,서북생활권,2,하행,1130005003,1,11,권역별,25,서북생활권
609,서북생활권,1,상행,1130005103,2,11,권역별,25,서북생활권
609,서북생활권,1,상행,1130025000,1,11,권역별,25,서북생활권
609,서북생활권,1,상행,1130026401,2,11,권역별,25,서북생활권
609,서북생활권,1,상행,1130026402,3,11,권역별,25,서북생활권
609,서북생활권,1,상행,1130072000,4,11,권역별,25,서북생활권
609,서북생활권,2,하행,1130072100,1,11,권역별,25,서북생활권
609,서북생활권,2,하행,1130026302,2,11,권역별,25,서북생활권
609,서북생활권,2,하행,1130026301,3,11,권역별,25,서북생활권
609,서북생활권,2,하행,1130024900,4,11,권역별,25,서북생활권
20003,상암산로,1,상행,1130025000,1,01,기본도로,05,기타도로
20003,상암산로,1,상행,1130026401,2,01,기본도로,05,기타도로
20003,상암산로,1,상행,1130026402,3,01,기본도로,05,기타도로
20003,상암산로,1,상행,1130072000,4,01,기본도로,05,기타도로
20003,상암산로,2,하행,1130072100,1,01,기본도로,05,기타도로
20003,상암산로,2,하행,1130026302,2,01,기본도로,05,기타도로
20003,상암산로,2,하행,1130026301,3,01,기본도로,05,기타도로
20003,상암산로,2,하행,1130024900,4,01,기본도로,05,기타도로
604,기타도로,1,상행,1130025000,1,03,유형별,09,외곽
604,기타도로,1,상행,1130026401,2,03,유형별,09,외곽
604,기타도로,1,상행,1130026402,3,03,유형별,09,외곽
604,기타도로,1,상행,1130072000,4,03,유형별,09,외곽
604,기타도로,2,하행,1130072100,1,03,유형별,09,외곽
604,기타도로,2,하행,1130026302,2,03,유형별,09,외곽
604,기타도로,2,하행,1130026301,3,03,유형별,09,외곽
604,기타도로,2,하행,1130024900,4,03,유형별,09,외곽
20007,노해로66길,1,상행,1090003400,1,01,기본도로,04,보조간선도로
20007,노해로66길,1,상행,1090005000,2,01,기본도로,04,보조간선도로
20007,노해로66길,2,하행,1090004900,1,01,기본도로,04,보조간선도로
20007,노해로66길,2,하행,1090003300,2,01,기본도로,04,보조간선도로
999,기타,1,상행,1090003400,1,02,기능별,12,보조간선 기능별
999,기타,1,상행,1090005000,2,02,기능별,12,보조간선 기능별
999,기타,2,하행,1090004900,1,02,기능별,12,보조간선 기능별
999,기타,2,하행,1090003300,2,02,기능별,12,보조간선 기능별
604,기타도로,1,상행,1090003400,1,03,유형별,09,외곽
604,기타도로,1,상행,1090005000,2,03,유형별,09,외곽
604,기타도로,2,하행,1090004900,1,03,유형별,09,외곽
604,기타도로,2,하행,1090003300,2,03,유형별,09,외곽
607,동북생활권,1,상행,1090003400,1,11,권역별,23,동북생활권
607,동북생활권,1,상행,1090005000,2,11,권역별,23,동북생활권
607,동북생활권,2,하행,1090004900,1,11,권역별,23,동북생활권
607,동북생활권,2,하행,1090003300,2,11,권역별,23,동북생활권
20008,도영로,1,상행,1180050800,1,01,기본도로,05,기타도로
20008,도영로,1,상행,1180051500,2,01,기본도로,05,기타도로
20008,도영로,1,상행,1180013501,3,01,기본도로,05,기타도로
20008,도영로,1,상행,1180013502,4,01,기본도로,05,기타도로
20008,도영로,1,상행,1180060100,5,01,기본도로,05,기타도로
20008,도영로,1,상행,1180061600,6,01,기본도로,05,기타도로
20008,도영로,1,상행,1180063500,7,01,기본도로,05,기타도로
20008,도영로,2,하행,1180063600,1,01,기본도로,05,기타도로
20008,도영로,2,하행,1180061700,2,01,기본도로,05,기타도로
20008,도영로,2,하행,1180060200,3,01,기본도로,05,기타도로
20008,도영로,2,하행,1180013402,4,01,기본도로,05,기타도로
20008,도영로,2,하행,1180013401,5,01,기본도로,05,기타도로
20008,도영로,2,하행,1180051600,6,01,기본도로,05,기타도로
20008,도영로,2,하행,1180050900,7,01,기본도로,05,기타도로
604,기타도로,1,상행,1180050800,1,03,유형별,09,외곽
604,기타도로,1,상행,1180051500,2,03,유형별,09,외곽
604,기타도로,1,상행,1180013501,3,03,유형별,09,외곽
604,기타도로,1,상행,1180013502,4,03,유형별,09,외곽
604,기타도로,1,상행,1180060100,5,03,유형별,09,외곽
604,기타도로,1,상행,1180061600,6,03,유형별,09,외곽
604,기타도로,1,상행,1180063500,7,03,유형별,09,외곽
604,기타도로,2,하행,1180063600,1,03,유형별,09,외곽
604,기타도로,2,하행,1180061700,2,03,유형별,09,외곽
604,기타도로,2,하행,1180060200,3,03,유형별,09,외곽
604,기타도로,2,하행,1180013402,4,03,유형별,09,외곽
604,기타도로,2,하행,1180013401,5,03,유형별,09,외곽
604,기타도로,2,하행,1180051600,6,03,유형별,09,외곽
604,기타도로,2,하행,1180050900,7,03,유형별,09,외곽
608,서남생활권,1,상행,1180050800,1,11,권역별,24,서남생활권
608,서남생활권,1,상행,1180051500,2,11,권역별,24,서남생활권
608,서남생활권,1,상행,1180013501,3,11,권역별,24,서남생활권
608,서남생활권,1,상행,1180013502,4,11,권역별,24,서남생활권
608,서남생활권,1,상행,1180060100,5,11,권역별,24,서남생활권
608,서남생활권,1,상행,1180061600,6,11,권역별,24,서남생활권
608,서남생활권,1,상행,1180063500,7,11,권역별,24,서남생활권
608,서남생활권,2,하행,1180063600,1,11,권역별,24,서남생활권
608,서남생활권,2,하행,1180061700,2,11,권역별,24,서남생활권
608,서남생활권,2,하행,1180060200,3,11,권역별,24,서남생활권
608,서남생활권,2,하행,1180013402,4,11,권역별,24,서남생활권
608,서남생활권,2,하행,1180013401,5,11,권역별,24,서남생활권
608,서남생활권,2,하행,1180051600,6,11,권역별,24,서남생활권
608,서남생활권,2,하행,1180050900,7,11,권역별,24,서남생활권
20009,동산로,1,상행,1210009204,1,01,기본도로,05,기타도로
20009,동산로,1,상행,1210009203,2,01,기본도로,05,기타도로
20009,동산로,1,상행,1210009202,3,01,기본도로,05,기타도로
20009,동산로,1,상행,1210009201,4,01,기본도로,05,기타도로
20009,동산로,2,하행,1210009301,1,01,기본도로,05,기타도로
20009,동산로,2,하행,1210009302,2,01,기본도로,05,기타도로
20009,동산로,2,하행,1210009303,3,01,기본도로,05,기타도로
20009,동산로,2,하행,1210009304,4,01,기본도로,05,기타도로
604,기타도로,1,상행,1210009204,1,03,유형별,09,외곽
604,기타도로,1,상행,1210009203,2,03,유형별,09,외곽
604,기타도로,1,상행,1210009202,3,03,유형별,09,외곽
604,기타도로,1,상행,1210009201,4,03,유형별,09,외곽
604,기타도로,2,하행,1210009301,1,03,유형별,09,외곽
604,기타도로,2,하행,1210009302,2,03,유형별,09,외곽
604,기타도로,2,하행,1210009303,3,03,유형별,09,외곽
604,기타도로,2,하행,1210009304,4,03,유형별,09,외곽
606,동남생활권,1,상행,1210009204,1,11,권역별,22,동남생활권
606,동남생활권,1,상행,1210009203,2,11,권역별,22,동남생활권
606,동남생활권,1,상행,1210009202,3,11,권역별,22,동남생활권
606,동남생활권,1,상행,1210009201,4,11,권역별,22,동남생활권
606,동남생활권,2,하행,1210009301,1,11,권역별,22,동남생활권
606,동남생활권,2,하행,1210009302,2,11,권역별,22,동남생활권
606,동남생활권,2,하행,1210009303,3,11,권역별,22,동남생활권
606,동남생활권,2,하행,1210009304,4,11,권역별,22,동남생활권
20010,수유로,1,상행,1080028900,1,01,기본도로,05,기타도로
20010,수유로,1,상행,1080008701,2,01,기본도로,05,기타도로
20010,수유로,1,상행,1080005902,3,01,기본도로,05,기타도로
20010,수유로,1,상행,1080005901,4,01,기본도로,05,기타도로
20010,수유로,2,하행,1080006001,1,01,기본도로,05,기타도로
20010,수유로,2,하행,1080006002,2,01,기본도로,05,기타도로
20010,수유로,2,하행,1080008801,3,01,기본도로,05,기타도로
20010,수유로,2,하행,1080028800,4,01,기본도로,05,기타도로
604,기타도로,1,상행,1080028900,1,03,유형별,09,외곽
604,기타도로,1,상행,1080008701,2,03,유형별,09,외곽
604,기타도로,1,상행,1080005902,3,03,유형별,09,외곽
604,기타도로,1,상행,1180036101,2,03,유형별,09,외곽
604,기타도로,1,상행,1180036102,3,03,유형별,09,외곽
604,기타도로,2,하행,1180036002,1,03,유형별,09,외곽
604,기타도로,2,하행,1180036001,2,03,유형별,09,외곽
604,기타도로,2,하행,1180033600,3,03,유형별,09,외곽
608,서남생활권,1,상행,1180033700,1,11,권역별,24,서남생활권
608,서남생활권,1,상행,1180036101,2,11,권역별,24,서남생활권
608,서남생활권,1,상행,1180036102,3,11,권역별,24,서남생활권
608,서남생활권,2,하행,1180036002,1,11,권역별,24,서남생활권
608,서남생활권,2,하행,1180036001,2,11,권역별,24,서남생활권
608,서남생활권,2,하행,1180033600,3,11,권역별,24,서남생활권
20013,충민로,1,상행,1230049500,1,01,기본도로,05,기타도로
20013,충민로,1,상행,1230048900,2,01,기본도로,05,기타도로
20013,충민로,1,상행,1230047700,3,01,기본도로,05,기타도로
20013,충민로,1,상행,1230046100,4,01,기본도로,05,기타도로
20013,충민로,1,상행,1230045200,5,01,기본도로,05,기타도로
20013,충민로,1,상행,1230044300,6,01,기본도로,05,기타도로
20013,충민로,1,상행,1230043900,7,01,기본도로,05,기타도로
20013,충민로,1,상행,1230045800,8,01,기본도로,05,기타도로
20013,충민로,2,하행,1230045700,1,01,기본도로,05,기타도로
20013,충민로,2,하행,1230043800,2,01,기본도로,05,기타도로
20013,충민로,2,하행,1230044200,3,01,기본도로,05,기타도로
20013,충민로,2,하행,1230045100,4,01,기본도로,05,기타도로
20013,충민로,2,하행,1230046000,5,01,기본도로,05,기타도로
20013,충민로,2,하행,1230047600,6,01,기본도로,05,기타도로
20013,충민로,2,하행,1230048800,7,01,기본도로,05,기타도로
20013,충민로,2,하행,1230049400,8,01,기본도로,05,기타도로
604,기타도로,1,상행,1230049500,1,03,유형별,09,외곽
604,기타도로,1,상행,1230048900,2,03,유형별,09,외곽
604,기타도로,1,상행,1230047700,3,03,유형별,09,외곽
604,기타도로,1,상행,1230046100,4,03,유형별,09,외곽
604,기타도로,1,상행,1230045200,5,03,유형별,09,외곽
604,기타도로,1,상행,1230044300,6,03,유형별,09,외곽
604,기타도로,1,상행,1230043900,7,03,유형별,09,외곽
604,기타도로,1,상행,1230045800,8,03,유형별,09,외곽
604,기타도로,2,하행,1230045700,1,03,유형별,09,외곽
604,기타도로,2,하행,1230043800,2,03,유형별,09,외곽
604,기타도로,2,하행,1230044200,3,03,유형별,09,외곽
604,기타도로,2,하행,1230045100,4,03,유형별,09,외곽
604,기타도로,2,하행,1230046000,5,03,유형별,09,외곽
604,기타도로,2,하행,1230047600,6,03,유형별,09,외곽
604,기타도로,2,하행,1230048800,7,03,유형별,09,외곽
604,기타도로,2,하행,1230049400,8,03,유형별,09,외곽
606,동남생활권,1,상행,1230049500,1,11,권역별,22,동남생활권
606,동남생활권,1,상행,1230048900,2,11,권역별,22,동남생활권
606,동남생활권,1,상행,1230047700,3,11,권역별,22,동남생활권
606,동남생활권,1,상행,1230046100,4,11,권역별,22,동남생활권
606,동남생활권,1,상행,1230045200,5,11,권역별,22,동남생활권
606,동남생활권,1,상행,1230044300,6,11,권역별,22,동남생활권
606,동남생활권,1,상행,1230043900,7,11,권역별,22,동남생활권
606,동남생활권,1,상행,1230045800,8,11,권역별,22,동남생활권
606,동남생활권,2,하행,1230045700,1,11,권역별,22,동남생활권
606,동남생활권,2,하행,1230043800,2,11,권역별,22,동남생활권
606,동남생활권,2,하행,1230044200,3,11,권역별,22,동남생활권
606,동남생활권,2,하행,1230045100,4,11,권역별,22,동남생활권
606,동남생활권,2,하행,1230046000,5,11,권역별,22,동남생활권
606,동남생활권,2,하행,1230047600,6,11,권역별,22,동남생활권
606,동남생활권,2,하행,1230048800,7,11,권역별,22,동남생활권
606,동남생활권,2,하행,1230049400,8,11,권역별,22,동남생활권
20014,행당로,1,상행,1030014103,1,01,기본도로,04,보조간선도로
20014,행당로,1,상행,1030014102,2,01,기본도로,04,보조간선도로
20014,행당로,1,상행,1030014101,3,01,기본도로,04,보조간선도로
20014,행당로,1,상행,1030013300,4,01,기본도로,04,보조간선도로
20014,행당로,2,하행,1030013400,1,01,기본도로,04,보조간선도로
20014,행당로,2,하행,1030014201,2,01,기본도로,04,보조간선도로
20014,행당로,2,하행,1030014202,3,01,기본도로,04,보조간선도로
20014,행당로,2,하행,1030014203,4,01,기본도로,04,보조간선도로
999,기타,1,상행,1030014103,1,02,기능별,12,보조간선 기능별
999,기타,1,상행,1030014102,2,02,기능별,12,보조간선 기능별
999,기타,1,상행,1030014101,3,02,기능별,12,보조간선 기능별
999,기타,1,상행,1030013300,4,02,기능별,12,보조간선 기능별
999,기타,2,하행,1030013400,1,02,기능별,12,보조간선 기능별
999,기타,2,하행,1030014201,2,02,기능별,12,보조간선 기능별
999,기타,2,하행,1030014202,3,02,기능별,12,보조간선 기능별
999,기타,2,하행,1030014203,4,02,기능별,12,보조간선 기능별
604,기타도로,1,상행,1030014103,1,03,유형별,09,외곽
604,기타도로,1,상행,1030014102,2,03,유형별,09,외곽
604,기타도로,1,상행,1030014101,3,03,유형별,09,외곽
604,기타도로,1,상행,1030013300,4,03,유형별,09,외곽
604,기타도로,2,하행,1030013400,1,03,유형별,09,외곽
604,기타도로,2,하행,1030014201,2,03,유형별,09,외곽
604,기타도로,2,하행,1030014202,3,03,유형별,09,외곽
604,기타도로,2,하행,1030014203,4,03,유형별,09,외곽
607,동북생활권,1,상행,1030014103,1,11,권역별,23,동북생활권
607,동북생활권,1,상행,1030014102,2,11,권역별,23,동북생활권
607,동북생활권,1,상행,1030014101,3,11,권역별,23,동북생활권
607,동북생활권,1,상행,1030013300,4,11,권역별,23,동북생활권
607,동북생활권,2,하행,1030013400,1,11,권역별,23,동북생활권
607,동북생활권,2,하행,1030014201,2,11,권역별,23,동북생활권
607,동북생활권,2,하행,1030014202,3,11,권역별,23,동북생활권
607,동북생활권,2,하행,1030014203,4,11,권역별,23,동북생활권
20015,황물로,1,상행,1030017401,1,01,기본도로,05,기타도로
20015,황물로,1,상행,1030017402,2,01,기본도로,05,기타도로
20015,황물로,1,상행,1050004801,3,01,기본도로,05,기타도로
20015,황물로,1,상행,1050004802,4,01,기본도로,05,기타도로
20015,황물로,1,상행,1050004803,5,01,기본도로,05,기타도로
20015,황물로,1,상행,1050004804,6,01,기본도로,05,기타도로
20015,황물로,1,상행,1050006800,7,01,기본도로,05,기타도로
20015,황물로,1,상행,1050009401,8,01,기본도로,05,기타도로
20015,황물로,1,상행,1050009402,9,01,기본도로,05,기타도로
20015,황물로,2,하행,1050009302,1,01,기본도로,05,기타도로
20015,황물로,2,하행,1050009301,2,01,기본도로,05,기타도로
20015,황물로,2,하행,1050006700,3,01,기본도로,05,기타도로
20015,황물로,2,하행,1050004704,4,01,기본도로,05,기타도로
20015,황물로,2,하행,1050004703,5,01,기본도로,05,기타도로
20015,황물로,2,하행,1050004702,6,01,기본도로,05,기타도로
20015,황물로,2,하행,1050004701,7,01,기본도로,05,기타도로
20015,황물로,2,하행,1030017302,8,01,기본도로,05,기타도로
20015,황물로,2,하행,1030017301,9,01,기본도로,05,기타도로
604,기타도로,1,상행,1030017401,1,03,유형별,09,외곽
604,기타도로,1,상행,1030017402,2,03,유형별,09,외곽
604,기타도로,1,상행,1050004801,3,03,유형별,09,외곽
604,기타도로,1,상행,1050004802,4,03,유형별,09,외곽
604,기타도로,1,상행,1050004803,5,03,유형별,09,외곽
604,기타도로,1,상행,1050004804,6,03,유형별,09,외곽
604,기타도로,1,상행,1050006800,7,03,유형별,09,외곽
604,기타도로,1,상행,1050009401,8,03,유형별,09,외곽
604,기타도로,1,상행,1050009402,9,03,유형별,09,외곽
604,기타도로,2,하행,1050009302,1,03,유형별,09,외곽
604,기타도로,2,하행,1050009301,2,03,유형별,09,외곽
604,기타도로,2,하행,1050006700,3,03,유형별,09,외곽
604,기타도로,2,하행,1050004704,4,03,유형별,09,외곽
604,기타도로,2,하행,1050004703,5,03,유형별,09,외곽
604,기타도로,2,하행,1050004702,6,03,유형별,09,외곽
604,기타도로,2,하행,1050004701,7,03,유형별,09,외곽
604,기타도로,2,하행,1030017302,8,03,유형별,09,외곽
604,기타도로,2,하행,1030017301,9,03,유형별,09,외곽
607,동북생활권,1,상행,1030017401,1,11,권역별,23,동북생활권
607,동북생활권,1,상행,1030017402,2,11,권역별,23,동북생활권
607,동북생활권,1,상행,1050004801,3,11,권역별,23,동북생활권
607,동북생활권,1,상행,1050004802,4,11,권역별,23,동북생활권
607,동북생활권,1,상행,1050004803,5,11,권역별,23,동북생활권
607,동북생활권,1,상행,1050004804,6,11,권역별,23,동북생활권
607,동북생활권,1,상행,1050006800,7,11,권역별,23,동북생활권
607,동북생활권,1,상행,1050009401,8,11,권역별,23,동북생활권
607,동북생활권,1,상행,1050009402,9,11,권역별,23,동북생활권
607,동북생활권,2,하행,1050009302,1,11,권역별,23,동북생활권
607,동북생활권,2,하행,1050009301,2,11,권역별,23,동북생활권
607,동북생활권,2,하행,1050006700,3,11,권역별,23,동북생활권
607,동북생활권,2,하행,1050004704,4,11,권역별,23,동북생활권
607,동북생활권,2,하행,1050004703,5,11,권역별,23,동북생활권
607,동북생활권,2,하행,1050004702,6,11,권역별,23,동북생활권
607,동북생활권,2,하행,1050004701,7,11,권역별,23,동북생활권
607,동북생활권,2,하행,1030017302,8,11,권역별,23,동북생활권
607,동북생활권,2,하행,1030017301,9,11,권역별,23,동북생활권
20016,목동중앙본로,1,상행,1140039001,1,01,기본도로,05,기타도로
20016,목동중앙본로,1,상행,1140039002,2,01,기본도로,05,기타도로
20016,목동중앙본로,1,상행,1140039003,3,01,기본도로,05,기타도로
20016,목동중앙본로,1,상행,1140039004,4,01,기본도로,05,기타도로
20016,목동중앙본로,2,하행,1140038904,1,01,기본도로,05,기타도로
20016,목동중앙본로,2,하행,1140038903,2,01,기본도로,05,기타도로
20016,목동중앙본로,2,하행,1140038902,3,01,기본도로,05,기타도로
20016,목동중앙본로,2,하행,1140038901,4,01,기본도로,05,기타도로
604,기타도로,1,상행,1140039001,1,03,유형별,09,외곽
604,기타도로,1,상행,1140039002,2,03,유형별,09,외곽
604,기타도로,1,상행,1140039003,3,03,유형별,09,외곽
604,기타도로,1,상행,1140039004,4,03,유형별,09,외곽
604,기타도로,2,하행,1140038904,1,03,유형별,09,외곽
604,기타도로,2,하행,1140038903,2,03,유형별,09,외곽
604,기타도로,2,하행,1140038902,3,03,유형별,09,외곽
604,기타도로,2,하행,1140038901,4,03,유형별,09,외곽
608,서남생활권,1,상행,1140039001,1,11,권역별,24,서남생활권
608,서남생활권,1,상행,1140039002,2,11,권역별,24,서남생활권
608,서남생활권,1,상행,1140039003,3,11,권역별,24,서남생활권
608,서남생활권,1,상행,1140039004,4,11,권역별,24,서남생활권
608,서남생활권,2,하행,1140038904,1,11,권역별,24,서남생활권
608,서남생활권,2,하행,1140038903,2,11,권역별,24,서남생활권
608,서남생활권,2,하행,1140038902,3,11,권역별,24,서남생활권
608,서남생활권,2,하행,1140038901,4,11,권역별,24,서남생활권
20017,백련산로,1,상행,1110008106,1,01,기본도로,05,기타도로
604,기타도로,1,상행,1110008106,1,03,유형별,09,외곽
609,서북생활권,1,상행,1110008106,1,11,권역별,25,서북생활권
20017,백련산로,1,상행,1110008104,2,01,기본도로,05,기타도로
604,기타도로,1,상행,1110008104,2,03,유형별,09,외곽
609,서북생활권,1,상행,1110008104,2,11,권역별,25,서북생활권
20017,백련산로,1,상행,1110008102,3,01,기본도로,05,기타도로
604,기타도로,1,상행,1110008102,3,03,유형별,09,외곽
609,서북생활권,1,상행,1110008102,3,11,권역별,25,서북생활권
20017,백련산로,1,상행,1110005700,4,01,기본도로,05,기타도로
604,기타도로,1,상행,1110005700,4,03,유형별,09,외곽
609,서북생활권,1,상행,1110005700,4,11,권역별,25,서북생활권
20017,백련산로,2,하행,1110005800,1,01,기본도로,05,기타도로
604,기타도로,2,하행,1110005800,1,03,유형별,09,외곽
609,서북생활권,2,하행,1110005800,1,11,권역별,25,서북생활권
20017,백련산로,2,하행,1110008201,2,01,기본도로,05,기타도로
604,기타도로,2,하행,1110008201,2,03,유형별,09,외곽
609,서북생활권,2,하행,1110008201,2,11,권역별,25,서북생활권
20017,백련산로,2,하행,1110008203,3,01,기본도로,05,기타도로
604,기타도로,2,하행,1110008203,3,03,유형별,09,외곽
609,서북생활권,2,하행,1110008203,3,11,권역별,25,서북생활권
20017,백련산로,2,하행,1110008205,4,01,기본도로,05,기타도로
604,기타도로,2,하행,1110008205,4,03,유형별,09,외곽
609,서북생활권,2,하행,1110008205,4,11,권역별,25,서북생활권
20018,북아현로,1,상행,1120021200,1,01,기본도로,05,기타도로
20018,북아현로,1,상행,1130019502,2,01,기본도로,05,기타도로
20018,북아현로,1,상행,1130019501,3,01,기본도로,05,기타도로
20018,북아현로,2,하행,1130019600,1,01,기본도로,05,기타도로
20018,북아현로,2,하행,1130009601,2,01,기본도로,05,기타도로
20018,북아현로,2,하행,1120021300,3,01,기본도로,05,기타도로
604,기타도로,1,상행,1120021200,1,03,유형별,09,외곽
604,기타도로,1,상행,1130019502,2,03,유형별,09,외곽
604,기타도로,1,상행,1130019501,3,03,유형별,09,외곽
604,기타도로,2,하행,1130019600,1,03,유형별,09,외곽
604,기타도로,2,하행,1130009601,2,03,유형별,09,외곽
604,기타도로,2,하행,1120021300,3,03,유형별,09,외곽
609,서북생활권,1,상행,1120021200,1,11,권역별,25,서북생활권
609,서북생활권,1,상행,1130019502,2,11,권역별,25,서북생활권
609,서북생활권,1,상행,1130019501,3,11,권역별,25,서북생활권
609,서북생활권,2,하행,1130019600,1,11,권역별,25,서북생활권
609,서북생활권,2,하행,1130009601,2,11,권역별,25,서북생활권
609,서북생활권,2,하행,1120021300,3,11,권역별,25,서북생활권
20019,삼개로,1,상행,1130032100,1,01,기본도로,05,기타도로
20019,삼개로,1,상행,1130030800,2,01,기본도로,05,기타도로
20019,삼개로,1,상행,1020041100,3,01,기본도로,05,기타도로
20019,삼개로,2,하행,1020041200,1,01,기본도로,05,기타도로
20019,삼개로,2,하행,1130030900,2,01,기본도로,05,기타도로
20019,삼개로,2,하행,1130032200,3,01,기본도로,05,기타도로
604,기타도로,1,상행,1130032100,1,03,유형별,09,외곽
604,기타도로,1,상행,1130030800,2,03,유형별,09,외곽
604,기타도로,1,상행,1020041100,3,03,유형별,09,외곽
604,기타도로,2,하행,1020041200,1,03,유형별,09,외곽
604,기타도로,2,하행,1130030900,2,03,유형별,09,외곽
604,기타도로,2,하행,1130032200,3,03,유형별,09,외곽
609,서북생활권,1,상행,1130032100,1,11,권역별,25,서북생활권
609,서북생활권,1,상행,1130030800,2,11,권역별,25,서북생활권
605,도심생활권,1,상행,1020041100,3,11,권역별,21,도심생활권
605,도심생활권,2,하행,1020041200,1,11,권역별,21,도심생활권
609,서북생활권,2,하행,1130030900,2,11,권역별,25,서북생활권
20021,외대역동로,1,상행,1050017800,1,01,기본도로,05,기타도로
20021,외대역동로,1,상행,1050019400,2,01,기본도로,05,기타도로
20021,외대역동로,1,상행,1050048100,3,01,기본도로,05,기타도로
20021,외대역동로,2,하행,1050048200,1,01,기본도로,05,기타도로
20021,외대역동로,2,하행,1050019300,2,01,기본도로,05,기타도로
20021,외대역동로,2,하행,1050017700,3,01,기본도로,05,기타도로
604,기타도로,1,상행,1050017800,1,03,유형별,09,외곽
604,기타도로,1,상행,1050019400,2,03,유형별,09,외곽
604,기타도로,1,상행,1050048100,3,03,유형별,09,외곽
604,기타도로,2,하행,1050048200,1,03,유형별,09,외곽
604,기타도로,2,하행,1050019300,2,03,유형별,09,외곽
604,기타도로,2,하행,1050017700,3,03,유형별,09,외곽
607,동북생활권,1,상행,1050017800,1,11,권역별,23,동북생활권
607,동북생활권,1,상행,1050019400,2,11,권역별,23,동북생활권
607,동북생활권,1,상행,1050048100,3,11,권역별,23,동북생활권
607,동북생활권,2,하행,1050048200,1,11,권역별,23,동북생활권
607,동북생활권,2,하행,1050019300,2,11,권역별,23,동북생활권
607,동북생활권,2,하행,1050017700,3,11,권역별,23,동북생활권
20022,우이천로,1,상행,1100047400,1,01,기본도로,05,기타도로
20022,우이천로,1,상행,1100048400,2,01,기본도로,05,기타도로
20022,우이천로,1,상행,1100050400,3,01,기본도로,05,기타도로
20022,우이천로,1,상행,1090013400,4,01,기본도로,05,기타도로
20022,우이천로,1,상행,1080007703,5,01,기본도로,05,기타도로
20022,우이천로,1,상행,1080007704,6,01,기본도로,05,기타도로
20022,우이천로,1,상행,1090001001,7,01,기본도로,05,기타도로
20022,우이천로,1,상행,1090001002,8,01,기본도로,05,기타도로
20022,우이천로,1,상행,1090001003,9,01,기본도로,05,기타도로
20022,우이천로,1,상행,1090001004,10,01,기본도로,05,기타도로
20022,우이천로,1,상행,1090001600,11,01,기본도로,05,기타도로
20022,우이천로,1,상행,1090002600,12,01,기본도로,05,기타도로
20022,우이천로,1,상행,1090017200,13,01,기본도로,05,기타도로
20022,우이천로,1,상행,1090017600,14,01,기본도로,05,기타도로
20022,우이천로,1,상행,1090021000,15,01,기본도로,05,기타도로
20022,우이천로,2,하행,1090020900,1,01,기본도로,05,기타도로
20022,우이천로,2,하행,1090017500,2,01,기본도로,05,기타도로
20022,우이천로,2,하행,1090017100,3,01,기본도로,05,기타도로
20022,우이천로,2,하행,1090002501,4,01,기본도로,05,기타도로
20022,우이천로,2,하행,1090001500,5,01,기본도로,05,기타도로
20022,우이천로,2,하행,1090000904,6,01,기본도로,05,기타도로
20022,우이천로,2,하행,1090000903,7,01,기본도로,05,기타도로
20022,우이천로,2,하행,1090000902,8,01,기본도로,05,기타도로
20022,우이천로,2,하행,1090000901,9,01,기본도로,05,기타도로
20022,우이천로,2,하행,1080007804,10,01,기본도로,05,기타도로
20022,우이천로,2,하행,1080007803,11,01,기본도로,05,기타도로
20022,우이천로,2,하행,1090013300,12,01,기본도로,05,기타도로
20022,우이천로,2,하행,1100050300,13,01,기본도로,05,기타도로
20022,우이천로,2,하행,1100048300,14,01,기본도로,05,기타도로
20022,우이천로,2,하행,1100047300,15,01,기본도로,05,기타도로
604,기타도로,1,상행,1100047400,1,03,유형별,09,외곽
604,기타도로,1,상행,1100048400,2,03,유형별,09,외곽
604,기타도로,1,상행,1100050400,3,03,유형별,09,외곽
604,기타도로,1,상행,1090013400,4,03,유형별,09,외곽
604,기타도로,1,상행,1080007703,5,03,유형별,09,외곽
604,기타도로,1,상행,1080007704,6,03,유형별,09,외곽
604,기타도로,1,상행,1090001001,7,03,유형별,09,외곽
604,기타도로,1,상행,1090001002,8,03,유형별,09,외곽
604,기타도로,1,상행,1090001003,9,03,유형별,09,외곽
604,기타도로,1,상행,1090001004,10,03,유형별,09,외곽
604,기타도로,1,상행,1090001600,11,03,유형별,09,외곽
604,기타도로,1,상행,1090002600,12,03,유형별,09,외곽
604,기타도로,1,상행,1090017200,13,03,유형별,09,외곽
604,기타도로,1,상행,1090017600,14,03,유형별,09,외곽
604,기타도로,1,상행,1090021000,15,03,유형별,09,외곽
604,기타도로,2,하행,1090020900,1,03,유형별,09,외곽
604,기타도로,2,하행,1090017500,2,03,유형별,09,외곽
604,기타도로,2,하행,1090017100,3,03,유형별,09,외곽
604,기타도로,2,하행,1090002501,4,03,유형별,09,외곽
604,기타도로,2,하행,1090001500,5,03,유형별,09,외곽
604,기타도로,2,하행,1090000904,6,03,유형별,09,외곽
604,기타도로,2,하행,1090000903,7,03,유형별,09,외곽
604,기타도로,2,하행,1090000902,8,03,유형별,09,외곽
604,기타도로,2,하행,1090000901,9,03,유형별,09,외곽
604,기타도로,2,하행,1080007804,10,03,유형별,09,외곽
604,기타도로,2,하행,1080007803,11,03,유형별,09,외곽
604,기타도로,2,하행,1090013300,12,03,유형별,09,외곽
604,기타도로,2,하행,1100050300,13,03,유형별,09,외곽
604,기타도로,2,하행,1100048300,14,03,유형별,09,외곽
604,기타도로,2,하행,1100047300,15,03,유형별,09,외곽
607,동북생활권,1,상행,1100047400,1,11,권역별,23,동북생활권
607,동북생활권,1,상행,1100048400,2,11,권역별,23,동북생활권
607,동북생활권,1,상행,1100050400,3,11,권역별,23,동북생활권
607,동북생활권,1,상행,1090013400,4,11,권역별,23,동북생활권
607,동북생활권,1,상행,1080007703,5,11,권역별,23,동북생활권
607,동북생활권,1,상행,1080007704,6,11,권역별,23,동북생활권
607,동북생활권,1,상행,1090001001,7,11,권역별,23,동북생활권
607,동북생활권,1,상행,1090001002,8,11,권역별,23,동북생활권
607,동북생활권,1,상행,1090001003,9,11,권역별,23,동북생활권
607,동북생활권,1,상행,1090001004,10,11,권역별,23,동북생활권
607,동북생활권,1,상행,1090001600,11,11,권역별,23,동북생활권
607,동북생활권,1,상행,1090002600,12,11,권역별,23,동북생활권
607,동북생활권,1,상행,1090017200,13,11,권역별,23,동북생활권
607,동북생활권,1,상행,1090017600,14,11,권역별,23,동북생활권
607,동북생활권,1,상행,1090021000,15,11,권역별,23,동북생활권
607,동북생활권,2,하행,1090020900,1,11,권역별,23,동북생활권
607,동북생활권,2,하행,1090017500,2,11,권역별,23,동북생활권
607,동북생활권,2,하행,1090017100,3,11,권역별,23,동북생활권
607,동북생활권,2,하행,1090002501,4,11,권역별,23,동북생활권
607,동북생활권,2,하행,1090001500,5,11,권역별,23,동북생활권
607,동북생활권,2,하행,1090000904,6,11,권역별,23,동북생활권
607,동북생활권,2,하행,1090000903,7,11,권역별,23,동북생활권
607,동북생활권,2,하행,1090000902,8,11,권역별,23,동북생활권
607,동북생활권,2,하행,1090000901,9,11,권역별,23,동북생활권
607,동북생활권,2,하행,1080007804,10,11,권역별,23,동북생활권
607,동북생활권,2,하행,1080007803,11,11,권역별,23,동북생활권
607,동북생활권,2,하행,1090013300,12,11,권역별,23,동북생활권
607,동북생활권,2,하행,1100050300,13,11,권역별,23,동북생활권
607,동북생활권,2,하행,1100048300,14,11,권역별,23,동북생활권
607,동북생활권,2,하행,1100047300,15,11,권역별,23,동북생활권
20024,장월로,1,상행,1070016401,1,01,기본도로,05,기타도로
20024,장월로,1,상행,1070016402,2,01,기본도로,05,기타도로
20024,장월로,1,상행,1070019401,3,01,기본도로,05,기타도로
20024,장월로,1,상행,1070019402,4,01,기본도로,05,기타도로
20024,장월로,1,상행,1070020801,5,01,기본도로,05,기타도로
20024,장월로,1,상행,1070020802,6,01,기본도로,05,기타도로
20024,장월로,1,상행,1070020803,7,01,기본도로,05,기타도로
20024,장월로,2,하행,1070020703,1,01,기본도로,05,기타도로
20024,장월로,2,하행,1070020702,2,01,기본도로,05,기타도로
20024,장월로,2,하행,1070020701,3,01,기본도로,05,기타도로
20024,장월로,2,하행,1070019302,4,01,기본도로,05,기타도로
20024,장월로,2,하행,1070019301,5,01,기본도로,05,기타도로
20024,장월로,2,하행,1070016302,6,01,기본도로,05,기타도로
20024,장월로,2,하행,1070016301,7,01,기본도로,05,기타도로
604,기타도로,1,상행,1070016401,1,03,유형별,09,외곽
604,기타도로,1,상행,1070016402,2,03,유형별,09,외곽
604,기타도로,1,상행,1070019401,3,03,유형별,09,외곽
604,기타도로,1,상행,1070019402,4,03,유형별,09,외곽
604,기타도로,1,상행,1070020801,5,03,유형별,09,외곽
604,기타도로,1,상행,1070020802,6,03,유형별,09,외곽
604,기타도로,1,상행,1070020803,7,03,유형별,09,외곽
604,기타도로,2,하행,1070020703,1,03,유형별,09,외곽
604,기타도로,2,하행,1070020702,2,03,유형별,09,외곽
604,기타도로,2,하행,1070020701,3,03,유형별,09,외곽
604,기타도로,2,하행,1070019302,4,03,유형별,09,외곽
604,기타도로,2,하행,1070019301,5,03,유형별,09,외곽
604,기타도로,2,하행,1070016302,6,03,유형별,09,외곽
604,기타도로,2,하행,1070016301,7,03,유형별,09,외곽
607,동북생활권,1,상행,1070016401,1,11,권역별,23,동북생활권
607,동북생활권,1,상행,1070016402,2,11,권역별,23,동북생활권
607,동북생활권,1,상행,1070019401,3,11,권역별,23,동북생활권
607,동북생활권,1,상행,1070019402,4,11,권역별,23,동북생활권
607,동북생활권,1,상행,1070020801,5,11,권역별,23,동북생활권
607,동북생활권,1,상행,1070020802,6,11,권역별,23,동북생활권
607,동북생활권,1,상행,1070020803,7,11,권역별,23,동북생활권
607,동북생활권,2,하행,1070020703,1,11,권역별,23,동북생활권
607,동북생활권,2,하행,1070020702,2,11,권역별,23,동북생활권
607,동북생활권,2,하행,1070020701,3,11,권역별,23,동북생활권
607,동북생활권,2,하행,1070019302,4,11,권역별,23,동북생활권
607,동북생활권,2,하행,1070019301,5,11,권역별,23,동북생활권
607,동북생활권,2,하행,1070016302,6,11,권역별,23,동북생활권
607,동북생활권,2,하행,1070016301,7,11,권역별,23,동북생활권
20025,장터길,1,상행,1030010404,1,01,기본도로,05,기타도로
20025,장터길,1,상행,1030010403,2,01,기본도로,05,기타도로
20025,장터길,2,하행,1030010303,1,01,기본도로,05,기타도로
20025,장터길,2,하행,1030010304,2,01,기본도로,05,기타도로
604,기타도로,1,상행,1030010404,1,03,유형별,09,외곽
604,기타도로,1,상행,1030010403,2,03,유형별,09,외곽
604,기타도로,2,하행,1030010303,1,03,유형별,09,외곽
604,기타도로,2,하행,1030010304,2,03,유형별,09,외곽
607,동북생활권,1,상행,1030010404,1,11,권역별,23,동북생활권
607,동북생활권,1,상행,1030010403,2,11,권역별,23,동북생활권
607,동북생활권,2,하행,1030010303,1,11,권역별,23,동북생활권
607,동북생활권,2,하행,1030010304,2,11,권역별,23,동북생활권
20027,흑석로,1,상행,1190003801,1,01,기본도로,05,기타도로
604,기타도로,1,상행,1190003801,1,03,유형별,09,외곽
608,서남생활권,1,상행,1190003801,1,11,권역별,24,서남생활권
20027,흑석로,1,상행,1190003802,2,01,기본도로,05,기타도로
604,기타도로,1,상행,1190003802,2,03,유형별,09,외곽
608,서남생활권,1,상행,1190003802,2,11,권역별,24,서남생활권
20027,흑석로,1,상행,1190003803,3,01,기본도로,05,기타도로
604,기타도로,1,상행,1190003803,3,03,유형별,09,외곽
608,서남생활권,1,상행,1190003803,3,11,권역별,24,서남생활권
20027,흑석로,1,상행,1190003804,4,01,기본도로,05,기타도로
604,기타도로,1,상행,1190003804,4,03,유형별,09,외곽
608,서남생활권,1,상행,1190003804,4,11,권역별,24,서남생활권
20027,흑석로,1,상행,1190003805,5,01,기본도로,05,기타도로
604,기타도로,1,상행,1190003805,5,03,유형별,09,외곽
608,서남생활권,1,상행,1190003805,5,11,권역별,24,서남생활권
20027,흑석로,1,상행,1190003806,6,01,기본도로,05,기타도로
609,서북생활권,2,하행,1130032200,3,11,권역별,25,서북생활권
20020,솔밭로,1,상행,1200004600,1,01,기본도로,05,기타도로
20020,솔밭로,1,상행,1190008000,2,01,기본도로,05,기타도로
20020,솔밭로,1,상행,1190009700,3,01,기본도로,05,기타도로
20020,솔밭로,2,하행,1190009800,1,01,기본도로,05,기타도로
20020,솔밭로,2,하행,1190008100,2,01,기본도로,05,기타도로
20020,솔밭로,2,하행,1200004500,3,01,기본도로,05,기타도로
604,기타도로,1,상행,1200004600,1,03,유형별,09,외곽
604,기타도로,1,상행,1190008000,2,03,유형별,09,외곽
604,기타도로,1,상행,1190009700,3,03,유형별,09,외곽
604,기타도로,2,하행,1190009800,1,03,유형별,09,외곽
604,기타도로,2,하행,1190008100,2,03,유형별,09,외곽
604,기타도로,2,하행,1200004500,3,03,유형별,09,외곽
608,서남생활권,1,상행,1200004600,1,11,권역별,24,서남생활권
608,서남생활권,1,상행,1190008000,2,11,권역별,24,서남생활권
608,서남생활권,1,상행,1190009700,3,11,권역별,24,서남생활권
608,서남생활권,2,하행,1190009800,1,11,권역별,24,서남생활권
608,서남생활권,2,하행,1190008100,2,11,권역별,24,서남생활권
608,서남생활권,2,하행,1200004500,3,11,권역별,24,서남생활권
604,기타도로,1,상행,1190003806,6,03,유형별,09,외곽
608,서남생활권,1,상행,1190003806,6,11,권역별,24,서남생활권
20027,흑석로,1,상행,1190003807,7,01,기본도로,05,기타도로
604,기타도로,1,상행,1190003807,7,03,유형별,09,외곽
608,서남생활권,1,상행,1190003807,7,11,권역별,24,서남생활권
20027,흑석로,1,상행,1190003808,8,01,기본도로,05,기타도로
604,기타도로,1,상행,1190003808,8,03,유형별,09,외곽
608,서남생활권,1,상행,1190003808,8,11,권역별,24,서남생활권
20027,흑석로,2,하행,1190003707,1,01,기본도로,05,기타도로
604,기타도로,2,하행,1190003707,1,03,유형별,09,외곽
608,서남생활권,2,하행,1190003707,1,11,권역별,24,서남생활권
20027,흑석로,2,하행,1190003706,2,01,기본도로,05,기타도로
604,기타도로,2,하행,1190003706,2,03,유형별,09,외곽
608,서남생활권,2,하행,1190003706,2,11,권역별,24,서남생활권
20027,흑석로,2,하행,1190003705,3,01,기본도로,05,기타도로
604,기타도로,2,하행,1190003705,3,03,유형별,09,외곽
608,서남생활권,2,하행,1190003705,3,11,권역별,24,서남생활권
20027,흑석로,2,하행,1190003704,4,01,기본도로,05,기타도로
604,기타도로,2,하행,1190003704,4,03,유형별,09,외곽
608,서남생활권,2,하행,1190003704,4,11,권역별,24,서남생활권
20027,흑석로,2,하행,1190003703,5,01,기본도로,05,기타도로
604,기타도로,2,하행,1190003703,5,03,유형별,09,외곽
608,서남생활권,2,하행,1190003703,5,11,권역별,24,서남생활권
20027,흑석로,2,하행,1190003702,6,01,기본도로,05,기타도로
604,기타도로,2,하행,1190003702,6,03,유형별,09,외곽
608,서남생활권,2,하행,1190003702,6,11,권역별,24,서남생활권
20027,흑석로,2,하행,1190003701,7,01,기본도로,05,기타도로
604,기타도로,2,하행,1190003701,7,03,유형별,09,외곽
608,서남생활권,2,하행,1190003701,7,11,권역별,24,서남생활권
614,강남혼잡권역,1,상행,1220022900,191,13,혼잡권역,30,강남혼잡권역
614,강남혼잡권역,2,하행,1220023000,192,13,혼잡권역,30,강남혼잡권역
614,강남혼잡권역,1,상행,1220023100,193,13,혼잡권역,30,강남혼잡권역
611,도심혼잡권역,2,하행,1010000300,85,13,혼잡권역,27,도심혼잡권역
611,도심혼잡권역,2,하행,1010015200,86,13,혼잡권역,27,도심혼잡권역
611,도심혼잡권역,2,하행,1000001900,87,13,혼잡권역,27,도심혼잡권역
611,도심혼잡권역,2,하행,1000001700,88,13,혼잡권역,27,도심혼잡권역
611,도심혼잡권역,2,하행,1000001500,89,13,혼잡권역,27,도심혼잡권역
611,도심혼잡권역,2,하행,1000001100,90,13,혼잡권역,27,도심혼잡권역
611,도심혼잡권역,2,하행,1000000500,91,13,혼잡권역,27,도심혼잡권역
611,도심혼잡권역,2,하행,1000000400,92,13,혼잡권역,27,도심혼잡권역
611,도심혼잡권역,2,하행,1000001300,93,13,혼잡권역,27,도심혼잡권역
611,도심혼잡권역,2,하행,1000011100,94,13,혼잡권역,27,도심혼잡권역
611,도심혼잡권역,2,하행,1000008600,95,13,혼잡권역,27,도심혼잡권역
611,도심혼잡권역,2,하행,1000019300,96,13,혼잡권역,27,도심혼잡권역
611,도심혼잡권역,2,하행,1000017700,97,13,혼잡권역,27,도심혼잡권역
611,도심혼잡권역,2,하행,1000015500,98,13,혼잡권역,27,도심혼잡권역
611,도심혼잡권역,2,하행,1000008700,99,13,혼잡권역,27,도심혼잡권역
611,도심혼잡권역,2,하행,1000005500,100,13,혼잡권역,27,도심혼잡권역
611,도심혼잡권역,2,하행,1010017100,101,13,혼잡권역,27,도심혼잡권역
611,도심혼잡권역,2,하행,1010012700,102,13,혼잡권역,27,도심혼잡권역
611,도심혼잡권역,2,하행,1010007900,103,13,혼잡권역,27,도심혼잡권역
611,도심혼잡권역,2,하행,1000005300,104,13,혼잡권역,27,도심혼잡권역
611,도심혼잡권역,2,하행,1000004300,105,13,혼잡권역,27,도심혼잡권역
611,도심혼잡권역,2,하행,1000003100,106,13,혼잡권역,27,도심혼잡권역
611,도심혼잡권역,2,하행,1000002700,107,13,혼잡권역,27,도심혼잡권역
611,도심혼잡권역,2,하행,1000003000,108,13,혼잡권역,27,도심혼잡권역
611,도심혼잡권역,2,하행,1000003400,109,13,혼잡권역,27,도심혼잡권역
611,도심혼잡권역,2,하행,1000003800,110,13,혼잡권역,27,도심혼잡권역
611,도심혼잡권역,2,하행,1000017300,111,13,혼잡권역,27,도심혼잡권역
611,도심혼잡권역,2,하행,1000016500,112,13,혼잡권역,27,도심혼잡권역
611,도심혼잡권역,2,하행,1010010300,113,13,혼잡권역,27,도심혼잡권역
611,도심혼잡권역,2,하행,1010008100,114,13,혼잡권역,27,도심혼잡권역
611,도심혼잡권역,2,하행,1010006900,115,13,혼잡권역,27,도심혼잡권역
611,도심혼잡권역,2,하행,1010005500,116,13,혼잡권역,27,도심혼잡권역
611,도심혼잡권역,2,하행,1010004800,117,13,혼잡권역,27,도심혼잡권역
611,도심혼잡권역,2,하행,1010004500,118,13,혼잡권역,27,도심혼잡권역
611,도심혼잡권역,2,하행,1010002500,119,13,혼잡권역,27,도심혼잡권역
611,도심혼잡권역,2,하행,1000019900,120,13,혼잡권역,27,도심혼잡권역
611,도심혼잡권역,2,하행,1000019100,121,13,혼잡권역,27,도심혼잡권역
611,도심혼잡권역,2,하행,1000017100,122,13,혼잡권역,27,도심혼잡권역
611,도심혼잡권역,2,하행,1000015100,123,13,혼잡권역,27,도심혼잡권역
611,도심혼잡권역,2,하행,1010005200,129,13,혼잡권역,27,도심혼잡권역
611,도심혼잡권역,2,하행,1010007200,130,13,혼잡권역,27,도심혼잡권역
611,도심혼잡권역,2,하행,1010011400,131,13,혼잡권역,27,도심혼잡권역
611,도심혼잡권역,2,하행,1010017000,132,13,혼잡권역,27,도심혼잡권역
611,도심혼잡권역,2,하행,1010009200,133,13,혼잡권역,27,도심혼잡권역
611,도심혼잡권역,2,하행,1000015900,134,13,혼잡권역,27,도심혼잡권역
611,도심혼잡권역,2,하행,1000008900,135,13,혼잡권역,27,도심혼잡권역
611,도심혼잡권역,1,상행,1000020300,128,13,혼잡권역,27,도심혼잡권역
611,도심혼잡권역,1,상행,1000019702,129,13,혼잡권역,27,도심혼잡권역
611,도심혼잡권역,1,상행,1000019701,130,13,혼잡권역,27,도심혼잡권역
611,도심혼잡권역,1,상행,1000018202,131,13,혼잡권역,27,도심혼잡권역
611,도심혼잡권역,1,상행,1000018201,132,13,혼잡권역,27,도심혼잡권역
611,도심혼잡권역,2,하행,1000018101,124,13,혼잡권역,27,도심혼잡권역
611,도심혼잡권역,2,하행,1000018102,125,13,혼잡권역,27,도심혼잡권역
611,도심혼잡권역,2,하행,1000019801,126,13,혼잡권역,27,도심혼잡권역
611,도심혼잡권역,2,하행,1000019802,127,13,혼잡권역,27,도심혼잡권역
611,도심혼잡권역,2,하행,1000020400,128,13,혼잡권역,27,도심혼잡권역
611,도심혼잡권역,1,상행,1010011000,1,13,혼잡권역,27,도심혼잡권역
611,도심혼잡권역,1,상행,1010017800,2,13,혼잡권역,27,도심혼잡권역
611,도심혼잡권역,1,상행,1000010700,3,13,혼잡권역,27,도심혼잡권역
611,도심혼잡권역,1,상행,1000007100,4,13,혼잡권역,27,도심혼잡권역
611,도심혼잡권역,1,상행,1000005900,5,13,혼잡권역,27,도심혼잡권역
611,도심혼잡권역,1,상행,1010018300,6,13,혼잡권역,27,도심혼잡권역
611,도심혼잡권역,1,상행,1010013500,7,13,혼잡권역,27,도심혼잡권역
611,도심혼잡권역,1,상행,1010008700,8,13,혼잡권역,27,도심혼잡권역
611,도심혼잡권역,1,상행,1010003700,9,13,혼잡권역,27,도심혼잡권역
611,도심혼잡권역,1,상행,1010010600,10,13,혼잡권역,27,도심혼잡권역
611,도심혼잡권역,1,상행,1010010100,11,13,혼잡권역,27,도심혼잡권역
611,도심혼잡권역,1,상행,1010009400,12,13,혼잡권역,27,도심혼잡권역
611,도심혼잡권역,1,상행,1010009800,13,13,혼잡권역,27,도심혼잡권역
611,도심혼잡권역,1,상행,1010010700,14,13,혼잡권역,27,도심혼잡권역
611,도심혼잡권역,1,상행,1010015400,16,13,혼잡권역,27,도심혼잡권역
611,도심혼잡권역,1,상행,1010017600,17,13,혼잡권역,27,도심혼잡권역
611,도심혼잡권역,1,상행,1000005000,18,13,혼잡권역,27,도심혼잡권역
611,도심혼잡권역,1,상행,1000006800,19,13,혼잡권역,27,도심혼잡권역
611,도심혼잡권역,1,상행,1000014000,20,13,혼잡권역,27,도심혼잡권역
611,도심혼잡권역,1,상행,1000018400,21,13,혼잡권역,27,도심혼잡권역
611,도심혼잡권역,1,상행,1000011400,22,13,혼잡권역,27,도심혼잡권역
611,도심혼잡권역,1,상행,1000012600,23,13,혼잡권역,27,도심혼잡권역
611,도심혼잡권역,1,상행,1000011700,24,13,혼잡권역,27,도심혼잡권역
611,도심혼잡권역,1,상행,1000012000,25,13,혼잡권역,27,도심혼잡권역
611,도심혼잡권역,1,상행,1000012200,26,13,혼잡권역,27,도심혼잡권역
611,도심혼잡권역,1,상행,1000010100,27,13,혼잡권역,27,도심혼잡권역
611,도심혼잡권역,1,상행,1000009400,28,13,혼잡권역,27,도심혼잡권역
611,도심혼잡권역,1,상행,1000010000,29,13,혼잡권역,27,도심혼잡권역
611,도심혼잡권역,1,상행,1000007500,30,13,혼잡권역,27,도심혼잡권역
611,도심혼잡권역,1,상행,1000010300,31,13,혼잡권역,27,도심혼잡권역
611,도심혼잡권역,1,상행,1000006900,32,13,혼잡권역,27,도심혼잡권역
611,도심혼잡권역,1,상행,1000003900,33,13,혼잡권역,27,도심혼잡권역
611,도심혼잡권역,1,상행,1010016500,34,13,혼잡권역,27,도심혼잡권역
611,도심혼잡권역,1,상행,1010012300,35,13,혼잡권역,27,도심혼잡권역
611,도심혼잡권역,1,상행,1010007700,36,13,혼잡권역,27,도심혼잡권역
611,도심혼잡권역,1,상행,1010003300,37,13,혼잡권역,27,도심혼잡권역
611,도심혼잡권역,1,상행,1000014400,38,13,혼잡권역,27,도심혼잡권역
611,도심혼잡권역,1,상행,1000016400,39,13,혼잡권역,27,도심혼잡권역
611,도심혼잡권역,1,상행,1000018800,40,13,혼잡권역,27,도심혼잡권역
611,도심혼잡권역,1,상행,1000000900,41,13,혼잡권역,27,도심혼잡권역
611,도심혼잡권역,1,상행,1000000700,42,13,혼잡권역,27,도심혼잡권역
611,도심혼잡권역,1,상행,1000000100,43,13,혼잡권역,27,도심혼잡권역
611,도심혼잡권역,1,상행,1000007300,44,13,혼잡권역,27,도심혼잡권역
611,도심혼잡권역,1,상행,1010007300,45,13,혼잡권역,27,도심혼잡권역
611,도심혼잡권역,1,상행,1000018900,46,13,혼잡권역,27,도심혼잡권역
611,도심혼잡권역,1,상행,1000008300,47,13,혼잡권역,27,도심혼잡권역
611,도심혼잡권역,1,상행,1000005100,48,13,혼잡권역,27,도심혼잡권역
611,도심혼잡권역,1,상행,1010018100,49,13,혼잡권역,27,도심혼잡권역
611,도심혼잡권역,1,상행,1010013700,50,13,혼잡권역,27,도심혼잡권역
611,도심혼잡권역,1,상행,1010009900,51,13,혼잡권역,27,도심혼잡권역
611,도심혼잡권역,1,상행,1010005900,52,13,혼잡권역,27,도심혼잡권역
611,도심혼잡권역,1,상행,1010008400,53,13,혼잡권역,27,도심혼잡권역
611,도심혼잡권역,1,상행,1010016400,54,13,혼잡권역,27,도심혼잡권역
611,도심혼잡권역,1,상행,1000004200,55,13,혼잡권역,27,도심혼잡권역
611,도심혼잡권역,1,상행,1010011100,56,13,혼잡권역,27,도심혼잡권역
611,도심혼잡권역,1,상행,1010009500,57,13,혼잡권역,27,도심혼잡권역
611,도심혼잡권역,1,상행,1010007500,58,13,혼잡권역,27,도심혼잡권역
611,도심혼잡권역,1,상행,1010004900,59,13,혼잡권역,27,도심혼잡권역
611,도심혼잡권역,1,상행,1010002700,60,13,혼잡권역,27,도심혼잡권역
611,도심혼잡권역,1,상행,1010002300,61,13,혼잡권역,27,도심혼잡권역
611,도심혼잡권역,1,상행,1010001200,62,13,혼잡권역,27,도심혼잡권역
611,도심혼잡권역,1,상행,1010012900,63,13,혼잡권역,27,도심혼잡권역
611,도심혼잡권역,1,상행,1000004800,64,13,혼잡권역,27,도심혼잡권역
611,도심혼잡권역,1,상행,1000006600,65,13,혼잡권역,27,도심혼잡권역
611,도심혼잡권역,1,상행,1000009200,66,13,혼잡권역,27,도심혼잡권역
611,도심혼잡권역,1,상행,1000006200,67,13,혼잡권역,27,도심혼잡권역
611,도심혼잡권역,1,상행,1000009600,68,13,혼잡권역,27,도심혼잡권역
611,도심혼잡권역,1,상행,1000012300,69,13,혼잡권역,27,도심혼잡권역
611,도심혼잡권역,1,상행,1000013400,70,13,혼잡권역,27,도심혼잡권역
611,도심혼잡권역,1,상행,1000013500,71,13,혼잡권역,27,도심혼잡권역
611,도심혼잡권역,1,상행,1000012700,72,13,혼잡권역,27,도심혼잡권역
611,도심혼잡권역,1,상행,1000011600,73,13,혼잡권역,27,도심혼잡권역
611,도심혼잡권역,1,상행,1010012600,74,13,혼잡권역,27,도심혼잡권역
611,도심혼잡권역,1,상행,1010014000,75,13,혼잡권역,27,도심혼잡권역
611,도심혼잡권역,1,상행,1010014200,76,13,혼잡권역,27,도심혼잡권역
611,도심혼잡권역,1,상행,1010014400,77,13,혼잡권역,27,도심혼잡권역
611,도심혼잡권역,1,상행,1010014800,78,13,혼잡권역,27,도심혼잡권역
611,도심혼잡권역,1,상행,1010015800,79,13,혼잡권역,27,도심혼잡권역
611,도심혼잡권역,1,상행,1010016200,80,13,혼잡권역,27,도심혼잡권역
611,도심혼잡권역,1,상행,1010014900,81,13,혼잡권역,27,도심혼잡권역
611,도심혼잡권역,1,상행,1010013300,82,13,혼잡권역,27,도심혼잡권역
611,도심혼잡권역,1,상행,1010011500,83,13,혼잡권역,27,도심혼잡권역
611,도심혼잡권역,1,상행,1000018000,85,13,혼잡권역,27,도심혼잡권역
611,도심혼잡권역,1,상행,1000019600,86,13,혼잡권역,27,도심혼잡권역
611,도심혼잡권역,1,상행,1010000400,87,13,혼잡권역,27,도심혼잡권역
611,도심혼잡권역,1,상행,1010001400,88,13,혼잡권역,27,도심혼잡권역
611,도심혼잡권역,1,상행,1010005400,89,13,혼잡권역,27,도심혼잡권역
611,도심혼잡권역,1,상행,1010012000,90,13,혼잡권역,27,도심혼잡권역
611,도심혼잡권역,1,상행,1010017400,91,13,혼잡권역,27,도심혼잡권역
611,도심혼잡권역,1,상행,1010015100,92,13,혼잡권역,27,도심혼잡권역
611,도심혼잡권역,1,상행,1000001400,93,13,혼잡권역,27,도심혼잡권역
611,도심혼잡권역,1,상행,1000000300,94,13,혼잡권역,27,도심혼잡권역
611,도심혼잡권역,1,상행,1000000600,95,13,혼잡권역,27,도심혼잡권역
611,도심혼잡권역,1,상행,1000001200,96,13,혼잡권역,27,도심혼잡권역
611,도심혼잡권역,1,상행,1000001600,97,13,혼잡권역,27,도심혼잡권역
611,도심혼잡권역,1,상행,1000001800,98,13,혼잡권역,27,도심혼잡권역
611,도심혼잡권역,1,상행,1000002000,99,13,혼잡권역,27,도심혼잡권역
611,도심혼잡권역,1,상행,1000008500,100,13,혼잡권역,27,도심혼잡권역
611,도심혼잡권역,1,상행,1000011200,101,13,혼잡권역,27,도심혼잡권역
611,도심혼잡권역,1,상행,1000015600,102,13,혼잡권역,27,도심혼잡권역
611,도심혼잡권역,1,상행,1000017800,103,13,혼잡권역,27,도심혼잡권역
611,도심혼잡권역,1,상행,1000019400,104,13,혼잡권역,27,도심혼잡권역
611,도심혼잡권역,1,상행,1000003700,105,13,혼잡권역,27,도심혼잡권역
611,도심혼잡권역,1,상행,1000003300,106,13,혼잡권역,27,도심혼잡권역
611,도심혼잡권역,1,상행,1000002900,107,13,혼잡권역,27,도심혼잡권역
611,도심혼잡권역,1,상행,1000002800,108,13,혼잡권역,27,도심혼잡권역
611,도심혼잡권역,1,상행,1000003200,109,13,혼잡권역,27,도심혼잡권역
611,도심혼잡권역,1,상행,1000004400,110,13,혼잡권역,27,도심혼잡권역
611,도심혼잡권역,1,상행,1000005400,111,13,혼잡권역,27,도심혼잡권역
611,도심혼잡권역,1,상행,1000016600,112,13,혼잡권역,27,도심혼잡권역
611,도심혼잡권역,1,상행,1000017400,113,13,혼잡권역,27,도심혼잡권역
611,도심혼잡권역,1,상행,1010006600,114,13,혼잡권역,27,도심혼잡권역
611,도심혼잡권역,1,상행,1010012200,115,13,혼잡권역,27,도심혼잡권역
611,도심혼잡권역,1,상행,1010016800,116,13,혼잡권역,27,도심혼잡권역
611,도심혼잡권역,1,상행,1010002600,117,13,혼잡권역,27,도심혼잡권역
611,도심혼잡권역,1,상행,1010004600,118,13,혼잡권역,27,도심혼잡권역
611,도심혼잡권역,1,상행,1010004700,119,13,혼잡권역,27,도심혼잡권역
611,도심혼잡권역,1,상행,1010005600,120,13,혼잡권역,27,도심혼잡권역
611,도심혼잡권역,1,상행,1010007000,121,13,혼잡권역,27,도심혼잡권역
611,도심혼잡권역,1,상행,1010008200,122,13,혼잡권역,27,도심혼잡권역
611,도심혼잡권역,1,상행,1010010400,123,13,혼잡권역,27,도심혼잡권역
611,도심혼잡권역,1,상행,1000019200,124,13,혼잡권역,27,도심혼잡권역
611,도심혼잡권역,1,상행,1000020000,125,13,혼잡권역,27,도심혼잡권역
611,도심혼잡권역,1,상행,1000015200,126,13,혼잡권역,27,도심혼잡권역
611,도심혼잡권역,1,상행,1000017200,127,13,혼잡권역,27,도심혼잡권역
611,도심혼잡권역,1,상행,1010016900,133,13,혼잡권역,27,도심혼잡권역
611,도심혼잡권역,1,상행,1010011300,134,13,혼잡권역,27,도심혼잡권역
611,도심혼잡권역,1,상행,1010007100,135,13,혼잡권역,27,도심혼잡권역
611,도심혼잡권역,1,상행,1010005100,136,13,혼잡권역,27,도심혼잡권역
611,도심혼잡권역,1,상행,1010009100,137,13,혼잡권역,27,도심혼잡권역
611,도심혼잡권역,1,상행,1000009000,138,13,혼잡권역,27,도심혼잡권역
611,도심혼잡권역,1,상행,1000016000,139,13,혼잡권역,27,도심혼잡권역
611,도심혼잡권역,2,하행,1000004600,1,13,혼잡권역,27,도심혼잡권역
611,도심혼잡권역,2,하행,1000007200,2,13,혼잡권역,27,도심혼잡권역
611,도심혼잡권역,2,하행,1000010800,3,13,혼잡권역,27,도심혼잡권역
611,도심혼잡권역,2,하행,1010003800,4,13,혼잡권역,27,도심혼잡권역
611,도심혼잡권역,2,하행,1010008800,5,13,혼잡권역,27,도심혼잡권역
611,도심혼잡권역,2,하행,1010013600,6,13,혼잡권역,27,도심혼잡권역
611,도심혼잡권역,2,하행,1010018400,7,13,혼잡권역,27,도심혼잡권역
611,도심혼잡권역,2,하행,1000006000,8,13,혼잡권역,27,도심혼잡권역
611,도심혼잡권역,2,하행,1010010800,9,13,혼잡권역,27,도심혼잡권역
611,도심혼잡권역,2,하행,1010009700,10,13,혼잡권역,27,도심혼잡권역
611,도심혼잡권역,2,하행,1010009300,11,13,혼잡권역,27,도심혼잡권역
611,도심혼잡권역,2,하행,1010010200,12,13,혼잡권역,27,도심혼잡권역
611,도심혼잡권역,2,하행,1010010500,13,13,혼잡권역,27,도심혼잡권역
611,도심혼잡권역,2,하행,1000006700,14,13,혼잡권역,27,도심혼잡권역
611,도심혼잡권역,2,하행,1000018300,15,13,혼잡권역,27,도심혼잡권역
611,도심혼잡권역,2,하행,1000013900,16,13,혼잡권역,27,도심혼잡권역
611,도심혼잡권역,2,하행,1000012100,17,13,혼잡권역,27,도심혼잡권역
611,도심혼잡권역,2,하행,1000011900,18,13,혼잡권역,27,도심혼잡권역
611,도심혼잡권역,2,하행,1000011800,19,13,혼잡권역,27,도심혼잡권역
611,도심혼잡권역,2,하행,1000012500,20,13,혼잡권역,27,도심혼잡권역
611,도심혼잡권역,2,하행,1000011300,21,13,혼잡권역,27,도심혼잡권역
611,도심혼잡권역,2,하행,1000009900,22,13,혼잡권역,27,도심혼잡권역
611,도심혼잡권역,2,하행,1000009300,23,13,혼잡권역,27,도심혼잡권역
611,도심혼잡권역,2,하행,1000010200,24,13,혼잡권역,27,도심혼잡권역
611,도심혼잡권역,2,하행,1000007600,25,13,혼잡권역,27,도심혼잡권역
611,도심혼잡권역,2,하행,1010003400,26,13,혼잡권역,27,도심혼잡권역
611,도심혼잡권역,2,하행,1010007800,27,13,혼잡권역,27,도심혼잡권역
611,도심혼잡권역,2,하행,1010012400,28,13,혼잡권역,27,도심혼잡권역
611,도심혼잡권역,2,하행,1010016600,29,13,혼잡권역,27,도심혼잡권역
611,도심혼잡권역,2,하행,1000004000,30,13,혼잡권역,27,도심혼잡권역
611,도심혼잡권역,2,하행,1000007000,31,13,혼잡권역,27,도심혼잡권역
611,도심혼잡권역,2,하행,1000010400,32,13,혼잡권역,27,도심혼잡권역
611,도심혼잡권역,2,하행,1000018700,33,13,혼잡권역,27,도심혼잡권역
611,도심혼잡권역,2,하행,1000016300,34,13,혼잡권역,27,도심혼잡권역
611,도심혼잡권역,2,하행,1000014300,35,13,혼잡권역,27,도심혼잡권역
611,도심혼잡권역,2,하행,1000000200,36,13,혼잡권역,27,도심혼잡권역
611,도심혼잡권역,2,하행,1000000800,37,13,혼잡권역,27,도심혼잡권역
611,도심혼잡권역,2,하행,1000001000,38,13,혼잡권역,27,도심혼잡권역
611,도심혼잡권역,2,하행,1000007400,39,13,혼잡권역,27,도심혼잡권역
611,도심혼잡권역,2,하행,1000010600,40,13,혼잡권역,27,도심혼잡권역
611,도심혼잡권역,2,하행,1010007400,41,13,혼잡권역,27,도심혼잡권역
611,도심혼잡권역,2,하행,1000019000,42,13,혼잡권역,27,도심혼잡권역
604,기타도로,2,하행,1130029200,3486,03,유형별,09,외곽
604,기타도로,2,하행,1130029800,3487,03,유형별,09,외곽
604,기타도로,2,하행,1040006200,3488,03,유형별,09,외곽
604,기타도로,2,하행,1040009000,3489,03,유형별,09,외곽
604,기타도로,2,하행,1040012000,3490,03,유형별,09,외곽
604,기타도로,2,하행,1040014200,3491,03,유형별,09,외곽
604,기타도로,2,하행,1040015200,3492,03,유형별,09,외곽
604,기타도로,2,하행,1040016600,3493,03,유형별,09,외곽
604,기타도로,2,하행,1010001800,3494,03,유형별,09,외곽
604,기타도로,2,하행,1010006800,3495,03,유형별,09,외곽
604,기타도로,2,하행,1010016000,3496,03,유형별,09,외곽
604,기타도로,2,하행,1010019200,3497,03,유형별,09,외곽
604,기타도로,2,하행,1020021400,3498,03,유형별,09,외곽
604,기타도로,2,하행,1050005700,3499,03,유형별,09,외곽
604,기타도로,2,하행,1050006100,3500,03,유형별,09,외곽
604,기타도로,2,하행,1050006900,3501,03,유형별,09,외곽
604,기타도로,2,하행,1050007100,3502,03,유형별,09,외곽
604,기타도로,2,하행,1050007300,3503,03,유형별,09,외곽
604,기타도로,2,하행,1050008700,3504,03,유형별,09,외곽
604,기타도로,2,하행,1050010700,3505,03,유형별,09,외곽
604,기타도로,2,하행,1050010900,3506,03,유형별,09,외곽
604,기타도로,2,하행,1060006900,3507,03,유형별,09,외곽
604,기타도로,2,하행,1060007100,3508,03,유형별,09,외곽
604,기타도로,2,하행,1180017400,3509,03,유형별,09,외곽
604,기타도로,2,하행,1180021800,3510,03,유형별,09,외곽
604,기타도로,2,하행,1180025600,3511,03,유형별,09,외곽
604,기타도로,2,하행,1180031000,3512,03,유형별,09,외곽
604,기타도로,2,하행,1180035000,3513,03,유형별,09,외곽
604,기타도로,2,하행,1180038200,3514,03,유형별,09,외곽
604,기타도로,2,하행,1180040200,3515,03,유형별,09,외곽
604,기타도로,2,하행,1180036700,3516,03,유형별,09,외곽
604,기타도로,2,하행,1180006300,3517,03,유형별,09,외곽
604,기타도로,2,하행,1180006700,3518,03,유형별,09,외곽
604,기타도로,2,하행,1180007700,3519,03,유형별,09,외곽
604,기타도로,2,하행,1180010100,3520,03,유형별,09,외곽
604,기타도로,2,하행,1200010200,3521,03,유형별,09,외곽
604,기타도로,2,하행,1180012400,3522,03,유형별,09,외곽
604,기타도로,2,하행,1180008600,3523,03,유형별,09,외곽
604,기타도로,2,하행,1180009600,3524,03,유형별,09,외곽
604,기타도로,2,하행,1180011000,3525,03,유형별,09,외곽
604,기타도로,2,하행,1180012200,3526,03,유형별,09,외곽
604,기타도로,2,하행,3201507900,3527,03,유형별,09,외곽
604,기타도로,2,하행,1130007900,3528,03,유형별,09,외곽
604,기타도로,2,하행,1130010000,3529,03,유형별,09,외곽
604,기타도로,2,하행,1130011800,3530,03,유형별,09,외곽
604,기타도로,2,하행,1130014800,3531,03,유형별,09,외곽
604,기타도로,2,하행,1200000900,3532,03,유형별,09,외곽
604,기타도로,2,하행,1200003100,3533,03,유형별,09,외곽
604,기타도로,2,하행,1200006100,3534,03,유형별,09,외곽
604,기타도로,2,하행,1200009300,3535,03,유형별,09,외곽
604,기타도로,2,하행,3201508500,3536,03,유형별,09,외곽
604,기타도로,2,하행,1140003400,3537,03,유형별,09,외곽
604,기타도로,2,하행,1140011400,3538,03,유형별,09,외곽
604,기타도로,2,하행,1140017200,3539,03,유형별,09,외곽
604,기타도로,2,하행,1140023400,3540,03,유형별,09,외곽
604,기타도로,2,하행,1140030800,3541,03,유형별,09,외곽
604,기타도로,2,하행,1140036400,3542,03,유형별,09,외곽
604,기타도로,2,하행,1140039800,3543,03,유형별,09,외곽
604,기타도로,2,하행,1150011900,3544,03,유형별,09,외곽
604,기타도로,2,하행,1150012700,3545,03,유형별,09,외곽
604,기타도로,2,하행,1160003800,3546,03,유형별,09,외곽
604,기타도로,2,하행,1160008200,3547,03,유형별,09,외곽
604,기타도로,2,하행,1160009600,3548,03,유형별,09,외곽
604,기타도로,2,하행,1160011000,3549,03,유형별,09,외곽
604,기타도로,2,하행,1160013400,3550,03,유형별,09,외곽
604,기타도로,2,하행,1160016200,3551,03,유형별,09,외곽
604,기타도로,2,하행,1200001600,3552,03,유형별,09,외곽
604,기타도로,2,하행,1200002000,3553,03,유형별,09,외곽
604,기타도로,2,하행,1200002600,3554,03,유형별,09,외곽
604,기타도로,2,하행,1200002700,3555,03,유형별,09,외곽
604,기타도로,2,하행,1200003800,3556,03,유형별,09,외곽
604,기타도로,2,하행,1200003900,3557,03,유형별,09,외곽
604,기타도로,2,하행,1200004800,3558,03,유형별,09,외곽
604,기타도로,2,하행,1200005700,3559,03,유형별,09,외곽
604,기타도로,2,하행,1200006000,3560,03,유형별,09,외곽
604,기타도로,2,하행,1200007100,3561,03,유형별,09,외곽
604,기타도로,2,하행,1200007900,3562,03,유형별,09,외곽
604,기타도로,2,하행,1210003800,3563,03,유형별,09,외곽
604,기타도로,2,하행,1210009900,3564,03,유형별,09,외곽
604,기타도로,2,하행,1210010900,3565,03,유형별,09,외곽
604,기타도로,2,하행,1210011000,3566,03,유형별,09,외곽
604,기타도로,2,하행,1210012400,3567,03,유형별,09,외곽
604,기타도로,2,하행,1210013400,3568,03,유형별,09,외곽
604,기타도로,2,하행,1210014200,3569,03,유형별,09,외곽
604,기타도로,2,하행,1210015300,3570,03,유형별,09,외곽
604,기타도로,2,하행,1210015400,3571,03,유형별,09,외곽
604,기타도로,2,하행,1220010200,3572,03,유형별,09,외곽
604,기타도로,2,하행,1220010600,3573,03,유형별,09,외곽
604,기타도로,2,하행,1220012400,3574,03,유형별,09,외곽
604,기타도로,2,하행,1220014200,3575,03,유형별,09,외곽
604,기타도로,2,하행,1220018400,3576,03,유형별,09,외곽
604,기타도로,2,하행,1220020300,3577,03,유형별,09,외곽
604,기타도로,2,하행,1220021200,3578,03,유형별,09,외곽
604,기타도로,2,하행,1220022100,3579,03,유형별,09,외곽
604,기타도로,2,하행,1220022700,3580,03,유형별,09,외곽
604,기타도로,2,하행,1220023600,3581,03,유형별,09,외곽
604,기타도로,2,하행,1170005900,3582,03,유형별,09,외곽
604,기타도로,2,하행,1170007100,3583,03,유형별,09,외곽
604,기타도로,2,하행,1170000800,3584,03,유형별,09,외곽
604,기타도로,2,하행,1170002200,3585,03,유형별,09,외곽
604,기타도로,2,하행,1170002400,3586,03,유형별,09,외곽
604,기타도로,2,하행,1010006100,3587,03,유형별,09,외곽
604,기타도로,2,하행,1030008300,3588,03,유형별,09,외곽
604,기타도로,2,하행,1030011300,3589,03,유형별,09,외곽
604,기타도로,2,하행,1030012700,3590,03,유형별,09,외곽
604,기타도로,2,하행,1030014900,3591,03,유형별,09,외곽
604,기타도로,2,하행,1170001600,3592,03,유형별,09,외곽
604,기타도로,2,하행,1040015100,3593,03,유형별,09,외곽
604,기타도로,2,하행,1040015800,3594,03,유형별,09,외곽
604,기타도로,2,하행,1040016000,3595,03,유형별,09,외곽
604,기타도로,2,하행,1040016200,3596,03,유형별,09,외곽
604,기타도로,2,하행,1150004700,3597,03,유형별,09,외곽
604,기타도로,2,하행,1150005100,3598,03,유형별,09,외곽
604,기타도로,2,하행,1150010500,3599,03,유형별,09,외곽
604,기타도로,2,하행,1210029500,3600,03,유형별,09,외곽
604,기타도로,2,하행,1210029600,3601,03,유형별,09,외곽
604,기타도로,2,하행,1200001200,3602,03,유형별,09,외곽
604,기타도로,2,하행,1170005300,3603,03,유형별,09,외곽
604,기타도로,2,하행,1170006700,3604,03,유형별,09,외곽
604,기타도로,2,하행,1170008700,3605,03,유형별,09,외곽
604,기타도로,2,하행,1170010100,3606,03,유형별,09,외곽
604,기타도로,2,하행,1170010700,3607,03,유형별,09,외곽
604,기타도로,2,하행,1010015500,3608,03,유형별,09,외곽
604,기타도로,2,하행,1010019300,3609,03,유형별,09,외곽
604,기타도로,2,하행,1010020100,3610,03,유형별,09,외곽
604,기타도로,2,하행,1030012900,3611,03,유형별,09,외곽
604,기타도로,2,하행,1030015500,3612,03,유형별,09,외곽
604,기타도로,2,하행,1120036200,3613,03,유형별,09,외곽
604,기타도로,2,하행,1150342300,3614,03,유형별,09,외곽
604,기타도로,2,하행,1150086700,3615,03,유형별,09,외곽
604,기타도로,2,하행,1150044600,3616,03,유형별,09,외곽
604,기타도로,2,하행,1220043800,3617,03,유형별,09,외곽
604,기타도로,2,하행,1000020400,3618,03,유형별,09,외곽
604,기타도로,2,하행,1000019802,3619,03,유형별,09,외곽
604,기타도로,2,하행,1000019801,3620,03,유형별,09,외곽
604,기타도로,2,하행,1000018102,3621,03,유형별,09,외곽
604,기타도로,2,하행,1000018101,3622,03,유형별,09,외곽
604,기타도로,2,하행,1230048400,3623,03,유형별,09,외곽
604,기타도로,2,하행,1150162801,3624,03,유형별,09,외곽
604,기타도로,2,하행,1150162600,3625,03,유형별,09,외곽
604,기타도로,2,하행,1150162400,3626,03,유형별,09,외곽
604,기타도로,2,하행,1150058800,3627,03,유형별,09,외곽
611,도심혼잡권역,2,하행,1010006000,43,13,혼잡권역,27,도심혼잡권역
611,도심혼잡권역,2,하행,1010010000,44,13,혼잡권역,27,도심혼잡권역
611,도심혼잡권역,2,하행,1010013800,45,13,혼잡권역,27,도심혼잡권역
611,도심혼잡권역,2,하행,1010018200,46,13,혼잡권역,27,도심혼잡권역
611,도심혼잡권역,2,하행,1000005200,47,13,혼잡권역,27,도심혼잡권역
611,도심혼잡권역,2,하행,1000008400,48,13,혼잡권역,27,도심혼잡권역
611,도심혼잡권역,2,하행,1010002800,49,13,혼잡권역,27,도심혼잡권역
611,도심혼잡권역,2,하행,1010005000,50,13,혼잡권역,27,도심혼잡권역
611,도심혼잡권역,2,하행,1010007600,51,13,혼잡권역,27,도심혼잡권역
611,도심혼잡권역,2,하행,1010009600,52,13,혼잡권역,27,도심혼잡권역
611,도심혼잡권역,2,하행,1010011200,53,13,혼잡권역,27,도심혼잡권역
611,도심혼잡권역,2,하행,1010002400,54,13,혼잡권역,27,도심혼잡권역
611,도심혼잡권역,2,하행,1010001100,55,13,혼잡권역,27,도심혼잡권역
611,도심혼잡권역,2,하행,1010000800,56,13,혼잡권역,27,도심혼잡권역
611,도심혼잡권역,2,하행,1010013000,57,13,혼잡권역,27,도심혼잡권역
611,도심혼잡권역,2,하행,1000009100,58,13,혼잡권역,27,도심혼잡권역
611,도심혼잡권역,2,하행,1000006500,59,13,혼잡권역,27,도심혼잡권역
611,도심혼잡권역,2,하행,1000004700,60,13,혼잡권역,27,도심혼잡권역
611,도심혼잡권역,2,하행,1000011500,61,13,혼잡권역,27,도심혼잡권역
611,도심혼잡권역,2,하행,1000012800,62,13,혼잡권역,27,도심혼잡권역
611,도심혼잡권역,2,하행,1000013600,63,13,혼잡권역,27,도심혼잡권역
611,도심혼잡권역,2,하행,1000013300,64,13,혼잡권역,27,도심혼잡권역
611,도심혼잡권역,2,하행,1000012400,65,13,혼잡권역,27,도심혼잡권역
611,도심혼잡권역,2,하행,1000009500,66,13,혼잡권역,27,도심혼잡권역
611,도심혼잡권역,2,하행,1000006100,67,13,혼잡권역,27,도심혼잡권역
611,도심혼잡권역,2,하행,1010011600,68,13,혼잡권역,27,도심혼잡권역
611,도심혼잡권역,2,하행,1010013400,69,13,혼잡권역,27,도심혼잡권역
611,도심혼잡권역,2,하행,1010015000,70,13,혼잡권역,27,도심혼잡권역
611,도심혼잡권역,2,하행,1010016100,71,13,혼잡권역,27,도심혼잡권역
611,도심혼잡권역,2,하행,1010015700,72,13,혼잡권역,27,도심혼잡권역
611,도심혼잡권역,2,하행,1010014700,73,13,혼잡권역,27,도심혼잡권역
611,도심혼잡권역,2,하행,1010014300,74,13,혼잡권역,27,도심혼잡권역
611,도심혼잡권역,2,하행,1010014100,75,13,혼잡권역,27,도심혼잡권역
611,도심혼잡권역,2,하행,1010013900,76,13,혼잡권역,27,도심혼잡권역
611,도심혼잡권역,2,하행,1010012500,77,13,혼잡권역,27,도심혼잡권역
611,도심혼잡권역,2,하행,1000019500,78,13,혼잡권역,27,도심혼잡권역
611,도심혼잡권역,2,하행,1000017900,79,13,혼잡권역,27,도심혼잡권역
611,도심혼잡권역,2,하행,1010017300,81,13,혼잡권역,27,도심혼잡권역
611,도심혼잡권역,2,하행,1010011900,82,13,혼잡권역,27,도심혼잡권역
611,도심혼잡권역,2,하행,1010005300,83,13,혼잡권역,27,도심혼잡권역
611,도심혼잡권역,2,하행,1010001300,84,13,혼잡권역,27,도심혼잡권역
613,여의도혼잡권역,2,하행,1180001700,1,13,혼잡권역,29,여의도혼잡권역
613,여의도혼잡권역,1,상행,1180001800,2,13,혼잡권역,29,여의도혼잡권역
613,여의도혼잡권역,2,하행,1180001900,3,13,혼잡권역,29,여의도혼잡권역
613,여의도혼잡권역,1,상행,1180002000,4,13,혼잡권역,29,여의도혼잡권역
613,여의도혼잡권역,2,하행,1180002300,5,13,혼잡권역,29,여의도혼잡권역
613,여의도혼잡권역,1,상행,1180002400,6,13,혼잡권역,29,여의도혼잡권역
613,여의도혼잡권역,1,상행,1180017600,7,13,혼잡권역,29,여의도혼잡권역
613,여의도혼잡권역,2,하행,1180017700,8,13,혼잡권역,29,여의도혼잡권역
613,여의도혼잡권역,2,하행,1180017800,9,13,혼잡권역,29,여의도혼잡권역
613,여의도혼잡권역,1,상행,1180017900,10,13,혼잡권역,29,여의도혼잡권역
613,여의도혼잡권역,1,상행,1180018600,11,13,혼잡권역,29,여의도혼잡권역
613,여의도혼잡권역,2,하행,1180018700,12,13,혼잡권역,29,여의도혼잡권역
613,여의도혼잡권역,1,상행,1180019000,13,13,혼잡권역,29,여의도혼잡권역
613,여의도혼잡권역,2,하행,1180019100,14,13,혼잡권역,29,여의도혼잡권역
613,여의도혼잡권역,2,하행,1180019200,15,13,혼잡권역,29,여의도혼잡권역
613,여의도혼잡권역,1,상행,1180019300,16,13,혼잡권역,29,여의도혼잡권역
613,여의도혼잡권역,2,하행,1180019800,17,13,혼잡권역,29,여의도혼잡권역
613,여의도혼잡권역,1,상행,1180019900,18,13,혼잡권역,29,여의도혼잡권역
613,여의도혼잡권역,2,하행,1180020000,19,13,혼잡권역,29,여의도혼잡권역
613,여의도혼잡권역,1,상행,1180020100,20,13,혼잡권역,29,여의도혼잡권역
613,여의도혼잡권역,2,하행,1180022000,21,13,혼잡권역,29,여의도혼잡권역
613,여의도혼잡권역,1,상행,1180022100,22,13,혼잡권역,29,여의도혼잡권역
613,여의도혼잡권역,1,상행,1180022400,23,13,혼잡권역,29,여의도혼잡권역
613,여의도혼잡권역,2,하행,1180022500,24,13,혼잡권역,29,여의도혼잡권역
613,여의도혼잡권역,2,하행,1180023000,25,13,혼잡권역,29,여의도혼잡권역
613,여의도혼잡권역,1,상행,1180023100,26,13,혼잡권역,29,여의도혼잡권역
613,여의도혼잡권역,2,하행,1180023800,27,13,혼잡권역,29,여의도혼잡권역
613,여의도혼잡권역,1,상행,1180023900,28,13,혼잡권역,29,여의도혼잡권역
613,여의도혼잡권역,1,상행,1180024600,29,13,혼잡권역,29,여의도혼잡권역
613,여의도혼잡권역,2,하행,1180024700,30,13,혼잡권역,29,여의도혼잡권역
613,여의도혼잡권역,2,하행,1180025000,31,13,혼잡권역,29,여의도혼잡권역
613,여의도혼잡권역,1,상행,1180025100,32,13,혼잡권역,29,여의도혼잡권역
613,여의도혼잡권역,1,상행,1180026000,33,13,혼잡권역,29,여의도혼잡권역
613,여의도혼잡권역,2,하행,1180026100,34,13,혼잡권역,29,여의도혼잡권역
613,여의도혼잡권역,2,하행,1180026600,35,13,혼잡권역,29,여의도혼잡권역
613,여의도혼잡권역,1,상행,1180026700,36,13,혼잡권역,29,여의도혼잡권역
613,여의도혼잡권역,1,상행,1180027600,37,13,혼잡권역,29,여의도혼잡권역
613,여의도혼잡권역,2,하행,1180027700,38,13,혼잡권역,29,여의도혼잡권역
613,여의도혼잡권역,2,하행,1180028801,39,13,혼잡권역,29,여의도혼잡권역
613,여의도혼잡권역,2,하행,1180028802,40,13,혼잡권역,29,여의도혼잡권역
613,여의도혼잡권역,1,상행,1180028902,41,13,혼잡권역,29,여의도혼잡권역
613,여의도혼잡권역,1,상행,1180028903,42,13,혼잡권역,29,여의도혼잡권역
613,여의도혼잡권역,2,하행,1180029200,43,13,혼잡권역,29,여의도혼잡권역
613,여의도혼잡권역,1,상행,1180029300,44,13,혼잡권역,29,여의도혼잡권역
613,여의도혼잡권역,2,하행,1180030200,45,13,혼잡권역,29,여의도혼잡권역
613,여의도혼잡권역,1,상행,1180030300,46,13,혼잡권역,29,여의도혼잡권역
613,여의도혼잡권역,1,상행,1180030800,47,13,혼잡권역,29,여의도혼잡권역
613,여의도혼잡권역,2,하행,1180030900,48,13,혼잡권역,29,여의도혼잡권역
613,여의도혼잡권역,1,상행,1180031200,49,13,혼잡권역,29,여의도혼잡권역
613,여의도혼잡권역,2,하행,1180031300,50,13,혼잡권역,29,여의도혼잡권역
613,여의도혼잡권역,2,하행,1180032200,51,13,혼잡권역,29,여의도혼잡권역
613,여의도혼잡권역,1,상행,1180032300,52,13,혼잡권역,29,여의도혼잡권역
613,여의도혼잡권역,1,상행,1180033000,53,13,혼잡권역,29,여의도혼잡권역
613,여의도혼잡권역,2,하행,1180033100,54,13,혼잡권역,29,여의도혼잡권역
613,여의도혼잡권역,2,하행,1180033200,55,13,혼잡권역,29,여의도혼잡권역
613,여의도혼잡권역,1,상행,1180033300,56,13,혼잡권역,29,여의도혼잡권역
613,여의도혼잡권역,1,상행,1180033400,57,13,혼잡권역,29,여의도혼잡권역
613,여의도혼잡권역,2,하행,1180033500,58,13,혼잡권역,29,여의도혼잡권역
613,여의도혼잡권역,2,하행,1180033600,59,13,혼잡권역,29,여의도혼잡권역
613,여의도혼잡권역,1,상행,1180033700,60,13,혼잡권역,29,여의도혼잡권역
613,여의도혼잡권역,2,하행,1180034801,61,13,혼잡권역,29,여의도혼잡권역
613,여의도혼잡권역,2,하행,1180034802,62,13,혼잡권역,29,여의도혼잡권역
613,여의도혼잡권역,1,상행,1180034901,63,13,혼잡권역,29,여의도혼잡권역
613,여의도혼잡권역,1,상행,1180034902,64,13,혼잡권역,29,여의도혼잡권역
613,여의도혼잡권역,1,상행,1180035200,65,13,혼잡권역,29,여의도혼잡권역
613,여의도혼잡권역,2,하행,1180035300,66,13,혼잡권역,29,여의도혼잡권역
613,여의도혼잡권역,2,하행,1180036001,67,13,혼잡권역,29,여의도혼잡권역
613,여의도혼잡권역,2,하행,1180036002,68,13,혼잡권역,29,여의도혼잡권역
613,여의도혼잡권역,1,상행,1180036101,69,13,혼잡권역,29,여의도혼잡권역
613,여의도혼잡권역,1,상행,1180036102,70,13,혼잡권역,29,여의도혼잡권역
613,여의도혼잡권역,1,상행,1180036200,71,13,혼잡권역,29,여의도혼잡권역
613,여의도혼잡권역,2,하행,1180036300,72,13,혼잡권역,29,여의도혼잡권역
613,여의도혼잡권역,2,하행,1180036400,73,13,혼잡권역,29,여의도혼잡권역
613,여의도혼잡권역,1,상행,1180036500,74,13,혼잡권역,29,여의도혼잡권역
613,여의도혼잡권역,1,상행,1180037400,75,13,혼잡권역,29,여의도혼잡권역
613,여의도혼잡권역,2,하행,1180037500,76,13,혼잡권역,29,여의도혼잡권역
613,여의도혼잡권역,2,하행,1180038000,77,13,혼잡권역,29,여의도혼잡권역
613,여의도혼잡권역,1,상행,1180038100,78,13,혼잡권역,29,여의도혼잡권역
613,여의도혼잡권역,1,상행,1180038600,79,13,혼잡권역,29,여의도혼잡권역
613,여의도혼잡권역,2,하행,1180038700,80,13,혼잡권역,29,여의도혼잡권역
613,여의도혼잡권역,2,하행,3201505000,81,13,혼잡권역,29,여의도혼잡권역
613,여의도혼잡권역,1,상행,3201505100,82,13,혼잡권역,29,여의도혼잡권역
613,여의도혼잡권역,2,하행,3201505200,83,13,혼잡권역,29,여의도혼잡권역
613,여의도혼잡권역,1,상행,3201505300,84,13,혼잡권역,29,여의도혼잡권역
613,여의도혼잡권역,2,하행,3201506200,85,13,혼잡권역,29,여의도혼잡권역
613,여의도혼잡권역,1,상행,3201506300,86,13,혼잡권역,29,여의도혼잡권역
614,강남혼잡권역,1,상행,1210003500,1,13,혼잡권역,30,강남혼잡권역
614,강남혼잡권역,2,하행,1210003800,2,13,혼잡권역,30,강남혼잡권역
614,강남혼잡권역,2,하행,1210006200,3,13,혼잡권역,30,강남혼잡권역
614,강남혼잡권역,1,상행,1210006300,4,13,혼잡권역,30,강남혼잡권역
614,강남혼잡권역,2,하행,1210012400,5,13,혼잡권역,30,강남혼잡권역
614,강남혼잡권역,1,상행,1210012500,6,13,혼잡권역,30,강남혼잡권역
614,강남혼잡권역,2,하행,1210012800,7,13,혼잡권역,30,강남혼잡권역
614,강남혼잡권역,1,상행,1210012900,8,13,혼잡권역,30,강남혼잡권역
614,강남혼잡권역,2,하행,1210013400,9,13,혼잡권역,30,강남혼잡권역
614,강남혼잡권역,1,상행,1210013500,10,13,혼잡권역,30,강남혼잡권역
614,강남혼잡권역,1,상행,1210013800,11,13,혼잡권역,30,강남혼잡권역
614,강남혼잡권역,2,하행,1210013900,12,13,혼잡권역,30,강남혼잡권역
614,강남혼잡권역,2,하행,1210014000,13,13,혼잡권역,30,강남혼잡권역
614,강남혼잡권역,1,상행,1210014100,14,13,혼잡권역,30,강남혼잡권역
614,강남혼잡권역,2,하행,1210014200,15,13,혼잡권역,30,강남혼잡권역
614,강남혼잡권역,1,상행,1210014300,16,13,혼잡권역,30,강남혼잡권역
614,강남혼잡권역,1,상행,1210014800,17,13,혼잡권역,30,강남혼잡권역
614,강남혼잡권역,2,하행,1210014900,18,13,혼잡권역,30,강남혼잡권역
614,강남혼잡권역,2,하행,1210015000,19,13,혼잡권역,30,강남혼잡권역
614,강남혼잡권역,1,상행,1210015100,20,13,혼잡권역,30,강남혼잡권역
614,강남혼잡권역,1,상행,1210015200,21,13,혼잡권역,30,강남혼잡권역
614,강남혼잡권역,2,하행,1210015300,22,13,혼잡권역,30,강남혼잡권역
614,강남혼잡권역,2,하행,1210015400,23,13,혼잡권역,30,강남혼잡권역
614,강남혼잡권역,1,상행,1210015500,24,13,혼잡권역,30,강남혼잡권역
614,강남혼잡권역,1,상행,1210015800,25,13,혼잡권역,30,강남혼잡권역
614,강남혼잡권역,2,하행,1210015900,26,13,혼잡권역,30,강남혼잡권역
614,강남혼잡권역,2,하행,1210016000,27,13,혼잡권역,30,강남혼잡권역
614,강남혼잡권역,1,상행,1210016100,28,13,혼잡권역,30,강남혼잡권역
614,강남혼잡권역,1,상행,1210016400,29,13,혼잡권역,30,강남혼잡권역
614,강남혼잡권역,2,하행,1210016500,30,13,혼잡권역,30,강남혼잡권역
614,강남혼잡권역,2,하행,1210016600,31,13,혼잡권역,30,강남혼잡권역
614,강남혼잡권역,1,상행,1210016700,32,13,혼잡권역,30,강남혼잡권역
614,강남혼잡권역,2,하행,1210016800,33,13,혼잡권역,30,강남혼잡권역
614,강남혼잡권역,1,상행,1210016900,34,13,혼잡권역,30,강남혼잡권역
614,강남혼잡권역,1,상행,1210017000,35,13,혼잡권역,30,강남혼잡권역
614,강남혼잡권역,2,하행,1210017100,36,13,혼잡권역,30,강남혼잡권역
614,강남혼잡권역,1,상행,1210017400,37,13,혼잡권역,30,강남혼잡권역
614,강남혼잡권역,2,하행,1210017500,38,13,혼잡권역,30,강남혼잡권역
614,강남혼잡권역,2,하행,1210017800,39,13,혼잡권역,30,강남혼잡권역
614,강남혼잡권역,1,상행,1210017900,40,13,혼잡권역,30,강남혼잡권역
614,강남혼잡권역,1,상행,1210018200,41,13,혼잡권역,30,강남혼잡권역
614,강남혼잡권역,2,하행,1210018300,42,13,혼잡권역,30,강남혼잡권역
614,강남혼잡권역,2,하행,1210018400,43,13,혼잡권역,30,강남혼잡권역
614,강남혼잡권역,1,상행,1210018500,44,13,혼잡권역,30,강남혼잡권역
614,강남혼잡권역,1,상행,1210018600,45,13,혼잡권역,30,강남혼잡권역
614,강남혼잡권역,2,하행,1210018700,46,13,혼잡권역,30,강남혼잡권역
614,강남혼잡권역,1,상행,1210019000,47,13,혼잡권역,30,강남혼잡권역
614,강남혼잡권역,2,하행,1210019100,48,13,혼잡권역,30,강남혼잡권역
614,강남혼잡권역,2,하행,1210019400,49,13,혼잡권역,30,강남혼잡권역
614,강남혼잡권역,1,상행,1210019500,50,13,혼잡권역,30,강남혼잡권역
614,강남혼잡권역,2,하행,1210019600,51,13,혼잡권역,30,강남혼잡권역
614,강남혼잡권역,1,상행,1210019700,52,13,혼잡권역,30,강남혼잡권역
614,강남혼잡권역,1,상행,1210020000,53,13,혼잡권역,30,강남혼잡권역
614,강남혼잡권역,2,하행,1210020100,54,13,혼잡권역,30,강남혼잡권역
614,강남혼잡권역,2,하행,1210020200,55,13,혼잡권역,30,강남혼잡권역
614,강남혼잡권역,1,상행,1210020300,56,13,혼잡권역,30,강남혼잡권역
614,강남혼잡권역,1,상행,1210020800,57,13,혼잡권역,30,강남혼잡권역
614,강남혼잡권역,2,하행,1210020900,58,13,혼잡권역,30,강남혼잡권역
614,강남혼잡권역,2,하행,1210021000,59,13,혼잡권역,30,강남혼잡권역
614,강남혼잡권역,1,상행,1210021100,60,13,혼잡권역,30,강남혼잡권역
614,강남혼잡권역,2,하행,1210021800,61,13,혼잡권역,30,강남혼잡권역
614,강남혼잡권역,1,상행,1210021900,62,13,혼잡권역,30,강남혼잡권역
614,강남혼잡권역,2,하행,1210022200,63,13,혼잡권역,30,강남혼잡권역
614,강남혼잡권역,1,상행,1210022300,64,13,혼잡권역,30,강남혼잡권역
614,강남혼잡권역,2,하행,1210022400,65,13,혼잡권역,30,강남혼잡권역
614,강남혼잡권역,1,상행,1210022500,66,13,혼잡권역,30,강남혼잡권역
614,강남혼잡권역,1,상행,1210023000,67,13,혼잡권역,30,강남혼잡권역
614,강남혼잡권역,2,하행,1210023100,68,13,혼잡권역,30,강남혼잡권역
614,강남혼잡권역,2,하행,1210024400,69,13,혼잡권역,30,강남혼잡권역
614,강남혼잡권역,1,상행,1210024500,70,13,혼잡권역,30,강남혼잡권역
614,강남혼잡권역,2,하행,1210024800,71,13,혼잡권역,30,강남혼잡권역
614,강남혼잡권역,1,상행,1210024900,72,13,혼잡권역,30,강남혼잡권역
614,강남혼잡권역,2,하행,1210025000,73,13,혼잡권역,30,강남혼잡권역
614,강남혼잡권역,1,상행,1210025100,74,13,혼잡권역,30,강남혼잡권역
614,강남혼잡권역,2,하행,1210025200,75,13,혼잡권역,30,강남혼잡권역
614,강남혼잡권역,1,상행,1210025300,76,13,혼잡권역,30,강남혼잡권역
614,강남혼잡권역,2,하행,1210025400,77,13,혼잡권역,30,강남혼잡권역
614,강남혼잡권역,1,상행,1210025500,78,13,혼잡권역,30,강남혼잡권역
614,강남혼잡권역,1,상행,1210025800,79,13,혼잡권역,30,강남혼잡권역
614,강남혼잡권역,2,하행,1210025900,80,13,혼잡권역,30,강남혼잡권역
614,강남혼잡권역,1,상행,1210026000,81,13,혼잡권역,30,강남혼잡권역
614,강남혼잡권역,2,하행,1210026100,82,13,혼잡권역,30,강남혼잡권역
614,강남혼잡권역,1,상행,1210026200,83,13,혼잡권역,30,강남혼잡권역
614,강남혼잡권역,2,하행,1210026300,84,13,혼잡권역,30,강남혼잡권역
614,강남혼잡권역,1,상행,1210026400,85,13,혼잡권역,30,강남혼잡권역
614,강남혼잡권역,2,하행,1210026500,86,13,혼잡권역,30,강남혼잡권역
614,강남혼잡권역,1,상행,1210026800,87,13,혼잡권역,30,강남혼잡권역
614,강남혼잡권역,2,하행,1210026900,88,13,혼잡권역,30,강남혼잡권역
614,강남혼잡권역,1,상행,1210027000,89,13,혼잡권역,30,강남혼잡권역
614,강남혼잡권역,2,하행,1210027100,90,13,혼잡권역,30,강남혼잡권역
614,강남혼잡권역,1,상행,1210027200,91,13,혼잡권역,30,강남혼잡권역
614,강남혼잡권역,2,하행,1210027300,92,13,혼잡권역,30,강남혼잡권역
614,강남혼잡권역,1,상행,1210027600,93,13,혼잡권역,30,강남혼잡권역
614,강남혼잡권역,2,하행,1210027700,94,13,혼잡권역,30,강남혼잡권역
614,강남혼잡권역,1,상행,1210028200,95,13,혼잡권역,30,강남혼잡권역
614,강남혼잡권역,2,하행,1210028300,96,13,혼잡권역,30,강남혼잡권역
614,강남혼잡권역,1,상행,1210029000,97,13,혼잡권역,30,강남혼잡권역
614,강남혼잡권역,2,하행,1210029100,98,13,혼잡권역,30,강남혼잡권역
614,강남혼잡권역,1,상행,1210029400,99,13,혼잡권역,30,강남혼잡권역
614,강남혼잡권역,2,하행,1210029500,100,13,혼잡권역,30,강남혼잡권역
614,강남혼잡권역,2,하행,1210029600,101,13,혼잡권역,30,강남혼잡권역
614,강남혼잡권역,1,상행,1210029700,102,13,혼잡권역,30,강남혼잡권역
614,강남혼잡권역,2,하행,1210030000,103,13,혼잡권역,30,강남혼잡권역
614,강남혼잡권역,1,상행,1210030100,104,13,혼잡권역,30,강남혼잡권역
614,강남혼잡권역,1,상행,1210030200,105,13,혼잡권역,30,강남혼잡권역
614,강남혼잡권역,2,하행,1210030300,106,13,혼잡권역,30,강남혼잡권역
614,강남혼잡권역,1,상행,1210030400,107,13,혼잡권역,30,강남혼잡권역
614,강남혼잡권역,2,하행,1210030500,108,13,혼잡권역,30,강남혼잡권역
614,강남혼잡권역,1,상행,1220001900,109,13,혼잡권역,30,강남혼잡권역
614,강남혼잡권역,2,하행,1220002000,110,13,혼잡권역,30,강남혼잡권역
614,강남혼잡권역,1,상행,1220002200,111,13,혼잡권역,30,강남혼잡권역
614,강남혼잡권역,2,하행,1220002300,112,13,혼잡권역,30,강남혼잡권역
614,강남혼잡권역,1,상행,1220002700,113,13,혼잡권역,30,강남혼잡권역
614,강남혼잡권역,2,하행,1220002800,114,13,혼잡권역,30,강남혼잡권역
614,강남혼잡권역,1,상행,1220003100,115,13,혼잡권역,30,강남혼잡권역
614,강남혼잡권역,2,하행,1220003200,116,13,혼잡권역,30,강남혼잡권역
614,강남혼잡권역,1,상행,1220003300,117,13,혼잡권역,30,강남혼잡권역
614,강남혼잡권역,2,하행,1220003400,118,13,혼잡권역,30,강남혼잡권역
614,강남혼잡권역,1,상행,1220004000,119,13,혼잡권역,30,강남혼잡권역
614,강남혼잡권역,2,하행,1220004100,120,13,혼잡권역,30,강남혼잡권역
614,강남혼잡권역,1,상행,1220004200,121,13,혼잡권역,30,강남혼잡권역
614,강남혼잡권역,2,하행,1220004300,122,13,혼잡권역,30,강남혼잡권역
614,강남혼잡권역,1,상행,1220004800,123,13,혼잡권역,30,강남혼잡권역
614,강남혼잡권역,2,하행,1220004900,124,13,혼잡권역,30,강남혼잡권역
614,강남혼잡권역,1,상행,1220007600,125,13,혼잡권역,30,강남혼잡권역
614,강남혼잡권역,2,하행,1220007700,126,13,혼잡권역,30,강남혼잡권역
614,강남혼잡권역,2,하행,1220007800,127,13,혼잡권역,30,강남혼잡권역
614,강남혼잡권역,1,상행,1220007900,128,13,혼잡권역,30,강남혼잡권역
614,강남혼잡권역,1,상행,1220009000,129,13,혼잡권역,30,강남혼잡권역
614,강남혼잡권역,2,하행,1220009100,130,13,혼잡권역,30,강남혼잡권역
614,강남혼잡권역,2,하행,1220009800,131,13,혼잡권역,30,강남혼잡권역
614,강남혼잡권역,1,상행,1220009900,132,13,혼잡권역,30,강남혼잡권역
614,강남혼잡권역,2,하행,1220010200,133,13,혼잡권역,30,강남혼잡권역
614,강남혼잡권역,1,상행,1220010300,134,13,혼잡권역,30,강남혼잡권역
614,강남혼잡권역,2,하행,1220010600,135,13,혼잡권역,30,강남혼잡권역
614,강남혼잡권역,1,상행,1220010700,136,13,혼잡권역,30,강남혼잡권역
614,강남혼잡권역,1,상행,1220011400,137,13,혼잡권역,30,강남혼잡권역
614,강남혼잡권역,2,하행,1220011500,138,13,혼잡권역,30,강남혼잡권역
614,강남혼잡권역,2,하행,1220011600,139,13,혼잡권역,30,강남혼잡권역
614,강남혼잡권역,1,상행,1220011700,140,13,혼잡권역,30,강남혼잡권역
614,강남혼잡권역,2,하행,1220011800,141,13,혼잡권역,30,강남혼잡권역
614,강남혼잡권역,1,상행,1220011900,142,13,혼잡권역,30,강남혼잡권역
614,강남혼잡권역,2,하행,1220012400,143,13,혼잡권역,30,강남혼잡권역
614,강남혼잡권역,1,상행,1220012500,144,13,혼잡권역,30,강남혼잡권역
614,강남혼잡권역,1,상행,1220013400,145,13,혼잡권역,30,강남혼잡권역
614,강남혼잡권역,2,하행,1220013500,146,13,혼잡권역,30,강남혼잡권역
614,강남혼잡권역,1,상행,1220014000,147,13,혼잡권역,30,강남혼잡권역
614,강남혼잡권역,2,하행,1220014100,148,13,혼잡권역,30,강남혼잡권역
614,강남혼잡권역,2,하행,1220014200,149,13,혼잡권역,30,강남혼잡권역
614,강남혼잡권역,1,상행,1220014300,150,13,혼잡권역,30,강남혼잡권역
614,강남혼잡권역,1,상행,1220015000,151,13,혼잡권역,30,강남혼잡권역
614,강남혼잡권역,2,하행,1220015100,152,13,혼잡권역,30,강남혼잡권역
614,강남혼잡권역,2,하행,1220015200,153,13,혼잡권역,30,강남혼잡권역
614,강남혼잡권역,1,상행,1220015500,154,13,혼잡권역,30,강남혼잡권역
614,강남혼잡권역,1,상행,1220016000,155,13,혼잡권역,30,강남혼잡권역
614,강남혼잡권역,2,하행,1220016100,156,13,혼잡권역,30,강남혼잡권역
614,강남혼잡권역,2,하행,1220016200,157,13,혼잡권역,30,강남혼잡권역
614,강남혼잡권역,1,상행,1220016300,158,13,혼잡권역,30,강남혼잡권역
614,강남혼잡권역,2,하행,1220016600,159,13,혼잡권역,30,강남혼잡권역
614,강남혼잡권역,1,상행,1220016700,160,13,혼잡권역,30,강남혼잡권역
614,강남혼잡권역,2,하행,1220016800,161,13,혼잡권역,30,강남혼잡권역
614,강남혼잡권역,1,상행,1220016900,162,13,혼잡권역,30,강남혼잡권역
614,강남혼잡권역,1,상행,1220018200,163,13,혼잡권역,30,강남혼잡권역
614,강남혼잡권역,2,하행,1220018300,164,13,혼잡권역,30,강남혼잡권역
614,강남혼잡권역,2,하행,1220018400,165,13,혼잡권역,30,강남혼잡권역
614,강남혼잡권역,1,상행,1220018500,166,13,혼잡권역,30,강남혼잡권역
614,강남혼잡권역,2,하행,1220019000,167,13,혼잡권역,30,강남혼잡권역
614,강남혼잡권역,1,상행,1220019100,168,13,혼잡권역,30,강남혼잡권역
614,강남혼잡권역,1,상행,1220019200,169,13,혼잡권역,30,강남혼잡권역
614,강남혼잡권역,2,하행,1220019300,170,13,혼잡권역,30,강남혼잡권역
614,강남혼잡권역,2,하행,1220019400,171,13,혼잡권역,30,강남혼잡권역
614,강남혼잡권역,1,상행,1220019500,172,13,혼잡권역,30,강남혼잡권역
614,강남혼잡권역,1,상행,1220019800,173,13,혼잡권역,30,강남혼잡권역
614,강남혼잡권역,2,하행,1220019900,174,13,혼잡권역,30,강남혼잡권역
614,강남혼잡권역,2,하행,1220020600,175,13,혼잡권역,30,강남혼잡권역
614,강남혼잡권역,1,상행,1220020700,176,13,혼잡권역,30,강남혼잡권역
614,강남혼잡권역,2,하행,1220020800,177,13,혼잡권역,30,강남혼잡권역
614,강남혼잡권역,1,상행,1220020900,178,13,혼잡권역,30,강남혼잡권역
614,강남혼잡권역,2,하행,1220021000,179,13,혼잡권역,30,강남혼잡권역
614,강남혼잡권역,1,상행,1220021100,180,13,혼잡권역,30,강남혼잡권역
614,강남혼잡권역,2,하행,1220021200,181,13,혼잡권역,30,강남혼잡권역
614,강남혼잡권역,1,상행,1220021300,182,13,혼잡권역,30,강남혼잡권역
614,강남혼잡권역,1,상행,1220021400,183,13,혼잡권역,30,강남혼잡권역
614,강남혼잡권역,2,하행,1220021500,184,13,혼잡권역,30,강남혼잡권역
614,강남혼잡권역,1,상행,1220021800,185,13,혼잡권역,30,강남혼잡권역
614,강남혼잡권역,2,하행,1220021900,186,13,혼잡권역,30,강남혼잡권역
614,강남혼잡권역,2,하행,1220022200,187,13,혼잡권역,30,강남혼잡권역
614,강남혼잡권역,1,상행,1220022300,188,13,혼잡권역,30,강남혼잡권역
614,강남혼잡권역,2,하행,1220022500,189,13,혼잡권역,30,강남혼잡권역
614,강남혼잡권역,1,상행,1220022600,190,13,혼잡권역,30,강남혼잡권역
604,기타도로,1,상행,1080005901,4,03,유형별,09,외곽
604,기타도로,2,하행,1080006001,1,03,유형별,09,외곽
604,기타도로,2,하행,1080006002,2,03,유형별,09,외곽
604,기타도로,2,하행,1080008801,3,03,유형별,09,외곽
604,기타도로,2,하행,1080028800,4,03,유형별,09,외곽
607,동북생활권,1,상행,1080028900,1,11,권역별,23,동북생활권
607,동북생활권,1,상행,1080008701,2,11,권역별,23,동북생활권
607,동북생활권,1,상행,1080005902,3,11,권역별,23,동북생활권
607,동북생활권,1,상행,1080005901,4,11,권역별,23,동북생활권
607,동북생활권,2,하행,1080006001,1,11,권역별,23,동북생활권
607,동북생활권,2,하행,1080006002,2,11,권역별,23,동북생활권
607,동북생활권,2,하행,1080008801,3,11,권역별,23,동북생활권
607,동북생활권,2,하행,1080028800,4,11,권역별,23,동북생활권
20011,여의공원로,1,상행,1180028902,1,01,기본도로,05,기타도로
20011,여의공원로,1,상행,1180028903,2,01,기본도로,05,기타도로
20011,여의공원로,1,상행,1180032300,3,01,기본도로,05,기타도로
20011,여의공원로,1,상행,1180034901,4,01,기본도로,05,기타도로
20011,여의공원로,1,상행,1180034902,5,01,기본도로,05,기타도로
20011,여의공원로,2,하행,1180034802,1,01,기본도로,05,기타도로
20011,여의공원로,2,하행,1180034801,2,01,기본도로,05,기타도로
20011,여의공원로,2,하행,1180032200,3,01,기본도로,05,기타도로
20011,여의공원로,2,하행,1180028802,4,01,기본도로,05,기타도로
20011,여의공원로,2,하행,1180028801,5,01,기본도로,05,기타도로
604,기타도로,1,상행,1180028902,1,03,유형별,09,외곽
604,기타도로,1,상행,1180028903,2,03,유형별,09,외곽
3011,경부고속도로,1,상행,1210005100,1,30,도시고속 구간,32,경부고속도로_구간
3011,경부고속도로,1,상행,1210004700,2,30,도시고속 구간,32,경부고속도로_구간
3011,경부고속도로,1,상행,1210004100,3,30,도시고속 구간,32,경부고속도로_구간
3011,경부고속도로,1,상행,1210003900,4,30,도시고속 구간,32,경부고속도로_구간
3011,경부고속도로,1,상행,1210003000,5,30,도시고속 구간,32,경부고속도로_구간
3011,경부고속도로,1,상행,1210001900,6,30,도시고속 구간,32,경부고속도로_구간
3011,경부고속도로,2,하행,1210002000,1,30,도시고속 구간,32,경부고속도로_구간
3011,경부고속도로,2,하행,1210002900,2,30,도시고속 구간,32,경부고속도로_구간
3011,경부고속도로,2,하행,1210004000,3,30,도시고속 구간,32,경부고속도로_구간
3011,경부고속도로,2,하행,1210004200,4,30,도시고속 구간,32,경부고속도로_구간
3011,경부고속도로,2,하행,1210005200,5,30,도시고속 구간,32,경부고속도로_구간
3021,내부순환로,1,상행,1130004900,1,30,도시고속 구간,33,내부순환로_구간
3021,내부순환로,1,상행,1130006600,2,30,도시고속 구간,33,내부순환로_구간
3021,내부순환로,1,상행,1120001400,3,30,도시고속 구간,33,내부순환로_구간
3022,내부순환로,1,상행,1120001800,1,30,도시고속 구간,33,내부순환로_구간
3022,내부순환로,1,상행,1120002200,2,30,도시고속 구간,33,내부순환로_구간
3022,내부순환로,1,상행,1120002400,3,30,도시고속 구간,33,내부순환로_구간
3022,내부순환로,1,상행,1000002600,4,30,도시고속 구간,33,내부순환로_구간
3022,내부순환로,1,상행,1070001300,5,30,도시고속 구간,33,내부순환로_구간
3022,내부순환로,1,상행,1070000300,6,30,도시고속 구간,33,내부순환로_구간
3022,내부순환로,1,상행,1070000500,7,30,도시고속 구간,33,내부순환로_구간
3022,내부순환로,1,상행,1050003200,8,30,도시고속 구간,33,내부순환로_구간
3023,내부순환로,1,상행,1050001800,1,30,도시고속 구간,33,내부순환로_구간
3023,내부순환로,1,상행,1030002700,2,30,도시고속 구간,33,내부순환로_구간
3023,내부순환로,1,상행,1030002400,3,30,도시고속 구간,33,내부순환로_구간
3023,내부순환로,2,하행,1030002500,1,30,도시고속 구간,33,내부순환로_구간
3023,내부순환로,2,하행,1030002800,2,30,도시고속 구간,33,내부순환로_구간
3023,내부순환로,2,하행,1050001900,3,30,도시고속 구간,33,내부순환로_구간
3022,내부순환로,2,하행,1050003300,1,30,도시고속 구간,33,내부순환로_구간
3022,내부순환로,2,하행,1070000600,2,30,도시고속 구간,33,내부순환로_구간
3022,내부순환로,2,하행,1070000400,3,30,도시고속 구간,33,내부순환로_구간
3022,내부순환로,2,하행,1070001400,4,30,도시고속 구간,33,내부순환로_구간
3022,내부순환로,2,하행,1000002500,5,30,도시고속 구간,33,내부순환로_구간
3022,내부순환로,2,하행,1120002300,6,30,도시고속 구간,33,내부순환로_구간
3022,내부순환로,2,하행,1120002100,7,30,도시고속 구간,33,내부순환로_구간
3022,내부순환로,2,하행,1120001700,8,30,도시고속 구간,33,내부순환로_구간
3021,내부순환로,2,하행,1120001300,1,30,도시고속 구간,33,내부순환로_구간
3021,내부순환로,2,하행,1130006500,2,30,도시고속 구간,33,내부순환로_구간
3021,내부순환로,2,하행,1130005400,3,30,도시고속 구간,33,내부순환로_구간
3031,동부간선도로,1,상행,1030001400,1,30,도시고속 구간,34,동부간선도로_구간
3031,동부간선도로,1,상행,1030002000,2,30,도시고속 구간,34,동부간선도로_구간
3031,동부간선도로,1,상행,1030001700,3,30,도시고속 구간,34,동부간선도로_구간
3031,동부간선도로,1,상행,1030002300,4,30,도시고속 구간,34,동부간선도로_구간
3031,동부간선도로,1,상행,1040005500,5,30,도시고속 구간,34,동부간선도로_구간
3031,동부간선도로,1,상행,1060004100,6,30,도시고속 구간,34,동부간선도로_구간
3032,동부간선도로,1,상행,1100000600,1,30,도시고속 구간,34,동부간선도로_구간
3032,동부간선도로,1,상행,1100001400,2,30,도시고속 구간,34,동부간선도로_구간
3032,동부간선도로,1,상행,1100002000,3,30,도시고속 구간,34,동부간선도로_구간
3032,동부간선도로,1,상행,1100002600,4,30,도시고속 구간,34,동부간선도로_구간
3032,동부간선도로,1,상행,1100003000,5,30,도시고속 구간,34,동부간선도로_구간
3032,동부간선도로,1,상행,1100003400,6,30,도시고속 구간,34,동부간선도로_구간
3032,동부간선도로,1,상행,1100003800,7,30,도시고속 구간,34,동부간선도로_구간
3032,동부간선도로,1,상행,1100004200,8,30,도시고속 구간,34,동부간선도로_구간
3032,동부간선도로,1,상행,1100004800,9,30,도시고속 구간,34,동부간선도로_구간
3032,동부간선도로,1,상행,1100005400,10,30,도시고속 구간,34,동부간선도로_구간
3032,동부간선도로,1,상행,1100006800,11,30,도시고속 구간,34,동부간선도로_구간
3032,동부간선도로,2,하행,1100006700,1,30,도시고속 구간,34,동부간선도로_구간
3032,동부간선도로,2,하행,1100005300,2,30,도시고속 구간,34,동부간선도로_구간
3032,동부간선도로,2,하행,1100004700,3,30,도시고속 구간,34,동부간선도로_구간
3032,동부간선도로,2,하행,1100004100,4,30,도시고속 구간,34,동부간선도로_구간
3032,동부간선도로,2,하행,1100003700,5,30,도시고속 구간,34,동부간선도로_구간
3032,동부간선도로,2,하행,1100003300,6,30,도시고속 구간,34,동부간선도로_구간
3032,동부간선도로,2,하행,1100002900,7,30,도시고속 구간,34,동부간선도로_구간
3032,동부간선도로,2,하행,1100002500,8,30,도시고속 구간,34,동부간선도로_구간
3032,동부간선도로,2,하행,1100001900,9,30,도시고속 구간,34,동부간선도로_구간
3031,동부간선도로,2,하행,1100001300,1,30,도시고속 구간,34,동부간선도로_구간
3031,동부간선도로,2,하행,1100000500,9,30,도시고속 구간,34,동부간선도로_구간
3031,동부간선도로,2,하행,1050003600,10,30,도시고속 구간,34,동부간선도로_구간
3031,동부간선도로,2,하행,1050000300,11,30,도시고속 구간,34,동부간선도로_구간
3031,동부간선도로,2,하행,1030002600,12,30,도시고속 구간,34,동부간선도로_구간
3031,동부간선도로,2,하행,1030001800,13,30,도시고속 구간,34,동부간선도로_구간
3031,동부간선도로,2,하행,1030001900,14,30,도시고속 구간,34,동부간선도로_구간
3031,동부간선도로,2,하행,1030001300,15,30,도시고속 구간,34,동부간선도로_구간
3041,북부간선도로,1,상행,1070000200,1,30,도시고속 구간,35,북부간선도로_구간
3041,북부간선도로,1,상행,1070001600,2,30,도시고속 구간,35,북부간선도로_구간
3042,북부간선도로,1,상행,1060006800,1,30,도시고속 구간,35,북부간선도로_구간
3042,북부간선도로,2,하행,1060006700,1,30,도시고속 구간,35,북부간선도로_구간
3041,북부간선도로,2,하행,1070001500,1,30,도시고속 구간,35,북부간선도로_구간
3041,북부간선도로,2,하행,1070000100,2,30,도시고속 구간,35,북부간선도로_구간
3051,분당수서로,1,상행,1220005000,1,30,도시고속 구간,36,분당수서로_구간
3051,분당수서로,1,상행,1220003800,2,30,도시고속 구간,36,분당수서로_구간
3051,분당수서로,1,상행,1220002500,3,30,도시고속 구간,36,분당수서로_구간
3051,분당수서로,1,상행,1220001700,4,30,도시고속 구간,36,분당수서로_구간
3052,분당수서로,1,상행,1230001500,1,30,도시고속 구간,36,분당수서로_구간
3052,분당수서로,2,하행,1230001600,1,30,도시고속 구간,36,분당수서로_구간
3051,분당수서로,2,하행,1220001800,1,30,도시고속 구간,36,분당수서로_구간
3051,분당수서로,2,하행,1220003000,2,30,도시고속 구간,36,분당수서로_구간
3051,분당수서로,2,하행,1220003900,3,30,도시고속 구간,36,분당수서로_구간
3051,분당수서로,2,하행,1220005100,4,30,도시고속 구간,36,분당수서로_구간
604,기타도로,1,상행,1180032300,3,03,유형별,09,외곽
604,기타도로,1,상행,1180034901,4,03,유형별,09,외곽
604,기타도로,1,상행,1180034902,5,03,유형별,09,외곽
604,기타도로,2,하행,1180034802,1,03,유형별,09,외곽
604,기타도로,2,하행,1180034801,2,03,유형별,09,외곽
604,기타도로,2,하행,1180032200,3,03,유형별,09,외곽
604,기타도로,2,하행,1180028802,4,03,유형별,09,외곽
604,기타도로,2,하행,1180028801,5,03,유형별,09,외곽
608,서남생활권,1,상행,1180028902,1,11,권역별,24,서남생활권
608,서남생활권,1,상행,1180028903,2,11,권역별,24,서남생활권
608,서남생활권,1,상행,1180032300,3,11,권역별,24,서남생활권
608,서남생활권,1,상행,1180034901,4,11,권역별,24,서남생활권
608,서남생활권,1,상행,1180034902,5,11,권역별,24,서남생활권
608,서남생활권,2,하행,1180034802,1,11,권역별,24,서남생활권
608,서남생활권,2,하행,1180034801,2,11,권역별,24,서남생활권
608,서남생활권,2,하행,1180032200,3,11,권역별,24,서남생활권
608,서남생활권,2,하행,1180028802,4,11,권역별,24,서남생활권
608,서남생활권,2,하행,1180028801,5,11,권역별,24,서남생활권
20012,은행로,1,상행,1180033700,1,01,기본도로,05,기타도로
20012,은행로,1,상행,1180036101,2,01,기본도로,05,기타도로
20012,은행로,1,상행,1180036102,3,01,기본도로,05,기타도로
20012,은행로,2,하행,1180036002,1,01,기본도로,05,기타도로
20012,은행로,2,하행,1180036001,2,01,기본도로,05,기타도로
20012,은행로,2,하행,1180033600,3,01,기본도로,05,기타도로
3071,올림픽대로,1,상행,1240005300,1,30,도시고속 구간,38,올림픽대로_구간
3071,올림픽대로,1,상행,1240004900,2,30,도시고속 구간,38,올림픽대로_구간
3071,올림픽대로,1,상행,1240003800,3,30,도시고속 구간,38,올림픽대로_구간
3071,올림픽대로,1,상행,1240003100,4,30,도시고속 구간,38,올림픽대로_구간
3071,올림픽대로,1,상행,1240001900,5,30,도시고속 구간,38,올림픽대로_구간
3071,올림픽대로,1,상행,1230005300,6,30,도시고속 구간,38,올림픽대로_구간
3072,올림픽대로,1,상행,1230005100,1,30,도시고속 구간,38,올림픽대로_구간
3072,올림픽대로,1,상행,1230004700,2,30,도시고속 구간,38,올림픽대로_구간
3072,올림픽대로,1,상행,1230003900,3,30,도시고속 구간,38,올림픽대로_구간
3072,올림픽대로,1,상행,1230004400,4,30,도시고속 구간,38,올림픽대로_구간
3073,올림픽대로,1,상행,1230004600,1,30,도시고속 구간,38,올림픽대로_구간
3073,올림픽대로,1,상행,1220004500,2,30,도시고속 구간,38,올림픽대로_구간
3073,올림픽대로,1,상행,1220005500,3,30,도시고속 구간,38,올림픽대로_구간
3073,올림픽대로,1,상행,1220005600,4,30,도시고속 구간,38,올림픽대로_구간
3073,올림픽대로,1,상행,1210006400,5,30,도시고속 구간,38,올림픽대로_구간
3074,올림픽대로,1,상행,1210005300,1,30,도시고속 구간,38,올림픽대로_구간
3074,올림픽대로,1,상행,1210004900,2,30,도시고속 구간,38,올림픽대로_구간
3074,올림픽대로,1,상행,1210004500,3,30,도시고속 구간,38,올림픽대로_구간
3074,올림픽대로,1,상행,1210004400,4,30,도시고속 구간,38,올림픽대로_구간
3074,올림픽대로,1,상행,1190000200,5,30,도시고속 구간,38,올림픽대로_구간
3075,올림픽대로,1,상행,1190000600,1,30,도시고속 구간,38,올림픽대로_구간
3075,올림픽대로,1,상행,1180003200,2,30,도시고속 구간,38,올림픽대로_구간
3075,올림픽대로,1,상행,1180004200,3,30,도시고속 구간,38,올림픽대로_구간
3076,올림픽대로,1,상행,1180005100,1,30,도시고속 구간,38,올림픽대로_구간
3076,올림픽대로,1,상행,1180005700,2,30,도시고속 구간,38,올림픽대로_구간
3076,올림픽대로,1,상행,1150002400,3,30,도시고속 구간,38,올림픽대로_구간
3076,올림픽대로,1,상행,1150003200,4,30,도시고속 구간,38,올림픽대로_구간
3076,올림픽대로,1,상행,1150004600,5,30,도시고속 구간,38,올림픽대로_구간
3077,올림픽대로,1,상행,1150006100,1,30,도시고속 구간,38,올림픽대로_구간
3077,올림픽대로,1,상행,1150006600,2,30,도시고속 구간,38,올림픽대로_구간
3077,올림픽대로,2,하행,1150006500,1,30,도시고속 구간,38,올림픽대로_구간
3077,올림픽대로,2,하행,1150006000,2,30,도시고속 구간,38,올림픽대로_구간
3076,올림픽대로,2,하행,1150004500,1,30,도시고속 구간,38,올림픽대로_구간
3076,올림픽대로,2,하행,1150003100,2,30,도시고속 구간,38,올림픽대로_구간
3076,올림픽대로,2,하행,1150002300,3,30,도시고속 구간,38,올림픽대로_구간
3076,올림픽대로,2,하행,1180005600,4,30,도시고속 구간,38,올림픽대로_구간
3076,올림픽대로,2,하행,1180005000,5,30,도시고속 구간,38,올림픽대로_구간
3075,올림픽대로,2,하행,1180004100,1,30,도시고속 구간,38,올림픽대로_구간
3075,올림픽대로,2,하행,1180002700,2,30,도시고속 구간,38,올림픽대로_구간
3075,올림픽대로,2,하행,1190000500,3,30,도시고속 구간,38,올림픽대로_구간
3074,올림픽대로,2,하행,1190000100,1,30,도시고속 구간,38,올림픽대로_구간
3074,올림픽대로,2,하행,1210004300,2,30,도시고속 구간,38,올림픽대로_구간
3074,올림픽대로,2,하행,1210004600,3,30,도시고속 구간,38,올림픽대로_구간
3074,올림픽대로,2,하행,1210005000,4,30,도시고속 구간,38,올림픽대로_구간
3074,올림픽대로,2,하행,1210005400,5,30,도시고속 구간,38,올림픽대로_구간
3073,올림픽대로,2,하행,1210006500,1,30,도시고속 구간,38,올림픽대로_구간
3073,올림픽대로,2,하행,1220005700,2,30,도시고속 구간,38,올림픽대로_구간
3073,올림픽대로,2,하행,1220005400,3,30,도시고속 구간,38,올림픽대로_구간
3073,올림픽대로,2,하행,1220004400,4,30,도시고속 구간,38,올림픽대로_구간
3073,올림픽대로,2,하행,1230004500,5,30,도시고속 구간,38,올림픽대로_구간
3072,올림픽대로,2,하행,1230004300,1,30,도시고속 구간,38,올림픽대로_구간
3072,올림픽대로,2,하행,1230004000,2,30,도시고속 구간,38,올림픽대로_구간
3072,올림픽대로,2,하행,1230004800,3,30,도시고속 구간,38,올림픽대로_구간
3072,올림픽대로,2,하행,1230005200,4,30,도시고속 구간,38,올림픽대로_구간
3071,올림픽대로,2,하행,1230005400,1,30,도시고속 구간,38,올림픽대로_구간
3071,올림픽대로,2,하행,1240002000,2,30,도시고속 구간,38,올림픽대로_구간
3071,올림픽대로,2,하행,1240003200,3,30,도시고속 구간,38,올림픽대로_구간
3071,올림픽대로,2,하행,1240003400,4,30,도시고속 구간,38,올림픽대로_구간
604,기타도로,1,상행,1180033700,1,03,유형별,09,외곽
446,창경궁로,1,상행,1000008800,1,01,기본도로,03,주간선도로
178,방화대로,1,상행,1150139100,1,01,기본도로,04,보조간선도로
825,필동-도봉선,1,상행,1000008800,7,02,기능별,11,주간선도로 기능별
605,도심생활권,1,상행,1000008800,184,11,권역별,21,도심생활권
610,한양도성,1,상행,1000008800,102,12,한양도성,26,한양도성
611,도심혼잡권역,1,상행,1000008800,102,13,혼잡권역,27,도심혼잡권역
601,도심권(남북간),2,하행,1000008800,6,03,유형별,08,도심권
178,방화대로,1,상행,1150022303,2,01,기본도로,04,보조간선도로
178,방화대로,1,상행,1150053000,3,01,기본도로,04,보조간선도로
178,방화대로,1,상행,1150016900,4,01,기본도로,04,보조간선도로
178,방화대로,1,상행,1150019500,5,01,기본도로,04,보조간선도로
178,방화대로,1,상행,1150020300,6,01,기본도로,04,보조간선도로
178,방화대로,2,하행,1150020200,1,01,기본도로,04,보조간선도로
178,방화대로,2,하행,1150019400,2,01,기본도로,04,보조간선도로
178,방화대로,2,하행,1150016800,3,01,기본도로,04,보조간선도로
178,방화대로,2,하행,1150056100,4,01,기본도로,04,보조간선도로
178,방화대로,2,하행,1150022204,5,01,기본도로,04,보조간선도로
178,방화대로,2,하행,1150138800,6,01,기본도로,04,보조간선도로
1091,외발산-방화선,1,상행,1150139100,1,02,기능별,12,보조간선 기능별
1091,외발산-방화선,1,상행,1150022303,2,02,기능별,12,보조간선 기능별
1091,외발산-방화선,1,상행,1150053000,3,02,기능별,12,보조간선 기능별
1091,외발산-방화선,1,상행,1150016900,4,02,기능별,12,보조간선 기능별
1091,외발산-방화선,1,상행,1150019500,5,02,기능별,12,보조간선 기능별
1091,외발산-방화선,1,상행,1150020300,6,02,기능별,12,보조간선 기능별
1091,외발산-방화선,2,하행,1150020200,1,02,기능별,12,보조간선 기능별
1091,외발산-방화선,2,하행,1150019400,2,02,기능별,12,보조간선 기능별
1091,외발산-방화선,2,하행,1150016800,3,02,기능별,12,보조간선 기능별
1091,외발산-방화선,2,하행,1150056100,4,02,기능별,12,보조간선 기능별
1091,외발산-방화선,2,하행,1150022204,5,02,기능별,12,보조간선 기능별
1091,외발산-방화선,2,하행,1150138800,6,02,기능별,12,보조간선 기능별
604,기타도로,1,상행,1150139100,1,03,유형별,09,외곽
604,기타도로,1,상행,1150022303,2,03,유형별,09,외곽
604,기타도로,1,상행,1150053000,3,03,유형별,09,외곽
604,기타도로,1,상행,1150016900,4,03,유형별,09,외곽
604,기타도로,1,상행,1150019500,5,03,유형별,09,외곽
604,기타도로,1,상행,1150020300,6,03,유형별,09,외곽
604,기타도로,2,하행,1150020200,1,03,유형별,09,외곽
604,기타도로,2,하행,1150019400,2,03,유형별,09,외곽
604,기타도로,2,하행,1150016800,3,03,유형별,09,외곽
604,기타도로,2,하행,1150056100,4,03,유형별,09,외곽
604,기타도로,2,하행,1150022204,5,03,유형별,09,외곽
604,기타도로,2,하행,1150138800,6,03,유형별,09,외곽
608,서남생활권,1,상행,1150139100,1,11,권역별,24,서남생활권
608,서남생활권,1,상행,1150022303,2,11,권역별,24,서남생활권
608,서남생활권,1,상행,1150053000,3,11,권역별,24,서남생활권
608,서남생활권,1,상행,1150016900,4,11,권역별,24,서남생활권
608,서남생활권,1,상행,1150019500,5,11,권역별,24,서남생활권
608,서남생활권,1,상행,1150020300,6,11,권역별,24,서남생활권
608,서남생활권,2,하행,1150020200,1,11,권역별,24,서남생활권
608,서남생활권,2,하행,1150019400,2,11,권역별,24,서남생활권
608,서남생활권,2,하행,1150016800,3,11,권역별,24,서남생활권
608,서남생활권,2,하행,1150056100,4,11,권역별,24,서남생활권
608,서남생활권,2,하행,1150022204,5,11,권역별,24,서남생활권
608,서남생활권,2,하행,1150138800,6,11,권역별,24,서남생활권
